sponsor_name,city,state,email,website,template_number,template_type,first_name_used,email_subject,email_content,campaign_status,generated_date
Ford Foundation,New York,NY,,,4,No Name + Never Donated,,Healing Through Arts: NYC Schools,"Hello,

We're excited to invite you to join us as a sponsor of Healing Through Arts: NYC Schools, an unforgettable evening where art, music, and community come together to create lasting impact for NYC students.

[Insert banner image here]
""Students performing arts in NYC schools""

Why sponsor this event?

Direct community impact: Every sponsorship dollar funds arts healing programs in underserved NYC schools.

Exclusive engagement: Connect with city leaders, artists, and philanthropists at a vibrant evening of performances, wine tasting, and conversations.

🎭 Healing Through Arts: NYC Schools Benefit
📅 Monday, November 18, 2025 | 7:00 PM – 9:00 PM (doors open 6:30 PM)
📍 Rake Wine Bar (45 1st Ave, NYC)
🎟️ $35 per ticket
✨ Arts displays & live performances
🥂 Wine tasting & hors d'oeuvres
🤝 Meet fellow changemakers

Every ticket funds arts healing programs—attend to see how you can support further.

👉 [Get Your Ticket]

Corporate sponsors: Companies can also support, attend to learn more.

With gratitude,
Jameera Mahima Gujjarlapudi
Community School of Arts Foundation
🌐 Website: csoaf.org
📞 Phone: 917 216-5176",ready_to_send,2025-10-18 20:36:11
Novo Foundation,Hurley,NY,,,4,No Name + Never Donated,,Healing Through Arts: NYC Schools,"Hello,

We're excited to invite you to join us as a sponsor of Healing Through Arts: NYC Schools, an unforgettable evening where art, music, and community come together to create lasting impact for NYC students.

[Insert banner image here]
""Students performing arts in NYC schools""

Why sponsor this event?

Direct community impact: Every sponsorship dollar funds arts healing programs in underserved NYC schools.

Exclusive engagement: Connect with city leaders, artists, and philanthropists at a vibrant evening of performances, wine tasting, and conversations.

🎭 Healing Through Arts: NYC Schools Benefit
📅 Monday, November 18, 2025 | 7:00 PM – 9:00 PM (doors open 6:30 PM)
📍 Rake Wine Bar (45 1st Ave, NYC)
🎟️ $35 per ticket
✨ Arts displays & live performances
🥂 Wine tasting & hors d'oeuvres
🤝 Meet fellow changemakers

Every ticket funds arts healing programs—attend to see how you can support further.

👉 [Get Your Ticket]

Corporate sponsors: Companies can also support, attend to learn more.

With gratitude,
Jameera Mahima Gujjarlapudi
Community School of Arts Foundation
🌐 Website: csoaf.org
📞 Phone: 917 216-5176",ready_to_send,2025-10-18 20:36:11
Druckenmiller Foundation,New York,NY,,,4,No Name + Never Donated,,Healing Through Arts: NYC Schools,"Hello,

We're excited to invite you to join us as a sponsor of Healing Through Arts: NYC Schools, an unforgettable evening where art, music, and community come together to create lasting impact for NYC students.

[Insert banner image here]
""Students performing arts in NYC schools""

Why sponsor this event?

Direct community impact: Every sponsorship dollar funds arts healing programs in underserved NYC schools.

Exclusive engagement: Connect with city leaders, artists, and philanthropists at a vibrant evening of performances, wine tasting, and conversations.

🎭 Healing Through Arts: NYC Schools Benefit
📅 Monday, November 18, 2025 | 7:00 PM – 9:00 PM (doors open 6:30 PM)
📍 Rake Wine Bar (45 1st Ave, NYC)
🎟️ $35 per ticket
✨ Arts displays & live performances
🥂 Wine tasting & hors d'oeuvres
🤝 Meet fellow changemakers

Every ticket funds arts healing programs—attend to see how you can support further.

👉 [Get Your Ticket]

Corporate sponsors: Companies can also support, attend to learn more.

With gratitude,
Jameera Mahima Gujjarlapudi
Community School of Arts Foundation
🌐 Website: csoaf.org
📞 Phone: 917 216-5176",ready_to_send,2025-10-18 20:36:11
Rockefeller Foundation,New York,NY,,,4,No Name + Never Donated,,Healing Through Arts: NYC Schools,"Hello,

We're excited to invite you to join us as a sponsor of Healing Through Arts: NYC Schools, an unforgettable evening where art, music, and community come together to create lasting impact for NYC students.

[Insert banner image here]
""Students performing arts in NYC schools""

Why sponsor this event?

Direct community impact: Every sponsorship dollar funds arts healing programs in underserved NYC schools.

Exclusive engagement: Connect with city leaders, artists, and philanthropists at a vibrant evening of performances, wine tasting, and conversations.

🎭 Healing Through Arts: NYC Schools Benefit
📅 Monday, November 18, 2025 | 7:00 PM – 9:00 PM (doors open 6:30 PM)
📍 Rake Wine Bar (45 1st Ave, NYC)
🎟️ $35 per ticket
✨ Arts displays & live performances
🥂 Wine tasting & hors d'oeuvres
🤝 Meet fellow changemakers

Every ticket funds arts healing programs—attend to see how you can support further.

👉 [Get Your Ticket]

Corporate sponsors: Companies can also support, attend to learn more.

With gratitude,
Jameera Mahima Gujjarlapudi
Community School of Arts Foundation
🌐 Website: csoaf.org
📞 Phone: 917 216-5176",ready_to_send,2025-10-18 20:36:11
Citi Foundation,New York,NY,,,4,No Name + Never Donated,,Healing Through Arts: NYC Schools,"Hello,

We're excited to invite you to join us as a sponsor of Healing Through Arts: NYC Schools, an unforgettable evening where art, music, and community come together to create lasting impact for NYC students.

[Insert banner image here]
""Students performing arts in NYC schools""

Why sponsor this event?

Direct community impact: Every sponsorship dollar funds arts healing programs in underserved NYC schools.

Exclusive engagement: Connect with city leaders, artists, and philanthropists at a vibrant evening of performances, wine tasting, and conversations.

🎭 Healing Through Arts: NYC Schools Benefit
📅 Monday, November 18, 2025 | 7:00 PM – 9:00 PM (doors open 6:30 PM)
📍 Rake Wine Bar (45 1st Ave, NYC)
🎟️ $35 per ticket
✨ Arts displays & live performances
🥂 Wine tasting & hors d'oeuvres
🤝 Meet fellow changemakers

Every ticket funds arts healing programs—attend to see how you can support further.

👉 [Get Your Ticket]

Corporate sponsors: Companies can also support, attend to learn more.

With gratitude,
Jameera Mahima Gujjarlapudi
Community School of Arts Foundation
🌐 Website: csoaf.org
📞 Phone: 917 216-5176",ready_to_send,2025-10-18 20:36:11
Gray Foundation,Albany,NY,,,4,No Name + Never Donated,,Healing Through Arts: NYC Schools,"Hello,

We're excited to invite you to join us as a sponsor of Healing Through Arts: NYC Schools, an unforgettable evening where art, music, and community come together to create lasting impact for NYC students.

[Insert banner image here]
""Students performing arts in NYC schools""

Why sponsor this event?

Direct community impact: Every sponsorship dollar funds arts healing programs in underserved NYC schools.

Exclusive engagement: Connect with city leaders, artists, and philanthropists at a vibrant evening of performances, wine tasting, and conversations.

🎭 Healing Through Arts: NYC Schools Benefit
📅 Monday, November 18, 2025 | 7:00 PM – 9:00 PM (doors open 6:30 PM)
📍 Rake Wine Bar (45 1st Ave, NYC)
🎟️ $35 per ticket
✨ Arts displays & live performances
🥂 Wine tasting & hors d'oeuvres
🤝 Meet fellow changemakers

Every ticket funds arts healing programs—attend to see how you can support further.

👉 [Get Your Ticket]

Corporate sponsors: Companies can also support, attend to learn more.

With gratitude,
Jameera Mahima Gujjarlapudi
Community School of Arts Foundation
🌐 Website: csoaf.org
📞 Phone: 917 216-5176",ready_to_send,2025-10-18 20:36:11
Starr Foundation,New York,NY,,,4,No Name + Never Donated,,Healing Through Arts: NYC Schools,"Hello,

We're excited to invite you to join us as a sponsor of Healing Through Arts: NYC Schools, an unforgettable evening where art, music, and community come together to create lasting impact for NYC students.

[Insert banner image here]
""Students performing arts in NYC schools""

Why sponsor this event?

Direct community impact: Every sponsorship dollar funds arts healing programs in underserved NYC schools.

Exclusive engagement: Connect with city leaders, artists, and philanthropists at a vibrant evening of performances, wine tasting, and conversations.

🎭 Healing Through Arts: NYC Schools Benefit
📅 Monday, November 18, 2025 | 7:00 PM – 9:00 PM (doors open 6:30 PM)
📍 Rake Wine Bar (45 1st Ave, NYC)
🎟️ $35 per ticket
✨ Arts displays & live performances
🥂 Wine tasting & hors d'oeuvres
🤝 Meet fellow changemakers

Every ticket funds arts healing programs—attend to see how you can support further.

👉 [Get Your Ticket]

Corporate sponsors: Companies can also support, attend to learn more.

With gratitude,
Jameera Mahima Gujjarlapudi
Community School of Arts Foundation
🌐 Website: csoaf.org
📞 Phone: 917 216-5176",ready_to_send,2025-10-18 20:36:11
Nhp Foundation,New York,NY,,,4,No Name + Never Donated,,Healing Through Arts: NYC Schools,"Hello,

We're excited to invite you to join us as a sponsor of Healing Through Arts: NYC Schools, an unforgettable evening where art, music, and community come together to create lasting impact for NYC students.

[Insert banner image here]
""Students performing arts in NYC schools""

Why sponsor this event?

Direct community impact: Every sponsorship dollar funds arts healing programs in underserved NYC schools.

Exclusive engagement: Connect with city leaders, artists, and philanthropists at a vibrant evening of performances, wine tasting, and conversations.

🎭 Healing Through Arts: NYC Schools Benefit
📅 Monday, November 18, 2025 | 7:00 PM – 9:00 PM (doors open 6:30 PM)
📍 Rake Wine Bar (45 1st Ave, NYC)
🎟️ $35 per ticket
✨ Arts displays & live performances
🥂 Wine tasting & hors d'oeuvres
🤝 Meet fellow changemakers

Every ticket funds arts healing programs—attend to see how you can support further.

👉 [Get Your Ticket]

Corporate sponsors: Companies can also support, attend to learn more.

With gratitude,
Jameera Mahima Gujjarlapudi
Community School of Arts Foundation
🌐 Website: csoaf.org
📞 Phone: 917 216-5176",ready_to_send,2025-10-18 20:36:11
Tiger Foundation,New York,NY,,,4,No Name + Never Donated,,Healing Through Arts: NYC Schools,"Hello,

We're excited to invite you to join us as a sponsor of Healing Through Arts: NYC Schools, an unforgettable evening where art, music, and community come together to create lasting impact for NYC students.

[Insert banner image here]
""Students performing arts in NYC schools""

Why sponsor this event?

Direct community impact: Every sponsorship dollar funds arts healing programs in underserved NYC schools.

Exclusive engagement: Connect with city leaders, artists, and philanthropists at a vibrant evening of performances, wine tasting, and conversations.

🎭 Healing Through Arts: NYC Schools Benefit
📅 Monday, November 18, 2025 | 7:00 PM – 9:00 PM (doors open 6:30 PM)
📍 Rake Wine Bar (45 1st Ave, NYC)
🎟️ $35 per ticket
✨ Arts displays & live performances
🥂 Wine tasting & hors d'oeuvres
🤝 Meet fellow changemakers

Every ticket funds arts healing programs—attend to see how you can support further.

👉 [Get Your Ticket]

Corporate sponsors: Companies can also support, attend to learn more.

With gratitude,
Jameera Mahima Gujjarlapudi
Community School of Arts Foundation
🌐 Website: csoaf.org
📞 Phone: 917 216-5176",ready_to_send,2025-10-18 20:36:11
Uniswap Foundation,New York,NY,,,4,No Name + Never Donated,,Healing Through Arts: NYC Schools,"Hello,

We're excited to invite you to join us as a sponsor of Healing Through Arts: NYC Schools, an unforgettable evening where art, music, and community come together to create lasting impact for NYC students.

[Insert banner image here]
""Students performing arts in NYC schools""

Why sponsor this event?

Direct community impact: Every sponsorship dollar funds arts healing programs in underserved NYC schools.

Exclusive engagement: Connect with city leaders, artists, and philanthropists at a vibrant evening of performances, wine tasting, and conversations.

🎭 Healing Through Arts: NYC Schools Benefit
📅 Monday, November 18, 2025 | 7:00 PM – 9:00 PM (doors open 6:30 PM)
📍 Rake Wine Bar (45 1st Ave, NYC)
🎟️ $35 per ticket
✨ Arts displays & live performances
🥂 Wine tasting & hors d'oeuvres
🤝 Meet fellow changemakers

Every ticket funds arts healing programs—attend to see how you can support further.

👉 [Get Your Ticket]

Corporate sponsors: Companies can also support, attend to learn more.

With gratitude,
Jameera Mahima Gujjarlapudi
Community School of Arts Foundation
🌐 Website: csoaf.org
📞 Phone: 917 216-5176",ready_to_send,2025-10-18 20:36:11
Bingle Foundation,Saratoga Spgs,NY,,,4,No Name + Never Donated,,Healing Through Arts: NYC Schools,"Hello,

We're excited to invite you to join us as a sponsor of Healing Through Arts: NYC Schools, an unforgettable evening where art, music, and community come together to create lasting impact for NYC students.

[Insert banner image here]
""Students performing arts in NYC schools""

Why sponsor this event?

Direct community impact: Every sponsorship dollar funds arts healing programs in underserved NYC schools.

Exclusive engagement: Connect with city leaders, artists, and philanthropists at a vibrant evening of performances, wine tasting, and conversations.

🎭 Healing Through Arts: NYC Schools Benefit
📅 Monday, November 18, 2025 | 7:00 PM – 9:00 PM (doors open 6:30 PM)
📍 Rake Wine Bar (45 1st Ave, NYC)
🎟️ $35 per ticket
✨ Arts displays & live performances
🥂 Wine tasting & hors d'oeuvres
🤝 Meet fellow changemakers

Every ticket funds arts healing programs—attend to see how you can support further.

👉 [Get Your Ticket]

Corporate sponsors: Companies can also support, attend to learn more.

With gratitude,
Jameera Mahima Gujjarlapudi
Community School of Arts Foundation
🌐 Website: csoaf.org
📞 Phone: 917 216-5176",ready_to_send,2025-10-18 20:36:11
Arcus Foundation,New York,NY,,,4,No Name + Never Donated,,Healing Through Arts: NYC Schools,"Hello,

We're excited to invite you to join us as a sponsor of Healing Through Arts: NYC Schools, an unforgettable evening where art, music, and community come together to create lasting impact for NYC students.

[Insert banner image here]
""Students performing arts in NYC schools""

Why sponsor this event?

Direct community impact: Every sponsorship dollar funds arts healing programs in underserved NYC schools.

Exclusive engagement: Connect with city leaders, artists, and philanthropists at a vibrant evening of performances, wine tasting, and conversations.

🎭 Healing Through Arts: NYC Schools Benefit
📅 Monday, November 18, 2025 | 7:00 PM – 9:00 PM (doors open 6:30 PM)
📍 Rake Wine Bar (45 1st Ave, NYC)
🎟️ $35 per ticket
✨ Arts displays & live performances
🥂 Wine tasting & hors d'oeuvres
🤝 Meet fellow changemakers

Every ticket funds arts healing programs—attend to see how you can support further.

👉 [Get Your Ticket]

Corporate sponsors: Companies can also support, attend to learn more.

With gratitude,
Jameera Mahima Gujjarlapudi
Community School of Arts Foundation
🌐 Website: csoaf.org
📞 Phone: 917 216-5176",ready_to_send,2025-10-18 20:36:11
Shalem Foundation,New York,NY,,,4,No Name + Never Donated,,Healing Through Arts: NYC Schools,"Hello,

We're excited to invite you to join us as a sponsor of Healing Through Arts: NYC Schools, an unforgettable evening where art, music, and community come together to create lasting impact for NYC students.

[Insert banner image here]
""Students performing arts in NYC schools""

Why sponsor this event?

Direct community impact: Every sponsorship dollar funds arts healing programs in underserved NYC schools.

Exclusive engagement: Connect with city leaders, artists, and philanthropists at a vibrant evening of performances, wine tasting, and conversations.

🎭 Healing Through Arts: NYC Schools Benefit
📅 Monday, November 18, 2025 | 7:00 PM – 9:00 PM (doors open 6:30 PM)
📍 Rake Wine Bar (45 1st Ave, NYC)
🎟️ $35 per ticket
✨ Arts displays & live performances
🥂 Wine tasting & hors d'oeuvres
🤝 Meet fellow changemakers

Every ticket funds arts healing programs—attend to see how you can support further.

👉 [Get Your Ticket]

Corporate sponsors: Companies can also support, attend to learn more.

With gratitude,
Jameera Mahima Gujjarlapudi
Community School of Arts Foundation
🌐 Website: csoaf.org
📞 Phone: 917 216-5176",ready_to_send,2025-10-18 20:36:11
Pinkerton Foundation,New York,NY,,,4,No Name + Never Donated,,Healing Through Arts: NYC Schools,"Hello,

We're excited to invite you to join us as a sponsor of Healing Through Arts: NYC Schools, an unforgettable evening where art, music, and community come together to create lasting impact for NYC students.

[Insert banner image here]
""Students performing arts in NYC schools""

Why sponsor this event?

Direct community impact: Every sponsorship dollar funds arts healing programs in underserved NYC schools.

Exclusive engagement: Connect with city leaders, artists, and philanthropists at a vibrant evening of performances, wine tasting, and conversations.

🎭 Healing Through Arts: NYC Schools Benefit
📅 Monday, November 18, 2025 | 7:00 PM – 9:00 PM (doors open 6:30 PM)
📍 Rake Wine Bar (45 1st Ave, NYC)
🎟️ $35 per ticket
✨ Arts displays & live performances
🥂 Wine tasting & hors d'oeuvres
🤝 Meet fellow changemakers

Every ticket funds arts healing programs—attend to see how you can support further.

👉 [Get Your Ticket]

Corporate sponsors: Companies can also support, attend to learn more.

With gratitude,
Jameera Mahima Gujjarlapudi
Community School of Arts Foundation
🌐 Website: csoaf.org
📞 Phone: 917 216-5176",ready_to_send,2025-10-18 20:36:11
Avaaz Foundation,New York,NY,,,4,No Name + Never Donated,,Healing Through Arts: NYC Schools,"Hello,

We're excited to invite you to join us as a sponsor of Healing Through Arts: NYC Schools, an unforgettable evening where art, music, and community come together to create lasting impact for NYC students.

[Insert banner image here]
""Students performing arts in NYC schools""

Why sponsor this event?

Direct community impact: Every sponsorship dollar funds arts healing programs in underserved NYC schools.

Exclusive engagement: Connect with city leaders, artists, and philanthropists at a vibrant evening of performances, wine tasting, and conversations.

🎭 Healing Through Arts: NYC Schools Benefit
📅 Monday, November 18, 2025 | 7:00 PM – 9:00 PM (doors open 6:30 PM)
📍 Rake Wine Bar (45 1st Ave, NYC)
🎟️ $35 per ticket
✨ Arts displays & live performances
🥂 Wine tasting & hors d'oeuvres
🤝 Meet fellow changemakers

Every ticket funds arts healing programs—attend to see how you can support further.

👉 [Get Your Ticket]

Corporate sponsors: Companies can also support, attend to learn more.

With gratitude,
Jameera Mahima Gujjarlapudi
Community School of Arts Foundation
🌐 Website: csoaf.org
📞 Phone: 917 216-5176",ready_to_send,2025-10-18 20:36:11
Metlife Foundation,New York,NY,,,4,No Name + Never Donated,,Healing Through Arts: NYC Schools,"Hello,

We're excited to invite you to join us as a sponsor of Healing Through Arts: NYC Schools, an unforgettable evening where art, music, and community come together to create lasting impact for NYC students.

[Insert banner image here]
""Students performing arts in NYC schools""

Why sponsor this event?

Direct community impact: Every sponsorship dollar funds arts healing programs in underserved NYC schools.

Exclusive engagement: Connect with city leaders, artists, and philanthropists at a vibrant evening of performances, wine tasting, and conversations.

🎭 Healing Through Arts: NYC Schools Benefit
📅 Monday, November 18, 2025 | 7:00 PM – 9:00 PM (doors open 6:30 PM)
📍 Rake Wine Bar (45 1st Ave, NYC)
🎟️ $35 per ticket
✨ Arts displays & live performances
🥂 Wine tasting & hors d'oeuvres
🤝 Meet fellow changemakers

Every ticket funds arts healing programs—attend to see how you can support further.

👉 [Get Your Ticket]

Corporate sponsors: Companies can also support, attend to learn more.

With gratitude,
Jameera Mahima Gujjarlapudi
Community School of Arts Foundation
🌐 Website: csoaf.org
📞 Phone: 917 216-5176",ready_to_send,2025-10-18 20:36:11
Manton Foundation,New York,NY,,,4,No Name + Never Donated,,Healing Through Arts: NYC Schools,"Hello,

We're excited to invite you to join us as a sponsor of Healing Through Arts: NYC Schools, an unforgettable evening where art, music, and community come together to create lasting impact for NYC students.

[Insert banner image here]
""Students performing arts in NYC schools""

Why sponsor this event?

Direct community impact: Every sponsorship dollar funds arts healing programs in underserved NYC schools.

Exclusive engagement: Connect with city leaders, artists, and philanthropists at a vibrant evening of performances, wine tasting, and conversations.

🎭 Healing Through Arts: NYC Schools Benefit
📅 Monday, November 18, 2025 | 7:00 PM – 9:00 PM (doors open 6:30 PM)
📍 Rake Wine Bar (45 1st Ave, NYC)
🎟️ $35 per ticket
✨ Arts displays & live performances
🥂 Wine tasting & hors d'oeuvres
🤝 Meet fellow changemakers

Every ticket funds arts healing programs—attend to see how you can support further.

👉 [Get Your Ticket]

Corporate sponsors: Companies can also support, attend to learn more.

With gratitude,
Jameera Mahima Gujjarlapudi
Community School of Arts Foundation
🌐 Website: csoaf.org
📞 Phone: 917 216-5176",ready_to_send,2025-10-18 20:36:11
Alphadyne Foundation,New York,NY,,,4,No Name + Never Donated,,Healing Through Arts: NYC Schools,"Hello,

We're excited to invite you to join us as a sponsor of Healing Through Arts: NYC Schools, an unforgettable evening where art, music, and community come together to create lasting impact for NYC students.

[Insert banner image here]
""Students performing arts in NYC schools""

Why sponsor this event?

Direct community impact: Every sponsorship dollar funds arts healing programs in underserved NYC schools.

Exclusive engagement: Connect with city leaders, artists, and philanthropists at a vibrant evening of performances, wine tasting, and conversations.

🎭 Healing Through Arts: NYC Schools Benefit
📅 Monday, November 18, 2025 | 7:00 PM – 9:00 PM (doors open 6:30 PM)
📍 Rake Wine Bar (45 1st Ave, NYC)
🎟️ $35 per ticket
✨ Arts displays & live performances
🥂 Wine tasting & hors d'oeuvres
🤝 Meet fellow changemakers

Every ticket funds arts healing programs—attend to see how you can support further.

👉 [Get Your Ticket]

Corporate sponsors: Companies can also support, attend to learn more.

With gratitude,
Jameera Mahima Gujjarlapudi
Community School of Arts Foundation
🌐 Website: csoaf.org
📞 Phone: 917 216-5176",ready_to_send,2025-10-18 20:36:11
Woodlawn Foundation,New Rochelle,NY,,,4,No Name + Never Donated,,Healing Through Arts: NYC Schools,"Hello,

We're excited to invite you to join us as a sponsor of Healing Through Arts: NYC Schools, an unforgettable evening where art, music, and community come together to create lasting impact for NYC students.

[Insert banner image here]
""Students performing arts in NYC schools""

Why sponsor this event?

Direct community impact: Every sponsorship dollar funds arts healing programs in underserved NYC schools.

Exclusive engagement: Connect with city leaders, artists, and philanthropists at a vibrant evening of performances, wine tasting, and conversations.

🎭 Healing Through Arts: NYC Schools Benefit
📅 Monday, November 18, 2025 | 7:00 PM – 9:00 PM (doors open 6:30 PM)
📍 Rake Wine Bar (45 1st Ave, NYC)
🎟️ $35 per ticket
✨ Arts displays & live performances
🥂 Wine tasting & hors d'oeuvres
🤝 Meet fellow changemakers

Every ticket funds arts healing programs—attend to see how you can support further.

👉 [Get Your Ticket]

Corporate sponsors: Companies can also support, attend to learn more.

With gratitude,
Jameera Mahima Gujjarlapudi
Community School of Arts Foundation
🌐 Website: csoaf.org
📞 Phone: 917 216-5176",ready_to_send,2025-10-18 20:36:11
Adirondack Foundation,Lake Placid,NY,,,4,No Name + Never Donated,,Healing Through Arts: NYC Schools,"Hello,

We're excited to invite you to join us as a sponsor of Healing Through Arts: NYC Schools, an unforgettable evening where art, music, and community come together to create lasting impact for NYC students.

[Insert banner image here]
""Students performing arts in NYC schools""

Why sponsor this event?

Direct community impact: Every sponsorship dollar funds arts healing programs in underserved NYC schools.

Exclusive engagement: Connect with city leaders, artists, and philanthropists at a vibrant evening of performances, wine tasting, and conversations.

🎭 Healing Through Arts: NYC Schools Benefit
📅 Monday, November 18, 2025 | 7:00 PM – 9:00 PM (doors open 6:30 PM)
📍 Rake Wine Bar (45 1st Ave, NYC)
🎟️ $35 per ticket
✨ Arts displays & live performances
🥂 Wine tasting & hors d'oeuvres
🤝 Meet fellow changemakers

Every ticket funds arts healing programs—attend to see how you can support further.

👉 [Get Your Ticket]

Corporate sponsors: Companies can also support, attend to learn more.

With gratitude,
Jameera Mahima Gujjarlapudi
Community School of Arts Foundation
🌐 Website: csoaf.org
📞 Phone: 917 216-5176",ready_to_send,2025-10-18 20:36:11
Mulago Foundation,New York,NY,,,4,No Name + Never Donated,,Healing Through Arts: NYC Schools,"Hello,

We're excited to invite you to join us as a sponsor of Healing Through Arts: NYC Schools, an unforgettable evening where art, music, and community come together to create lasting impact for NYC students.

[Insert banner image here]
""Students performing arts in NYC schools""

Why sponsor this event?

Direct community impact: Every sponsorship dollar funds arts healing programs in underserved NYC schools.

Exclusive engagement: Connect with city leaders, artists, and philanthropists at a vibrant evening of performances, wine tasting, and conversations.

🎭 Healing Through Arts: NYC Schools Benefit
📅 Monday, November 18, 2025 | 7:00 PM – 9:00 PM (doors open 6:30 PM)
📍 Rake Wine Bar (45 1st Ave, NYC)
🎟️ $35 per ticket
✨ Arts displays & live performances
🥂 Wine tasting & hors d'oeuvres
🤝 Meet fellow changemakers

Every ticket funds arts healing programs—attend to see how you can support further.

👉 [Get Your Ticket]

Corporate sponsors: Companies can also support, attend to learn more.

With gratitude,
Jameera Mahima Gujjarlapudi
Community School of Arts Foundation
🌐 Website: csoaf.org
📞 Phone: 917 216-5176",ready_to_send,2025-10-18 20:36:11
Altman Foundation,New York,NY,,,4,No Name + Never Donated,,Healing Through Arts: NYC Schools,"Hello,

We're excited to invite you to join us as a sponsor of Healing Through Arts: NYC Schools, an unforgettable evening where art, music, and community come together to create lasting impact for NYC students.

[Insert banner image here]
""Students performing arts in NYC schools""

Why sponsor this event?

Direct community impact: Every sponsorship dollar funds arts healing programs in underserved NYC schools.

Exclusive engagement: Connect with city leaders, artists, and philanthropists at a vibrant evening of performances, wine tasting, and conversations.

🎭 Healing Through Arts: NYC Schools Benefit
📅 Monday, November 18, 2025 | 7:00 PM – 9:00 PM (doors open 6:30 PM)
📍 Rake Wine Bar (45 1st Ave, NYC)
🎟️ $35 per ticket
✨ Arts displays & live performances
🥂 Wine tasting & hors d'oeuvres
🤝 Meet fellow changemakers

Every ticket funds arts healing programs—attend to see how you can support further.

👉 [Get Your Ticket]

Corporate sponsors: Companies can also support, attend to learn more.

With gratitude,
Jameera Mahima Gujjarlapudi
Community School of Arts Foundation
🌐 Website: csoaf.org
📞 Phone: 917 216-5176",ready_to_send,2025-10-18 20:36:11
Burrows Foundation,Little Falls,NY,,,4,No Name + Never Donated,,Healing Through Arts: NYC Schools,"Hello,

We're excited to invite you to join us as a sponsor of Healing Through Arts: NYC Schools, an unforgettable evening where art, music, and community come together to create lasting impact for NYC students.

[Insert banner image here]
""Students performing arts in NYC schools""

Why sponsor this event?

Direct community impact: Every sponsorship dollar funds arts healing programs in underserved NYC schools.

Exclusive engagement: Connect with city leaders, artists, and philanthropists at a vibrant evening of performances, wine tasting, and conversations.

🎭 Healing Through Arts: NYC Schools Benefit
📅 Monday, November 18, 2025 | 7:00 PM – 9:00 PM (doors open 6:30 PM)
📍 Rake Wine Bar (45 1st Ave, NYC)
🎟️ $35 per ticket
✨ Arts displays & live performances
🥂 Wine tasting & hors d'oeuvres
🤝 Meet fellow changemakers

Every ticket funds arts healing programs—attend to see how you can support further.

👉 [Get Your Ticket]

Corporate sponsors: Companies can also support, attend to learn more.

With gratitude,
Jameera Mahima Gujjarlapudi
Community School of Arts Foundation
🌐 Website: csoaf.org
📞 Phone: 917 216-5176",ready_to_send,2025-10-18 20:36:11
Moodys Foundation,New York,NY,,,4,No Name + Never Donated,,Healing Through Arts: NYC Schools,"Hello,

We're excited to invite you to join us as a sponsor of Healing Through Arts: NYC Schools, an unforgettable evening where art, music, and community come together to create lasting impact for NYC students.

[Insert banner image here]
""Students performing arts in NYC schools""

Why sponsor this event?

Direct community impact: Every sponsorship dollar funds arts healing programs in underserved NYC schools.

Exclusive engagement: Connect with city leaders, artists, and philanthropists at a vibrant evening of performances, wine tasting, and conversations.

🎭 Healing Through Arts: NYC Schools Benefit
📅 Monday, November 18, 2025 | 7:00 PM – 9:00 PM (doors open 6:30 PM)
📍 Rake Wine Bar (45 1st Ave, NYC)
🎟️ $35 per ticket
✨ Arts displays & live performances
🥂 Wine tasting & hors d'oeuvres
🤝 Meet fellow changemakers

Every ticket funds arts healing programs—attend to see how you can support further.

👉 [Get Your Ticket]

Corporate sponsors: Companies can also support, attend to learn more.

With gratitude,
Jameera Mahima Gujjarlapudi
Community School of Arts Foundation
🌐 Website: csoaf.org
📞 Phone: 917 216-5176",ready_to_send,2025-10-18 20:36:11
Tent Foundation,New York,NY,,,4,No Name + Never Donated,,Healing Through Arts: NYC Schools,"Hello,

We're excited to invite you to join us as a sponsor of Healing Through Arts: NYC Schools, an unforgettable evening where art, music, and community come together to create lasting impact for NYC students.

[Insert banner image here]
""Students performing arts in NYC schools""

Why sponsor this event?

Direct community impact: Every sponsorship dollar funds arts healing programs in underserved NYC schools.

Exclusive engagement: Connect with city leaders, artists, and philanthropists at a vibrant evening of performances, wine tasting, and conversations.

🎭 Healing Through Arts: NYC Schools Benefit
📅 Monday, November 18, 2025 | 7:00 PM – 9:00 PM (doors open 6:30 PM)
📍 Rake Wine Bar (45 1st Ave, NYC)
🎟️ $35 per ticket
✨ Arts displays & live performances
🥂 Wine tasting & hors d'oeuvres
🤝 Meet fellow changemakers

Every ticket funds arts healing programs—attend to see how you can support further.

👉 [Get Your Ticket]

Corporate sponsors: Companies can also support, attend to learn more.

With gratitude,
Jameera Mahima Gujjarlapudi
Community School of Arts Foundation
🌐 Website: csoaf.org
📞 Phone: 917 216-5176",ready_to_send,2025-10-18 20:36:11
Underground Foundations,Saugerties,NY,,,4,No Name + Never Donated,,Healing Through Arts: NYC Schools,"Hello,

We're excited to invite you to join us as a sponsor of Healing Through Arts: NYC Schools, an unforgettable evening where art, music, and community come together to create lasting impact for NYC students.

[Insert banner image here]
""Students performing arts in NYC schools""

Why sponsor this event?

Direct community impact: Every sponsorship dollar funds arts healing programs in underserved NYC schools.

Exclusive engagement: Connect with city leaders, artists, and philanthropists at a vibrant evening of performances, wine tasting, and conversations.

🎭 Healing Through Arts: NYC Schools Benefit
📅 Monday, November 18, 2025 | 7:00 PM – 9:00 PM (doors open 6:30 PM)
📍 Rake Wine Bar (45 1st Ave, NYC)
🎟️ $35 per ticket
✨ Arts displays & live performances
🥂 Wine tasting & hors d'oeuvres
🤝 Meet fellow changemakers

Every ticket funds arts healing programs—attend to see how you can support further.

👉 [Get Your Ticket]

Corporate sponsors: Companies can also support, attend to learn more.

With gratitude,
Jameera Mahima Gujjarlapudi
Community School of Arts Foundation
🌐 Website: csoaf.org
📞 Phone: 917 216-5176",ready_to_send,2025-10-18 20:36:11
Jewish Foundations,Suffern,NY,,,4,No Name + Never Donated,,Healing Through Arts: NYC Schools,"Hello,

We're excited to invite you to join us as a sponsor of Healing Through Arts: NYC Schools, an unforgettable evening where art, music, and community come together to create lasting impact for NYC students.

[Insert banner image here]
""Students performing arts in NYC schools""

Why sponsor this event?

Direct community impact: Every sponsorship dollar funds arts healing programs in underserved NYC schools.

Exclusive engagement: Connect with city leaders, artists, and philanthropists at a vibrant evening of performances, wine tasting, and conversations.

🎭 Healing Through Arts: NYC Schools Benefit
📅 Monday, November 18, 2025 | 7:00 PM – 9:00 PM (doors open 6:30 PM)
📍 Rake Wine Bar (45 1st Ave, NYC)
🎟️ $35 per ticket
✨ Arts displays & live performances
🥂 Wine tasting & hors d'oeuvres
🤝 Meet fellow changemakers

Every ticket funds arts healing programs—attend to see how you can support further.

👉 [Get Your Ticket]

Corporate sponsors: Companies can also support, attend to learn more.

With gratitude,
Jameera Mahima Gujjarlapudi
Community School of Arts Foundation
🌐 Website: csoaf.org
📞 Phone: 917 216-5176",ready_to_send,2025-10-18 20:36:11
Ayco Charitable Foundation,Cohoes,NY,,,4,No Name + Never Donated,,Healing Through Arts: NYC Schools,"Hello,

We're excited to invite you to join us as a sponsor of Healing Through Arts: NYC Schools, an unforgettable evening where art, music, and community come together to create lasting impact for NYC students.

[Insert banner image here]
""Students performing arts in NYC schools""

Why sponsor this event?

Direct community impact: Every sponsorship dollar funds arts healing programs in underserved NYC schools.

Exclusive engagement: Connect with city leaders, artists, and philanthropists at a vibrant evening of performances, wine tasting, and conversations.

🎭 Healing Through Arts: NYC Schools Benefit
📅 Monday, November 18, 2025 | 7:00 PM – 9:00 PM (doors open 6:30 PM)
📍 Rake Wine Bar (45 1st Ave, NYC)
🎟️ $35 per ticket
✨ Arts displays & live performances
🥂 Wine tasting & hors d'oeuvres
🤝 Meet fellow changemakers

Every ticket funds arts healing programs—attend to see how you can support further.

👉 [Get Your Ticket]

Corporate sponsors: Companies can also support, attend to learn more.

With gratitude,
Jameera Mahima Gujjarlapudi
Community School of Arts Foundation
🌐 Website: csoaf.org
📞 Phone: 917 216-5176",ready_to_send,2025-10-18 20:36:11
Iag Charitable Foundation,Albany,NY,,,4,No Name + Never Donated,,Healing Through Arts: NYC Schools,"Hello,

We're excited to invite you to join us as a sponsor of Healing Through Arts: NYC Schools, an unforgettable evening where art, music, and community come together to create lasting impact for NYC students.

[Insert banner image here]
""Students performing arts in NYC schools""

Why sponsor this event?

Direct community impact: Every sponsorship dollar funds arts healing programs in underserved NYC schools.

Exclusive engagement: Connect with city leaders, artists, and philanthropists at a vibrant evening of performances, wine tasting, and conversations.

🎭 Healing Through Arts: NYC Schools Benefit
📅 Monday, November 18, 2025 | 7:00 PM – 9:00 PM (doors open 6:30 PM)
📍 Rake Wine Bar (45 1st Ave, NYC)
🎟️ $35 per ticket
✨ Arts displays & live performances
🥂 Wine tasting & hors d'oeuvres
🤝 Meet fellow changemakers

Every ticket funds arts healing programs—attend to see how you can support further.

👉 [Get Your Ticket]

Corporate sponsors: Companies can also support, attend to learn more.

With gratitude,
Jameera Mahima Gujjarlapudi
Community School of Arts Foundation
🌐 Website: csoaf.org
📞 Phone: 917 216-5176",ready_to_send,2025-10-18 20:36:11
Blackstone Charitable Foundation,New York,NY,,,4,No Name + Never Donated,,Healing Through Arts: NYC Schools,"Hello,

We're excited to invite you to join us as a sponsor of Healing Through Arts: NYC Schools, an unforgettable evening where art, music, and community come together to create lasting impact for NYC students.

[Insert banner image here]
""Students performing arts in NYC schools""

Why sponsor this event?

Direct community impact: Every sponsorship dollar funds arts healing programs in underserved NYC schools.

Exclusive engagement: Connect with city leaders, artists, and philanthropists at a vibrant evening of performances, wine tasting, and conversations.

🎭 Healing Through Arts: NYC Schools Benefit
📅 Monday, November 18, 2025 | 7:00 PM – 9:00 PM (doors open 6:30 PM)
📍 Rake Wine Bar (45 1st Ave, NYC)
🎟️ $35 per ticket
✨ Arts displays & live performances
🥂 Wine tasting & hors d'oeuvres
🤝 Meet fellow changemakers

Every ticket funds arts healing programs—attend to see how you can support further.

👉 [Get Your Ticket]

Corporate sponsors: Companies can also support, attend to learn more.

With gratitude,
Jameera Mahima Gujjarlapudi
Community School of Arts Foundation
🌐 Website: csoaf.org
📞 Phone: 917 216-5176",ready_to_send,2025-10-18 20:36:11
Hourglass Charitable Foundation,New York,NY,,,4,No Name + Never Donated,,Healing Through Arts: NYC Schools,"Hello,

We're excited to invite you to join us as a sponsor of Healing Through Arts: NYC Schools, an unforgettable evening where art, music, and community come together to create lasting impact for NYC students.

[Insert banner image here]
""Students performing arts in NYC schools""

Why sponsor this event?

Direct community impact: Every sponsorship dollar funds arts healing programs in underserved NYC schools.

Exclusive engagement: Connect with city leaders, artists, and philanthropists at a vibrant evening of performances, wine tasting, and conversations.

🎭 Healing Through Arts: NYC Schools Benefit
📅 Monday, November 18, 2025 | 7:00 PM – 9:00 PM (doors open 6:30 PM)
📍 Rake Wine Bar (45 1st Ave, NYC)
🎟️ $35 per ticket
✨ Arts displays & live performances
🥂 Wine tasting & hors d'oeuvres
🤝 Meet fellow changemakers

Every ticket funds arts healing programs—attend to see how you can support further.

👉 [Get Your Ticket]

Corporate sponsors: Companies can also support, attend to learn more.

With gratitude,
Jameera Mahima Gujjarlapudi
Community School of Arts Foundation
🌐 Website: csoaf.org
📞 Phone: 917 216-5176",ready_to_send,2025-10-18 20:36:11
Egl Charitable Foundation,New York,NY,,,4,No Name + Never Donated,,Healing Through Arts: NYC Schools,"Hello,

We're excited to invite you to join us as a sponsor of Healing Through Arts: NYC Schools, an unforgettable evening where art, music, and community come together to create lasting impact for NYC students.

[Insert banner image here]
""Students performing arts in NYC schools""

Why sponsor this event?

Direct community impact: Every sponsorship dollar funds arts healing programs in underserved NYC schools.

Exclusive engagement: Connect with city leaders, artists, and philanthropists at a vibrant evening of performances, wine tasting, and conversations.

🎭 Healing Through Arts: NYC Schools Benefit
📅 Monday, November 18, 2025 | 7:00 PM – 9:00 PM (doors open 6:30 PM)
📍 Rake Wine Bar (45 1st Ave, NYC)
🎟️ $35 per ticket
✨ Arts displays & live performances
🥂 Wine tasting & hors d'oeuvres
🤝 Meet fellow changemakers

Every ticket funds arts healing programs—attend to see how you can support further.

👉 [Get Your Ticket]

Corporate sponsors: Companies can also support, attend to learn more.

With gratitude,
Jameera Mahima Gujjarlapudi
Community School of Arts Foundation
🌐 Website: csoaf.org
📞 Phone: 917 216-5176",ready_to_send,2025-10-18 20:36:11
Mindich Charitable Foundation,New York,NY,,,4,No Name + Never Donated,,Healing Through Arts: NYC Schools,"Hello,

We're excited to invite you to join us as a sponsor of Healing Through Arts: NYC Schools, an unforgettable evening where art, music, and community come together to create lasting impact for NYC students.

[Insert banner image here]
""Students performing arts in NYC schools""

Why sponsor this event?

Direct community impact: Every sponsorship dollar funds arts healing programs in underserved NYC schools.

Exclusive engagement: Connect with city leaders, artists, and philanthropists at a vibrant evening of performances, wine tasting, and conversations.

🎭 Healing Through Arts: NYC Schools Benefit
📅 Monday, November 18, 2025 | 7:00 PM – 9:00 PM (doors open 6:30 PM)
📍 Rake Wine Bar (45 1st Ave, NYC)
🎟️ $35 per ticket
✨ Arts displays & live performances
🥂 Wine tasting & hors d'oeuvres
🤝 Meet fellow changemakers

Every ticket funds arts healing programs—attend to see how you can support further.

👉 [Get Your Ticket]

Corporate sponsors: Companies can also support, attend to learn more.

With gratitude,
Jameera Mahima Gujjarlapudi
Community School of Arts Foundation
🌐 Website: csoaf.org
📞 Phone: 917 216-5176",ready_to_send,2025-10-18 20:36:11
Kyndryl Charitable Foundation,Rye Brook,NY,,,4,No Name + Never Donated,,Healing Through Arts: NYC Schools,"Hello,

We're excited to invite you to join us as a sponsor of Healing Through Arts: NYC Schools, an unforgettable evening where art, music, and community come together to create lasting impact for NYC students.

[Insert banner image here]
""Students performing arts in NYC schools""

Why sponsor this event?

Direct community impact: Every sponsorship dollar funds arts healing programs in underserved NYC schools.

Exclusive engagement: Connect with city leaders, artists, and philanthropists at a vibrant evening of performances, wine tasting, and conversations.

🎭 Healing Through Arts: NYC Schools Benefit
📅 Monday, November 18, 2025 | 7:00 PM – 9:00 PM (doors open 6:30 PM)
📍 Rake Wine Bar (45 1st Ave, NYC)
🎟️ $35 per ticket
✨ Arts displays & live performances
🥂 Wine tasting & hors d'oeuvres
🤝 Meet fellow changemakers

Every ticket funds arts healing programs—attend to see how you can support further.

👉 [Get Your Ticket]

Corporate sponsors: Companies can also support, attend to learn more.

With gratitude,
Jameera Mahima Gujjarlapudi
Community School of Arts Foundation
🌐 Website: csoaf.org
📞 Phone: 917 216-5176",ready_to_send,2025-10-18 20:36:11
Finistere Charitable Foundation,New York,NY,,,4,No Name + Never Donated,,Healing Through Arts: NYC Schools,"Hello,

We're excited to invite you to join us as a sponsor of Healing Through Arts: NYC Schools, an unforgettable evening where art, music, and community come together to create lasting impact for NYC students.

[Insert banner image here]
""Students performing arts in NYC schools""

Why sponsor this event?

Direct community impact: Every sponsorship dollar funds arts healing programs in underserved NYC schools.

Exclusive engagement: Connect with city leaders, artists, and philanthropists at a vibrant evening of performances, wine tasting, and conversations.

🎭 Healing Through Arts: NYC Schools Benefit
📅 Monday, November 18, 2025 | 7:00 PM – 9:00 PM (doors open 6:30 PM)
📍 Rake Wine Bar (45 1st Ave, NYC)
🎟️ $35 per ticket
✨ Arts displays & live performances
🥂 Wine tasting & hors d'oeuvres
🤝 Meet fellow changemakers

Every ticket funds arts healing programs—attend to see how you can support further.

👉 [Get Your Ticket]

Corporate sponsors: Companies can also support, attend to learn more.

With gratitude,
Jameera Mahima Gujjarlapudi
Community School of Arts Foundation
🌐 Website: csoaf.org
📞 Phone: 917 216-5176",ready_to_send,2025-10-18 20:36:11
Belvedere Charitable Foundation,New York,NY,,,4,No Name + Never Donated,,Healing Through Arts: NYC Schools,"Hello,

We're excited to invite you to join us as a sponsor of Healing Through Arts: NYC Schools, an unforgettable evening where art, music, and community come together to create lasting impact for NYC students.

[Insert banner image here]
""Students performing arts in NYC schools""

Why sponsor this event?

Direct community impact: Every sponsorship dollar funds arts healing programs in underserved NYC schools.

Exclusive engagement: Connect with city leaders, artists, and philanthropists at a vibrant evening of performances, wine tasting, and conversations.

🎭 Healing Through Arts: NYC Schools Benefit
📅 Monday, November 18, 2025 | 7:00 PM – 9:00 PM (doors open 6:30 PM)
📍 Rake Wine Bar (45 1st Ave, NYC)
🎟️ $35 per ticket
✨ Arts displays & live performances
🥂 Wine tasting & hors d'oeuvres
🤝 Meet fellow changemakers

Every ticket funds arts healing programs—attend to see how you can support further.

👉 [Get Your Ticket]

Corporate sponsors: Companies can also support, attend to learn more.

With gratitude,
Jameera Mahima Gujjarlapudi
Community School of Arts Foundation
🌐 Website: csoaf.org
📞 Phone: 917 216-5176",ready_to_send,2025-10-18 20:36:11
Integrum Charitable Foundation,New York,NY,,,4,No Name + Never Donated,,Healing Through Arts: NYC Schools,"Hello,

We're excited to invite you to join us as a sponsor of Healing Through Arts: NYC Schools, an unforgettable evening where art, music, and community come together to create lasting impact for NYC students.

[Insert banner image here]
""Students performing arts in NYC schools""

Why sponsor this event?

Direct community impact: Every sponsorship dollar funds arts healing programs in underserved NYC schools.

Exclusive engagement: Connect with city leaders, artists, and philanthropists at a vibrant evening of performances, wine tasting, and conversations.

🎭 Healing Through Arts: NYC Schools Benefit
📅 Monday, November 18, 2025 | 7:00 PM – 9:00 PM (doors open 6:30 PM)
📍 Rake Wine Bar (45 1st Ave, NYC)
🎟️ $35 per ticket
✨ Arts displays & live performances
🥂 Wine tasting & hors d'oeuvres
🤝 Meet fellow changemakers

Every ticket funds arts healing programs—attend to see how you can support further.

👉 [Get Your Ticket]

Corporate sponsors: Companies can also support, attend to learn more.

With gratitude,
Jameera Mahima Gujjarlapudi
Community School of Arts Foundation
🌐 Website: csoaf.org
📞 Phone: 917 216-5176",ready_to_send,2025-10-18 20:36:11
Grace Charitable Foundation,New York,NY,,,4,No Name + Never Donated,,Healing Through Arts: NYC Schools,"Hello,

We're excited to invite you to join us as a sponsor of Healing Through Arts: NYC Schools, an unforgettable evening where art, music, and community come together to create lasting impact for NYC students.

[Insert banner image here]
""Students performing arts in NYC schools""

Why sponsor this event?

Direct community impact: Every sponsorship dollar funds arts healing programs in underserved NYC schools.

Exclusive engagement: Connect with city leaders, artists, and philanthropists at a vibrant evening of performances, wine tasting, and conversations.

🎭 Healing Through Arts: NYC Schools Benefit
📅 Monday, November 18, 2025 | 7:00 PM – 9:00 PM (doors open 6:30 PM)
📍 Rake Wine Bar (45 1st Ave, NYC)
🎟️ $35 per ticket
✨ Arts displays & live performances
🥂 Wine tasting & hors d'oeuvres
🤝 Meet fellow changemakers

Every ticket funds arts healing programs—attend to see how you can support further.

👉 [Get Your Ticket]

Corporate sponsors: Companies can also support, attend to learn more.

With gratitude,
Jameera Mahima Gujjarlapudi
Community School of Arts Foundation
🌐 Website: csoaf.org
📞 Phone: 917 216-5176",ready_to_send,2025-10-18 20:36:11
Jl Charitable Foundation,Monroe,NY,,,4,No Name + Never Donated,,Healing Through Arts: NYC Schools,"Hello,

We're excited to invite you to join us as a sponsor of Healing Through Arts: NYC Schools, an unforgettable evening where art, music, and community come together to create lasting impact for NYC students.

[Insert banner image here]
""Students performing arts in NYC schools""

Why sponsor this event?

Direct community impact: Every sponsorship dollar funds arts healing programs in underserved NYC schools.

Exclusive engagement: Connect with city leaders, artists, and philanthropists at a vibrant evening of performances, wine tasting, and conversations.

🎭 Healing Through Arts: NYC Schools Benefit
📅 Monday, November 18, 2025 | 7:00 PM – 9:00 PM (doors open 6:30 PM)
📍 Rake Wine Bar (45 1st Ave, NYC)
🎟️ $35 per ticket
✨ Arts displays & live performances
🥂 Wine tasting & hors d'oeuvres
🤝 Meet fellow changemakers

Every ticket funds arts healing programs—attend to see how you can support further.

👉 [Get Your Ticket]

Corporate sponsors: Companies can also support, attend to learn more.

With gratitude,
Jameera Mahima Gujjarlapudi
Community School of Arts Foundation
🌐 Website: csoaf.org
📞 Phone: 917 216-5176",ready_to_send,2025-10-18 20:36:11
Manhattan Charitable Foundation,New York,NY,,,4,No Name + Never Donated,,Healing Through Arts: NYC Schools,"Hello,

We're excited to invite you to join us as a sponsor of Healing Through Arts: NYC Schools, an unforgettable evening where art, music, and community come together to create lasting impact for NYC students.

[Insert banner image here]
""Students performing arts in NYC schools""

Why sponsor this event?

Direct community impact: Every sponsorship dollar funds arts healing programs in underserved NYC schools.

Exclusive engagement: Connect with city leaders, artists, and philanthropists at a vibrant evening of performances, wine tasting, and conversations.

🎭 Healing Through Arts: NYC Schools Benefit
📅 Monday, November 18, 2025 | 7:00 PM – 9:00 PM (doors open 6:30 PM)
📍 Rake Wine Bar (45 1st Ave, NYC)
🎟️ $35 per ticket
✨ Arts displays & live performances
🥂 Wine tasting & hors d'oeuvres
🤝 Meet fellow changemakers

Every ticket funds arts healing programs—attend to see how you can support further.

👉 [Get Your Ticket]

Corporate sponsors: Companies can also support, attend to learn more.

With gratitude,
Jameera Mahima Gujjarlapudi
Community School of Arts Foundation
🌐 Website: csoaf.org
📞 Phone: 917 216-5176",ready_to_send,2025-10-18 20:36:11
Landegger Charitable Foundation,Rye Brook,NY,,,4,No Name + Never Donated,,Healing Through Arts: NYC Schools,"Hello,

We're excited to invite you to join us as a sponsor of Healing Through Arts: NYC Schools, an unforgettable evening where art, music, and community come together to create lasting impact for NYC students.

[Insert banner image here]
""Students performing arts in NYC schools""

Why sponsor this event?

Direct community impact: Every sponsorship dollar funds arts healing programs in underserved NYC schools.

Exclusive engagement: Connect with city leaders, artists, and philanthropists at a vibrant evening of performances, wine tasting, and conversations.

🎭 Healing Through Arts: NYC Schools Benefit
📅 Monday, November 18, 2025 | 7:00 PM – 9:00 PM (doors open 6:30 PM)
📍 Rake Wine Bar (45 1st Ave, NYC)
🎟️ $35 per ticket
✨ Arts displays & live performances
🥂 Wine tasting & hors d'oeuvres
🤝 Meet fellow changemakers

Every ticket funds arts healing programs—attend to see how you can support further.

👉 [Get Your Ticket]

Corporate sponsors: Companies can also support, attend to learn more.

With gratitude,
Jameera Mahima Gujjarlapudi
Community School of Arts Foundation
🌐 Website: csoaf.org
📞 Phone: 917 216-5176",ready_to_send,2025-10-18 20:36:11
Wayen Charitable Foundation,Forest Hills,NY,,,4,No Name + Never Donated,,Healing Through Arts: NYC Schools,"Hello,

We're excited to invite you to join us as a sponsor of Healing Through Arts: NYC Schools, an unforgettable evening where art, music, and community come together to create lasting impact for NYC students.

[Insert banner image here]
""Students performing arts in NYC schools""

Why sponsor this event?

Direct community impact: Every sponsorship dollar funds arts healing programs in underserved NYC schools.

Exclusive engagement: Connect with city leaders, artists, and philanthropists at a vibrant evening of performances, wine tasting, and conversations.

🎭 Healing Through Arts: NYC Schools Benefit
📅 Monday, November 18, 2025 | 7:00 PM – 9:00 PM (doors open 6:30 PM)
📍 Rake Wine Bar (45 1st Ave, NYC)
🎟️ $35 per ticket
✨ Arts displays & live performances
🥂 Wine tasting & hors d'oeuvres
🤝 Meet fellow changemakers

Every ticket funds arts healing programs—attend to see how you can support further.

👉 [Get Your Ticket]

Corporate sponsors: Companies can also support, attend to learn more.

With gratitude,
Jameera Mahima Gujjarlapudi
Community School of Arts Foundation
🌐 Website: csoaf.org
📞 Phone: 917 216-5176",ready_to_send,2025-10-18 20:36:11
Ebg Charitable Foundation,Monsey,NY,,,4,No Name + Never Donated,,Healing Through Arts: NYC Schools,"Hello,

We're excited to invite you to join us as a sponsor of Healing Through Arts: NYC Schools, an unforgettable evening where art, music, and community come together to create lasting impact for NYC students.

[Insert banner image here]
""Students performing arts in NYC schools""

Why sponsor this event?

Direct community impact: Every sponsorship dollar funds arts healing programs in underserved NYC schools.

Exclusive engagement: Connect with city leaders, artists, and philanthropists at a vibrant evening of performances, wine tasting, and conversations.

🎭 Healing Through Arts: NYC Schools Benefit
📅 Monday, November 18, 2025 | 7:00 PM – 9:00 PM (doors open 6:30 PM)
📍 Rake Wine Bar (45 1st Ave, NYC)
🎟️ $35 per ticket
✨ Arts displays & live performances
🥂 Wine tasting & hors d'oeuvres
🤝 Meet fellow changemakers

Every ticket funds arts healing programs—attend to see how you can support further.

👉 [Get Your Ticket]

Corporate sponsors: Companies can also support, attend to learn more.

With gratitude,
Jameera Mahima Gujjarlapudi
Community School of Arts Foundation
🌐 Website: csoaf.org
📞 Phone: 917 216-5176",ready_to_send,2025-10-18 20:36:11
Harjen Charitable Foundation,New York,NY,,,4,No Name + Never Donated,,Healing Through Arts: NYC Schools,"Hello,

We're excited to invite you to join us as a sponsor of Healing Through Arts: NYC Schools, an unforgettable evening where art, music, and community come together to create lasting impact for NYC students.

[Insert banner image here]
""Students performing arts in NYC schools""

Why sponsor this event?

Direct community impact: Every sponsorship dollar funds arts healing programs in underserved NYC schools.

Exclusive engagement: Connect with city leaders, artists, and philanthropists at a vibrant evening of performances, wine tasting, and conversations.

🎭 Healing Through Arts: NYC Schools Benefit
📅 Monday, November 18, 2025 | 7:00 PM – 9:00 PM (doors open 6:30 PM)
📍 Rake Wine Bar (45 1st Ave, NYC)
🎟️ $35 per ticket
✨ Arts displays & live performances
🥂 Wine tasting & hors d'oeuvres
🤝 Meet fellow changemakers

Every ticket funds arts healing programs—attend to see how you can support further.

👉 [Get Your Ticket]

Corporate sponsors: Companies can also support, attend to learn more.

With gratitude,
Jameera Mahima Gujjarlapudi
Community School of Arts Foundation
🌐 Website: csoaf.org
📞 Phone: 917 216-5176",ready_to_send,2025-10-18 20:36:11
Arf Charitable Foundation,New York,NY,,,4,No Name + Never Donated,,Healing Through Arts: NYC Schools,"Hello,

We're excited to invite you to join us as a sponsor of Healing Through Arts: NYC Schools, an unforgettable evening where art, music, and community come together to create lasting impact for NYC students.

[Insert banner image here]
""Students performing arts in NYC schools""

Why sponsor this event?

Direct community impact: Every sponsorship dollar funds arts healing programs in underserved NYC schools.

Exclusive engagement: Connect with city leaders, artists, and philanthropists at a vibrant evening of performances, wine tasting, and conversations.

🎭 Healing Through Arts: NYC Schools Benefit
📅 Monday, November 18, 2025 | 7:00 PM – 9:00 PM (doors open 6:30 PM)
📍 Rake Wine Bar (45 1st Ave, NYC)
🎟️ $35 per ticket
✨ Arts displays & live performances
🥂 Wine tasting & hors d'oeuvres
🤝 Meet fellow changemakers

Every ticket funds arts healing programs—attend to see how you can support further.

👉 [Get Your Ticket]

Corporate sponsors: Companies can also support, attend to learn more.

With gratitude,
Jameera Mahima Gujjarlapudi
Community School of Arts Foundation
🌐 Website: csoaf.org
📞 Phone: 917 216-5176",ready_to_send,2025-10-18 20:36:11
Jeffrey Charitable Foundation,Monsey,NY,,,4,No Name + Never Donated,,Healing Through Arts: NYC Schools,"Hello,

We're excited to invite you to join us as a sponsor of Healing Through Arts: NYC Schools, an unforgettable evening where art, music, and community come together to create lasting impact for NYC students.

[Insert banner image here]
""Students performing arts in NYC schools""

Why sponsor this event?

Direct community impact: Every sponsorship dollar funds arts healing programs in underserved NYC schools.

Exclusive engagement: Connect with city leaders, artists, and philanthropists at a vibrant evening of performances, wine tasting, and conversations.

🎭 Healing Through Arts: NYC Schools Benefit
📅 Monday, November 18, 2025 | 7:00 PM – 9:00 PM (doors open 6:30 PM)
📍 Rake Wine Bar (45 1st Ave, NYC)
🎟️ $35 per ticket
✨ Arts displays & live performances
🥂 Wine tasting & hors d'oeuvres
🤝 Meet fellow changemakers

Every ticket funds arts healing programs—attend to see how you can support further.

👉 [Get Your Ticket]

Corporate sponsors: Companies can also support, attend to learn more.

With gratitude,
Jameera Mahima Gujjarlapudi
Community School of Arts Foundation
🌐 Website: csoaf.org
📞 Phone: 917 216-5176",ready_to_send,2025-10-18 20:36:11
Nexstar Charitable Foundation,New York,NY,,,4,No Name + Never Donated,,Healing Through Arts: NYC Schools,"Hello,

We're excited to invite you to join us as a sponsor of Healing Through Arts: NYC Schools, an unforgettable evening where art, music, and community come together to create lasting impact for NYC students.

[Insert banner image here]
""Students performing arts in NYC schools""

Why sponsor this event?

Direct community impact: Every sponsorship dollar funds arts healing programs in underserved NYC schools.

Exclusive engagement: Connect with city leaders, artists, and philanthropists at a vibrant evening of performances, wine tasting, and conversations.

🎭 Healing Through Arts: NYC Schools Benefit
📅 Monday, November 18, 2025 | 7:00 PM – 9:00 PM (doors open 6:30 PM)
📍 Rake Wine Bar (45 1st Ave, NYC)
🎟️ $35 per ticket
✨ Arts displays & live performances
🥂 Wine tasting & hors d'oeuvres
🤝 Meet fellow changemakers

Every ticket funds arts healing programs—attend to see how you can support further.

👉 [Get Your Ticket]

Corporate sponsors: Companies can also support, attend to learn more.

With gratitude,
Jameera Mahima Gujjarlapudi
Community School of Arts Foundation
🌐 Website: csoaf.org
📞 Phone: 917 216-5176",ready_to_send,2025-10-18 20:36:11
Mfk Charitable Foundation,Brooklyn,NY,,,4,No Name + Never Donated,,Healing Through Arts: NYC Schools,"Hello,

We're excited to invite you to join us as a sponsor of Healing Through Arts: NYC Schools, an unforgettable evening where art, music, and community come together to create lasting impact for NYC students.

[Insert banner image here]
""Students performing arts in NYC schools""

Why sponsor this event?

Direct community impact: Every sponsorship dollar funds arts healing programs in underserved NYC schools.

Exclusive engagement: Connect with city leaders, artists, and philanthropists at a vibrant evening of performances, wine tasting, and conversations.

🎭 Healing Through Arts: NYC Schools Benefit
📅 Monday, November 18, 2025 | 7:00 PM – 9:00 PM (doors open 6:30 PM)
📍 Rake Wine Bar (45 1st Ave, NYC)
🎟️ $35 per ticket
✨ Arts displays & live performances
🥂 Wine tasting & hors d'oeuvres
🤝 Meet fellow changemakers

Every ticket funds arts healing programs—attend to see how you can support further.

👉 [Get Your Ticket]

Corporate sponsors: Companies can also support, attend to learn more.

With gratitude,
Jameera Mahima Gujjarlapudi
Community School of Arts Foundation
🌐 Website: csoaf.org
📞 Phone: 917 216-5176",ready_to_send,2025-10-18 20:36:11
Segal Charitable Foundation,Brooklyn,NY,,,4,No Name + Never Donated,,Healing Through Arts: NYC Schools,"Hello,

We're excited to invite you to join us as a sponsor of Healing Through Arts: NYC Schools, an unforgettable evening where art, music, and community come together to create lasting impact for NYC students.

[Insert banner image here]
""Students performing arts in NYC schools""

Why sponsor this event?

Direct community impact: Every sponsorship dollar funds arts healing programs in underserved NYC schools.

Exclusive engagement: Connect with city leaders, artists, and philanthropists at a vibrant evening of performances, wine tasting, and conversations.

🎭 Healing Through Arts: NYC Schools Benefit
📅 Monday, November 18, 2025 | 7:00 PM – 9:00 PM (doors open 6:30 PM)
📍 Rake Wine Bar (45 1st Ave, NYC)
🎟️ $35 per ticket
✨ Arts displays & live performances
🥂 Wine tasting & hors d'oeuvres
🤝 Meet fellow changemakers

Every ticket funds arts healing programs—attend to see how you can support further.

👉 [Get Your Ticket]

Corporate sponsors: Companies can also support, attend to learn more.

With gratitude,
Jameera Mahima Gujjarlapudi
Community School of Arts Foundation
🌐 Website: csoaf.org
📞 Phone: 917 216-5176",ready_to_send,2025-10-18 20:36:11
Evercore Charitable Foundation,New York,NY,,,4,No Name + Never Donated,,Healing Through Arts: NYC Schools,"Hello,

We're excited to invite you to join us as a sponsor of Healing Through Arts: NYC Schools, an unforgettable evening where art, music, and community come together to create lasting impact for NYC students.

[Insert banner image here]
""Students performing arts in NYC schools""

Why sponsor this event?

Direct community impact: Every sponsorship dollar funds arts healing programs in underserved NYC schools.

Exclusive engagement: Connect with city leaders, artists, and philanthropists at a vibrant evening of performances, wine tasting, and conversations.

🎭 Healing Through Arts: NYC Schools Benefit
📅 Monday, November 18, 2025 | 7:00 PM – 9:00 PM (doors open 6:30 PM)
📍 Rake Wine Bar (45 1st Ave, NYC)
🎟️ $35 per ticket
✨ Arts displays & live performances
🥂 Wine tasting & hors d'oeuvres
🤝 Meet fellow changemakers

Every ticket funds arts healing programs—attend to see how you can support further.

👉 [Get Your Ticket]

Corporate sponsors: Companies can also support, attend to learn more.

With gratitude,
Jameera Mahima Gujjarlapudi
Community School of Arts Foundation
🌐 Website: csoaf.org
📞 Phone: 917 216-5176",ready_to_send,2025-10-18 20:36:11
Marelda Charitable Foundation,New York,NY,,,4,No Name + Never Donated,,Healing Through Arts: NYC Schools,"Hello,

We're excited to invite you to join us as a sponsor of Healing Through Arts: NYC Schools, an unforgettable evening where art, music, and community come together to create lasting impact for NYC students.

[Insert banner image here]
""Students performing arts in NYC schools""

Why sponsor this event?

Direct community impact: Every sponsorship dollar funds arts healing programs in underserved NYC schools.

Exclusive engagement: Connect with city leaders, artists, and philanthropists at a vibrant evening of performances, wine tasting, and conversations.

🎭 Healing Through Arts: NYC Schools Benefit
📅 Monday, November 18, 2025 | 7:00 PM – 9:00 PM (doors open 6:30 PM)
📍 Rake Wine Bar (45 1st Ave, NYC)
🎟️ $35 per ticket
✨ Arts displays & live performances
🥂 Wine tasting & hors d'oeuvres
🤝 Meet fellow changemakers

Every ticket funds arts healing programs—attend to see how you can support further.

👉 [Get Your Ticket]

Corporate sponsors: Companies can also support, attend to learn more.

With gratitude,
Jameera Mahima Gujjarlapudi
Community School of Arts Foundation
🌐 Website: csoaf.org
📞 Phone: 917 216-5176",ready_to_send,2025-10-18 20:36:11
Kw Charitable Foundation,Brooklyn,NY,,,4,No Name + Never Donated,,Healing Through Arts: NYC Schools,"Hello,

We're excited to invite you to join us as a sponsor of Healing Through Arts: NYC Schools, an unforgettable evening where art, music, and community come together to create lasting impact for NYC students.

[Insert banner image here]
""Students performing arts in NYC schools""

Why sponsor this event?

Direct community impact: Every sponsorship dollar funds arts healing programs in underserved NYC schools.

Exclusive engagement: Connect with city leaders, artists, and philanthropists at a vibrant evening of performances, wine tasting, and conversations.

🎭 Healing Through Arts: NYC Schools Benefit
📅 Monday, November 18, 2025 | 7:00 PM – 9:00 PM (doors open 6:30 PM)
📍 Rake Wine Bar (45 1st Ave, NYC)
🎟️ $35 per ticket
✨ Arts displays & live performances
🥂 Wine tasting & hors d'oeuvres
🤝 Meet fellow changemakers

Every ticket funds arts healing programs—attend to see how you can support further.

👉 [Get Your Ticket]

Corporate sponsors: Companies can also support, attend to learn more.

With gratitude,
Jameera Mahima Gujjarlapudi
Community School of Arts Foundation
🌐 Website: csoaf.org
📞 Phone: 917 216-5176",ready_to_send,2025-10-18 20:36:11
Overdeck Family Foundation,New York,NY,,,4,No Name + Never Donated,,Healing Through Arts: NYC Schools,"Hello,

We're excited to invite you to join us as a sponsor of Healing Through Arts: NYC Schools, an unforgettable evening where art, music, and community come together to create lasting impact for NYC students.

[Insert banner image here]
""Students performing arts in NYC schools""

Why sponsor this event?

Direct community impact: Every sponsorship dollar funds arts healing programs in underserved NYC schools.

Exclusive engagement: Connect with city leaders, artists, and philanthropists at a vibrant evening of performances, wine tasting, and conversations.

🎭 Healing Through Arts: NYC Schools Benefit
📅 Monday, November 18, 2025 | 7:00 PM – 9:00 PM (doors open 6:30 PM)
📍 Rake Wine Bar (45 1st Ave, NYC)
🎟️ $35 per ticket
✨ Arts displays & live performances
🥂 Wine tasting & hors d'oeuvres
🤝 Meet fellow changemakers

Every ticket funds arts healing programs—attend to see how you can support further.

👉 [Get Your Ticket]

Corporate sponsors: Companies can also support, attend to learn more.

With gratitude,
Jameera Mahima Gujjarlapudi
Community School of Arts Foundation
🌐 Website: csoaf.org
📞 Phone: 917 216-5176",ready_to_send,2025-10-18 20:36:11
Blavatnik Family Foundation,New York,NY,,,4,No Name + Never Donated,,Healing Through Arts: NYC Schools,"Hello,

We're excited to invite you to join us as a sponsor of Healing Through Arts: NYC Schools, an unforgettable evening where art, music, and community come together to create lasting impact for NYC students.

[Insert banner image here]
""Students performing arts in NYC schools""

Why sponsor this event?

Direct community impact: Every sponsorship dollar funds arts healing programs in underserved NYC schools.

Exclusive engagement: Connect with city leaders, artists, and philanthropists at a vibrant evening of performances, wine tasting, and conversations.

🎭 Healing Through Arts: NYC Schools Benefit
📅 Monday, November 18, 2025 | 7:00 PM – 9:00 PM (doors open 6:30 PM)
📍 Rake Wine Bar (45 1st Ave, NYC)
🎟️ $35 per ticket
✨ Arts displays & live performances
🥂 Wine tasting & hors d'oeuvres
🤝 Meet fellow changemakers

Every ticket funds arts healing programs—attend to see how you can support further.

👉 [Get Your Ticket]

Corporate sponsors: Companies can also support, attend to learn more.

With gratitude,
Jameera Mahima Gujjarlapudi
Community School of Arts Foundation
🌐 Website: csoaf.org
📞 Phone: 917 216-5176",ready_to_send,2025-10-18 20:36:11
Hao Family Foundation,Saratoga Spgs,NY,,,4,No Name + Never Donated,,Healing Through Arts: NYC Schools,"Hello,

We're excited to invite you to join us as a sponsor of Healing Through Arts: NYC Schools, an unforgettable evening where art, music, and community come together to create lasting impact for NYC students.

[Insert banner image here]
""Students performing arts in NYC schools""

Why sponsor this event?

Direct community impact: Every sponsorship dollar funds arts healing programs in underserved NYC schools.

Exclusive engagement: Connect with city leaders, artists, and philanthropists at a vibrant evening of performances, wine tasting, and conversations.

🎭 Healing Through Arts: NYC Schools Benefit
📅 Monday, November 18, 2025 | 7:00 PM – 9:00 PM (doors open 6:30 PM)
📍 Rake Wine Bar (45 1st Ave, NYC)
🎟️ $35 per ticket
✨ Arts displays & live performances
🥂 Wine tasting & hors d'oeuvres
🤝 Meet fellow changemakers

Every ticket funds arts healing programs—attend to see how you can support further.

👉 [Get Your Ticket]

Corporate sponsors: Companies can also support, attend to learn more.

With gratitude,
Jameera Mahima Gujjarlapudi
Community School of Arts Foundation
🌐 Website: csoaf.org
📞 Phone: 917 216-5176",ready_to_send,2025-10-18 20:36:11
Banga Family Foundation,New York,NY,,,4,No Name + Never Donated,,Healing Through Arts: NYC Schools,"Hello,

We're excited to invite you to join us as a sponsor of Healing Through Arts: NYC Schools, an unforgettable evening where art, music, and community come together to create lasting impact for NYC students.

[Insert banner image here]
""Students performing arts in NYC schools""

Why sponsor this event?

Direct community impact: Every sponsorship dollar funds arts healing programs in underserved NYC schools.

Exclusive engagement: Connect with city leaders, artists, and philanthropists at a vibrant evening of performances, wine tasting, and conversations.

🎭 Healing Through Arts: NYC Schools Benefit
📅 Monday, November 18, 2025 | 7:00 PM – 9:00 PM (doors open 6:30 PM)
📍 Rake Wine Bar (45 1st Ave, NYC)
🎟️ $35 per ticket
✨ Arts displays & live performances
🥂 Wine tasting & hors d'oeuvres
🤝 Meet fellow changemakers

Every ticket funds arts healing programs—attend to see how you can support further.

👉 [Get Your Ticket]

Corporate sponsors: Companies can also support, attend to learn more.

With gratitude,
Jameera Mahima Gujjarlapudi
Community School of Arts Foundation
🌐 Website: csoaf.org
📞 Phone: 917 216-5176",ready_to_send,2025-10-18 20:36:11
Stanley Family Foundation,Briarcliff,NY,,,4,No Name + Never Donated,,Healing Through Arts: NYC Schools,"Hello,

We're excited to invite you to join us as a sponsor of Healing Through Arts: NYC Schools, an unforgettable evening where art, music, and community come together to create lasting impact for NYC students.

[Insert banner image here]
""Students performing arts in NYC schools""

Why sponsor this event?

Direct community impact: Every sponsorship dollar funds arts healing programs in underserved NYC schools.

Exclusive engagement: Connect with city leaders, artists, and philanthropists at a vibrant evening of performances, wine tasting, and conversations.

🎭 Healing Through Arts: NYC Schools Benefit
📅 Monday, November 18, 2025 | 7:00 PM – 9:00 PM (doors open 6:30 PM)
📍 Rake Wine Bar (45 1st Ave, NYC)
🎟️ $35 per ticket
✨ Arts displays & live performances
🥂 Wine tasting & hors d'oeuvres
🤝 Meet fellow changemakers

Every ticket funds arts healing programs—attend to see how you can support further.

👉 [Get Your Ticket]

Corporate sponsors: Companies can also support, attend to learn more.

With gratitude,
Jameera Mahima Gujjarlapudi
Community School of Arts Foundation
🌐 Website: csoaf.org
📞 Phone: 917 216-5176",ready_to_send,2025-10-18 20:36:11
Sundheim Family Foundation,New York,NY,,,4,No Name + Never Donated,,Healing Through Arts: NYC Schools,"Hello,

We're excited to invite you to join us as a sponsor of Healing Through Arts: NYC Schools, an unforgettable evening where art, music, and community come together to create lasting impact for NYC students.

[Insert banner image here]
""Students performing arts in NYC schools""

Why sponsor this event?

Direct community impact: Every sponsorship dollar funds arts healing programs in underserved NYC schools.

Exclusive engagement: Connect with city leaders, artists, and philanthropists at a vibrant evening of performances, wine tasting, and conversations.

🎭 Healing Through Arts: NYC Schools Benefit
📅 Monday, November 18, 2025 | 7:00 PM – 9:00 PM (doors open 6:30 PM)
📍 Rake Wine Bar (45 1st Ave, NYC)
🎟️ $35 per ticket
✨ Arts displays & live performances
🥂 Wine tasting & hors d'oeuvres
🤝 Meet fellow changemakers

Every ticket funds arts healing programs—attend to see how you can support further.

👉 [Get Your Ticket]

Corporate sponsors: Companies can also support, attend to learn more.

With gratitude,
Jameera Mahima Gujjarlapudi
Community School of Arts Foundation
🌐 Website: csoaf.org
📞 Phone: 917 216-5176",ready_to_send,2025-10-18 20:36:11
Gong Family Foundation,North Salem,NY,,,4,No Name + Never Donated,,Healing Through Arts: NYC Schools,"Hello,

We're excited to invite you to join us as a sponsor of Healing Through Arts: NYC Schools, an unforgettable evening where art, music, and community come together to create lasting impact for NYC students.

[Insert banner image here]
""Students performing arts in NYC schools""

Why sponsor this event?

Direct community impact: Every sponsorship dollar funds arts healing programs in underserved NYC schools.

Exclusive engagement: Connect with city leaders, artists, and philanthropists at a vibrant evening of performances, wine tasting, and conversations.

🎭 Healing Through Arts: NYC Schools Benefit
📅 Monday, November 18, 2025 | 7:00 PM – 9:00 PM (doors open 6:30 PM)
📍 Rake Wine Bar (45 1st Ave, NYC)
🎟️ $35 per ticket
✨ Arts displays & live performances
🥂 Wine tasting & hors d'oeuvres
🤝 Meet fellow changemakers

Every ticket funds arts healing programs—attend to see how you can support further.

👉 [Get Your Ticket]

Corporate sponsors: Companies can also support, attend to learn more.

With gratitude,
Jameera Mahima Gujjarlapudi
Community School of Arts Foundation
🌐 Website: csoaf.org
📞 Phone: 917 216-5176",ready_to_send,2025-10-18 20:36:11
Paulson Family Foundation,New York,NY,,,4,No Name + Never Donated,,Healing Through Arts: NYC Schools,"Hello,

We're excited to invite you to join us as a sponsor of Healing Through Arts: NYC Schools, an unforgettable evening where art, music, and community come together to create lasting impact for NYC students.

[Insert banner image here]
""Students performing arts in NYC schools""

Why sponsor this event?

Direct community impact: Every sponsorship dollar funds arts healing programs in underserved NYC schools.

Exclusive engagement: Connect with city leaders, artists, and philanthropists at a vibrant evening of performances, wine tasting, and conversations.

🎭 Healing Through Arts: NYC Schools Benefit
📅 Monday, November 18, 2025 | 7:00 PM – 9:00 PM (doors open 6:30 PM)
📍 Rake Wine Bar (45 1st Ave, NYC)
🎟️ $35 per ticket
✨ Arts displays & live performances
🥂 Wine tasting & hors d'oeuvres
🤝 Meet fellow changemakers

Every ticket funds arts healing programs—attend to see how you can support further.

👉 [Get Your Ticket]

Corporate sponsors: Companies can also support, attend to learn more.

With gratitude,
Jameera Mahima Gujjarlapudi
Community School of Arts Foundation
🌐 Website: csoaf.org
📞 Phone: 917 216-5176",ready_to_send,2025-10-18 20:36:11
Treehouse Family Foundation,New York,NY,,,4,No Name + Never Donated,,Healing Through Arts: NYC Schools,"Hello,

We're excited to invite you to join us as a sponsor of Healing Through Arts: NYC Schools, an unforgettable evening where art, music, and community come together to create lasting impact for NYC students.

[Insert banner image here]
""Students performing arts in NYC schools""

Why sponsor this event?

Direct community impact: Every sponsorship dollar funds arts healing programs in underserved NYC schools.

Exclusive engagement: Connect with city leaders, artists, and philanthropists at a vibrant evening of performances, wine tasting, and conversations.

🎭 Healing Through Arts: NYC Schools Benefit
📅 Monday, November 18, 2025 | 7:00 PM – 9:00 PM (doors open 6:30 PM)
📍 Rake Wine Bar (45 1st Ave, NYC)
🎟️ $35 per ticket
✨ Arts displays & live performances
🥂 Wine tasting & hors d'oeuvres
🤝 Meet fellow changemakers

Every ticket funds arts healing programs—attend to see how you can support further.

👉 [Get Your Ticket]

Corporate sponsors: Companies can also support, attend to learn more.

With gratitude,
Jameera Mahima Gujjarlapudi
Community School of Arts Foundation
🌐 Website: csoaf.org
📞 Phone: 917 216-5176",ready_to_send,2025-10-18 20:36:11
Lubetzky Family Foundation,New York,NY,,,4,No Name + Never Donated,,Healing Through Arts: NYC Schools,"Hello,

We're excited to invite you to join us as a sponsor of Healing Through Arts: NYC Schools, an unforgettable evening where art, music, and community come together to create lasting impact for NYC students.

[Insert banner image here]
""Students performing arts in NYC schools""

Why sponsor this event?

Direct community impact: Every sponsorship dollar funds arts healing programs in underserved NYC schools.

Exclusive engagement: Connect with city leaders, artists, and philanthropists at a vibrant evening of performances, wine tasting, and conversations.

🎭 Healing Through Arts: NYC Schools Benefit
📅 Monday, November 18, 2025 | 7:00 PM – 9:00 PM (doors open 6:30 PM)
📍 Rake Wine Bar (45 1st Ave, NYC)
🎟️ $35 per ticket
✨ Arts displays & live performances
🥂 Wine tasting & hors d'oeuvres
🤝 Meet fellow changemakers

Every ticket funds arts healing programs—attend to see how you can support further.

👉 [Get Your Ticket]

Corporate sponsors: Companies can also support, attend to learn more.

With gratitude,
Jameera Mahima Gujjarlapudi
Community School of Arts Foundation
🌐 Website: csoaf.org
📞 Phone: 917 216-5176",ready_to_send,2025-10-18 20:36:11
Timashev Family Foundation,New York,NY,,,4,No Name + Never Donated,,Healing Through Arts: NYC Schools,"Hello,

We're excited to invite you to join us as a sponsor of Healing Through Arts: NYC Schools, an unforgettable evening where art, music, and community come together to create lasting impact for NYC students.

[Insert banner image here]
""Students performing arts in NYC schools""

Why sponsor this event?

Direct community impact: Every sponsorship dollar funds arts healing programs in underserved NYC schools.

Exclusive engagement: Connect with city leaders, artists, and philanthropists at a vibrant evening of performances, wine tasting, and conversations.

🎭 Healing Through Arts: NYC Schools Benefit
📅 Monday, November 18, 2025 | 7:00 PM – 9:00 PM (doors open 6:30 PM)
📍 Rake Wine Bar (45 1st Ave, NYC)
🎟️ $35 per ticket
✨ Arts displays & live performances
🥂 Wine tasting & hors d'oeuvres
🤝 Meet fellow changemakers

Every ticket funds arts healing programs—attend to see how you can support further.

👉 [Get Your Ticket]

Corporate sponsors: Companies can also support, attend to learn more.

With gratitude,
Jameera Mahima Gujjarlapudi
Community School of Arts Foundation
🌐 Website: csoaf.org
📞 Phone: 917 216-5176",ready_to_send,2025-10-18 20:36:11
Higgins Family Foundation,New York,NY,,,4,No Name + Never Donated,,Healing Through Arts: NYC Schools,"Hello,

We're excited to invite you to join us as a sponsor of Healing Through Arts: NYC Schools, an unforgettable evening where art, music, and community come together to create lasting impact for NYC students.

[Insert banner image here]
""Students performing arts in NYC schools""

Why sponsor this event?

Direct community impact: Every sponsorship dollar funds arts healing programs in underserved NYC schools.

Exclusive engagement: Connect with city leaders, artists, and philanthropists at a vibrant evening of performances, wine tasting, and conversations.

🎭 Healing Through Arts: NYC Schools Benefit
📅 Monday, November 18, 2025 | 7:00 PM – 9:00 PM (doors open 6:30 PM)
📍 Rake Wine Bar (45 1st Ave, NYC)
🎟️ $35 per ticket
✨ Arts displays & live performances
🥂 Wine tasting & hors d'oeuvres
🤝 Meet fellow changemakers

Every ticket funds arts healing programs—attend to see how you can support further.

👉 [Get Your Ticket]

Corporate sponsors: Companies can also support, attend to learn more.

With gratitude,
Jameera Mahima Gujjarlapudi
Community School of Arts Foundation
🌐 Website: csoaf.org
📞 Phone: 917 216-5176",ready_to_send,2025-10-18 20:36:11
Patterson Family Foundation,New York,NY,,,4,No Name + Never Donated,,Healing Through Arts: NYC Schools,"Hello,

We're excited to invite you to join us as a sponsor of Healing Through Arts: NYC Schools, an unforgettable evening where art, music, and community come together to create lasting impact for NYC students.

[Insert banner image here]
""Students performing arts in NYC schools""

Why sponsor this event?

Direct community impact: Every sponsorship dollar funds arts healing programs in underserved NYC schools.

Exclusive engagement: Connect with city leaders, artists, and philanthropists at a vibrant evening of performances, wine tasting, and conversations.

🎭 Healing Through Arts: NYC Schools Benefit
📅 Monday, November 18, 2025 | 7:00 PM – 9:00 PM (doors open 6:30 PM)
📍 Rake Wine Bar (45 1st Ave, NYC)
🎟️ $35 per ticket
✨ Arts displays & live performances
🥂 Wine tasting & hors d'oeuvres
🤝 Meet fellow changemakers

Every ticket funds arts healing programs—attend to see how you can support further.

👉 [Get Your Ticket]

Corporate sponsors: Companies can also support, attend to learn more.

With gratitude,
Jameera Mahima Gujjarlapudi
Community School of Arts Foundation
🌐 Website: csoaf.org
📞 Phone: 917 216-5176",ready_to_send,2025-10-18 20:36:11
Quad Family Foundation,Cohoes,NY,,,4,No Name + Never Donated,,Healing Through Arts: NYC Schools,"Hello,

We're excited to invite you to join us as a sponsor of Healing Through Arts: NYC Schools, an unforgettable evening where art, music, and community come together to create lasting impact for NYC students.

[Insert banner image here]
""Students performing arts in NYC schools""

Why sponsor this event?

Direct community impact: Every sponsorship dollar funds arts healing programs in underserved NYC schools.

Exclusive engagement: Connect with city leaders, artists, and philanthropists at a vibrant evening of performances, wine tasting, and conversations.

🎭 Healing Through Arts: NYC Schools Benefit
📅 Monday, November 18, 2025 | 7:00 PM – 9:00 PM (doors open 6:30 PM)
📍 Rake Wine Bar (45 1st Ave, NYC)
🎟️ $35 per ticket
✨ Arts displays & live performances
🥂 Wine tasting & hors d'oeuvres
🤝 Meet fellow changemakers

Every ticket funds arts healing programs—attend to see how you can support further.

👉 [Get Your Ticket]

Corporate sponsors: Companies can also support, attend to learn more.

With gratitude,
Jameera Mahima Gujjarlapudi
Community School of Arts Foundation
🌐 Website: csoaf.org
📞 Phone: 917 216-5176",ready_to_send,2025-10-18 20:36:11
Mai Family Foundation,New York,NY,,,4,No Name + Never Donated,,Healing Through Arts: NYC Schools,"Hello,

We're excited to invite you to join us as a sponsor of Healing Through Arts: NYC Schools, an unforgettable evening where art, music, and community come together to create lasting impact for NYC students.

[Insert banner image here]
""Students performing arts in NYC schools""

Why sponsor this event?

Direct community impact: Every sponsorship dollar funds arts healing programs in underserved NYC schools.

Exclusive engagement: Connect with city leaders, artists, and philanthropists at a vibrant evening of performances, wine tasting, and conversations.

🎭 Healing Through Arts: NYC Schools Benefit
📅 Monday, November 18, 2025 | 7:00 PM – 9:00 PM (doors open 6:30 PM)
📍 Rake Wine Bar (45 1st Ave, NYC)
🎟️ $35 per ticket
✨ Arts displays & live performances
🥂 Wine tasting & hors d'oeuvres
🤝 Meet fellow changemakers

Every ticket funds arts healing programs—attend to see how you can support further.

👉 [Get Your Ticket]

Corporate sponsors: Companies can also support, attend to learn more.

With gratitude,
Jameera Mahima Gujjarlapudi
Community School of Arts Foundation
🌐 Website: csoaf.org
📞 Phone: 917 216-5176",ready_to_send,2025-10-18 20:36:11
Daftuar Family Foundation,New York,NY,,,4,No Name + Never Donated,,Healing Through Arts: NYC Schools,"Hello,

We're excited to invite you to join us as a sponsor of Healing Through Arts: NYC Schools, an unforgettable evening where art, music, and community come together to create lasting impact for NYC students.

[Insert banner image here]
""Students performing arts in NYC schools""

Why sponsor this event?

Direct community impact: Every sponsorship dollar funds arts healing programs in underserved NYC schools.

Exclusive engagement: Connect with city leaders, artists, and philanthropists at a vibrant evening of performances, wine tasting, and conversations.

🎭 Healing Through Arts: NYC Schools Benefit
📅 Monday, November 18, 2025 | 7:00 PM – 9:00 PM (doors open 6:30 PM)
📍 Rake Wine Bar (45 1st Ave, NYC)
🎟️ $35 per ticket
✨ Arts displays & live performances
🥂 Wine tasting & hors d'oeuvres
🤝 Meet fellow changemakers

Every ticket funds arts healing programs—attend to see how you can support further.

👉 [Get Your Ticket]

Corporate sponsors: Companies can also support, attend to learn more.

With gratitude,
Jameera Mahima Gujjarlapudi
Community School of Arts Foundation
🌐 Website: csoaf.org
📞 Phone: 917 216-5176",ready_to_send,2025-10-18 20:36:11
Erie Family Foundation,New York,NY,,,4,No Name + Never Donated,,Healing Through Arts: NYC Schools,"Hello,

We're excited to invite you to join us as a sponsor of Healing Through Arts: NYC Schools, an unforgettable evening where art, music, and community come together to create lasting impact for NYC students.

[Insert banner image here]
""Students performing arts in NYC schools""

Why sponsor this event?

Direct community impact: Every sponsorship dollar funds arts healing programs in underserved NYC schools.

Exclusive engagement: Connect with city leaders, artists, and philanthropists at a vibrant evening of performances, wine tasting, and conversations.

🎭 Healing Through Arts: NYC Schools Benefit
📅 Monday, November 18, 2025 | 7:00 PM – 9:00 PM (doors open 6:30 PM)
📍 Rake Wine Bar (45 1st Ave, NYC)
🎟️ $35 per ticket
✨ Arts displays & live performances
🥂 Wine tasting & hors d'oeuvres
🤝 Meet fellow changemakers

Every ticket funds arts healing programs—attend to see how you can support further.

👉 [Get Your Ticket]

Corporate sponsors: Companies can also support, attend to learn more.

With gratitude,
Jameera Mahima Gujjarlapudi
Community School of Arts Foundation
🌐 Website: csoaf.org
📞 Phone: 917 216-5176",ready_to_send,2025-10-18 20:36:11
Mucci Family Foundation,Rochester,NY,,,4,No Name + Never Donated,,Healing Through Arts: NYC Schools,"Hello,

We're excited to invite you to join us as a sponsor of Healing Through Arts: NYC Schools, an unforgettable evening where art, music, and community come together to create lasting impact for NYC students.

[Insert banner image here]
""Students performing arts in NYC schools""

Why sponsor this event?

Direct community impact: Every sponsorship dollar funds arts healing programs in underserved NYC schools.

Exclusive engagement: Connect with city leaders, artists, and philanthropists at a vibrant evening of performances, wine tasting, and conversations.

🎭 Healing Through Arts: NYC Schools Benefit
📅 Monday, November 18, 2025 | 7:00 PM – 9:00 PM (doors open 6:30 PM)
📍 Rake Wine Bar (45 1st Ave, NYC)
🎟️ $35 per ticket
✨ Arts displays & live performances
🥂 Wine tasting & hors d'oeuvres
🤝 Meet fellow changemakers

Every ticket funds arts healing programs—attend to see how you can support further.

👉 [Get Your Ticket]

Corporate sponsors: Companies can also support, attend to learn more.

With gratitude,
Jameera Mahima Gujjarlapudi
Community School of Arts Foundation
🌐 Website: csoaf.org
📞 Phone: 917 216-5176",ready_to_send,2025-10-18 20:36:11
Fuhrman Family Foundation,New York,NY,,,4,No Name + Never Donated,,Healing Through Arts: NYC Schools,"Hello,

We're excited to invite you to join us as a sponsor of Healing Through Arts: NYC Schools, an unforgettable evening where art, music, and community come together to create lasting impact for NYC students.

[Insert banner image here]
""Students performing arts in NYC schools""

Why sponsor this event?

Direct community impact: Every sponsorship dollar funds arts healing programs in underserved NYC schools.

Exclusive engagement: Connect with city leaders, artists, and philanthropists at a vibrant evening of performances, wine tasting, and conversations.

🎭 Healing Through Arts: NYC Schools Benefit
📅 Monday, November 18, 2025 | 7:00 PM – 9:00 PM (doors open 6:30 PM)
📍 Rake Wine Bar (45 1st Ave, NYC)
🎟️ $35 per ticket
✨ Arts displays & live performances
🥂 Wine tasting & hors d'oeuvres
🤝 Meet fellow changemakers

Every ticket funds arts healing programs—attend to see how you can support further.

👉 [Get Your Ticket]

Corporate sponsors: Companies can also support, attend to learn more.

With gratitude,
Jameera Mahima Gujjarlapudi
Community School of Arts Foundation
🌐 Website: csoaf.org
📞 Phone: 917 216-5176",ready_to_send,2025-10-18 20:36:11
Gerstner Family Foundation,Armonk,NY,,,4,No Name + Never Donated,,Healing Through Arts: NYC Schools,"Hello,

We're excited to invite you to join us as a sponsor of Healing Through Arts: NYC Schools, an unforgettable evening where art, music, and community come together to create lasting impact for NYC students.

[Insert banner image here]
""Students performing arts in NYC schools""

Why sponsor this event?

Direct community impact: Every sponsorship dollar funds arts healing programs in underserved NYC schools.

Exclusive engagement: Connect with city leaders, artists, and philanthropists at a vibrant evening of performances, wine tasting, and conversations.

🎭 Healing Through Arts: NYC Schools Benefit
📅 Monday, November 18, 2025 | 7:00 PM – 9:00 PM (doors open 6:30 PM)
📍 Rake Wine Bar (45 1st Ave, NYC)
🎟️ $35 per ticket
✨ Arts displays & live performances
🥂 Wine tasting & hors d'oeuvres
🤝 Meet fellow changemakers

Every ticket funds arts healing programs—attend to see how you can support further.

👉 [Get Your Ticket]

Corporate sponsors: Companies can also support, attend to learn more.

With gratitude,
Jameera Mahima Gujjarlapudi
Community School of Arts Foundation
🌐 Website: csoaf.org
📞 Phone: 917 216-5176",ready_to_send,2025-10-18 20:36:11
Baratta Family Foundation,Saratoga Spgs,NY,,,4,No Name + Never Donated,,Healing Through Arts: NYC Schools,"Hello,

We're excited to invite you to join us as a sponsor of Healing Through Arts: NYC Schools, an unforgettable evening where art, music, and community come together to create lasting impact for NYC students.

[Insert banner image here]
""Students performing arts in NYC schools""

Why sponsor this event?

Direct community impact: Every sponsorship dollar funds arts healing programs in underserved NYC schools.

Exclusive engagement: Connect with city leaders, artists, and philanthropists at a vibrant evening of performances, wine tasting, and conversations.

🎭 Healing Through Arts: NYC Schools Benefit
📅 Monday, November 18, 2025 | 7:00 PM – 9:00 PM (doors open 6:30 PM)
📍 Rake Wine Bar (45 1st Ave, NYC)
🎟️ $35 per ticket
✨ Arts displays & live performances
🥂 Wine tasting & hors d'oeuvres
🤝 Meet fellow changemakers

Every ticket funds arts healing programs—attend to see how you can support further.

👉 [Get Your Ticket]

Corporate sponsors: Companies can also support, attend to learn more.

With gratitude,
Jameera Mahima Gujjarlapudi
Community School of Arts Foundation
🌐 Website: csoaf.org
📞 Phone: 917 216-5176",ready_to_send,2025-10-18 20:36:11
Fascitelli Family Foundation,New York,NY,,,4,No Name + Never Donated,,Healing Through Arts: NYC Schools,"Hello,

We're excited to invite you to join us as a sponsor of Healing Through Arts: NYC Schools, an unforgettable evening where art, music, and community come together to create lasting impact for NYC students.

[Insert banner image here]
""Students performing arts in NYC schools""

Why sponsor this event?

Direct community impact: Every sponsorship dollar funds arts healing programs in underserved NYC schools.

Exclusive engagement: Connect with city leaders, artists, and philanthropists at a vibrant evening of performances, wine tasting, and conversations.

🎭 Healing Through Arts: NYC Schools Benefit
📅 Monday, November 18, 2025 | 7:00 PM – 9:00 PM (doors open 6:30 PM)
📍 Rake Wine Bar (45 1st Ave, NYC)
🎟️ $35 per ticket
✨ Arts displays & live performances
🥂 Wine tasting & hors d'oeuvres
🤝 Meet fellow changemakers

Every ticket funds arts healing programs—attend to see how you can support further.

👉 [Get Your Ticket]

Corporate sponsors: Companies can also support, attend to learn more.

With gratitude,
Jameera Mahima Gujjarlapudi
Community School of Arts Foundation
🌐 Website: csoaf.org
📞 Phone: 917 216-5176",ready_to_send,2025-10-18 20:36:11
Marsal Family Foundation,New York,NY,,,4,No Name + Never Donated,,Healing Through Arts: NYC Schools,"Hello,

We're excited to invite you to join us as a sponsor of Healing Through Arts: NYC Schools, an unforgettable evening where art, music, and community come together to create lasting impact for NYC students.

[Insert banner image here]
""Students performing arts in NYC schools""

Why sponsor this event?

Direct community impact: Every sponsorship dollar funds arts healing programs in underserved NYC schools.

Exclusive engagement: Connect with city leaders, artists, and philanthropists at a vibrant evening of performances, wine tasting, and conversations.

🎭 Healing Through Arts: NYC Schools Benefit
📅 Monday, November 18, 2025 | 7:00 PM – 9:00 PM (doors open 6:30 PM)
📍 Rake Wine Bar (45 1st Ave, NYC)
🎟️ $35 per ticket
✨ Arts displays & live performances
🥂 Wine tasting & hors d'oeuvres
🤝 Meet fellow changemakers

Every ticket funds arts healing programs—attend to see how you can support further.

👉 [Get Your Ticket]

Corporate sponsors: Companies can also support, attend to learn more.

With gratitude,
Jameera Mahima Gujjarlapudi
Community School of Arts Foundation
🌐 Website: csoaf.org
📞 Phone: 917 216-5176",ready_to_send,2025-10-18 20:36:11
Kaye Family Foundation,Albany,NY,,,4,No Name + Never Donated,,Healing Through Arts: NYC Schools,"Hello,

We're excited to invite you to join us as a sponsor of Healing Through Arts: NYC Schools, an unforgettable evening where art, music, and community come together to create lasting impact for NYC students.

[Insert banner image here]
""Students performing arts in NYC schools""

Why sponsor this event?

Direct community impact: Every sponsorship dollar funds arts healing programs in underserved NYC schools.

Exclusive engagement: Connect with city leaders, artists, and philanthropists at a vibrant evening of performances, wine tasting, and conversations.

🎭 Healing Through Arts: NYC Schools Benefit
📅 Monday, November 18, 2025 | 7:00 PM – 9:00 PM (doors open 6:30 PM)
📍 Rake Wine Bar (45 1st Ave, NYC)
🎟️ $35 per ticket
✨ Arts displays & live performances
🥂 Wine tasting & hors d'oeuvres
🤝 Meet fellow changemakers

Every ticket funds arts healing programs—attend to see how you can support further.

👉 [Get Your Ticket]

Corporate sponsors: Companies can also support, attend to learn more.

With gratitude,
Jameera Mahima Gujjarlapudi
Community School of Arts Foundation
🌐 Website: csoaf.org
📞 Phone: 917 216-5176",ready_to_send,2025-10-18 20:36:11
Sundell Family Foundation,New York,NY,,,4,No Name + Never Donated,,Healing Through Arts: NYC Schools,"Hello,

We're excited to invite you to join us as a sponsor of Healing Through Arts: NYC Schools, an unforgettable evening where art, music, and community come together to create lasting impact for NYC students.

[Insert banner image here]
""Students performing arts in NYC schools""

Why sponsor this event?

Direct community impact: Every sponsorship dollar funds arts healing programs in underserved NYC schools.

Exclusive engagement: Connect with city leaders, artists, and philanthropists at a vibrant evening of performances, wine tasting, and conversations.

🎭 Healing Through Arts: NYC Schools Benefit
📅 Monday, November 18, 2025 | 7:00 PM – 9:00 PM (doors open 6:30 PM)
📍 Rake Wine Bar (45 1st Ave, NYC)
🎟️ $35 per ticket
✨ Arts displays & live performances
🥂 Wine tasting & hors d'oeuvres
🤝 Meet fellow changemakers

Every ticket funds arts healing programs—attend to see how you can support further.

👉 [Get Your Ticket]

Corporate sponsors: Companies can also support, attend to learn more.

With gratitude,
Jameera Mahima Gujjarlapudi
Community School of Arts Foundation
🌐 Website: csoaf.org
📞 Phone: 917 216-5176",ready_to_send,2025-10-18 20:36:11
Brooklyn Community Foundation,Brooklyn,NY,,,4,No Name + Never Donated,,Healing Through Arts: NYC Schools,"Hello,

We're excited to invite you to join us as a sponsor of Healing Through Arts: NYC Schools, an unforgettable evening where art, music, and community come together to create lasting impact for NYC students.

[Insert banner image here]
""Students performing arts in NYC schools""

Why sponsor this event?

Direct community impact: Every sponsorship dollar funds arts healing programs in underserved NYC schools.

Exclusive engagement: Connect with city leaders, artists, and philanthropists at a vibrant evening of performances, wine tasting, and conversations.

🎭 Healing Through Arts: NYC Schools Benefit
📅 Monday, November 18, 2025 | 7:00 PM – 9:00 PM (doors open 6:30 PM)
📍 Rake Wine Bar (45 1st Ave, NYC)
🎟️ $35 per ticket
✨ Arts displays & live performances
🥂 Wine tasting & hors d'oeuvres
🤝 Meet fellow changemakers

Every ticket funds arts healing programs—attend to see how you can support further.

👉 [Get Your Ticket]

Corporate sponsors: Companies can also support, attend to learn more.

With gratitude,
Jameera Mahima Gujjarlapudi
Community School of Arts Foundation
🌐 Website: csoaf.org
📞 Phone: 917 216-5176",ready_to_send,2025-10-18 20:36:11
Rome Community Foundation,Rome,NY,,,4,No Name + Never Donated,,Healing Through Arts: NYC Schools,"Hello,

We're excited to invite you to join us as a sponsor of Healing Through Arts: NYC Schools, an unforgettable evening where art, music, and community come together to create lasting impact for NYC students.

[Insert banner image here]
""Students performing arts in NYC schools""

Why sponsor this event?

Direct community impact: Every sponsorship dollar funds arts healing programs in underserved NYC schools.

Exclusive engagement: Connect with city leaders, artists, and philanthropists at a vibrant evening of performances, wine tasting, and conversations.

🎭 Healing Through Arts: NYC Schools Benefit
📅 Monday, November 18, 2025 | 7:00 PM – 9:00 PM (doors open 6:30 PM)
📍 Rake Wine Bar (45 1st Ave, NYC)
🎟️ $35 per ticket
✨ Arts displays & live performances
🥂 Wine tasting & hors d'oeuvres
🤝 Meet fellow changemakers

Every ticket funds arts healing programs—attend to see how you can support further.

👉 [Get Your Ticket]

Corporate sponsors: Companies can also support, attend to learn more.

With gratitude,
Jameera Mahima Gujjarlapudi
Community School of Arts Foundation
🌐 Website: csoaf.org
📞 Phone: 917 216-5176",ready_to_send,2025-10-18 20:36:11
Pcsb Community Foundation,Yorktown Heights,NY,,,4,No Name + Never Donated,,Healing Through Arts: NYC Schools,"Hello,

We're excited to invite you to join us as a sponsor of Healing Through Arts: NYC Schools, an unforgettable evening where art, music, and community come together to create lasting impact for NYC students.

[Insert banner image here]
""Students performing arts in NYC schools""

Why sponsor this event?

Direct community impact: Every sponsorship dollar funds arts healing programs in underserved NYC schools.

Exclusive engagement: Connect with city leaders, artists, and philanthropists at a vibrant evening of performances, wine tasting, and conversations.

🎭 Healing Through Arts: NYC Schools Benefit
📅 Monday, November 18, 2025 | 7:00 PM – 9:00 PM (doors open 6:30 PM)
📍 Rake Wine Bar (45 1st Ave, NYC)
🎟️ $35 per ticket
✨ Arts displays & live performances
🥂 Wine tasting & hors d'oeuvres
🤝 Meet fellow changemakers

Every ticket funds arts healing programs—attend to see how you can support further.

👉 [Get Your Ticket]

Corporate sponsors: Companies can also support, attend to learn more.

With gratitude,
Jameera Mahima Gujjarlapudi
Community School of Arts Foundation
🌐 Website: csoaf.org
📞 Phone: 917 216-5176",ready_to_send,2025-10-18 20:36:11
Cortland Community Foundation,Cortland,NY,,,4,No Name + Never Donated,,Healing Through Arts: NYC Schools,"Hello,

We're excited to invite you to join us as a sponsor of Healing Through Arts: NYC Schools, an unforgettable evening where art, music, and community come together to create lasting impact for NYC students.

[Insert banner image here]
""Students performing arts in NYC schools""

Why sponsor this event?

Direct community impact: Every sponsorship dollar funds arts healing programs in underserved NYC schools.

Exclusive engagement: Connect with city leaders, artists, and philanthropists at a vibrant evening of performances, wine tasting, and conversations.

🎭 Healing Through Arts: NYC Schools Benefit
📅 Monday, November 18, 2025 | 7:00 PM – 9:00 PM (doors open 6:30 PM)
📍 Rake Wine Bar (45 1st Ave, NYC)
🎟️ $35 per ticket
✨ Arts displays & live performances
🥂 Wine tasting & hors d'oeuvres
🤝 Meet fellow changemakers

Every ticket funds arts healing programs—attend to see how you can support further.

👉 [Get Your Ticket]

Corporate sponsors: Companies can also support, attend to learn more.

With gratitude,
Jameera Mahima Gujjarlapudi
Community School of Arts Foundation
🌐 Website: csoaf.org
📞 Phone: 917 216-5176",ready_to_send,2025-10-18 20:36:11
Athens Community Foundation,Athens,NY,,,4,No Name + Never Donated,,Healing Through Arts: NYC Schools,"Hello,

We're excited to invite you to join us as a sponsor of Healing Through Arts: NYC Schools, an unforgettable evening where art, music, and community come together to create lasting impact for NYC students.

[Insert banner image here]
""Students performing arts in NYC schools""

Why sponsor this event?

Direct community impact: Every sponsorship dollar funds arts healing programs in underserved NYC schools.

Exclusive engagement: Connect with city leaders, artists, and philanthropists at a vibrant evening of performances, wine tasting, and conversations.

🎭 Healing Through Arts: NYC Schools Benefit
📅 Monday, November 18, 2025 | 7:00 PM – 9:00 PM (doors open 6:30 PM)
📍 Rake Wine Bar (45 1st Ave, NYC)
🎟️ $35 per ticket
✨ Arts displays & live performances
🥂 Wine tasting & hors d'oeuvres
🤝 Meet fellow changemakers

Every ticket funds arts healing programs—attend to see how you can support further.

👉 [Get Your Ticket]

Corporate sponsors: Companies can also support, attend to learn more.

With gratitude,
Jameera Mahima Gujjarlapudi
Community School of Arts Foundation
🌐 Website: csoaf.org
📞 Phone: 917 216-5176",ready_to_send,2025-10-18 20:36:11
Pawling Community Foundation,Pawling,NY,,,4,No Name + Never Donated,,Healing Through Arts: NYC Schools,"Hello,

We're excited to invite you to join us as a sponsor of Healing Through Arts: NYC Schools, an unforgettable evening where art, music, and community come together to create lasting impact for NYC students.

[Insert banner image here]
""Students performing arts in NYC schools""

Why sponsor this event?

Direct community impact: Every sponsorship dollar funds arts healing programs in underserved NYC schools.

Exclusive engagement: Connect with city leaders, artists, and philanthropists at a vibrant evening of performances, wine tasting, and conversations.

🎭 Healing Through Arts: NYC Schools Benefit
📅 Monday, November 18, 2025 | 7:00 PM – 9:00 PM (doors open 6:30 PM)
📍 Rake Wine Bar (45 1st Ave, NYC)
🎟️ $35 per ticket
✨ Arts displays & live performances
🥂 Wine tasting & hors d'oeuvres
🤝 Meet fellow changemakers

Every ticket funds arts healing programs—attend to see how you can support further.

👉 [Get Your Ticket]

Corporate sponsors: Companies can also support, attend to learn more.

With gratitude,
Jameera Mahima Gujjarlapudi
Community School of Arts Foundation
🌐 Website: csoaf.org
📞 Phone: 917 216-5176",ready_to_send,2025-10-18 20:36:11
Community Solutions Foundation,Buffalo,NY,,,4,No Name + Never Donated,,Healing Through Arts: NYC Schools,"Hello,

We're excited to invite you to join us as a sponsor of Healing Through Arts: NYC Schools, an unforgettable evening where art, music, and community come together to create lasting impact for NYC students.

[Insert banner image here]
""Students performing arts in NYC schools""

Why sponsor this event?

Direct community impact: Every sponsorship dollar funds arts healing programs in underserved NYC schools.

Exclusive engagement: Connect with city leaders, artists, and philanthropists at a vibrant evening of performances, wine tasting, and conversations.

🎭 Healing Through Arts: NYC Schools Benefit
📅 Monday, November 18, 2025 | 7:00 PM – 9:00 PM (doors open 6:30 PM)
📍 Rake Wine Bar (45 1st Ave, NYC)
🎟️ $35 per ticket
✨ Arts displays & live performances
🥂 Wine tasting & hors d'oeuvres
🤝 Meet fellow changemakers

Every ticket funds arts healing programs—attend to see how you can support further.

👉 [Get Your Ticket]

Corporate sponsors: Companies can also support, attend to learn more.

With gratitude,
Jameera Mahima Gujjarlapudi
Community School of Arts Foundation
🌐 Website: csoaf.org
📞 Phone: 917 216-5176",ready_to_send,2025-10-18 20:36:11
Brookmeade Community Foundation,Rhinebeck,NY,,,4,No Name + Never Donated,,Healing Through Arts: NYC Schools,"Hello,

We're excited to invite you to join us as a sponsor of Healing Through Arts: NYC Schools, an unforgettable evening where art, music, and community come together to create lasting impact for NYC students.

[Insert banner image here]
""Students performing arts in NYC schools""

Why sponsor this event?

Direct community impact: Every sponsorship dollar funds arts healing programs in underserved NYC schools.

Exclusive engagement: Connect with city leaders, artists, and philanthropists at a vibrant evening of performances, wine tasting, and conversations.

🎭 Healing Through Arts: NYC Schools Benefit
📅 Monday, November 18, 2025 | 7:00 PM – 9:00 PM (doors open 6:30 PM)
📍 Rake Wine Bar (45 1st Ave, NYC)
🎟️ $35 per ticket
✨ Arts displays & live performances
🥂 Wine tasting & hors d'oeuvres
🤝 Meet fellow changemakers

Every ticket funds arts healing programs—attend to see how you can support further.

👉 [Get Your Ticket]

Corporate sponsors: Companies can also support, attend to learn more.

With gratitude,
Jameera Mahima Gujjarlapudi
Community School of Arts Foundation
🌐 Website: csoaf.org
📞 Phone: 917 216-5176",ready_to_send,2025-10-18 20:36:11
Community Concern Foundation,Derby,NY,,,4,No Name + Never Donated,,Healing Through Arts: NYC Schools,"Hello,

We're excited to invite you to join us as a sponsor of Healing Through Arts: NYC Schools, an unforgettable evening where art, music, and community come together to create lasting impact for NYC students.

[Insert banner image here]
""Students performing arts in NYC schools""

Why sponsor this event?

Direct community impact: Every sponsorship dollar funds arts healing programs in underserved NYC schools.

Exclusive engagement: Connect with city leaders, artists, and philanthropists at a vibrant evening of performances, wine tasting, and conversations.

🎭 Healing Through Arts: NYC Schools Benefit
📅 Monday, November 18, 2025 | 7:00 PM – 9:00 PM (doors open 6:30 PM)
📍 Rake Wine Bar (45 1st Ave, NYC)
🎟️ $35 per ticket
✨ Arts displays & live performances
🥂 Wine tasting & hors d'oeuvres
🤝 Meet fellow changemakers

Every ticket funds arts healing programs—attend to see how you can support further.

👉 [Get Your Ticket]

Corporate sponsors: Companies can also support, attend to learn more.

With gratitude,
Jameera Mahima Gujjarlapudi
Community School of Arts Foundation
🌐 Website: csoaf.org
📞 Phone: 917 216-5176",ready_to_send,2025-10-18 20:36:11
Cooperstown Community Foundation,Cooperstown,NY,,,4,No Name + Never Donated,,Healing Through Arts: NYC Schools,"Hello,

We're excited to invite you to join us as a sponsor of Healing Through Arts: NYC Schools, an unforgettable evening where art, music, and community come together to create lasting impact for NYC students.

[Insert banner image here]
""Students performing arts in NYC schools""

Why sponsor this event?

Direct community impact: Every sponsorship dollar funds arts healing programs in underserved NYC schools.

Exclusive engagement: Connect with city leaders, artists, and philanthropists at a vibrant evening of performances, wine tasting, and conversations.

🎭 Healing Through Arts: NYC Schools Benefit
📅 Monday, November 18, 2025 | 7:00 PM – 9:00 PM (doors open 6:30 PM)
📍 Rake Wine Bar (45 1st Ave, NYC)
🎟️ $35 per ticket
✨ Arts displays & live performances
🥂 Wine tasting & hors d'oeuvres
🤝 Meet fellow changemakers

Every ticket funds arts healing programs—attend to see how you can support further.

👉 [Get Your Ticket]

Corporate sponsors: Companies can also support, attend to learn more.

With gratitude,
Jameera Mahima Gujjarlapudi
Community School of Arts Foundation
🌐 Website: csoaf.org
📞 Phone: 917 216-5176",ready_to_send,2025-10-18 20:36:11
World Community Foundation,New York,NY,,,4,No Name + Never Donated,,Healing Through Arts: NYC Schools,"Hello,

We're excited to invite you to join us as a sponsor of Healing Through Arts: NYC Schools, an unforgettable evening where art, music, and community come together to create lasting impact for NYC students.

[Insert banner image here]
""Students performing arts in NYC schools""

Why sponsor this event?

Direct community impact: Every sponsorship dollar funds arts healing programs in underserved NYC schools.

Exclusive engagement: Connect with city leaders, artists, and philanthropists at a vibrant evening of performances, wine tasting, and conversations.

🎭 Healing Through Arts: NYC Schools Benefit
📅 Monday, November 18, 2025 | 7:00 PM – 9:00 PM (doors open 6:30 PM)
📍 Rake Wine Bar (45 1st Ave, NYC)
🎟️ $35 per ticket
✨ Arts displays & live performances
🥂 Wine tasting & hors d'oeuvres
🤝 Meet fellow changemakers

Every ticket funds arts healing programs—attend to see how you can support further.

👉 [Get Your Ticket]

Corporate sponsors: Companies can also support, attend to learn more.

With gratitude,
Jameera Mahima Gujjarlapudi
Community School of Arts Foundation
🌐 Website: csoaf.org
📞 Phone: 917 216-5176",ready_to_send,2025-10-18 20:36:11
Bethpage Community Foundation,Bethpage,NY,,,4,No Name + Never Donated,,Healing Through Arts: NYC Schools,"Hello,

We're excited to invite you to join us as a sponsor of Healing Through Arts: NYC Schools, an unforgettable evening where art, music, and community come together to create lasting impact for NYC students.

[Insert banner image here]
""Students performing arts in NYC schools""

Why sponsor this event?

Direct community impact: Every sponsorship dollar funds arts healing programs in underserved NYC schools.

Exclusive engagement: Connect with city leaders, artists, and philanthropists at a vibrant evening of performances, wine tasting, and conversations.

🎭 Healing Through Arts: NYC Schools Benefit
📅 Monday, November 18, 2025 | 7:00 PM – 9:00 PM (doors open 6:30 PM)
📍 Rake Wine Bar (45 1st Ave, NYC)
🎟️ $35 per ticket
✨ Arts displays & live performances
🥂 Wine tasting & hors d'oeuvres
🤝 Meet fellow changemakers

Every ticket funds arts healing programs—attend to see how you can support further.

👉 [Get Your Ticket]

Corporate sponsors: Companies can also support, attend to learn more.

With gratitude,
Jameera Mahima Gujjarlapudi
Community School of Arts Foundation
🌐 Website: csoaf.org
📞 Phone: 917 216-5176",ready_to_send,2025-10-18 20:36:11
Boma Community Foundation,New York,NY,,,4,No Name + Never Donated,,Healing Through Arts: NYC Schools,"Hello,

We're excited to invite you to join us as a sponsor of Healing Through Arts: NYC Schools, an unforgettable evening where art, music, and community come together to create lasting impact for NYC students.

[Insert banner image here]
""Students performing arts in NYC schools""

Why sponsor this event?

Direct community impact: Every sponsorship dollar funds arts healing programs in underserved NYC schools.

Exclusive engagement: Connect with city leaders, artists, and philanthropists at a vibrant evening of performances, wine tasting, and conversations.

🎭 Healing Through Arts: NYC Schools Benefit
📅 Monday, November 18, 2025 | 7:00 PM – 9:00 PM (doors open 6:30 PM)
📍 Rake Wine Bar (45 1st Ave, NYC)
🎟️ $35 per ticket
✨ Arts displays & live performances
🥂 Wine tasting & hors d'oeuvres
🤝 Meet fellow changemakers

Every ticket funds arts healing programs—attend to see how you can support further.

👉 [Get Your Ticket]

Corporate sponsors: Companies can also support, attend to learn more.

With gratitude,
Jameera Mahima Gujjarlapudi
Community School of Arts Foundation
🌐 Website: csoaf.org
📞 Phone: 917 216-5176",ready_to_send,2025-10-18 20:36:11
Community Exchange Foundation,Glens Falls,NY,,,4,No Name + Never Donated,,Healing Through Arts: NYC Schools,"Hello,

We're excited to invite you to join us as a sponsor of Healing Through Arts: NYC Schools, an unforgettable evening where art, music, and community come together to create lasting impact for NYC students.

[Insert banner image here]
""Students performing arts in NYC schools""

Why sponsor this event?

Direct community impact: Every sponsorship dollar funds arts healing programs in underserved NYC schools.

Exclusive engagement: Connect with city leaders, artists, and philanthropists at a vibrant evening of performances, wine tasting, and conversations.

🎭 Healing Through Arts: NYC Schools Benefit
📅 Monday, November 18, 2025 | 7:00 PM – 9:00 PM (doors open 6:30 PM)
📍 Rake Wine Bar (45 1st Ave, NYC)
🎟️ $35 per ticket
✨ Arts displays & live performances
🥂 Wine tasting & hors d'oeuvres
🤝 Meet fellow changemakers

Every ticket funds arts healing programs—attend to see how you can support further.

👉 [Get Your Ticket]

Corporate sponsors: Companies can also support, attend to learn more.

With gratitude,
Jameera Mahima Gujjarlapudi
Community School of Arts Foundation
🌐 Website: csoaf.org
📞 Phone: 917 216-5176",ready_to_send,2025-10-18 20:36:11
Community Hope Foundation,Sprngfld Gdns,NY,,,4,No Name + Never Donated,,Healing Through Arts: NYC Schools,"Hello,

We're excited to invite you to join us as a sponsor of Healing Through Arts: NYC Schools, an unforgettable evening where art, music, and community come together to create lasting impact for NYC students.

[Insert banner image here]
""Students performing arts in NYC schools""

Why sponsor this event?

Direct community impact: Every sponsorship dollar funds arts healing programs in underserved NYC schools.

Exclusive engagement: Connect with city leaders, artists, and philanthropists at a vibrant evening of performances, wine tasting, and conversations.

🎭 Healing Through Arts: NYC Schools Benefit
📅 Monday, November 18, 2025 | 7:00 PM – 9:00 PM (doors open 6:30 PM)
📍 Rake Wine Bar (45 1st Ave, NYC)
🎟️ $35 per ticket
✨ Arts displays & live performances
🥂 Wine tasting & hors d'oeuvres
🤝 Meet fellow changemakers

Every ticket funds arts healing programs—attend to see how you can support further.

👉 [Get Your Ticket]

Corporate sponsors: Companies can also support, attend to learn more.

With gratitude,
Jameera Mahima Gujjarlapudi
Community School of Arts Foundation
🌐 Website: csoaf.org
📞 Phone: 917 216-5176",ready_to_send,2025-10-18 20:36:11
Cornwall Community Foundation,New Windsor,NY,,,4,No Name + Never Donated,,Healing Through Arts: NYC Schools,"Hello,

We're excited to invite you to join us as a sponsor of Healing Through Arts: NYC Schools, an unforgettable evening where art, music, and community come together to create lasting impact for NYC students.

[Insert banner image here]
""Students performing arts in NYC schools""

Why sponsor this event?

Direct community impact: Every sponsorship dollar funds arts healing programs in underserved NYC schools.

Exclusive engagement: Connect with city leaders, artists, and philanthropists at a vibrant evening of performances, wine tasting, and conversations.

🎭 Healing Through Arts: NYC Schools Benefit
📅 Monday, November 18, 2025 | 7:00 PM – 9:00 PM (doors open 6:30 PM)
📍 Rake Wine Bar (45 1st Ave, NYC)
🎟️ $35 per ticket
✨ Arts displays & live performances
🥂 Wine tasting & hors d'oeuvres
🤝 Meet fellow changemakers

Every ticket funds arts healing programs—attend to see how you can support further.

👉 [Get Your Ticket]

Corporate sponsors: Companies can also support, attend to learn more.

With gratitude,
Jameera Mahima Gujjarlapudi
Community School of Arts Foundation
🌐 Website: csoaf.org
📞 Phone: 917 216-5176",ready_to_send,2025-10-18 20:36:11
Duryee Community Foundation,Schenectady,NY,,,4,No Name + Never Donated,,Healing Through Arts: NYC Schools,"Hello,

We're excited to invite you to join us as a sponsor of Healing Through Arts: NYC Schools, an unforgettable evening where art, music, and community come together to create lasting impact for NYC students.

[Insert banner image here]
""Students performing arts in NYC schools""

Why sponsor this event?

Direct community impact: Every sponsorship dollar funds arts healing programs in underserved NYC schools.

Exclusive engagement: Connect with city leaders, artists, and philanthropists at a vibrant evening of performances, wine tasting, and conversations.

🎭 Healing Through Arts: NYC Schools Benefit
📅 Monday, November 18, 2025 | 7:00 PM – 9:00 PM (doors open 6:30 PM)
📍 Rake Wine Bar (45 1st Ave, NYC)
🎟️ $35 per ticket
✨ Arts displays & live performances
🥂 Wine tasting & hors d'oeuvres
🤝 Meet fellow changemakers

Every ticket funds arts healing programs—attend to see how you can support further.

👉 [Get Your Ticket]

Corporate sponsors: Companies can also support, attend to learn more.

With gratitude,
Jameera Mahima Gujjarlapudi
Community School of Arts Foundation
🌐 Website: csoaf.org
📞 Phone: 917 216-5176",ready_to_send,2025-10-18 20:36:11
Esopus Community Foundation,Port Ewen,NY,,,4,No Name + Never Donated,,Healing Through Arts: NYC Schools,"Hello,

We're excited to invite you to join us as a sponsor of Healing Through Arts: NYC Schools, an unforgettable evening where art, music, and community come together to create lasting impact for NYC students.

[Insert banner image here]
""Students performing arts in NYC schools""

Why sponsor this event?

Direct community impact: Every sponsorship dollar funds arts healing programs in underserved NYC schools.

Exclusive engagement: Connect with city leaders, artists, and philanthropists at a vibrant evening of performances, wine tasting, and conversations.

🎭 Healing Through Arts: NYC Schools Benefit
📅 Monday, November 18, 2025 | 7:00 PM – 9:00 PM (doors open 6:30 PM)
📍 Rake Wine Bar (45 1st Ave, NYC)
🎟️ $35 per ticket
✨ Arts displays & live performances
🥂 Wine tasting & hors d'oeuvres
🤝 Meet fellow changemakers

Every ticket funds arts healing programs—attend to see how you can support further.

👉 [Get Your Ticket]

Corporate sponsors: Companies can also support, attend to learn more.

With gratitude,
Jameera Mahima Gujjarlapudi
Community School of Arts Foundation
🌐 Website: csoaf.org
📞 Phone: 917 216-5176",ready_to_send,2025-10-18 20:36:11
Leaveners Community Foundation,Essex,NY,,,4,No Name + Never Donated,,Healing Through Arts: NYC Schools,"Hello,

We're excited to invite you to join us as a sponsor of Healing Through Arts: NYC Schools, an unforgettable evening where art, music, and community come together to create lasting impact for NYC students.

[Insert banner image here]
""Students performing arts in NYC schools""

Why sponsor this event?

Direct community impact: Every sponsorship dollar funds arts healing programs in underserved NYC schools.

Exclusive engagement: Connect with city leaders, artists, and philanthropists at a vibrant evening of performances, wine tasting, and conversations.

🎭 Healing Through Arts: NYC Schools Benefit
📅 Monday, November 18, 2025 | 7:00 PM – 9:00 PM (doors open 6:30 PM)
📍 Rake Wine Bar (45 1st Ave, NYC)
🎟️ $35 per ticket
✨ Arts displays & live performances
🥂 Wine tasting & hors d'oeuvres
🤝 Meet fellow changemakers

Every ticket funds arts healing programs—attend to see how you can support further.

👉 [Get Your Ticket]

Corporate sponsors: Companies can also support, attend to learn more.

With gratitude,
Jameera Mahima Gujjarlapudi
Community School of Arts Foundation
🌐 Website: csoaf.org
📞 Phone: 917 216-5176",ready_to_send,2025-10-18 20:36:11
New Community Foundation,Bronx,NY,,,4,No Name + Never Donated,,Healing Through Arts: NYC Schools,"Hello,

We're excited to invite you to join us as a sponsor of Healing Through Arts: NYC Schools, an unforgettable evening where art, music, and community come together to create lasting impact for NYC students.

[Insert banner image here]
""Students performing arts in NYC schools""

Why sponsor this event?

Direct community impact: Every sponsorship dollar funds arts healing programs in underserved NYC schools.

Exclusive engagement: Connect with city leaders, artists, and philanthropists at a vibrant evening of performances, wine tasting, and conversations.

🎭 Healing Through Arts: NYC Schools Benefit
📅 Monday, November 18, 2025 | 7:00 PM – 9:00 PM (doors open 6:30 PM)
📍 Rake Wine Bar (45 1st Ave, NYC)
🎟️ $35 per ticket
✨ Arts displays & live performances
🥂 Wine tasting & hors d'oeuvres
🤝 Meet fellow changemakers

Every ticket funds arts healing programs—attend to see how you can support further.

👉 [Get Your Ticket]

Corporate sponsors: Companies can also support, attend to learn more.

With gratitude,
Jameera Mahima Gujjarlapudi
Community School of Arts Foundation
🌐 Website: csoaf.org
📞 Phone: 917 216-5176",ready_to_send,2025-10-18 20:36:11
Sephardic Community Foundation,Brooklyn,NY,,,4,No Name + Never Donated,,Healing Through Arts: NYC Schools,"Hello,

We're excited to invite you to join us as a sponsor of Healing Through Arts: NYC Schools, an unforgettable evening where art, music, and community come together to create lasting impact for NYC students.

[Insert banner image here]
""Students performing arts in NYC schools""

Why sponsor this event?

Direct community impact: Every sponsorship dollar funds arts healing programs in underserved NYC schools.

Exclusive engagement: Connect with city leaders, artists, and philanthropists at a vibrant evening of performances, wine tasting, and conversations.

🎭 Healing Through Arts: NYC Schools Benefit
📅 Monday, November 18, 2025 | 7:00 PM – 9:00 PM (doors open 6:30 PM)
📍 Rake Wine Bar (45 1st Ave, NYC)
🎟️ $35 per ticket
✨ Arts displays & live performances
🥂 Wine tasting & hors d'oeuvres
🤝 Meet fellow changemakers

Every ticket funds arts healing programs—attend to see how you can support further.

👉 [Get Your Ticket]

Corporate sponsors: Companies can also support, attend to learn more.

With gratitude,
Jameera Mahima Gujjarlapudi
Community School of Arts Foundation
🌐 Website: csoaf.org
📞 Phone: 917 216-5176",ready_to_send,2025-10-18 20:36:11
Andujar Foundation Community,Buffalo,NY,,,4,No Name + Never Donated,,Healing Through Arts: NYC Schools,"Hello,

We're excited to invite you to join us as a sponsor of Healing Through Arts: NYC Schools, an unforgettable evening where art, music, and community come together to create lasting impact for NYC students.

[Insert banner image here]
""Students performing arts in NYC schools""

Why sponsor this event?

Direct community impact: Every sponsorship dollar funds arts healing programs in underserved NYC schools.

Exclusive engagement: Connect with city leaders, artists, and philanthropists at a vibrant evening of performances, wine tasting, and conversations.

🎭 Healing Through Arts: NYC Schools Benefit
📅 Monday, November 18, 2025 | 7:00 PM – 9:00 PM (doors open 6:30 PM)
📍 Rake Wine Bar (45 1st Ave, NYC)
🎟️ $35 per ticket
✨ Arts displays & live performances
🥂 Wine tasting & hors d'oeuvres
🤝 Meet fellow changemakers

Every ticket funds arts healing programs—attend to see how you can support further.

👉 [Get Your Ticket]

Corporate sponsors: Companies can also support, attend to learn more.

With gratitude,
Jameera Mahima Gujjarlapudi
Community School of Arts Foundation
🌐 Website: csoaf.org
📞 Phone: 917 216-5176",ready_to_send,2025-10-18 20:36:11
Community Kollel Foundation,Far Rockaway,NY,,,4,No Name + Never Donated,,Healing Through Arts: NYC Schools,"Hello,

We're excited to invite you to join us as a sponsor of Healing Through Arts: NYC Schools, an unforgettable evening where art, music, and community come together to create lasting impact for NYC students.

[Insert banner image here]
""Students performing arts in NYC schools""

Why sponsor this event?

Direct community impact: Every sponsorship dollar funds arts healing programs in underserved NYC schools.

Exclusive engagement: Connect with city leaders, artists, and philanthropists at a vibrant evening of performances, wine tasting, and conversations.

🎭 Healing Through Arts: NYC Schools Benefit
📅 Monday, November 18, 2025 | 7:00 PM – 9:00 PM (doors open 6:30 PM)
📍 Rake Wine Bar (45 1st Ave, NYC)
🎟️ $35 per ticket
✨ Arts displays & live performances
🥂 Wine tasting & hors d'oeuvres
🤝 Meet fellow changemakers

Every ticket funds arts healing programs—attend to see how you can support further.

👉 [Get Your Ticket]

Corporate sponsors: Companies can also support, attend to learn more.

With gratitude,
Jameera Mahima Gujjarlapudi
Community School of Arts Foundation
🌐 Website: csoaf.org
📞 Phone: 917 216-5176",ready_to_send,2025-10-18 20:36:11
