sponsor_name,ein,city,state,ntee_code,classification,propublica_url,search_term_found,collected_at,website,email,phone,contact_person,mission_statement,annual_revenue,assets,outreach_status,email_sent,response_received,sponsorship_amount,notes,follow_up_date,priority_level,email_source,all_emails_found,estimated_emails,contact_pages_found,mission_alignment_score,mission_text,alignment_factors,pages_analyzed,grant_history,program_areas,enhanced_at,error
Ford Foundation,131684331,New York,NY,T21,,https://projects.propublica.org/nonprofits/organizations/131684331,foundation,2025-10-17 17:56:47,https://fordfoundation.org,info@fordfoundation.org,,,,,,not_contacted,no,no,,,,high,estimated,,"info@fordfoundation.org,contact@fordfoundation.org,hello@fordfoundation.org,inquiries@fordfoundation.org,development@fordfoundation.org,admin@fordfoundation.org",5.0,20.5,"investments natural resources and climate justice technology and society our news and stories dig into the newest collection of stories of change, hope and resilience from our community.","[{""category"": ""primary"", ""keywords_found"": [""accessibility""], ""category_score"": 7}, {""category"": ""disability_support"", ""keywords_found"": [""accessibility""], ""category_score"": 8}, {""category"": ""community_education"", ""keywords_found"": [""community engagement (partial: 2/2 words)""], ""category_score"": 6.0}, {""category"": ""primary"", ""keywords_found"": [""accessibility""], ""category_score"": 7}, {""category"": ""disability_support"", ""keywords_found"": [""accessibility""], ""category_score"": 8}, {""category"": ""primary"", ""keywords_found"": [""accessibility""], ""category_score"": 7}, {""category"": ""disability_support"", ""keywords_found"": [""accessibility""], ""category_score"": 8}, {""category"": ""primary"", ""keywords_found"": [""arts program (partial: 2/2 words)"", ""arts access (partial: 2/2 words)"", ""accessibility""], ""category_score"": 23.0}, {""category"": ""disability_support"", ""keywords_found"": [""accessibility""], ""category_score"": 8}]","homepage,/about,/about-us,/grants",funding to fight inequality. share: share this page on facebook facebook share this page on linkedin linkedin advancing justice starts with supporting the individuals and institutions working tirelessly to address the underlying drivers of inequality. we fund a range of organizations around the world that align with our programs,"community,accessibility,inclusion,learning,accessibility,inclusion,learning,accessibility,inclusion,learning,arts,accessibility,inclusion,learning",2025-10-22T19:30:31.500696,
Novo Foundation,470824753,Hurley,NY,T99,,https://projects.propublica.org/nonprofits/organizations/470824753,foundation,2025-10-17 17:56:47,https://novo.org,info@novo.org,,,,,,not_contacted,no,no,,,,high,estimated,,"info@novo.org,contact@novo.org,hello@novo.org,inquiries@novo.org,development@novo.org,admin@novo.org",5.0,1.75,"join the novoactivating prayer cohort join a community of committed disciples for a discovery-based journey that will encourage, empower, and bless you with practical prayer tools to help you step into your spiritual authority.","[{""category"": ""youth_development"", ""keywords_found"": [""children""], ""category_score"": 7}]","homepage,/about,/mission,/what-we-do",,"health,community,creative,health,children",2025-10-22T19:30:48.388511,
Druckenmiller Foundation,133735187,New York,NY,,,https://projects.propublica.org/nonprofits/organizations/133735187,foundation,2025-10-17 17:56:47,,,,,,,,not_contacted,no,no,,,,high,error,,,,0.0,,,,,,2025-10-22T19:30:51.805832,'grant_history'
Rockefeller Foundation,131659629,New York,NY,,,https://projects.propublica.org/nonprofits/organizations/131659629,foundation,2025-10-17 17:56:47,https://rockefellerfoundation.org,info@rockefellerfoundation.org,,,,,,not_contacted,no,no,,,,high,estimated,,"info@rockefellerfoundation.org,contact@rockefellerfoundation.org,hello@rockefellerfoundation.org,inquiries@rockefellerfoundation.org,development@rockefellerfoundation.org,admin@rockefellerfoundation.org",5.0,25.6,"is to ensure scientific progress advances good jobs, good food, good health, and safe communities.","[{""category"": ""primary"", ""keywords_found"": [""accessibility""], ""category_score"": 7}, {""category"": ""disability_support"", ""keywords_found"": [""accessibility""], ""category_score"": 8}, {""category"": ""youth_development"", ""keywords_found"": [""children""], ""category_score"": 7}, {""category"": ""community_education"", ""keywords_found"": [""community school (partial: 2/2 words)"", ""school partnerships (partial: 2/2 words)""], ""category_score"": 16.0}, {""category"": ""primary"", ""keywords_found"": [""accessibility""], ""category_score"": 7}, {""category"": ""disability_support"", ""keywords_found"": [""accessibility""], ""category_score"": 8}, {""category"": ""primary"", ""keywords_found"": [""accessibility""], ""category_score"": 7}, {""category"": ""disability_support"", ""keywords_found"": [""accessibility""], ""category_score"": 8}, {""category"": ""primary"", ""keywords_found"": [""accessibility""], ""category_score"": 7}, {""category"": ""disability_support"", ""keywords_found"": [""accessibility""], ""category_score"": 8}, {""category"": ""youth_development"", ""keywords_found"": [""children""], ""category_score"": 7}, {""category"": ""community_education"", ""keywords_found"": [""community school (partial: 2/2 words)"", ""public schools (partial: 2/2 words)"", ""school partnerships (partial: 2/2 words)""], ""category_score"": 23.0}, {""category"": ""primary"", ""keywords_found"": [""accessibility""], ""category_score"": 7}, {""category"": ""disability_support"", ""keywords_found"": [""accessibility""], ""category_score"": 8}]","homepage,/about-us,/what-we-do,/grants,/impact",,"health,community,children,accessibility,health,community,accessibility,health,community,accessibility,inclusive,health,community,children,accessibility,health,community,accessibility,learning",2025-10-22T19:31:23.899861,
Citi Foundation,133781879,New York,NY,T21,,https://projects.propublica.org/nonprofits/organizations/133781879,foundation,2025-10-17 17:56:47,,,,,,,,not_contacted,no,no,,,,high,error,,,,0.0,,,,,,2025-10-22T19:32:07.519099,'grant_history'
Gray Foundation,471408100,Albany,NY,T22,,https://projects.propublica.org/nonprofits/organizations/471408100,foundation,2025-10-17 17:56:47,https://gray.com,info@gray.com,,,,,,not_contacted,no,no,,,,high,estimated,,"info@gray.com,contact@gray.com,hello@gray.com,inquiries@gray.com,development@gray.com,admin@gray.com",5.0,8.333333333333334,building relationships skip to main content menu services from concept to completion - solutions for every project.,"[{""category"": ""primary"", ""keywords_found"": [""arts program (partial: 2/2 words)""], ""category_score"": 8.0}, {""category"": ""disability_support"", ""keywords_found"": [""special needs (partial: 2/2 words)""], ""category_score"": 9.0}, {""category"": ""community_education"", ""keywords_found"": [""transforming lives (partial: 2/2 words)""], ""category_score"": 8.0}]","homepage,/about,/about-us",,"arts,community",2025-10-22T19:32:32.745232,
Starr Foundation,136151545,New York,NY,T22,,https://projects.propublica.org/nonprofits/organizations/136151545,foundation,2025-10-17 17:56:47,https://starr.com,loss.history@starrcompanies.com,,,,,,not_contacted,no,no,,,,high,harvested,"loss.history@starrcompanies.com,claims@starrcompanies.com,public.relations@starrcompanies.com,marketing@starrcompanies.com",,5.0,0.8181818181818182,,"[{""category"": ""disability_support"", ""keywords_found"": [""special needs (partial: 2/2 words)""], ""category_score"": 9.0}]","homepage,/about,/about-us,/mission,/vision,/our-mission,/what-we-do,/programs,/grants,/giving,/impact",,,2025-10-22T19:33:00.322755,
Nhp Foundation,521636004,New York,NY,L200,,https://projects.propublica.org/nonprofits/organizations/521636004,foundation,2025-10-17 17:56:47,https://nhpfoundation.org,info@nhpfoundation.org,,,,,,not_contacted,no,no,,,,high,estimated,,"info@nhpfoundation.org,contact@nhpfoundation.org,hello@nhpfoundation.org,inquiries@nhpfoundation.org,development@nhpfoundation.org,admin@nhpfoundation.org",5.0,1.3636363636363635,,"[{""category"": ""primary"", ""keywords_found"": [""accessibility""], ""category_score"": 7}, {""category"": ""disability_support"", ""keywords_found"": [""accessibility""], ""category_score"": 8}]","homepage,/about,/about-us,/mission,/vision,/our-mission,/what-we-do,/programs,/grants,/giving,/impact",,accessibility,2025-10-22T19:33:15.726323,
Tiger Foundation,133555671,New York,NY,,,https://projects.propublica.org/nonprofits/organizations/133555671,foundation,2025-10-17 17:56:47,https://tiger.com,info@tiger.com,,,,,,not_contacted,no,no,,,,high,estimated,,"info@tiger.com,contact@tiger.com,hello@tiger.com,inquiries@tiger.com,development@tiger.com,admin@tiger.com",2.0,16.0,,"[{""category"": ""primary"", ""keywords_found"": [""arts program (partial: 2/2 words)"", ""arts access (partial: 2/2 words)""], ""category_score"": 16.0}]",homepage,"support users round the clock.we work with a numberof world's top exchangestiger.compartners with binancewe actively collaborate with binance — the world’s largest crypto exchangesponsorshipbinance smart chain gamefi hackathonlearn moresponsorshipfide binance business schools super cuplearn morepartnership binance broker programlearn morehave any questions?contact usfrequently asked questionswhat is tiger.com?since 2015, tiger.com has been developing fintech products for traders of all levels: from experienced high-volume professionals to regular users. our solutions are developed by an international team of fintech enthusiasts. the company is headquartered in switzerland.our products are:tiger.com for windows  — a desktop platform that enables users to trade on financial and cryptocurrency markets.tiger.com macos — our desktop platform for macoswhat is trading platform?tiger.com trading platform is a customizable desktop workspace for trading stocks, futures, cryptocurrencies, and forex assets. the platform offers an exhaustive range of tools to satisfy the needs of beginners, advanced traders, and professionals alike. tiger.com platform features:stock, futures, options, cryptocurrency, and forex asset tradingdemo trading on live and historical databuilt-in risk management systemmultifunctional charts",arts,2025-10-22T19:33:34.791010,
Uniswap Foundation,883087770,New York,NY,R12,,https://projects.propublica.org/nonprofits/organizations/883087770,foundation,2025-10-17 17:56:47,https://uniswap.org,info@uniswap.org,,,,,,not_contacted,no,no,,,,high,estimated,,"info@uniswap.org,contact@uniswap.org,hello@uniswap.org,inquiries@uniswap.org,development@uniswap.org,admin@uniswap.org",0.0,0.0,,,"homepage,/about,/about-us,/mission,/vision,/our-mission,/what-we-do,/programs,/grants,/giving,/impact",,,2025-10-22T19:33:44.724788,
Bingle Foundation,853658614,Saratoga Spgs,NY,T20,,https://projects.propublica.org/nonprofits/organizations/853658614,foundation,2025-10-17 17:56:47,,,,,,,,not_contacted,no,no,,,,high,error,,,,0.0,,,,,,2025-10-22T19:34:07.758002,'grant_history'
Arcus Foundation,383332791,New York,NY,B82Z,,https://projects.propublica.org/nonprofits/organizations/383332791,foundation,2025-10-17 17:56:47,https://arcusfoundation.org,info@arcusfoundation.org,,,,,,not_contacted,no,no,,,,high,estimated,,"info@arcusfoundation.org,contact@arcusfoundation.org,hello@arcusfoundation.org,inquiries@arcusfoundation.org,development@arcusfoundation.org,admin@arcusfoundation.org",5.0,70.4,the idea that people can live in harmony with one another and the natural world.,"[{""category"": ""primary"", ""keywords_found"": [""arts education (partial: 2/2 words)"", ""art education (partial: 2/2 words)"", ""arts program (partial: 2/2 words)"", ""artistic enrichment (partial: 2/2 words)"", ""arts access (partial: 2/2 words)""], ""category_score"": 45.0}, {""category"": ""disability_support"", ""keywords_found"": [""special needs (partial: 2/2 words)"", ""special education (partial: 2/2 words)""], ""category_score"": 16.0}, {""category"": ""community_education"", ""keywords_found"": [""quality education (partial: 2/2 words)"", ""transforming lives (partial: 2/2 words)""], ""category_score"": 15.0}, {""category"": ""primary"", ""keywords_found"": [""arts education (partial: 2/2 words)"", ""art education (partial: 2/2 words)"", ""arts program (partial: 2/2 words)"", ""artistic enrichment (partial: 2/2 words)"", ""arts access (partial: 2/2 words)""], ""category_score"": 45.0}, {""category"": ""disability_support"", ""keywords_found"": [""special needs (partial: 2/2 words)"", ""special education (partial: 2/2 words)""], ""category_score"": 16.0}, {""category"": ""community_education"", ""keywords_found"": [""transforming lives (partial: 2/2 words)""], ""category_score"": 8.0}, {""category"": ""primary"", ""keywords_found"": [""arts education (partial: 2/2 words)"", ""art education (partial: 2/2 words)"", ""arts program (partial: 2/2 words)"", ""artistic enrichment (partial: 2/2 words)"", ""arts access (partial: 2/2 words)""], ""category_score"": 45.0}, {""category"": ""disability_support"", ""keywords_found"": [""special needs (partial: 2/2 words)"", ""special education (partial: 2/2 words)""], ""category_score"": 16.0}, {""category"": ""community_education"", ""keywords_found"": [""transforming lives (partial: 2/2 words)""], ""category_score"": 8.0}, {""category"": ""primary"", ""keywords_found"": [""arts education (partial: 2/2 words)"", ""art education (partial: 2/2 words)"", ""arts program (partial: 2/2 words)"", ""artistic enrichment (partial: 2/2 words)"", ""arts access (partial: 2/2 words)""], ""category_score"": 45.0}, {""category"": ""disability_support"", ""keywords_found"": [""special needs (partial: 2/2 words)"", ""special education (partial: 2/2 words)""], ""category_score"": 16.0}, {""category"": ""community_education"", ""keywords_found"": [""transforming lives (partial: 2/2 words)""], ""category_score"": 8.0}, {""category"": ""primary"", ""keywords_found"": [""arts education (partial: 2/2 words)"", ""art education (partial: 2/2 words)"", ""arts program (partial: 2/2 words)"", ""artistic enrichment (partial: 2/2 words)"", ""arts access (partial: 2/2 words)""], ""category_score"": 45.0}, {""category"": ""disability_support"", ""keywords_found"": [""special needs (partial: 2/2 words)"", ""special education (partial: 2/2 words)""], ""category_score"": 16.0}, {""category"": ""community_education"", ""keywords_found"": [""transforming lives (partial: 2/2 words)""], ""category_score"": 8.0}]","homepage,/about,/grants,/giving,/impact","support apply for a grant resources learn publications blog annual reporting learnings connect social email events media press kit library andrew r. halloran andrew r. halloran est primatologue, conservationniste et spécialiste du bien-être animal. cela fait plus de 25 ans qu’il travaille avec les chimpanzés dans des refuges, dans des zoos et en pleine nature. a.r. halloran a fondé et dirige the elgin centre, une organisation à but non lucratif dont la finalité est d’améliorer la vie des animaux captifs. ce centre coopère avec des zoos et des refuges. il fournit des consultations spécialisées en vue de concevoir des stratégies de soin au meilleur coût, des programmes d’enrichissement et des protocoles de sécurité qui garantissent l’épanouissement des animaux tout en répondant aux besoins des institutions. par ailleurs, il a cofondé le tonkolili chimpanzee project en sierra leone. il s’agit d’une initiative communautaire autour de la rivière pampana. ce projet atténue les conflits entre humains et chimpanzés dans les paysages anthropiques au moyen de la promotion de l’agriculture durable et d’incitations économiques, ce qui réduit le nombre de chimpanzés tués, et encourage la coexistence à travers l’éducation et la préservation des habitats. a.r. halloran est l’auteur des livres suivants : song of the ape (2012, st. martin’s press), lion shaped mountain (2021, earth island journal), et animal curation: the science of care & welfare (2025, cambridge university press). par son travail au sein de the elgin centre et du tonkolili project, a.r. halloran concilie captivité et conservation, et défend des pratiques éthiques qui promeuvent une vie épanouie pour les chimpanzés et les autres animaux l’espoir d’a.r. halloran, en écrivant ce texte, est que le partage d’histoires sur les refuges pour chimpanzés lui permettra de mettre en lumière leur qualité d’individus à part entière et d’illustrer les complexités scientifiques à l’œuvre lorsqu’il s’agit de fournir de bonnes conditions de vie à cette espèce extraordinaire. x andrew r. halloran, ph.d. andrew r. halloran, ph.d., is a primatologist, conservationist, and animal welfare specialist with over 25 years of experience working with chimpanzees in sanctuaries, zoos, and the wild. halloran founded and directs the elgin centre, a nonprofit organization dedicated to improving the lives of captive animals. the centre collaborates with zoos and sanctuaries, offering expert consultations to develop cost-effective care strategies, enrichment programs, and safety protocols that ensure animals thrive while meeting institutional needs. additionally, he co-founded the tonkolili chimpanzee project in sierra leone, a community-based initiative along the pampana river. the project mitigates human-chimpanzee conflicts in anthropogenic landscapes by promoting sustainable agriculture and economic incentives, reducing chimpanzee killings, and fostering coexistence through education and habitat preservation. halloran has authored the books song of the ape (2012, st. martin’s press), lion shaped mountain (2021, earth island journal), and animal curation: the science of care & welfare (2025, cambridge university press). through his work with the elgin centre and the tonkolili project, halloran bridges captivity and conservation, advocating for ethical practices that promote a life of thriving for chimpanzees and other animals. in writing this piece, halloran hopes that by sharing the stories of chimpanzee sanctuaries, he can highlight them as the individuals they are, as well as showcasing the complexities of the science of providing good welfare to such an extraordinary species. x get to know a muxe artist and activist ©mexfam ©mexfam a muxe woman, peregrina vera is a member of the indigenous zapotec community from the town of juchitán in the southeast of oaxaca state in mexico. a skilled artisan of traditional woven clothing, peregrina also prepares decorations for local festivals. but in addition to her artistic endeavors, she is one of the leaders of the transformándome (“transforming myself”) project housed at mexfam, a nationwide civil society organization promoting access to health, education, and advocacy of sexual and reproductive rights. the project helps educate the muxe about their rights and how they can live authentically as themselves, including acquiring identification documents that accurately portray their names and genders. peregrina’s activism includes documenting incidents of hate crimes against the muxe throughout the region. this is a subject she unfortunately knows all too well after she experienced a recent violent attack and robbery in which all of her work tools were stolen. these incidents have increased as new people have moved into the region. “before they did nothing to us,” peregrina explains. “now if you’re at a party, just by seeing you, they want to attack you, they insult you, and on many occasions, the aggression changes from words to physical attacks.” by documenting these incidents, peregrina is helping to bring the issue of hate violence to the attention of authorities and the public. she is also working to connect members of her community through online meetings using computers acquired by the transformándome project. all of her activism is aimed at increasing the acceptance and inclusion of her muxe community. x una líder muxe comparte su historia ©mexfam ©mexfam mujer muxe, peregrina vera es miembro de la comunidad indígena zapoteca del pueblo de juchitán, en el sureste del estado de oaxaca. hábil artesana de la ropa tejida tradicional, peregrina también prepara adornos para las fiestas locales. pero además de sus esfuerzos artísticos, es una de las líderes de transformándome en mexfam, la organización nacional de planificación familiar de méxico. el proyecto ayuda a educar a la comunidad muxe sobre sus derechos y sobre cómo pueden vivir auténticamente sin esconderse, incluyendo cómo obtener documentos de identidad que reflejen con exactitud sus nombres y géneros. el activismo de peregrina incluye la documentación de incidentes de crímenes de odio contra la comunidad muxe en toda la región. se trata de un tema que, por desgracia, conoce demasiado bien tras haber sufrido recientemente un ataque violento y un robo en el que le sustrajeron todas sus herramientas de trabajo. estos incidentes han aumentado a medida que nuevas personas se han trasladado a la región. “antes no nos hacían nada”, explica. “ahora, si estás en una fiesta, solo con verte quieren agredirte, te insultan y, en muchas ocasiones, la agresión pasa de las palabras a los ataques físicos”. con la documentación de estos incidentes, peregrina está ayudando a llamar la atención de las autoridades y del público sobre el problema de la violencia motivada por el odio. también está trabajando para conectar a los miembros de su comunidad a través de reuniones en línea utilizando computadoras adquiridas gracias al proyecto transformándome. todo su activismo busca aumentar la aceptación y la inclusión de su comunidad muxe. x sign up for arcus emails × x arcus homepage marquee video transcript a bonobo in trees moving its mouth, with a binocular effect zooming in on the ape. a text overlay says, “dedicated to the idea that people can live in harmony with one another and the natural world.” a forest with the sun shining through trees, with a text overlay that quotes jon stryker and annette lanjouw of arcus foundation saying, “destruction of nature exposes us to a panoply of diseases, and creates and exacerbates social injustice and political repression around the world.” a razed forest. a learn more button that links to the arcus foundation 2019 annual report a city street with a large crosswalk and a large crowd of people crossing it. text overlay with a quote: “lgbtq communities served by our social justice program live at the intersection of this long chain of degradation—environmental and social.” a scene from a protest, people wearing face masks, waving signs and banners, drumming on a drum, dancing, shouting through a megaphone. two signs are a sheer black color with gold trim and list several names, including roxsana hernandez, claire legato, muhlaysia booker, and nina pop. another sign says “black trans lives matter”. a learn more button that links to the arcus foundation’s support page for lgbt social justice. a woman wearing a white dress, long wavy dark brown hair, teal lipstick, plum fingernails, rectangular metal glasses sits in a chair and talks. a text overlay identifies her as úmi vera, familia: trans queer liberation movement, united states, and quotes her saying: “there’s incredible power in the trans queer migrant community. to be dehumanized so much and not lose your hope, your sense of joy—it’s just astonishing.” a learn more button that links to a story: lgbtq migrants to the u.s. fight to stay safe a person with shoulder-length, dark brown, straight hair wearing a pink and silver fuzzy tiara and a white and purple dress with a big tulle bottom and a corset top, over a white t-shirt that says selena, dancing around in circles outdoors with a crowd of people sitting and standing nearby, and with the flags of puerto rico, panama, and peru hanging from wood beams in the background. a woman with short black and gray hair wearing a black dress shirt talks. a text overlay identifies her as indyra mendoza, red lésbica cattrachas, honduras, and quotes her saying: “for so many years, we missed being free and open with our partners—now is the time to make it happen!.” a learn more button that links to a story: “i know who i am, but my country doesn’t recognize me”. a woman wearing a long-sleeved gray shirt under a jumper featuring white and pastel yellow, blue and green circles, a black head covering and a red face mask, stands in front of a church building with a sign that says: “central methodist mission you are born in love by love for love”. a text overlay identifies her as mia lukas, sistaazhood, homeless trans women supported by gender dynamix, south africa, and quotes her saying: “with their support, we feel more included in society.” a learn more button that links to a story: supporting cape town’s homeless transgender women during covid-19 a map of the world with parts,support apply for a grant resources learn publications blog annual reporting learnings connect social email events media press kit library andrew r. halloran andrew r. halloran est primatologue, conservationniste et spécialiste du bien-être animal. cela fait plus de 25 ans qu’il travaille avec les chimpanzés dans des refuges, dans des zoos et en pleine nature. a.r. halloran a fondé et dirige the elgin centre, une organisation à but non lucratif dont la finalité est d’améliorer la vie des animaux captifs. ce centre coopère avec des zoos et des refuges. il fournit des consultations spécialisées en vue de concevoir des stratégies de soin au meilleur coût, des programmes d’enrichissement et des protocoles de sécurité qui garantissent l’épanouissement des animaux tout en répondant aux besoins des institutions. par ailleurs, il a cofondé le tonkolili chimpanzee project en sierra leone. il s’agit d’une initiative communautaire autour de la rivière pampana. ce projet atténue les conflits entre humains et chimpanzés dans les paysages anthropiques au moyen de la promotion de l’agriculture durable et d’incitations économiques, ce qui réduit le nombre de chimpanzés tués, et encourage la coexistence à travers l’éducation et la préservation des habitats. a.r. halloran est l’auteur des livres suivants : song of the ape (2012, st. martin’s press), lion shaped mountain (2021, earth island journal), et animal curation: the science of care & welfare (2025, cambridge university press). par son travail au sein de the elgin centre et du tonkolili project, a.r. halloran concilie captivité et conservation, et défend des pratiques éthiques qui promeuvent une vie épanouie pour les chimpanzés et les autres animaux l’espoir d’a.r. halloran, en écrivant ce texte, est que le partage d’histoires sur les refuges pour chimpanzés lui permettra de mettre en lumière leur qualité d’individus à part entière et d’illustrer les complexités scientifiques à l’œuvre lorsqu’il s’agit de fournir de bonnes conditions de vie à cette espèce extraordinaire. x andrew r. halloran, ph.d. andrew r. halloran, ph.d., is a primatologist, conservationist, and animal welfare specialist with over 25 years of experience working with chimpanzees in sanctuaries, zoos, and the wild. halloran founded and directs the elgin centre, a nonprofit organization dedicated to improving the lives of captive animals. the centre collaborates with zoos and sanctuaries, offering expert consultations to develop cost-effective care strategies, enrichment programs, and safety protocols that ensure animals thrive while meeting institutional needs. additionally, he co-founded the tonkolili chimpanzee project in sierra leone, a community-based initiative along the pampana river. the project mitigates human-chimpanzee conflicts in anthropogenic landscapes by promoting sustainable agriculture and economic incentives, reducing chimpanzee killings, and fostering coexistence through education,support apply for a grant resources learn publications blog annual reporting learnings connect social email events media press kit library andrew r. halloran andrew r. halloran est primatologue, conservationniste et spécialiste du bien-être animal. cela fait plus de 25 ans qu’il travaille avec les chimpanzés dans des refuges, dans des zoos et en pleine nature. a.r. halloran a fondé et dirige the elgin centre, une organisation à but non lucratif dont la finalité est d’améliorer la vie des animaux captifs. ce centre coopère avec des zoos et des refuges. il fournit des consultations spécialisées en vue de concevoir des stratégies de soin au meilleur coût, des programmes d’enrichissement et des protocoles de sécurité qui garantissent l’épanouissement des animaux tout en répondant aux besoins des institutions. par ailleurs, il a cofondé le tonkolili chimpanzee project en sierra leone. il s’agit d’une initiative communautaire autour de la rivière pampana. ce projet atténue les conflits entre humains et chimpanzés dans les paysages anthropiques au moyen de la promotion de l’agriculture durable et d’incitations économiques, ce qui réduit le nombre de chimpanzés tués, et encourage la coexistence à travers l’éducation et la préservation des habitats. a.r. halloran est l’auteur des livres suivants : song of the ape (2012, st. martin’s press), lion shaped mountain (2021, earth island journal), et animal curation: the science of care & welfare (2025, cambridge university press). par son travail au sein de the elgin centre et du tonkolili project, a.r. halloran concilie captivité et conservation, et défend des pratiques éthiques qui promeuvent une vie épanouie pour les chimpanzés et les autres animaux l’espoir d’a.r. halloran, en écrivant ce texte, est que le partage d’histoires sur les refuges pour chimpanzés lui permettra de mettre en lumière leur qualité d’individus à part entière et d’illustrer les complexités scientifiques à l’œuvre lorsqu’il s’agit de fournir de bonnes conditions de vie à cette espèce extraordinaire. x andrew r. halloran, ph.d. andrew r. halloran, ph.d., is a primatologist, conservationist, and animal welfare specialist with over 25 years of experience working with chimpanzees in sanctuaries, zoos, and the wild. halloran founded and directs the elgin centre, a nonprofit organization dedicated to improving the lives of captive animals. the centre collaborates with zoos and sanctuaries, offering expert consultations to develop cost-effective care strategies, enrichment programs, and safety protocols that ensure animals thrive while meeting institutional needs. additionally, he co-founded the tonkolili chimpanzee project in sierra leone, a community-based initiative along the pampana river. the project mitigates human-chimpanzee conflicts in anthropogenic landscapes by promoting sustainable agriculture and economic incentives, reducing chimpanzee killings, and fostering coexistence through education,support apply for a grant resources learn publications blog annual reporting learnings connect social email events media press kit library andrew r. halloran andrew r. halloran est primatologue, conservationniste et spécialiste du bien-être animal. cela fait plus de 25 ans qu’il travaille avec les chimpanzés dans des refuges, dans des zoos et en pleine nature. a.r. halloran a fondé et dirige the elgin centre, une organisation à but non lucratif dont la finalité est d’améliorer la vie des animaux captifs. ce centre coopère avec des zoos et des refuges. il fournit des consultations spécialisées en vue de concevoir des stratégies de soin au meilleur coût, des programmes d’enrichissement et des protocoles de sécurité qui garantissent l’épanouissement des animaux tout en répondant aux besoins des institutions. par ailleurs, il a cofondé le tonkolili chimpanzee project en sierra leone. il s’agit d’une initiative communautaire autour de la rivière pampana. ce projet atténue les conflits entre humains et chimpanzés dans les paysages anthropiques au moyen de la promotion de l’agriculture durable et d’incitations économiques, ce qui réduit le nombre de chimpanzés tués, et encourage la coexistence à travers l’éducation et la préservation des habitats. a.r. halloran est l’auteur des livres suivants : song of the ape (2012, st. martin’s press), lion shaped mountain (2021, earth island journal), et animal curation: the science of care & welfare (2025, cambridge university press). par son travail au sein de the elgin centre et du tonkolili project, a.r. halloran concilie captivité et conservation, et défend des pratiques éthiques qui promeuvent une vie épanouie pour les chimpanzés et les autres animaux l’espoir d’a.r. halloran, en écrivant ce texte, est que le partage d’histoires sur les refuges pour chimpanzés lui permettra de mettre en lumière leur qualité d’individus à part entière et d’illustrer les complexités scientifiques à l’œuvre lorsqu’il s’agit de fournir de bonnes conditions de vie à cette espèce extraordinaire. x andrew r. halloran, ph.d. andrew r. halloran, ph.d., is a primatologist, conservationist, and animal welfare specialist with over 25 years of experience working with chimpanzees in sanctuaries, zoos, and the wild. halloran founded and directs the elgin centre, a nonprofit organization dedicated to improving the lives of captive animals. the centre collaborates with zoos and sanctuaries, offering expert consultations to develop cost-effective care strategies, enrichment programs, and safety protocols that ensure animals thrive while meeting institutional needs. additionally, he co-founded the tonkolili chimpanzee project in sierra leone, a community-based initiative along the pampana river. the project mitigates human-chimpanzee conflicts in anthropogenic landscapes by promoting sustainable agriculture and economic incentives, reducing chimpanzee killings, and fostering coexistence through education and habitat preservation. halloran has authored the books song of the ape (2012, st. martin’s press), lion shaped mountain (2021, earth island journal), and animal curation: the science of care & welfare (2025, cambridge university press). through his work with the elgin centre and the tonkolili project, halloran bridges captivity and conservation, advocating for ethical practices that promote a life of thriving for chimpanzees and other animals. in writing this piece, halloran hopes that by sharing the stories of chimpanzee sanctuaries, he can highlight them as the individuals they are, as well as showcasing the complexities of the science of providing good welfare to such an extraordinary species. x get to know a muxe artist and activist ©mexfam ©mexfam a muxe woman, peregrina vera is a member of the indigenous zapotec community from the town of juchitán in the southeast of oaxaca state in mexico. a skilled artisan of traditional woven clothing, peregrina also prepares decorations for local festivals. but in addition to her artistic endeavors, she is one of the leaders of the transformándome (“transforming myself”) project housed at mexfam, a nationwide civil society organization promoting access to health, education, and advocacy of sexual and reproductive rights. the project helps educate the muxe about their rights and how they can live authentically as themselves, including acquiring identification documents that accurately portray their names and genders. peregrina’s activism includes documenting incidents of hate crimes against the muxe throughout the region. this is a subject she unfortunately knows all too well after she experienced a recent violent attack and robbery in which all of her work tools were stolen. these incidents have increased as new people have moved into the region. “before they did nothing to us,” peregrina explains. “now if you’re at a party, just by seeing you, they want to attack you, they insult you, and on many occasions, the aggression changes from words to physical attacks.” by documenting these incidents, peregrina is helping to bring the issue of hate violence to the attention of authorities and the public. she is also working to connect members of her community through online meetings using computers acquired by the transformándome project. all of her activism is aimed at increasing the acceptance and inclusion of her muxe community. x una líder muxe comparte su historia ©mexfam ©mexfam mujer muxe, peregrina vera es miembro de la comunidad indígena zapoteca del pueblo de juchitán, en el sureste del estado de oaxaca. hábil artesana de la ropa tejida tradicional, peregrina también prepara adornos para las fiestas locales. pero además de sus esfuerzos artísticos, es una de las líderes de transformándome en mexfam, la organización nacional de planificación familiar de méxico. el proyecto ayuda a educar a la comunidad muxe sobre sus derechos y sobre cómo pueden vivir auténticamente sin esconderse, incluyendo cómo obtener documentos de identidad que reflejen con exactitud sus nombres y géneros. el activismo de peregrina incluye la documentación de incidentes de crímenes de odio contra la comunidad muxe en toda la región. se trata de un tema que, por desgracia, conoce demasiado bien tras haber sufrido recientemente un ataque violento y un robo en el que le sustrajeron todas sus herramientas de trabajo. estos incidentes han aumentado a medida que nuevas personas se han trasladado a la región. “antes no nos hacían nada”, explica. “ahora, si estás en una fiesta, solo con verte quieren agredirte, te insultan y, en muchas ocasiones, la agresión pasa de las palabras a los ataques físicos”. con la documentación de estos incidentes, peregrina está ayudando a llamar la atención de las autoridades y del público sobre el problema de la violencia motivada por el odio. también está trabajando para conectar a los miembros de su comunidad a través de reuniones en línea utilizando computadoras adquiridas gracias al proyecto transformándome. todo su activismo busca aumentar la aceptación y la inclusión de su comunidad muxe. x x arcus homepage marquee video transcript a bonobo in trees moving its mouth, with a binocular effect zooming in on the ape. a text overlay says, “dedicated to the idea that people can live in harmony with one another and the natural world.” a forest with the sun shining through trees, with a text overlay that quotes jon stryker and annette lanjouw of arcus foundation saying, “destruction of nature exposes us to a panoply of diseases, and creates and exacerbates social injustice and political repression around the world.” a razed forest. a learn more button that links to the arcus foundation 2019 annual report a city street with a large crosswalk and a large crowd of people crossing it. text overlay with a quote: “lgbtq communities served by our social justice program live at the intersection of this long chain of degradation—environmental and social.” a scene from a protest, people wearing face masks, waving signs and banners, drumming on a drum, dancing, shouting through a megaphone. two signs are a sheer black color with gold trim and list several names, including roxsana hernandez, claire legato, muhlaysia booker, and nina pop. another sign says “black trans lives matter”. a learn more button that links to the arcus foundation’s support page for lgbt social justice. a woman wearing a white dress, long wavy dark brown hair, teal lipstick, plum fingernails, rectangular metal glasses sits in a chair and talks. a text overlay identifies her as úmi vera, familia: trans queer liberation movement, united states, and quotes her saying: “there’s incredible power in the trans queer migrant community. to be dehumanized so much and not lose your hope, your sense of joy—it’s just astonishing.” a learn more button that links to a story: lgbtq migrants to the u.s. fight to stay safe a person with shoulder-length, dark brown, straight hair wearing a pink and silver fuzzy tiara and a white and purple dress with a big tulle bottom and a corset top, over a white t-shirt that says selena, dancing around in circles outdoors with a crowd of people sitting and standing nearby, and with the flags of puerto rico, panama, and peru hanging from wood beams in the background. a woman with short black and gray hair wearing a black dress shirt talks. a text overlay identifies her as indyra mendoza, red lésbica cattrachas, honduras, and quotes her saying: “for so many years, we missed being free and open with our partners—now is the time to make it happen!.” a learn more button that links to a story: “i know who i am, but my country doesn’t recognize me”. a woman wearing a long-sleeved gray shirt under a jumper featuring white and pastel yellow, blue and green circles, a black head covering and a red face mask, stands in front of a church building with a sign that says: “central methodist mission you are born in love by love for love”. a text overlay identifies her as mia lukas, sistaazhood, homeless trans women supported by gender dynamix, south africa, and quotes her saying: “with their support, we feel more included in society.” a learn more button that links to a story: supporting cape town’s homeless transgender women during covid-19 a map of the world with parts,support apply for a grant resources ©designews.com ©designews.com arcus’ two grantmaking strategies prioritize 12 focus countries for lgbtq social justice, and landscapes spanning 20 focus countries for ape conservation and well-being. our grantmaking we are dedicated to the idea that people can live in harmony with one another and the natural world. we work toward that vision through our lgbtq social justice and great apes & gibbons programs, which have distributed more than 2,000 grants to more than 500 organizations in more than 50 countries. grant amounts range from small, one-time contributions to larger, multi-year investments, with the majority falling between $100,000 and $150,000 per year. all grants are awarded to initiatives or organizations that are clearly aligned with our program strategies and goals. the grantmaking process typically takes between two and six months from application to decision. to be considered, an applicant must be registered as an organizational entity with legal standing. we do not make grants to individuals, or for lobbying purposes, election campaigns, or medical research. to see whether your project or organization aligns with our program goals and strategies click below: great apes & gibbons grantmaking more social justice grantmaking more arcus foundation push boundaries make change phone numbers u.s. office phone: +1-212-488-3000 u.k. office phone: +44-1223-653040 emails subscribe connect with us on social media social justice program great apes & gibbons program © 2025 arcus foundation privacy policy terms & conditions home about arcus culture board & staff contact employment grants our support apply for a grant resources learn publications blog annual reporting learnings connect social email events media press kit library andrew r. halloran andrew r. halloran est primatologue, conservationniste et spécialiste du bien-être animal. cela fait plus de 25 ans qu’il travaille avec les chimpanzés dans des refuges, dans des zoos et en pleine nature. a.r. halloran a fondé et dirige the elgin centre, une organisation à but non lucratif dont la finalité est d’améliorer la vie des animaux captifs. ce centre coopère avec des zoos et des refuges. il fournit des consultations spécialisées en vue de concevoir des stratégies de soin au meilleur coût, des programmes d’enrichissement et des protocoles de sécurité qui garantissent l’épanouissement des animaux tout en répondant aux besoins des institutions. par ailleurs, il a cofondé le tonkolili chimpanzee project en sierra leone. il s’agit d’une initiative communautaire autour de la rivière pampana. ce projet atténue les conflits entre humains et chimpanzés dans les paysages anthropiques au moyen de la promotion de l’agriculture durable et d’incitations économiques, ce qui réduit le nombre de chimpanzés tués, et encourage la coexistence à travers l’éducation et la préservation des habitats. a.r. halloran est l’auteur des livres suivants : song of the ape (2012, st. martin’s press), lion shaped mountain (2021, earth island journal), et animal curation: the science of care & welfare (2025, cambridge university press). par son travail au sein de the elgin centre et du tonkolili project, a.r. halloran concilie captivité et conservation, et défend des pratiques éthiques qui promeuvent une vie épanouie pour les chimpanzés et les autres animaux l’espoir d’a.r. halloran, en écrivant ce texte, est que le partage d’histoires sur les refuges pour chimpanzés lui permettra de mettre en lumière leur qualité d’individus à part entière et d’illustrer les complexités scientifiques à l’œuvre lorsqu’il s’agit de fournir de bonnes conditions de vie à cette espèce extraordinaire. x andrew r. halloran, ph.d. andrew r. halloran, ph.d., is a primatologist, conservationist, and animal welfare specialist with over 25 years of experience working with chimpanzees in sanctuaries, zoos, and the wild. halloran founded and directs the elgin centre, a nonprofit organization dedicated to improving the lives of captive animals. the centre collaborates with zoos and sanctuaries, offering expert consultations to develop cost-effective care strategies, enrichment programs, and safety protocols that ensure animals thrive while meeting institutional needs. additionally, he co-founded the tonkolili chimpanzee project in sierra leone, a community-based initiative along the pampana river. the project mitigates human-chimpanzee conflicts in anthropogenic landscapes by promoting sustainable agriculture and economic incentives, reducing chimpanzee killings, and fostering coexistence through education,support apply for a grant resources ©designews.com ©designews.com arcus’ two grantmaking strategies prioritize 12 focus countries for lgbtq social justice, and landscapes spanning 20 focus countries for ape conservation and well-being. our grantmaking we are dedicated to the idea that people can live in harmony with one another and the natural world. we work toward that vision through our lgbtq social justice and great apes & gibbons programs, which have distributed more than 2,000 grants to more than 500 organizations in more than 50 countries. grant amounts range from small, one-time contributions to larger, multi-year investments, with the majority falling between $100,000 and $150,000 per year. all grants are awarded to initiatives or organizations that are clearly aligned with our program strategies and goals. the grantmaking process typically takes between two and six months from application to decision. to be considered, an applicant must be registered as an organizational entity with legal standing. we do not make grants to individuals, or for lobbying purposes, election campaigns, or medical research. to see whether your project or organization aligns with our program goals and strategies click below: great apes & gibbons grantmaking more social justice grantmaking more arcus foundation push boundaries make change phone numbers u.s. office phone: +1-212-488-3000 u.k. office phone: +44-1223-653040 emails subscribe connect with us on social media social justice program great apes & gibbons program © 2025 arcus foundation privacy policy terms & conditions home about arcus culture board & staff contact employment grants our support apply for a grant resources learn publications blog annual reporting learnings connect social email events media press kit library andrew r. halloran andrew r. halloran est primatologue, conservationniste et spécialiste du bien-être animal. cela fait plus de 25 ans qu’il travaille avec les chimpanzés dans des refuges, dans des zoos et en pleine nature. a.r. halloran a fondé et dirige the elgin centre, une organisation à but non lucratif dont la finalité est d’améliorer la vie des animaux captifs. ce centre coopère avec des zoos et des refuges. il fournit des consultations spécialisées en vue de concevoir des stratégies de soin au meilleur coût, des programmes d’enrichissement et des protocoles de sécurité qui garantissent l’épanouissement des animaux tout en répondant aux besoins des institutions. par ailleurs, il a cofondé le tonkolili chimpanzee project en sierra leone. il s’agit d’une initiative communautaire autour de la rivière pampana. ce projet atténue les conflits entre humains et chimpanzés dans les paysages anthropiques au moyen de la promotion de l’agriculture durable et d’incitations économiques, ce qui réduit le nombre de chimpanzés tués, et encourage la coexistence à travers l’éducation et la préservation des habitats. a.r. halloran est l’auteur des livres suivants : song of the ape (2012, st. martin’s press), lion shaped mountain (2021, earth island journal), et animal curation: the science of care & welfare (2025, cambridge university press). par son travail au sein de the elgin centre et du tonkolili project, a.r. halloran concilie captivité et conservation, et défend des pratiques éthiques qui promeuvent une vie épanouie pour les chimpanzés et les autres animaux l’espoir d’a.r. halloran, en écrivant ce texte, est que le partage d’histoires sur les refuges pour chimpanzés lui permettra de mettre en lumière leur qualité d’individus à part entière et d’illustrer les complexités scientifiques à l’œuvre lorsqu’il s’agit de fournir de bonnes conditions de vie à cette espèce extraordinaire. x andrew r. halloran, ph.d. andrew r. halloran, ph.d., is a primatologist, conservationist, and animal welfare specialist with over 25 years of experience working with chimpanzees in sanctuaries, zoos, and the wild. halloran founded and directs the elgin centre, a nonprofit organization dedicated to improving the lives of captive animals. the centre collaborates with zoos and sanctuaries, offering expert consultations to develop cost-effective care strategies, enrichment programs, and safety protocols that ensure animals thrive while meeting institutional needs. additionally, he co-founded the tonkolili chimpanzee project in sierra leone, a community-based initiative along the pampana river. the project mitigates human-chimpanzee conflicts in anthropogenic landscapes by promoting sustainable agriculture and economic incentives, reducing chimpanzee killings, and fostering coexistence through education and habitat preservation. halloran has authored the books song of the ape (2012, st. martin’s press), lion shaped mountain (2021, earth island journal), and animal curation: the science of care & welfare (2025, cambridge university press). through his work with the elgin centre and the tonkolili project, halloran bridges captivity and conservation, advocating for ethical practices that promote a life of thriving for chimpanzees and other animals. in writing this piece, halloran hopes that by sharing the stories of chimpanzee sanctuaries, he can highlight them as the individuals they are, as well as showcasing the complexities of the science of providing good welfare to such an extraordinary species. x get to know a muxe artist and activist ©mexfam ©mexfam a muxe woman, peregrina vera is a member of the indigenous zapotec community from the town of juchitán in the southeast of oaxaca state in mexico. a skilled artisan of traditional woven clothing, peregrina also prepares decorations for local festivals. but in addition to her artistic endeavors, she is one of the leaders of the transformándome (“transforming myself”) project housed at mexfam, a nationwide civil society organization promoting access to health, education, and advocacy of sexual and reproductive rights. the project helps educate the muxe about their rights and how they can live authentically as themselves, including acquiring identification documents that accurately portray their names and genders. peregrina’s activism includes documenting incidents of hate crimes against the muxe throughout the region. this is a subject she unfortunately knows all too well after she experienced a recent violent attack and robbery in which all of her work tools were stolen. these incidents have increased as new people have moved into the region. “before they did nothing to us,” peregrina explains. “now if you’re at a party, just by seeing you, they want to attack you, they insult you, and on many occasions, the aggression changes from words to physical attacks.” by documenting these incidents, peregrina is helping to bring the issue of hate violence to the attention of authorities and the public. she is also working to connect members of her community through online meetings using computers acquired by the transformándome project. all of her activism is aimed at increasing the acceptance and inclusion of her muxe community. x una líder muxe comparte su historia ©mexfam ©mexfam mujer muxe, peregrina vera es miembro de la comunidad indígena zapoteca del pueblo de juchitán, en el sureste del estado de oaxaca. hábil artesana de la ropa tejida tradicional, peregrina también prepara adornos para las fiestas locales. pero además de sus esfuerzos artísticos, es una de las líderes de transformándome en mexfam, la organización nacional de planificación familiar de méxico. el proyecto ayuda a educar a la comunidad muxe sobre sus derechos y sobre cómo pueden vivir auténticamente sin esconderse, incluyendo cómo obtener documentos de identidad que reflejen con exactitud sus nombres y géneros. el activismo de peregrina incluye la documentación de incidentes de crímenes de odio contra la comunidad muxe en toda la región. se trata de un tema que, por desgracia, conoce demasiado bien tras haber sufrido recientemente un ataque violento y un robo en el que le sustrajeron todas sus herramientas de trabajo. estos incidentes han aumentado a medida que nuevas personas se han trasladado a la región. “antes no nos hacían nada”, explica. “ahora, si estás en una fiesta, solo con verte quieren agredirte, te insultan y, en muchas ocasiones, la agresión pasa de las palabras a los ataques físicos”. con la documentación de estos incidentes, peregrina está ayudando a llamar la atención de las autoridades y del público sobre el problema de la violencia motivada por el odio. también está trabajando para conectar a los miembros de su comunidad a través de reuniones en línea utilizando computadoras adquiridas gracias al proyecto transformándome. todo su activismo busca aumentar la aceptación y la inclusión de su comunidad muxe. x sign up for arcus emails × x arcus homepage marquee video transcript a bonobo in trees moving its mouth, with a binocular effect zooming in on the ape. a text overlay says, “dedicated to the idea that people can live in harmony with one another and the natural world.” a forest with the sun shining through trees, with a text overlay that quotes jon stryker and annette lanjouw of arcus foundation saying, “destruction of nature exposes us to a panoply of diseases, and creates and exacerbates social injustice and political repression around the world.” a razed forest. a learn more button that links to the arcus foundation 2019 annual report a city street with a large crosswalk and a large crowd of people crossing it. text overlay with a quote: “lgbtq communities served by our social justice program live at the intersection of this long chain of degradation—environmental and social.” a scene from a protest, people wearing face masks, waving signs and banners, drumming on a drum, dancing, shouting through a megaphone. two signs are a sheer black color with gold trim and list several names, including roxsana hernandez, claire legato, muhlaysia booker, and nina pop. another sign says “black trans lives matter”. a learn more button that links to the arcus foundation’s support page for lgbt social justice. a woman wearing a white dress, long wavy dark brown hair, teal lipstick, plum fingernails, rectangular metal glasses sits in a chair and talks. a text overlay identifies her as úmi vera, familia: trans queer liberation movement, united states, and quotes her saying: “there’s incredible power in the trans queer migrant community. to be dehumanized so much and not lose your hope, your sense of joy—it’s just astonishing.” a learn more button that links to a story: lgbtq migrants to the u.s. fight to stay safe a person with shoulder-length, dark brown, straight hair wearing a pink and silver fuzzy tiara and a white and purple dress with a big tulle bottom and a corset top, over a white t-shirt that says selena, dancing around in circles outdoors with a crowd of people sitting and standing nearby, and with the flags of puerto rico, panama, and peru hanging from wood beams in the background. a woman with short black and gray hair wearing a black dress shirt talks. a text overlay identifies her as indyra mendoza, red lésbica cattrachas, honduras, and quotes her saying: “for so many years, we missed being free and open with our partners—now is the time to make it happen!.” a learn more button that links to a story: “i know who i am, but my country doesn’t recognize me”. a woman wearing a long-sleeved gray shirt under a jumper featuring white and pastel yellow, blue and green circles, a black head covering and a red face mask, stands in front of a church building with a sign that says: “central methodist mission you are born in love by love for love”. a text overlay identifies her as mia lukas, sistaazhood, homeless trans women supported by gender dynamix, south africa, and quotes her saying: “with their support, we feel more included in society.” a learn more button that links to a story: supporting cape town’s homeless transgender women during covid-19 a map of the world with parts,support apply for a grant resources learn publications blog annual reporting learnings connect social email events media press kit library andrew r. halloran andrew r. halloran est primatologue, conservationniste et spécialiste du bien-être animal. cela fait plus de 25 ans qu’il travaille avec les chimpanzés dans des refuges, dans des zoos et en pleine nature. a.r. halloran a fondé et dirige the elgin centre, une organisation à but non lucratif dont la finalité est d’améliorer la vie des animaux captifs. ce centre coopère avec des zoos et des refuges. il fournit des consultations spécialisées en vue de concevoir des stratégies de soin au meilleur coût, des programmes d’enrichissement et des protocoles de sécurité qui garantissent l’épanouissement des animaux tout en répondant aux besoins des institutions. par ailleurs, il a cofondé le tonkolili chimpanzee project en sierra leone. il s’agit d’une initiative communautaire autour de la rivière pampana. ce projet atténue les conflits entre humains et chimpanzés dans les paysages anthropiques au moyen de la promotion de l’agriculture durable et d’incitations économiques, ce qui réduit le nombre de chimpanzés tués, et encourage la coexistence à travers l’éducation et la préservation des habitats. a.r. halloran est l’auteur des livres suivants : song of the ape (2012, st. martin’s press), lion shaped mountain (2021, earth island journal), et animal curation: the science of care & welfare (2025, cambridge university press). par son travail au sein de the elgin centre et du tonkolili project, a.r. halloran concilie captivité et conservation, et défend des pratiques éthiques qui promeuvent une vie épanouie pour les chimpanzés et les autres animaux l’espoir d’a.r. halloran, en écrivant ce texte, est que le partage d’histoires sur les refuges pour chimpanzés lui permettra de mettre en lumière leur qualité d’individus à part entière et d’illustrer les complexités scientifiques à l’œuvre lorsqu’il s’agit de fournir de bonnes conditions de vie à cette espèce extraordinaire. x andrew r. halloran, ph.d. andrew r. halloran, ph.d., is a primatologist, conservationist, and animal welfare specialist with over 25 years of experience working with chimpanzees in sanctuaries, zoos, and the wild. halloran founded and directs the elgin centre, a nonprofit organization dedicated to improving the lives of captive animals. the centre collaborates with zoos and sanctuaries, offering expert consultations to develop cost-effective care strategies, enrichment programs, and safety protocols that ensure animals thrive while meeting institutional needs. additionally, he co-founded the tonkolili chimpanzee project in sierra leone, a community-based initiative along the pampana river. the project mitigates human-chimpanzee conflicts in anthropogenic landscapes by promoting sustainable agriculture and economic incentives, reducing chimpanzee killings, and fostering coexistence through education,support apply for a grant resources learn publications blog annual reporting learnings connect social email events media press kit library andrew r. halloran andrew r. halloran est primatologue, conservationniste et spécialiste du bien-être animal. cela fait plus de 25 ans qu’il travaille avec les chimpanzés dans des refuges, dans des zoos et en pleine nature. a.r. halloran a fondé et dirige the elgin centre, une organisation à but non lucratif dont la finalité est d’améliorer la vie des animaux captifs. ce centre coopère avec des zoos et des refuges. il fournit des consultations spécialisées en vue de concevoir des stratégies de soin au meilleur coût, des programmes d’enrichissement et des protocoles de sécurité qui garantissent l’épanouissement des animaux tout en répondant aux besoins des institutions. par ailleurs, il a cofondé le tonkolili chimpanzee project en sierra leone. il s’agit d’une initiative communautaire autour de la rivière pampana. ce projet atténue les conflits entre humains et chimpanzés dans les paysages anthropiques au moyen de la promotion de l’agriculture durable et d’incitations économiques, ce qui réduit le nombre de chimpanzés tués, et encourage la coexistence à travers l’éducation et la préservation des habitats. a.r. halloran est l’auteur des livres suivants : song of the ape (2012, st. martin’s press), lion shaped mountain (2021, earth island journal), et animal curation: the science of care & welfare (2025, cambridge university press). par son travail au sein de the elgin centre et du tonkolili project, a.r. halloran concilie captivité et conservation, et défend des pratiques éthiques qui promeuvent une vie épanouie pour les chimpanzés et les autres animaux l’espoir d’a.r. halloran, en écrivant ce texte, est que le partage d’histoires sur les refuges pour chimpanzés lui permettra de mettre en lumière leur qualité d’individus à part entière et d’illustrer les complexités scientifiques à l’œuvre lorsqu’il s’agit de fournir de bonnes conditions de vie à cette espèce extraordinaire. x andrew r. halloran, ph.d. andrew r. halloran, ph.d., is a primatologist, conservationist, and animal welfare specialist with over 25 years of experience working with chimpanzees in sanctuaries, zoos, and the wild. halloran founded and directs the elgin centre, a nonprofit organization dedicated to improving the lives of captive animals. the centre collaborates with zoos and sanctuaries, offering expert consultations to develop cost-effective care strategies, enrichment programs, and safety protocols that ensure animals thrive while meeting institutional needs. additionally, he co-founded the tonkolili chimpanzee project in sierra leone, a community-based initiative along the pampana river. the project mitigates human-chimpanzee conflicts in anthropogenic landscapes by promoting sustainable agriculture and economic incentives, reducing chimpanzee killings, and fostering coexistence through education and habitat preservation. halloran has authored the books song of the ape (2012, st. martin’s press), lion shaped mountain (2021, earth island journal), and animal curation: the science of care & welfare (2025, cambridge university press). through his work with the elgin centre and the tonkolili project, halloran bridges captivity and conservation, advocating for ethical practices that promote a life of thriving for chimpanzees and other animals. in writing this piece, halloran hopes that by sharing the stories of chimpanzee sanctuaries, he can highlight them as the individuals they are, as well as showcasing the complexities of the science of providing good welfare to such an extraordinary species. x get to know a muxe artist and activist ©mexfam ©mexfam a muxe woman, peregrina vera is a member of the indigenous zapotec community from the town of juchitán in the southeast of oaxaca state in mexico. a skilled artisan of traditional woven clothing, peregrina also prepares decorations for local festivals. but in addition to her artistic endeavors, she is one of the leaders of the transformándome (“transforming myself”) project housed at mexfam, a nationwide civil society organization promoting access to health, education, and advocacy of sexual and reproductive rights. the project helps educate the muxe about their rights and how they can live authentically as themselves, including acquiring identification documents that accurately portray their names and genders. peregrina’s activism includes documenting incidents of hate crimes against the muxe throughout the region. this is a subject she unfortunately knows all too well after she experienced a recent violent attack and robbery in which all of her work tools were stolen. these incidents have increased as new people have moved into the region. “before they did nothing to us,” peregrina explains. “now if you’re at a party, just by seeing you, they want to attack you, they insult you, and on many occasions, the aggression changes from words to physical attacks.” by documenting these incidents, peregrina is helping to bring the issue of hate violence to the attention of authorities and the public. she is also working to connect members of her community through online meetings using computers acquired by the transformándome project. all of her activism is aimed at increasing the acceptance and inclusion of her muxe community. x una líder muxe comparte su historia ©mexfam ©mexfam mujer muxe, peregrina vera es miembro de la comunidad indígena zapoteca del pueblo de juchitán, en el sureste del estado de oaxaca. hábil artesana de la ropa tejida tradicional, peregrina también prepara adornos para las fiestas locales. pero además de sus esfuerzos artísticos, es una de las líderes de transformándome en mexfam, la organización nacional de planificación familiar de méxico. el proyecto ayuda a educar a la comunidad muxe sobre sus derechos y sobre cómo pueden vivir auténticamente sin esconderse, incluyendo cómo obtener documentos de identidad que reflejen con exactitud sus nombres y géneros. el activismo de peregrina incluye la documentación de incidentes de crímenes de odio contra la comunidad muxe en toda la región. se trata de un tema que, por desgracia, conoce demasiado bien tras haber sufrido recientemente un ataque violento y un robo en el que le sustrajeron todas sus herramientas de trabajo. estos incidentes han aumentado a medida que nuevas personas se han trasladado a la región. “antes no nos hacían nada”, explica. “ahora, si estás en una fiesta, solo con verte quieren agredirte, te insultan y, en muchas ocasiones, la agresión pasa de las palabras a los ataques físicos”. con la documentación de estos incidentes, peregrina está ayudando a llamar la atención de las autoridades y del público sobre el problema de la violencia motivada por el odio. también está trabajando para conectar a los miembros de su comunidad a través de reuniones en línea utilizando computadoras adquiridas gracias al proyecto transformándome. todo su activismo busca aumentar la aceptación y la inclusión de su comunidad muxe. x x arcus homepage marquee video transcript a bonobo in trees moving its mouth, with a binocular effect zooming in on the ape. a text overlay says, “dedicated to the idea that people can live in harmony with one another and the natural world.” a forest with the sun shining through trees, with a text overlay that quotes jon stryker and annette lanjouw of arcus foundation saying, “destruction of nature exposes us to a panoply of diseases, and creates and exacerbates social injustice and political repression around the world.” a razed forest. a learn more button that links to the arcus foundation 2019 annual report a city street with a large crosswalk and a large crowd of people crossing it. text overlay with a quote: “lgbtq communities served by our social justice program live at the intersection of this long chain of degradation—environmental and social.” a scene from a protest, people wearing face masks, waving signs and banners, drumming on a drum, dancing, shouting through a megaphone. two signs are a sheer black color with gold trim and list several names, including roxsana hernandez, claire legato, muhlaysia booker, and nina pop. another sign says “black trans lives matter”. a learn more button that links to the arcus foundation’s support page for lgbt social justice. a woman wearing a white dress, long wavy dark brown hair, teal lipstick, plum fingernails, rectangular metal glasses sits in a chair and talks. a text overlay identifies her as úmi vera, familia: trans queer liberation movement, united states, and quotes her saying: “there’s incredible power in the trans queer migrant community. to be dehumanized so much and not lose your hope, your sense of joy—it’s just astonishing.” a learn more button that links to a story: lgbtq migrants to the u.s. fight to stay safe a person with shoulder-length, dark brown, straight hair wearing a pink and silver fuzzy tiara and a white and purple dress with a big tulle bottom and a corset top, over a white t-shirt that says selena, dancing around in circles outdoors with a crowd of people sitting and standing nearby, and with the flags of puerto rico, panama, and peru hanging from wood beams in the background. a woman with short black and gray hair wearing a black dress shirt talks. a text overlay identifies her as indyra mendoza, red lésbica cattrachas, honduras, and quotes her saying: “for so many years, we missed being free and open with our partners—now is the time to make it happen!.” a learn more button that links to a story: “i know who i am, but my country doesn’t recognize me”. a woman wearing a long-sleeved gray shirt under a jumper featuring white and pastel yellow, blue and green circles, a black head covering and a red face mask, stands in front of a church building with a sign that says: “central methodist mission you are born in love by love for love”. a text overlay identifies her as mia lukas, sistaazhood, homeless trans women supported by gender dynamix, south africa, and quotes her saying: “with their support, we feel more included in society.” a learn more button that links to a story: supporting cape town’s homeless transgender women during covid-19 a map of the world with parts,support | social justice and great apes & gibbons programs apes conservation lgbtq social justice main menu about grants learn connect media our support apply for a grant resources ©designews.com ©designews.com our support arcus has partnered with more than 700 organizations, ranging in scope from advocacy groups to community centers to sanctuaries. we learn from one another by together taking bold risks on groundbreaking ideas, which drive progress toward a future of respect and dignity for all. we partner with experts, activists, and other brave advocates for change who confront injustice around the world. our programs great apes & gibbons program more social justice program more download arcus foundation brochure arcus foundation grantees have worked in more than 30 countries around the world, and affect millions of lives. in 2023, $15.2 million was awarded to organizations working to protect the great apes and gibbons, and $15 million was awarded to organizations working to advance social justice for lgbtq people around the world. 2014 2013 2012 2011 2010 2009 2008 arcus leaders reflect on the foundation’s priorities working for change in ape conservation and lgbtq social justice ©carl collison share on facebook share via e-mail 30 years after apartheid's end, south african lgbtiq advocates push for greater inclusion of those most marginalized in south africa, iranti and other human rights organizations are working to challenge discrimination and build a powerful lgbtiq movement. more ©annette lanjouw share on facebook share via e-mail remembering the forgotten ape: conservationists strengthen efforts to protect endangered gibbons “gibbons are often unseen and forgotten. it’s difficult to come up with conservation action if we don’t know much about these species.” more © share on facebook share via e-mail insights and action for u.s. lgbtq+ women: national survey results the results of the first national lgbtq+ women's community survey provide invaluable insights for movement and civil rights organizations, funders, and—above all—lgbtq+ women themselves. more ©wcs nigeria share on facebook share via e-mail “hope for our gorillas” after decades of conservation on nigeria-cameroon border with approximately 300 individuals left in the wild, cross river gorillas are considered the most endangered ape in africa. yet signs are pointing to a potential comeback for the subspecies. more ©matt o'brien share on facebook share via e-mail “i know who i am, but my country doesn’t recognize me” “there are many acts of violence against trans bodies—some are perpetrated by the state or allowed by its institutions,” he says. “our bodies become the first level of resistance, and living our gender identities shows that lgbti people are everywhere in honduran society.” more ©chimp haven share on facebook share via e-mail from exploitation to freedom: a journey of justice for retired u.s. lab chimpanzees more than 80 chimpanzees have made the journey from alamogordo primate facility to chimp haven, but much work remains to ensure all retired u.s. lab chimps can live the rest of their days in the safety and comfort of an accredited sanctuary. more arcus foundation push boundaries make change phone numbers u.s. office phone: +1-212-488-3000 u.k. office phone: +44-1223-653040 emails subscribe connect with us on social media social justice program great apes & gibbons program © 2025 arcus foundation privacy policy terms & conditions home about arcus culture board & staff contact employment grants our support apply for a grant resources learn publications blog annual reporting learnings connect social email events media press kit library andrew r. halloran andrew r. halloran est primatologue, conservationniste et spécialiste du bien-être animal. cela fait plus de 25 ans qu’il travaille avec les chimpanzés dans des refuges, dans des zoos et en pleine nature. a.r. halloran a fondé et dirige the elgin centre, une organisation à but non lucratif dont la finalité est d’améliorer la vie des animaux captifs. ce centre coopère avec des zoos et des refuges. il fournit des consultations spécialisées en vue de concevoir des stratégies de soin au meilleur coût, des programmes d’enrichissement et des protocoles de sécurité qui garantissent l’épanouissement des animaux tout en répondant aux besoins des institutions. par ailleurs, il a cofondé le tonkolili chimpanzee project en sierra leone. il s’agit d’une initiative communautaire autour de la rivière pampana. ce projet atténue les conflits entre humains et chimpanzés dans les paysages anthropiques au moyen de la promotion de l’agriculture durable et d’incitations économiques, ce qui réduit le nombre de chimpanzés tués, et encourage la coexistence à travers l’éducation et la préservation des habitats. a.r. halloran est l’auteur des livres suivants : song of the ape (2012, st. martin’s press), lion shaped mountain (2021, earth island journal), et animal curation: the science of care & welfare (2025, cambridge university press). par son travail au sein de the elgin centre et du tonkolili project, a.r. halloran concilie captivité et conservation, et défend des pratiques éthiques qui promeuvent une vie épanouie pour les chimpanzés et les autres animaux l’espoir d’a.r. halloran, en écrivant ce texte, est que le partage d’histoires sur les refuges pour chimpanzés lui permettra de mettre en lumière leur qualité d’individus à part entière et d’illustrer les complexités scientifiques à l’œuvre lorsqu’il s’agit de fournir de bonnes conditions de vie à cette espèce extraordinaire. x andrew r. halloran, ph.d. andrew r. halloran, ph.d., is a primatologist, conservationist, and animal welfare specialist with over 25 years of experience working with chimpanzees in sanctuaries, zoos, and the wild. halloran founded and directs the elgin centre, a nonprofit organization dedicated to improving the lives of captive animals. the centre collaborates with zoos and sanctuaries, offering expert consultations to develop cost-effective care strategies, enrichment programs, and safety protocols that ensure animals thrive while meeting institutional needs. additionally, he co-founded the tonkolili chimpanzee project in sierra leone, a community-based initiative along the pampana river. the project mitigates human-chimpanzee conflicts in anthropogenic landscapes by promoting sustainable agriculture and economic incentives, reducing chimpanzee killings, and fostering coexistence through education and habitat preservation. halloran has authored the books song of the ape (2012, st. martin’s press), lion shaped mountain (2021, earth island journal), and animal curation: the science of care & welfare (2025, cambridge university press). through his work with the elgin centre and the tonkolili project, halloran bridges captivity and conservation, advocating for ethical practices that promote a life of thriving for chimpanzees and other animals. in writing this piece, halloran hopes that by sharing the stories of chimpanzee sanctuaries, he can highlight them as the individuals they are, as well as showcasing the complexities of the science of providing good welfare to such an extraordinary species. x get to know a muxe artist and activist ©mexfam ©mexfam a muxe woman, peregrina vera is a member of the indigenous zapotec community from the town of juchitán in the southeast of oaxaca state in mexico. a skilled artisan of traditional woven clothing, peregrina also prepares decorations for local festivals. but in addition to her artistic endeavors, she is one of the leaders of the transformándome (“transforming myself”) project housed at mexfam, a nationwide civil society organization promoting access to health, education, and advocacy of sexual and reproductive rights. the project helps educate the muxe about their rights and how they can live authentically as themselves, including acquiring identification documents that accurately portray their names and genders. peregrina’s activism includes documenting incidents of hate crimes against the muxe throughout the region. this is a subject she unfortunately knows all too well after she experienced a recent violent attack and robbery in which all of her work tools were stolen. these incidents have increased as new people have moved into the region. “before they did nothing to us,” peregrina explains. “now if you’re at a party, just by seeing you, they want to attack you, they insult you, and on many occasions, the aggression changes from words to physical attacks.” by documenting these incidents, peregrina is helping to bring the issue of hate violence to the attention of authorities and the public. she is also working to connect members of her community through online meetings using computers acquired by the transformándome project. all of her activism is aimed at increasing the acceptance and inclusion of her muxe community. x una líder muxe comparte su historia ©mexfam ©mexfam mujer muxe, peregrina vera es miembro de la comunidad indígena zapoteca del pueblo de juchitán, en el sureste del estado de oaxaca. hábil artesana de la ropa tejida tradicional, peregrina también prepara adornos para las fiestas locales. pero además de sus esfuerzos artísticos, es una de las líderes de transformándome en mexfam, la organización nacional de planificación familiar de méxico. el proyecto ayuda a educar a la comunidad muxe sobre sus derechos y sobre cómo pueden vivir auténticamente sin esconderse, incluyendo cómo obtener documentos de identidad que reflejen con exactitud sus nombres y géneros. el activismo de peregrina incluye la documentación de incidentes de crímenes de odio contra la comunidad muxe en toda la región. se trata de un tema que, por desgracia, conoce demasiado bien tras haber sufrido recientemente un ataque violento y un robo en el que le sustrajeron todas sus herramientas de trabajo. estos incidentes han aumentado a medida que nuevas personas se han trasladado a la región. “antes no nos hacían nada”, explica. “ahora, si estás en una fiesta, solo con verte quieren agredirte, te insultan y, en muchas ocasiones, la agresión pasa de las palabras a los ataques físicos”. con la documentación de estos incidentes, peregrina está ayudando a llamar la atención de las autoridades y del público sobre el problema de la violencia motivada por el odio. también está trabajando para conectar a los miembros de su comunidad a través de reuniones en línea utilizando computadoras adquiridas gracias al proyecto transformándome. todo su activismo busca aumentar la aceptación y la inclusión de su comunidad muxe. x sign up for arcus emails × x arcus homepage marquee video transcript a bonobo in trees moving its mouth, with a binocular effect zooming in on the ape. a text overlay says, “dedicated to the idea that people can live in harmony with one another and the natural world.” a forest with the sun shining through trees, with a text overlay that quotes jon stryker and annette lanjouw of arcus foundation saying, “destruction of nature exposes us to a panoply of diseases, and creates and exacerbates social injustice and political repression around the world.” a razed forest. a learn more button that links to the arcus foundation 2019 annual report a city street with a large crosswalk and a large crowd of people crossing it. text overlay with a quote: “lgbtq communities served by our social justice program live at the intersection of this long chain of degradation—environmental and social.” a scene from a protest, people wearing face masks, waving signs and banners, drumming on a drum, dancing, shouting through a megaphone. two signs are a sheer black color with gold trim and list several names, including roxsana hernandez, claire legato, muhlaysia booker, and nina pop. another sign says “black trans lives matter”. a learn more button that links to the arcus foundation’s support page for lgbt social justice. a woman wearing a white dress, long wavy dark brown hair, teal lipstick, plum fingernails, rectangular metal glasses sits in a chair and talks. a text overlay identifies her as úmi vera, familia: trans queer liberation movement, united states, and quotes her saying: “there’s incredible power in the trans queer migrant community. to be dehumanized so much and not lose your hope, your sense of joy—it’s just astonishing.” a learn more button that links to a story: lgbtq migrants to the u.s. fight to stay safe a person with shoulder-length, dark brown, straight hair wearing a pink and silver fuzzy tiara and a white and purple dress with a big tulle bottom and a corset top, over a white t-shirt that says selena, dancing around in circles outdoors with a crowd of people sitting and standing nearby, and with the flags of puerto rico, panama, and peru hanging from wood beams in the background. a woman with short black and gray hair wearing a black dress shirt talks. a text overlay identifies her as indyra mendoza, red lésbica cattrachas, honduras, and quotes her saying: “for so many years, we missed being free and open with our partners—now is the time to make it happen!.” a learn more button that links to a story: “i know who i am, but my country doesn’t recognize me”. a woman wearing a long-sleeved gray shirt under a jumper featuring white and pastel yellow, blue and green circles, a black head covering and a red face mask, stands in front of a church building with a sign that says: “central methodist mission you are born in love by love for love”. a text overlay identifies her as mia lukas, sistaazhood, homeless trans women supported by gender dynamix, south africa, and quotes her saying: “with their support, we feel more included in society.” a learn more button that links to a story: supporting cape town’s homeless transgender women during covid-19 a map of the world with parts,support | social justice and great apes & gibbons programs apes conservation lgbtq social justice main menu about grants learn connect media our support apply for a grant resources ©designews.com ©designews.com our support arcus has partnered with more than 700 organizations, ranging in scope from advocacy groups to community centers to sanctuaries. we learn from one another by together taking bold risks on groundbreaking ideas, which drive progress toward a future of respect and dignity for all. we partner with experts, activists, and other brave advocates for change who confront injustice around the world. our programs great apes & gibbons program more social justice program more download arcus foundation brochure arcus foundation grantees have worked in more than 30 countries around the world, and affect millions of lives. in 2023, $15.2 million was awarded to organizations working to protect the great apes and gibbons, and $15 million was awarded to organizations working to advance social justice for lgbtq people around the world. 2014 2013 2012 2011 2010 2009 2008 arcus leaders reflect on the foundation’s priorities working for change in ape conservation and lgbtq social justice ©carl collison share on facebook share via e-mail 30 years after apartheid's end, south african lgbtiq advocates push for greater inclusion of those most marginalized in south africa, iranti and other human rights organizations are working to challenge discrimination and build a powerful lgbtiq movement. more ©annette lanjouw share on facebook share via e-mail remembering the forgotten ape: conservationists strengthen efforts to protect endangered gibbons “gibbons are often unseen and forgotten. it’s difficult to come up with conservation action if we don’t know much about these species.” more © share on facebook share via e-mail insights and action for u.s. lgbtq+ women: national survey results the results of the first national lgbtq+ women's community survey provide invaluable insights for movement and civil rights organizations, funders, and—above all—lgbtq+ women themselves. more ©wcs nigeria share on facebook share via e-mail “hope for our gorillas” after decades of conservation on nigeria-cameroon border with approximately 300 individuals left in the wild, cross river gorillas are considered the most endangered ape in africa. yet signs are pointing to a potential comeback for the subspecies. more ©matt o'brien share on facebook share via e-mail “i know who i am, but my country doesn’t recognize me” “there are many acts of violence against trans bodies—some are perpetrated by the state or allowed by its institutions,” he says. “our bodies become the first level of resistance, and living our gender identities shows that lgbti people are everywhere in honduran society.” more ©chimp haven share on facebook share via e-mail from exploitation to freedom: a journey of justice for retired u.s. lab chimpanzees more than 80 chimpanzees have made the journey from alamogordo primate facility to chimp haven, but much work remains to ensure all retired u.s. lab chimps can live the rest of their days in the safety and comfort of an accredited sanctuary. more arcus foundation push boundaries make change phone numbers u.s. office phone: +1-212-488-3000 u.k. office phone: +44-1223-653040 emails subscribe connect with us on social media social justice program great apes & gibbons program © 2025 arcus foundation privacy policy terms & conditions home about arcus culture board & staff contact employment grants our support apply for a grant resources learn publications blog annual reporting learnings connect social email events media press kit library andrew r. halloran andrew r. halloran est primatologue, conservationniste et spécialiste du bien-être animal. cela fait plus de 25 ans qu’il travaille avec les chimpanzés dans des refuges, dans des zoos et en pleine nature. a.r. halloran a fondé et dirige the elgin centre, une organisation à but non lucratif dont la finalité est d’améliorer la vie des animaux captifs. ce centre coopère avec des zoos et des refuges. il fournit des consultations spécialisées en vue de concevoir des stratégies de soin au meilleur coût, des programmes d’enrichissement et des protocoles de sécurité qui garantissent l’épanouissement des animaux tout en répondant aux besoins des institutions. par ailleurs, il a cofondé le tonkolili chimpanzee project en sierra leone. il s’agit d’une initiative communautaire autour de la rivière pampana. ce projet atténue les conflits entre humains et chimpanzés dans les paysages anthropiques au moyen de la promotion de l’agriculture durable et d’incitations économiques, ce qui réduit le nombre de chimpanzés tués, et encourage la coexistence à travers l’éducation et la préservation des habitats. a.r. halloran est l’auteur des livres suivants : song of the ape (2012, st. martin’s press), lion shaped mountain (2021, earth island journal), et animal curation: the science of care & welfare (2025, cambridge university press). par son travail au sein de the elgin centre et du tonkolili project, a.r. halloran concilie captivité et conservation, et défend des pratiques éthiques qui promeuvent une vie épanouie pour les chimpanzés et les autres animaux l’espoir d’a.r. halloran, en écrivant ce texte, est que le partage d’histoires sur les refuges pour chimpanzés lui permettra de mettre en lumière leur qualité d’individus à part entière et d’illustrer les complexités scientifiques à l’œuvre lorsqu’il s’agit de fournir de bonnes conditions de vie à cette espèce extraordinaire. x andrew r. halloran, ph.d. andrew r. halloran, ph.d., is a primatologist, conservationist, and animal welfare specialist with over 25 years of experience working with chimpanzees in sanctuaries, zoos, and the wild. halloran founded and directs the elgin centre, a nonprofit organization dedicated to improving the lives of captive animals. the centre collaborates with zoos and sanctuaries, offering expert consultations to develop cost-effective care strategies, enrichment programs, and safety protocols that ensure animals thrive while meeting institutional needs. additionally, he co-founded the tonkolili chimpanzee project in sierra leone, a community-based initiative along the pampana river. the project mitigates human-chimpanzee conflicts in anthropogenic landscapes by promoting sustainable agriculture and economic incentives, reducing chimpanzee killings, and fostering coexistence through education","education,arts,health,community,inclusion,learning,education,arts,health,community,inclusion,learning,education,arts,health,community,inclusion,learning,education,arts,health,community,inclusion,learning,education,arts,health,community,inclusion,learning",2025-10-22T19:34:46.512853,
Shalem Foundation,133941865,New York,NY,I20,,https://projects.propublica.org/nonprofits/organizations/133941865,foundation,2025-10-17 17:56:47,https://shalem.org,info@shalem.orgconnect,,,,,,not_contacted,no,no,,,,high,harvested,"info@shalem.orgconnect,directormargaret@shalem.org,registrarmichelle@shalem.org,coordinatorardonna@shalem.org,administrationchris@shalem.org,administratorkaty@shalem.org,learningjackson@shalem.org,info@shalem.orgcontact,bookkeeperstacy@shalem.org",,3.0,4.6,"core values history in brief shalem is grounded in christian contemplative spirituality and, at the same time, draws on the wisdom of many religious traditions.","[{""category"": ""primary"", ""keywords_found"": [""arts program (partial: 2/2 words)"", ""inclusive arts (partial: 2/2 words)""], ""category_score"": 17.0}, {""category"": ""youth_development"", ""keywords_found"": [""cultural awareness (partial: 2/2 words)""], ""category_score"": 6.0}]","homepage,/about,/about-us,/vision,/programs",,"community,inclusive,community,inclusive,community,inclusive,arts,community,inclusion,creative,inclusive,community,cultural,inclusive",2025-10-22T19:35:02.078781,
Pinkerton Foundation,136206624,New York,NY,,,https://projects.propublica.org/nonprofits/organizations/136206624,foundation,2025-10-17 17:56:47,https://pinkerton.com,pinkerton.info@pinkerton.com,,,,,,not_contacted,no,no,,,,high,harvested,"pinkerton.info@pinkerton.com,media.pinkerton@pinkerton.com.pinkerton",,5.0,0.0,,,"homepage,/programs",,"health,health",2025-10-22T19:35:17.989691,
Avaaz Foundation,205050267,New York,NY,R03,,https://projects.propublica.org/nonprofits/organizations/205050267,foundation,2025-10-17 17:56:47,,,,,,,,not_contacted,no,no,,,,high,error,,,,0.0,,,,,,2025-10-22T19:35:42.027951,'grant_history'
Metlife Foundation,132878224,New York,NY,,,https://projects.propublica.org/nonprofits/organizations/132878224,foundation,2025-10-17 17:56:47,https://metlife.com,info@metlife.com.bd,,,,,,not_contacted,no,no,,,,high,harvested,"office@metlife.ua,contact@metlifealico.com.cy,metlife@metlife.cz,metlife@metlife.hu,service-nepal@metlifealico.com,pteinfo@metlife.pl,servicio@metlife.cl,atencion.clientes@metlife.com.uy,metlifeamslico@metlifeamslico.sk,servicio.cliente@metlife.com.co,clientes.spain@metlife.es,customerservices@metlifeaiganb.com,headoffice@metlife.bg,atendimento@metlife.com.br,sede.roma@metlife.it,claims.department@metlife.com,serviciosalcliente@fondosgenesis.com,fondosdeinversion@fondosgenesis.com,info@metlife.com.bd,contacto@metlife.com.mx,apoiocliente@metlife.pt,customerservice@metlife.com,lifeinfo@metlife.pl,funduszeinfo@metlife.pl,office@alicopensii.ro,service-lebanon@metlife.com,sales.resource.centre@uk.metlife.com,info@metlife.com.tr,client@metropolitanlife.ro,service-egypt@metlife.com",,5.0,32.0,,"[{""category"": ""primary"", ""keywords_found"": [""art education (partial: 2/2 words)""], ""category_score"": 10.0}, {""category"": ""disability_support"", ""keywords_found"": [""special needs (partial: 2/2 words)"", ""special education (partial: 2/2 words)""], ""category_score"": 16.0}, {""category"": ""community_education"", ""keywords_found"": [""community engagement (partial: 2/2 words)""], ""category_score"": 6.0}]",homepage,"funding solutions support support and manage quick and easy access to metlife customer support services and resources. learn more customer care customer care contact us find a dentist find a vision provider find an insurance policy beneficiary assistance more support my account my account account log in register for mybenefits find a form file a claim for current customer fraud awareness ethics & fraud helpline about us about metlife careers at metlife investor relations sustainability about metlife corporate profile metlife worldwide company ratings global procurement metlife affiliates corporate governance board of directors our executive leadership team corporate conduct code of conduct artificial intelligence policy our purpose our people our customers our communities our shareholders more about us careers at metlife newsroom awards and recognition metlife foundation real people making real impact series next gen ventures (ngv) careers at metlife investor relations sustainability 2024 sustainability report 01 sustainability at metlife 02 for our customers 03 as an investor 04 for our colleagues 05 for the environment 06 for our communities 07 responsible governance sustainability resource center environmental stewardship social responsibility corporate governance our sustainability aspirations statements, policies, codes & archives disclosures: sustainability frameworks sustainability at metlife faqs metlife foundation our work employee engagement & volunteerism metlife foundation news & media metlife foundation resources who we are policies & codes news & insights research resources stories everything you need to know to protect you and your family, all in one place. learn more insurance tips insurance tips accident & health insurance benefits dental insurance disability insurance identity theft legal insurance life insurance retirement vision insurance life tips life tips personal finance log in to metlife select login type personal account business account broker account whether you purchased your policy on your own or obtained it through your employer, log in to your personal account. benefits through your employer (mybenefits) metlink - access your company's benefits data mybenefits - benefits through your employer sbr - manage executive benefits metlife's online service - life, annuities, disability, long-term care, critical illness, auto, home, total control account (eservice) benefits through your employer (mybenefits) business account type select an option metlink sbr please select a business account type access the metlink section of the website access the digitalsolution section of the website access the mybenefits section of the website access the specialized benefit resources (sbr) section of the website business account purpose my benefits home check your group disability claim check your group disability check your dental claim check your retirement income retirement education please select a business account type broker account type select an option metlink please select a broker account type access the metlink section of the website access the digitalsolution section of the website username to log in, please enter your username password to log in, please enter your password forgot username or password? forgot username or password? forgot your password? first-time user? register now need an account? register first-time user? register now by signing in, i agree to the terms of use go to mybenefits without signing in at metlife, protecting your information is a top priority. you may have seen recent news coverage of customers of financial services companies falling victim to social engineering scams. scammers impersonate a trusted company to convince their targets into revealing or handing over sensitive information such as insurance, banking or login credentials. this scamming can happen via text, email or websites set up to look like the trusted company. read on show other account types hide other account types for businesses metlink mybenefits sbr worldwide benefits ebenefits for metlife retirees retirement plan access for investors metlife securities client view netxinvestor for providers dental professionals account for retirement plan participants mlr.metlife.com online.metlife.com (myaccounts) for employers group benefits administration plan service center (psc) myplans worldwide benefits ebenefits for brokers & consultants metbroker myplans structured settlements broker resources (sbr) worldwide benefits ebenefits for metlife securities inc. representatives brokerage & securities account need an account? register enter your search here auto complete search 0 of 0 search results displaying 10 results 20 results 30 results 10 results 10 results 20 results 30 results grid view list view no results sorry, we couldn't find any results matching please: check the spelling and try again search using fewer terms click here for customer support did you mean ? sorry, we couldn't find any results matching please: check the spelling and try again search using fewer terms click here for customer support of available now! metlife announces partnership with global citizen this powerful partnership helps move people forward and extends our collective impact within communities around the world. join the movement how can we help you? find a dentist pdp pdp plus dental hmo/managed care federal dental (fedvip) don't know your network choose your dental network enter zip, city or state enter zip, city or state find a dentist dental insurance networks the descriptions below may help you identify your dental network. pdp a preferred dental program covers any licensed dentist/specialist, but if you choose an in-network provider, costs are typically lower. pdp plus this preferred dental program is the same as pdp, but with a larger group of in-network dentists/specialists to choose from. dental hmo/managed care a dental health maintenance organization (hmo) or managed care, covers in-network providers only, and you must choose a primary care dentist for all services. available in ca, fl, nj, ny, tx. federal dental (fedvip) this preferred dental program is also the same as pdp, but only available to certain federal government employees. still not sure of your network? log in to mybenefits and we’ll fill it in automatically when you search for a dentist. find a vision provider metlife vision – davis metlife vision – superior metlife vision – vsp choice visionaccess open enrollment contact us mypets login retirement & income solutions show more register online today to access and manage your metlife benefits register for mybenefits access the critical role for disability insurance and paid leave in demonstrating employee care employees are seeking a broader mix of wellness benefits and programs,support about us resources log in search log in search solutions insurance business and brokers metlife investment management retirement & income solutions insurance enhance your health coverage dental vision pet insurance protect your finances accident hospital indemnity critical illness cancer disability and absence safeguard your valuables auto and home insurance identity & fraud protection secure your family's future term life group variable universal life group universal life insurance accidental death & dismemberment legal plans reach your financial goals health savings and spending accounts total control account (tca) employer-sponsored retirement plans more solutions annuity long-term care business and brokers employee benefits group auto & home group dental group accident and health group life group disability and absence group legal services group vision group pet group health savings & spending accounts executive benefits identity & fraud protection upwise small business small business products exceptional service & support small business index specialty business professional employer organization (peo) association union chamber of commerce for brokers small market experience getting appointed broker compensation broker forms why metlife? broker service hr tech integrations metlife benefits bridge metlife worldwide benefits financial wellness workforce insights benefit trends study metlife investment management metlife investment management financing solutions about us insights investment strategies retirement & income solutions retirement & income solutions lifetime income annuities insights employer-sponsored retirement plans pension risk structured settlements longevity reinsurance stable value funding solutions support support and manage quick and easy access to metlife customer support services and resources. learn more customer care customer care contact us find a dentist find a vision provider find an insurance policy beneficiary assistance more support my account my account account log in register for mybenefits find a form file a claim for current customer fraud awareness ethics & fraud helpline about us about metlife careers at metlife investor relations sustainability about metlife corporate profile metlife worldwide company ratings global procurement metlife affiliates corporate governance board of directors our executive leadership team corporate conduct code of conduct artificial intelligence policy our purpose our people our customers our communities our shareholders more about us careers at metlife newsroom awards and recognition metlife foundation real people making real impact series next gen ventures (ngv) careers at metlife investor relations sustainability 2024 sustainability report 01 sustainability at metlife 02 for our customers 03 as an investor 04 for our colleagues 05 for the environment 06 for our communities 07 responsible governance sustainability resource center environmental stewardship social responsibility corporate governance our sustainability aspirations statements, policies, codes & archives disclosures: sustainability frameworks sustainability at metlife faqs metlife foundation our work employee engagement & volunteerism metlife foundation news & media metlife foundation resources who we are policies & codes news & insights research resources stories everything you need to know to protect you and your family, all in one place. learn more insurance tips insurance tips accident & health insurance benefits dental insurance disability insurance identity theft legal insurance life insurance retirement vision insurance life tips life tips personal finance log in to metlife select login type personal account business account broker account whether you purchased your policy on your own or obtained it through your employer, log in to your personal account. benefits through your employer (mybenefits) metlink - access your company's benefits data mybenefits - benefits through your employer sbr - manage executive benefits metlife's online service - life, annuities, disability, long-term care, critical illness, auto, home, total control account (eservice) benefits through your employer (mybenefits) business account type select an option metlink sbr please select a business account type access the metlink section of the website access the digitalsolution section of the website access the mybenefits section of the website access the specialized benefit resources (sbr) section of the website business account purpose my benefits home check your group disability claim check your group disability check your dental claim check your retirement income retirement education","education,health,community",2025-10-22T19:38:52.553162,
Manton Foundation,133636372,New York,NY,,,https://projects.propublica.org/nonprofits/organizations/133636372,foundation,2025-10-17 17:56:47,https://manton.org,info@manton.org,,,,,,not_contacted,no,no,,,,high,estimated,,"info@manton.org,contact@manton.org,hello@manton.org,inquiries@manton.org,development@manton.org,admin@manton.org",5.0,0.0,,,"homepage,/about",,health,2025-10-22T19:39:10.396240,
Alphadyne Foundation,851674725,New York,NY,T20,,https://projects.propublica.org/nonprofits/organizations/851674725,foundation,2025-10-17 17:56:47,,,,,,,,not_contacted,no,no,,,,high,error,,,,0.0,,,,,,2025-10-22T19:39:13.624736,'grant_history'
Woodlawn Foundation,133055729,New Rochelle,NY,X220,,https://projects.propublica.org/nonprofits/organizations/133055729,foundation,2025-10-17 17:56:47,https://woodlawn.com,info@woodlawn.com,,,,,,not_contacted,no,no,,,,high,estimated,,"info@woodlawn.com,contact@woodlawn.com,hello@woodlawn.com,inquiries@woodlawn.com,development@woodlawn.com,admin@woodlawn.com",0.0,0.0,,,"homepage,/about,/about-us,/mission,/vision,/our-mission,/what-we-do,/grants,/impact",,,2025-10-22T19:39:52.525680,
Adirondack Foundation,161535724,Lake Placid,NY,T310,,https://projects.propublica.org/nonprofits/organizations/161535724,foundation,2025-10-17 17:56:47,https://adirondack.org,info@adirondack.org,,,,,,not_contacted,no,no,,,,high,estimated,,"info@adirondack.org,contact@adirondack.org,hello@adirondack.org,inquiries@adirondack.org,development@adirondack.org,admin@adirondack.org",5.0,15.0,,"[{""category"": ""primary"", ""keywords_found"": [""accessibility""], ""category_score"": 7}, {""category"": ""disability_support"", ""keywords_found"": [""accessibility""], ""category_score"": 8}, {""category"": ""primary"", ""keywords_found"": [""accessibility""], ""category_score"": 7}, {""category"": ""disability_support"", ""keywords_found"": [""accessibility""], ""category_score"": 8}]","homepage,/about",,"community,accessibility,inclusion,cultural,accessibility,inclusion",2025-10-22T19:40:16.750028,
Mulago Foundation,946182697,New York,NY,T20,,https://projects.propublica.org/nonprofits/organizations/946182697,foundation,2025-10-17 17:56:47,https://mulago.com,info@mulago.com,,,,,,not_contacted,no,no,,,,high,estimated,,"info@mulago.com,contact@mulago.com,hello@mulago.com,inquiries@mulago.com,development@mulago.com,admin@mulago.com",0.0,0.0,,,,,,2025-10-22T19:40:31.634474,
Altman Foundation,131623879,New York,NY,,,https://projects.propublica.org/nonprofits/organizations/131623879,foundation,2025-10-17 17:56:47,https://altman.org,info@altman.org,,,,,,not_contacted,no,no,,,,high,harvested,info@altman.org,,5.0,60.5,"is to enrich the quality of life in new york city through support for programs and institutions that advance opportunity and equity for individuals, families, and communities.","[{""category"": ""primary"", ""keywords_found"": [""arts education (partial: 2/2 words)"", ""art education (partial: 2/2 words)"", ""arts program (partial: 2/2 words)"", ""arts access (partial: 2/2 words)""], ""category_score"": 36.0}, {""category"": ""youth_development"", ""keywords_found"": [""youth development"", ""children""], ""category_score"": 15}, {""category"": ""community_education"", ""keywords_found"": [""community school (partial: 2/2 words)"", ""public schools (partial: 2/2 words)"", ""educational access (partial: 2/2 words)"", ""quality education (partial: 2/2 words)"", ""community engagement (partial: 2/2 words)"", ""educational equity (partial: 2/2 words)""], ""category_score"": 44.0}, {""category"": ""primary"", ""keywords_found"": [""arts education (partial: 2/2 words)"", ""art education (partial: 2/2 words)"", ""arts program (partial: 2/2 words)""], ""category_score"": 28.0}, {""category"": ""community_education"", ""keywords_found"": [""quality education (partial: 2/2 words)"", ""community engagement (partial: 2/2 words)""], ""category_score"": 13.0}, {""category"": ""primary"", ""keywords_found"": [""art education (partial: 2/2 words)""], ""category_score"": 10.0}, {""category"": ""youth_development"", ""keywords_found"": [""youth development (partial: 2/2 words)"", ""children"", ""lifelong learning (partial: 2/2 words)""], ""category_score"": 21.0}, {""category"": ""community_education"", ""keywords_found"": [""public schools (partial: 2/2 words)"", ""educational access (partial: 2/2 words)"", ""quality education""], ""category_score"": 22.0}, {""category"": ""primary"", ""keywords_found"": [""art education (partial: 2/2 words)""], ""category_score"": 10.0}, {""category"": ""youth_development"", ""keywords_found"": [""youth development (partial: 2/2 words)"", ""children"", ""lifelong learning (partial: 2/2 words)""], ""category_score"": 21.0}, {""category"": ""community_education"", ""keywords_found"": [""public schools (partial: 2/2 words)"", ""educational access (partial: 2/2 words)"", ""quality education""], ""category_score"": 22.0}]","homepage,/about,/programs,/grants","funding limitations grant portal faqs resources contact login go building vibrant communities learn more increasing access to educational opportunities learn more enriching lives through cultural engagement learn more enhancing health and healthcare learn more serving the not-for-profit sector learn more our mission is to enrich the quality of life in new york city through support for programs,support for programs and institutions that advance opportunity and equity for individuals, families, and communities. our approach application process foundation history recent grants education,support for programs and institutions that advance opportunity and equity for individuals, families, and communities. our approach application process foundation history recent grants educationhealthstrengthening communitiescultural engagementservices to not-for-profitsall recent the city university of new york office of academic affairs $125,000 cuny office of k-16 initiatives $150,000 (over two years) expandedschools $450,000 (over two years) hypothekids inc. $100,000 (over two years) the knowledge house fellowship, inc. $50,000 marcy lab, inc. $100,000 (over two years) the new school/center for new york city affairs $50,000 new york early childhood professional development institute $125,000 power of two, a project of fund for the city of new york, inc. $100,000 springboard collaborative $150,000 (over two years) student/sponsor partnership, inc. $100,000 (over two years) teaching matters, inc. $375,000 (over two years) teaching lab $200,000 uaspire (previously known as access) $175,000 (over two years) full list of education grants airnyc $25,000 (over three months) anthos home inc. $100,000 (over eighteen months) the arab-american family support center, inc. $100,000 brooklyn communities collaborative $150,000 (over fifteen months) brownsville community development corporation (dba bms family health and wellness centers) $110,000 camba, inc. $52,000 the coalition for behavioral health, inc. $135,000 (over twenty months) community health care association of new york state $150,000 legal action center $50,000 the new york community trust (care coordination fund) $400,000 (over two years) primary care development corporation $100,000 (over fifteen months) urban health plan $50,000 (over fifteen months) full list of health grants the association for neighborhood & housing development, inc. $250,000 (over two years) city parks foundation, inc. (nyc green fund) $350,000 (over two years) the fifth avenue committee, inc. $150,000 (over two years) make the road new york $150,000 (over eighteen months) masa-mexed, inc. $130,000 mixteca organization, inc. $100,000 (over two years) natural areas conservancy $75,000 (over eighteen months) neighborhoods first fund for community planning $350,000 (over two years) the new york community trust (new york city workforce development fund) $175,000 per scholas inc. $50,000 phipps neighborhoods, inc. $75,000 van cortlandt park alliance (fka friends of van cortlandt park) $150,000 (over two years) full list of strengthening communities grants the arts,support center for nonprofit management, inc. $35,000 tech nyc foundation $75,000 full list of services to not-for-profits grants about history mission and values trustees and staff financial statements announcements approach overview program areas impact investing grants education,support center, inc. $100,000 brooklyn communities collaborative $150,000 (over fifteen months) brownsville community development corporation (dba bms family health and wellness centers) $110,000 camba, inc. $52,000 the coalition for behavioral health, inc. $135,000 (over twenty months) community health care association of new york state $150,000 legal action center $50,000 the new york community trust (care coordination fund) $400,000 (over two years) primary care development corporation $100,000 (over fifteen months) urban health plan $50,000 (over fifteen months) full list of health grants the association for neighborhood & housing development, inc. $250,000 (over two years) city parks foundation, inc. (nyc green fund) $350,000 (over two years) the fifth avenue committee, inc. $150,000 (over two years) make the road new york $150,000 (over eighteen months) masa-mexed, inc. $130,000 mixteca organization, inc. $100,000 (over two years) natural areas conservancy $75,000 (over eighteen months) neighborhoods first fund for community planning $350,000 (over two years) the new york community trust (new york city workforce development fund) $175,000 per scholas inc. $50,000 phipps neighborhoods, inc. $75,000 van cortlandt park alliance (fka friends of van cortlandt park) $150,000 (over two years) full list of strengthening communities grants the artsconnection, inc. $150,000 (over two years) beam center inc. $140,000 (over two years) bronx children's museum $125,000 (over two years) bronx council on the arts $120,000 (over two years) the brooklyn queens conservatory of music $70,000 (over two years) casita maria inc. $50,000 citysquash $80,000 (over two years) cool culture, inc. $100,000 (over two years) the flea theater inc. $100,000 (over two years) the harlem school of the arts, inc. $125,000 (over two years) harlem stage, inc. fka aaron davis hall, inc. $125,000 (over two years) museum hue, inc. $100,000 (over two years) the noel pointer foundation $100,000 (over two years) soharlem, inc. $50,000 staten island institute of arts and sciences $100,000 (over two years) willie mae rock camp for girls $80,000 (over two years) full list of cultural engagement, youth development, and the arts grants board strong, inc. (fka governance matters, inc.) $80,000 (over two years) civic news company (aka chalkbeat inc.) $50,000 citizens committee for new york city, inc. $75,000 city futures, inc. $70,000 (over two years) city limits $70,000 (over two years) city report, inc. (aka the city) $150,000 (over two years) council of senior centers and services of new york city, inc. dba liveon ny $100,000 (over two years) downtown brooklyn arts alliance, inc. $80,000 (over two years) the education,support programs and institutions that enrich the quality of life in the city, with a particular focus on initiatives that help individuals, families and communities benefit from the services and opportunities that will enable them to achieve their full potential. benjamin altman’s extraordinary tradition of service in his business and to his community continues through the grants the foundation makes. for over 100 years the foundation has been concerned with poverty, immigration, education,support of the community into the modern age. as a result of the tax reform act of 1969, which prohibits the control of businesses by private foundations, the altman foundation relinquished ownership of b. altman & co. in 1985. while there were restrictions in the foundation’s original charter limiting grants to within the state of new york, the trustees have further refined the guidelines to giving within new york city. since 1985, the trustees have refined the foundation’s guidelines in the four areas that were of such concern to altman, education, health, strengthening communities, and arts,support programs and institutions that enrich the quality of life in the city, with a particular focus on initiatives that help individuals, families and communities benefit from the services and opportunities that will enable them to achieve their full potential. benjamin altman’s extraordinary tradition of service in his business and to his community continues through the grants the foundation makes. for over 100 years the foundation has been concerned with poverty, immigration, education, public health and the arts,funding limitations grant portal faqs resources contact login go the history of the altman foundation linkedin twitter facebook the mission of the altman foundation reflects much of the personality and vision of its founder, benjamin altman. altman was born on the lower east side in 1840 to immigrant parents. he was a unique and generous individual whose dry goods store, b. altman & co., founded in 1865 on third avenue at 10th street, became a major department store. altman moved his store from 10th street to 19th street and sixth avenue and finally, in 1906, to the landmark building at 34th street and fifth avenue. altmans reflected the commitment of its founder to service to its customers and generosity to its employees. until its closing in 1989, altmans was beloved by generations of new yorkers. the altman foundation was established in 1913 under benjamin altman’s will “for the benefit of such charitable and educational institutions in the city of new york as said directors shall approve”. his will bequeathed all his capital stock in b. altman & co. to the altman foundation. outright bequests in altman’s will presage the areas that would become major concerns of the foundation. he made bequests to several hospitals, the educational alliance and the national academy of design. he gave his art collection to the metropolitan museum of art. his dedication to the welfare of the people of new york city and his interests in health, education and the arts are his legacy. following altman’s death, colonel michael friedsam, his close relative and colleague, led the business and the foundation until his own death in 1931. friedsam was also an art collector and a philanthropist with a deep interest in new york. the next presidents, john s. burke and his son, john s. burke, jr., carried the altman tradition of service and support of the community into the modern age. as a result of the tax reform act of 1969, which prohibits the control of businesses by private foundations, the altman foundation relinquished ownership of b. altman & co. in 1985. while there were restrictions in the foundation’s original charter limiting grants to within the state of new york, the trustees have further refined the guidelines to giving within new york city. since 1985, the trustees have refined the foundation’s guidelines in the four areas that were of such concern to altman, education, health, strengthening communities, and arts and culture. foundation grants support programs,support of the community into the modern age. as a result of the tax reform act of 1969, which prohibits the control of businesses by private foundations, the altman foundation relinquished ownership of b. altman & co. in 1985. while there were restrictions in the foundation’s original charter limiting grants to within the state of new york, the trustees have further refined the guidelines to giving within new york city. since 1985, the trustees have refined the foundation’s guidelines in the four areas that were of such concern to altman, education","education,arts,health,community,youth,children,cultural,education,arts,health,community,cultural,education,health,youth,children,learning,cultural,education,health,youth,children,learning,cultural",2025-10-22T19:40:55.276947,
Burrows Foundation,223059155,Little Falls,NY,B82,,https://projects.propublica.org/nonprofits/organizations/223059155,foundation,2025-10-17 17:56:47,https://burrows.org,info@burrows.org,,,,,,not_contacted,no,no,,,,high,estimated,,"info@burrows.org,contact@burrows.org,hello@burrows.org,inquiries@burrows.org,development@burrows.org,admin@burrows.org",0.0,0.0,,,homepage,,,2025-10-22T19:41:07.391942,
Moodys Foundation,134200757,New York,NY,T21,,https://projects.propublica.org/nonprofits/organizations/134200757,foundation,2025-10-17 17:56:47,https://moodys.com,info@moodys.com,,,,,,not_contacted,no,no,,,,high,estimated,,"info@moodys.com,contact@moodys.com,hello@moodys.com,inquiries@moodys.com,development@moodys.com,admin@moodys.com",5.0,1.5454545454545454,our mission is to be the leading source of relevant insights on exponential risk.,"[{""category"": ""disability_support"", ""keywords_found"": [""special needs (partial: 2/2 words)""], ""category_score"": 9.0}, {""category"": ""youth_development"", ""keywords_found"": [""creative development (partial: 2/2 words)""], ""category_score"": 8.0}]","homepage,/about,/about-us,/mission,/vision,/our-mission,/what-we-do,/programs,/grants,/giving,/impact","funding source in latin america the region's increasing demand for infrastructure funding and debt restructuring is creating traction for an incipient market, with asset managers stepping in to fill funding gaps. read more research oct 14, 2025 moody's ratings global corporate defaults in september fell to lowest monthly number since january seven rated companies defaulted last month, down from 11 in august. defaults through september this year totaled 91, compared with 108 during the same period last year. read more data story oct 10, 2025 moody's ratings despite homeowners insurance price spike, risk to us rmbs is low for now​ housing damage from natural disasters has led insurers to raise premiums. yet such costs on their own will spur little rmbs risk provided they remain a small share of borrowers’ financial resources.​ read more research oct 09, 2025 moody's ratings multilateral development banks outlook stable as financing capacity expands asset quality, financing and shareholder commitments are supportive for the mdbs, but economic and policy uncertainty may weigh on operations and asset quality in some borrower countries. read more research oct 07, 2025 moody's ratings see how moody’s edf-x exposed iron hill brewery’s credit risk—far ahead of its closure moody’s edf-x flagged iron hill brewery’s severe credit risk as early as september 2023, well before its 2025 closure and bankruptcy, illustrating the power of early warnings in identifying credit risk. read more research oct 06, 2025 moody's ratings top of mind: faq on how macro trends are affecting global corporate sectors our industry experts address the most pressing issues facing major global corporates today ranging from us tariffs to corporate breakups to the increasingly important recommerce market. read more podcast oct 02, 2025 moody's ratings new technologies are reshaping global power dynamics artificial intelligence and new forms of digital cash, such as stablecoins, are becoming tools of geopolitical influence, while rising cyber threats are testing operational resilience across borders. read more article oct 02, 2025 moody's as agentic ai moves from promise into practice — maxsight™ update q3 2025 maxsight™️ unified risk platform evolves with agentic ai—preparing to deploy autonomous screening and reporting agents, further streamlining compliance workflows and delivering explainable risk insights. read more state of nations - global edition november 18, 2025 tune in to our live broadcast to uncover the key forces reshaping sovereign credit in 2026 and gain exclusive insights into the latest shifts across a fragmented global landscape. register maxsight™ for unified risk management moody’s maxsight™ unified risk platform brings together thousands of data points to deliver a holistic picture of risk that can be viewed through different lenses. learn more moody's a bold evolution of the moody's brand for a new era of risk. learn more innovating with purpose discover how moody’s combines cutting-edge technology and world-class talent to drive innovation. learn more work with brilliant minds explore career opportunities at moody’s. join us get in touch speak to our team interested in learning more about our offerings? our solutions specialists are ready to help. get in touch note: moody’s corporation is comprised of separate divisions. moody's ratings publishes credit ratings and provides assessment services on a wide range of debt obligations, programs","learning,creative",2025-10-22T19:41:30.222445,
Tent Foundation,472761733,New York,NY,T20,,https://projects.propublica.org/nonprofits/organizations/472761733,foundation,2025-10-17 17:56:47,,,,,,,,not_contacted,no,no,,,,high,error,,,,0.0,,,,,,2025-10-22T19:41:34.126601,'grant_history'
Underground Foundations,815137417,Saugerties,NY,C60,,https://projects.propublica.org/nonprofits/organizations/815137417,foundations,2025-10-17 17:56:49,,,,,,,,not_contacted,no,no,,,,high,error,,,,0.0,,,,,,2025-10-22T19:41:36.063437,'grant_history'
Jewish Foundations,832669071,Suffern,NY,X30,,https://projects.propublica.org/nonprofits/organizations/832669071,foundations,2025-10-17 17:56:49,https://jewishs.com,info@jewishs.com,,,,,,not_contacted,no,no,,,,high,estimated,,"info@jewishs.com,contact@jewishs.com,hello@jewishs.com,inquiries@jewishs.com,development@jewishs.com,admin@jewishs.com",2.0,0.0,has been received!oops! something went wrong while submitting the form.,,"homepage,/about",,"arts,cultural",2025-10-22T19:41:49.522517,
Ayco Charitable Foundation,141782466,Cohoes,NY,T300,,https://projects.propublica.org/nonprofits/organizations/141782466,charitable foundation,2025-10-17 17:56:50,,,,,,,,not_contacted,no,no,,,,high,error,,,,0.0,,,,,,2025-10-22T19:41:52.070424,'grant_history'
Iag Charitable Foundation,934406877,Albany,NY,T22,,https://projects.propublica.org/nonprofits/organizations/934406877,charitable foundation,2025-10-17 17:56:50,,,,,,,,not_contacted,no,no,,,,high,error,,,,0.0,,,,,,2025-10-22T19:41:54.620220,'grant_history'
Blackstone Charitable Foundation,260462996,New York,NY,T21,,https://projects.propublica.org/nonprofits/organizations/260462996,charitable foundation,2025-10-17 17:56:50,,,,,,,,not_contacted,no,no,,,,high,error,,,,0.0,,,,,,2025-10-22T19:42:05.041852,'grant_history'
Hourglass Charitable Foundation,872162781,New York,NY,T20,,https://projects.propublica.org/nonprofits/organizations/872162781,charitable foundation,2025-10-17 17:56:50,https://hourglass.org,info@hourglass.org,,,,,,not_contacted,no,no,,,,high,estimated,,"info@hourglass.org,contact@hourglass.org,hello@hourglass.org,inquiries@hourglass.org,development@hourglass.org,admin@hourglass.org",0.0,0.0,,,"homepage,/about,/about-us,/mission,/vision,/our-mission,/what-we-do,/programs,/grants,/giving,/impact",,,2025-10-22T19:42:12.504580,
Egl Charitable Foundation,273667312,New York,NY,T20,,https://projects.propublica.org/nonprofits/organizations/273667312,charitable foundation,2025-10-17 17:56:50,https://egl.org,info@egl.org,,,,,,not_contacted,no,no,,,,high,estimated,,"info@egl.org,contact@egl.org,hello@egl.org,inquiries@egl.org,development@egl.org,admin@egl.org",1.0,0.0,(matthew 28:19-20) throughout the world and live the christian life.,,homepage,,education,2025-10-22T19:42:29.263204,
Mindich Charitable Foundation,832781828,New York,NY,T20,,https://projects.propublica.org/nonprofits/organizations/832781828,charitable foundation,2025-10-17 17:56:50,,,,,,,,not_contacted,no,no,,,,high,error,,,,0.0,,,,,,2025-10-22T19:42:31.715079,'grant_history'
Kyndryl Charitable Foundation,920750973,Rye Brook,NY,T20,,https://projects.propublica.org/nonprofits/organizations/920750973,charitable foundation,2025-10-17 17:56:50,https://kyndryl.org,info@kyndryl.org,,,,,,not_contacted,no,no,,,,high,estimated,,"info@kyndryl.org,contact@kyndryl.org,hello@kyndryl.org,inquiries@kyndryl.org,development@kyndryl.org,admin@kyndryl.org",2.0,100.0,"vision purpose values impact areas rfp grantees principles board of directors mission we invest in people, ideas and organizations to build a brighter future for all communities.","[{""category"": ""primary"", ""keywords_found"": [""creative education (partial: 2/2 words)"", ""art education (partial: 2/2 words)"", ""creative pathways (partial: 2/2 words)"", ""creative learning (partial: 2/2 words)""], ""category_score"": 37.0}, {""category"": ""disability_support"", ""keywords_found"": [""disabilities"", ""inclusive education (partial: 2/2 words)"", ""special education (partial: 2/2 words)""], ""category_score"": 25.0}, {""category"": ""youth_development"", ""keywords_found"": [""youth development (partial: 2/2 words)"", ""young minds (partial: 2/2 words)"", ""student empowerment (partial: 2/2 words)"", ""creative development (partial: 2/2 words)""], ""category_score"": 32.0}, {""category"": ""community_education"", ""keywords_found"": [""school partnerships (partial: 2/2 words)"", ""quality education (partial: 2/2 words)""], ""category_score"": 14.0}]",homepage,"support quality access to student-centered and technology-enabled education,support the communities it serves around the world. values our values inform the ways we engage with our partners and communities. we strive to be: inclusive embed inclusion and belonging in everything we do. empathetic serve with trust and transparency. innovative embrace new ideas to drive change. collaborative work together for shared success. bold be unafraid to tackle big challenges. kyndryl foundation's focus for funding organizations will be aligned with our three impact areas. future-forward education we support quality access to student-centered and technology-enabled education, ensuring all learners acquire the skills needed to promote sustainable development. climate action we enable transition to an environmentally sustainable future through innovative technology and mitigating the impacts of climate change by strengthening resilience in the communities most affected. inclusive economy we focus on investing in bold ideas that help to build a representative economy in which all individuals and communities can participate in and benefit from sustained economic and social prosperity. the kyndryl foundation year one impact summary the kyndryl foundation 2025 impact summary reflects the early progress to advance cybersecurity skills and resilience through trust-based grants. through grants to 11 nonprofit organizations across 7 countries, we have helped our grantees provide over 500,000 hours of learning and reach more than 49,000 individuals in the first year. read the full summary request for proposal (rfp) 2025 rfp details and application process rfp focus: growing an inclusive cybersecurity workforce growing an inclusive artificial intelligence workforce application window: september 5 - october 15, 2025 to support future-forward education and inclusive economy, our current initiatives focus on cybersecurity and ai training programs and initiatives. nonprofit organizations can access the application on submittable, the kyndryl foundation’s grants management system. preview application and eligibility criteria multi-year grantees czechitas (czech republic) provides training programs for two tech career paths – security operations center (soc) analyst and information security specialist. the nonprofit will train 100 women in cybersecurity, run cyber awareness initiatives for 50,000 women and educate government officials on cyber resiliency. learn more data security council of india (dsci) will offer two programs. dsci launched the cybervaahini program with an inaugural kyndryl foundation grant to provide cybersecurity training to women in tier two and three cities and help them find job opportunities. they will train 100 women under the cybervaahini program. the nonprofit will also use the fund to establish a state-of-the-art cybersecurity training center in mumbai. learn more girl security (us) will grow its workforce training program – designed to prepare individuals from low-income communities for cybersecurity pathways. the nonprofit aims to create a pipeline of more than 1,000 prepared participants planning to enter the technology sector by 2026. learn more npo sodateage net (japan) enables youth empowerment and economic independence through various employment support programs, awareness activities, career guidance sessions and family support. the nonprofit will provide a cybersecurity skilling program to nearly 1,500 young people and help them with internship and job placement. learn more single-year grantees fundación cibervoluntarios (spain) runs a one-year cybersecurity skilling course. the nonprofit will extend this course to 5,000 young people from underserved communities and depopulated areas. learn more clack (japan) will offer its “be pro cybersecurity” course for 100 students from economically disadvantaged families in tokyo and osaka. the two-day skilling program trains students on the basics of cybersecurity and helps them expand their career choices. learn more generation: you employed (uk) will organize train-and-place boot camps for 230 people facing barriers toward careers in it and cybersecurity. learn more joint economic and development initiative (jedi) (canada) aims to empower indigenous communities through digital literacy and it training, bridging the gap in rural, underrepresented communities. they will support approximately 50 indigenous students from new brunswick. learn more junior achievement (ja) americas (brazil and costa rica) runs the “she is digital” program focused on training and employability in the knowledge economy, specifically in cybersecurity. the nonprofit will deliver cybersecurity and career skills training to 400 women from brazil and costa rica and support them in finding jobs. learn more justice through code (jtc) (us) runs “the flagship,” a 10-month software engineering and professional development program for formerly incarcerated talent. the nonprofit will train 125 people under the flagship program, developing ai skills and supporting them with job placement. learn more mamo pracuj foundation (poland) organizes “the cyber women leaders” program that enables women, including refugees and migrants, to return to the workforce after a career break. the nonprofit will support 40 women with cybersecurity training, career consultation, soft skills sessions and job search guidance. learn more united way hungary offers a modular training program on cybersecurity – “the united for cybersafe youth” – for secondary school students and young adults, with a focus on underserved communities and people with visual disabilities,funding organizations will be aligned with our three impact areas. future-forward education we support quality access to student-centered and technology-enabled education, ensuring all learners acquire the skills needed to promote sustainable development. climate action we enable transition to an environmentally sustainable future through innovative technology and mitigating the impacts of climate change by strengthening resilience in the communities most affected. inclusive economy we focus on investing in bold ideas that help to build a representative economy in which all individuals and communities can participate in and benefit from sustained economic and social prosperity. the kyndryl foundation year one impact summary the kyndryl foundation 2025 impact summary reflects the early progress to advance cybersecurity skills and resilience through trust-based grants. through grants to 11 nonprofit organizations across 7 countries, we have helped our grantees provide over 500,000 hours of learning and reach more than 49,000 individuals in the first year. read the full summary request for proposal (rfp) 2025 rfp details and application process rfp focus: growing an inclusive cybersecurity workforce growing an inclusive artificial intelligence workforce application window: september 5 - october 15, 2025 to support future-forward education and inclusive economy, our current initiatives focus on cybersecurity and ai training programs,support the communities it serves around the world. values our values inform the ways we engage with our partners and communities. we strive to be: inclusive embed inclusion and belonging in everything we do. empathetic serve with trust and transparency. innovative embrace new ideas to drive change. collaborative work together for shared success. bold be unafraid to tackle big challenges. kyndryl foundation's focus for funding organizations will be aligned with our three impact areas. future-forward education,support programs, awareness activities, career guidance sessions and family support. the nonprofit will provide a cybersecurity skilling program to nearly 1,500 young people and help them with internship and job placement. learn more single-year grantees fundación cibervoluntarios (spain) runs a one-year cybersecurity skilling course. the nonprofit will extend this course to 5,000 young people from underserved communities and depopulated areas. learn more clack (japan) will offer its “be pro cybersecurity” course for 100 students from economically disadvantaged families in tokyo and osaka. the two-day skilling program trains students on the basics of cybersecurity and helps them expand their career choices. learn more generation: you employed (uk) will organize train-and-place boot camps for 230 people facing barriers toward careers in it and cybersecurity. learn more joint economic and development initiative (jedi) (canada) aims to empower indigenous communities through digital literacy and it training, bridging the gap in rural, underrepresented communities. they will support approximately 50 indigenous students from new brunswick. learn more junior achievement (ja) americas (brazil and costa rica) runs the “she is digital” program focused on training and employability in the knowledge economy, specifically in cybersecurity. the nonprofit will deliver cybersecurity and career skills training to 400 women from brazil and costa rica and support them in finding jobs. learn more justice through code (jtc) (us) runs “the flagship,” a 10-month software engineering and professional development program for formerly incarcerated talent. the nonprofit will train 125 people under the flagship program, developing ai skills and supporting them with job placement. learn more mamo pracuj foundation (poland) organizes “the cyber women leaders” program that enables women, including refugees and migrants, to return to the workforce after a career break. the nonprofit will support 40 women with cybersecurity training, career consultation, soft skills sessions and job search guidance. learn more united way hungary offers a modular training program on cybersecurity – “the united for cybersafe youth” – for secondary school students and young adults, with a focus on underserved communities and people with visual disabilities. the nonprofit will train 345 people under this program and help them with career development. learn more see previous year's grantees our grantmaking principles these principles guide kyndryl foundation’s grantmaking process balanced partnerships we recognize the value of trust-based philanthropy principles and entering relationships with our grantees as collaborators. we seek to reduce burdens on grantees by streamlining processes and making grants that favor long term impact. forward-thinking mindset we will embrace innovation in our grantmaking process and support new models that promote positive social change. data-forward design we understand that social change is not always easily measurable, but we will seek the benefit of science-based outcomes and creative approaches to measure the impact of our grants. representative grantmaking our grantmaking will be deeply rooted in the communities we fund. we will seek feedback from our grantees and their communities to promote our foundation's mission and to improve our grantmaking process. integrity and transparency our grantmaking process is guided by a commitment to integrity and appropriate transparency, including ensuring that our grantmaking criteria is publicly available. holistic engagement we commit to looking for ways to support our grantees beyond funding, by leveraging our talent, resources, and relationships. kyndryl foundation board and staff martin schroeter kyndryl foundation chairman and director una pulizzi kyndryl foundation president and board member edward sebold kyndryl foundation board member maryjo charbonnier kyndryl foundation board member david wyshner kyndryl foundation board member glen kutler kyndryl foundation secretary victor grado kyndryl foundation treasurer monoswita saha csr and kyndryl foundation advisor frequently asked questions how do i apply for a grant? after following the link to the kyndryl foundation program page, please use the top right hand button to either log in or sign up for an account. once you have created a profile you can then complete your eligibility check and begin your application (both items found in the left sidebar). note: we strongly suggest surveying your organization to see if anyone already has created a profile within wizehive. you can search for organization profiles within the tool when you create your profile, this will help avoid duplicates in our system. do you accept individual applications? no, we only accept applications from nonprofit organizations, those with a 501c3 status or equivalent determination. can i start my application and save progress to finish it later? yes, once you have created a profile you will be able to save all your progress until the next time you log in. can multiple members of my organization contribute to the same application? yes, you can invite other staff into your application once you have created a profile. connect with us let’s talk about how we can build an inclusive, sustainable future together. contact us kyndryl foundation aims to power human progress and positive change by supporting initiatives around future-forward education,support future-forward education","education,youth,disabilities,inclusion,learning,creative,inclusive,empowerment",2025-10-22T19:42:47.701854,
Finistere Charitable Foundation,822856772,New York,NY,T22,,https://projects.propublica.org/nonprofits/organizations/822856772,charitable foundation,2025-10-17 17:56:50,https://finistere.org,abuse@lws.fr,,,,,,not_contacted,no,no,,,,high,harvested,abuse@lws.fr,,1.0,0.0,,,homepage,,,2025-10-22T19:43:01.555517,
Belvedere Charitable Foundation,980509706,New York,NY,T22,,https://projects.propublica.org/nonprofits/organizations/980509706,charitable foundation,2025-10-17 17:56:50,https://belvedere.org,info@belvedere.org,,,,,,not_contacted,no,no,,,,high,estimated,,"info@belvedere.org,contact@belvedere.org,hello@belvedere.org,inquiries@belvedere.org,development@belvedere.org,admin@belvedere.org",0.0,0.0,,,homepage,,community,2025-10-22T19:43:13.743624,
Integrum Charitable Foundation,880585708,New York,NY,T21,,https://projects.propublica.org/nonprofits/organizations/880585708,charitable foundation,2025-10-17 17:56:50,,,,,,,,not_contacted,no,no,,,,high,error,,,,0.0,,,,,,2025-10-22T19:43:16.186371,'grant_history'
Grace Charitable Foundation,383911633,New York,NY,X11,,https://projects.propublica.org/nonprofits/organizations/383911633,charitable foundation,2025-10-17 17:56:50,https://gracecharitablefoundation.org,info@gracecharitablefoundation.org,,,,,,not_contacted,no,no,,,,high,estimated,,"info@gracecharitablefoundation.org,contact@gracecharitablefoundation.org,hello@gracecharitablefoundation.org,inquiries@gracecharitablefoundation.org,development@gracecharitablefoundation.org,admin@gracecharitablefoundation.org",2.0,18.0,"we aim to connect with people interested in supporting the multi-faceted works of the monastic state of mount athos, greece, especially that of the holy great monastery of vatopedi.","[{""category"": ""primary"", ""keywords_found"": [""art education (partial: 2/2 words)""], ""category_score"": 10.0}, {""category"": ""disability_support"", ""keywords_found"": [""special education (partial: 2/2 words)""], ""category_score"": 7.0}, {""category"": ""youth_development"", ""keywords_found"": [""cultural awareness (partial: 2/2 words)""], ""category_score"": 6.0}, {""category"": ""primary"", ""keywords_found"": [""art education (partial: 2/2 words)""], ""category_score"": 10.0}, {""category"": ""primary"", ""keywords_found"": [""art education (partial: 2/2 words)""], ""category_score"": 10.0}, {""category"": ""youth_development"", ""keywords_found"": [""cultural awareness (partial: 2/2 words)""], ""category_score"": 6.0}, {""category"": ""primary"", ""keywords_found"": [""art education (partial: 2/2 words)""], ""category_score"": 10.0}, {""category"": ""disability_support"", ""keywords_found"": [""special education (partial: 2/2 words)""], ""category_score"": 7.0}, {""category"": ""youth_development"", ""keywords_found"": [""cultural awareness (partial: 2/2 words)""], ""category_score"": 6.0}]","homepage,/about-us,/mission,/vision","support for the monastery’s charitable, social, education,support for the reconstruction of the historical athoniada academy (1750 ad) • undertaking of related research and support of numerous academic publications • renovation and restoration of monastery’s anciently renowned buildings • utilization of the priceless resources of the monastery’s abounding library and the digitization of the material therein • promotion of the monastery’s works in art, education","education,cultural,education,cultural,education,cultural,education,cultural",2025-10-22T19:43:35.396916,
Jl Charitable Foundation,842397358,Monroe,NY,T23,,https://projects.propublica.org/nonprofits/organizations/842397358,charitable foundation,2025-10-17 17:56:50,,,,,,,,not_contacted,no,no,,,,high,error,,,,0.0,,,,,,2025-10-22T19:43:38.422567,'grant_history'
Manhattan Charitable Foundation,562290295,New York,NY,T20,,https://projects.propublica.org/nonprofits/organizations/562290295,charitable foundation,2025-10-17 17:56:50,https://manhattan.org,info@manhattan.org,,,,,,not_contacted,no,no,,,,high,estimated,,"info@manhattan.org,contact@manhattan.org,hello@manhattan.org,inquiries@manhattan.org,development@manhattan.org,admin@manhattan.org",5.0,38.0,will be considering a tax incentive tomorrow night that could potentially be the final piece to the puzzle for reinvention of the wareham theater in downtown manhattan.,"[{""category"": ""primary"", ""keywords_found"": [""accessibility""], ""category_score"": 7}, {""category"": ""disability_support"", ""keywords_found"": [""accessibility""], ""category_score"": 8}, {""category"": ""youth_development"", ""keywords_found"": [""youth development (partial: 2/2 words)""], ""category_score"": 8.0}, {""category"": ""community_education"", ""keywords_found"": [""community school (partial: 2/2 words)"", ""community engagement (partial: 2/2 words)""], ""category_score"": 15.0}]",homepage,,"health,community,youth,accessibility,cultural",2025-10-22T19:43:55.411444,
Landegger Charitable Foundation,510180544,Rye Brook,NY,,,https://projects.propublica.org/nonprofits/organizations/510180544,charitable foundation,2025-10-17 17:56:50,,,,,,,,not_contacted,no,no,,,,high,error,,,,0.0,,,,,,2025-10-22T19:43:58.630140,'grant_history'
Wayen Charitable Foundation,133466312,Forest Hills,NY,,,https://projects.propublica.org/nonprofits/organizations/133466312,charitable foundation,2025-10-17 17:56:50,,,,,,,,not_contacted,no,no,,,,high,error,,,,0.0,,,,,,2025-10-22T19:43:58.864629,'grant_history'
Ebg Charitable Foundation,822512506,Monsey,NY,T30,,https://projects.propublica.org/nonprofits/organizations/822512506,charitable foundation,2025-10-17 17:56:50,,,,,,,,not_contacted,no,no,,,,high,error,,,,0.0,,,,,,2025-10-22T19:43:59.422464,'grant_history'
Harjen Charitable Foundation,260276553,New York,NY,T20,,https://projects.propublica.org/nonprofits/organizations/260276553,charitable foundation,2025-10-17 17:56:50,,,,,,,,not_contacted,no,no,,,,high,error,,,,0.0,,,,,,2025-10-22T19:43:59.672414,'grant_history'
Arf Charitable Foundation,832786566,New York,NY,T21,,https://projects.propublica.org/nonprofits/organizations/832786566,charitable foundation,2025-10-17 17:56:50,https://arf.org,info@arf.org,,,,,,not_contacted,no,no,,,,high,estimated,,"info@arf.org,contact@arf.org,hello@arf.org,inquiries@arf.org,development@arf.org,admin@arf.org",0.0,0.0,,,"homepage,/about,/about-us,/mission,/vision,/our-mission,/what-we-do,/programs,/grants,/giving,/impact",,,2025-10-22T19:44:06.474436,
Jeffrey Charitable Foundation,814615729,Monsey,NY,T20,,https://projects.propublica.org/nonprofits/organizations/814615729,charitable foundation,2025-10-17 17:56:50,,,,,,,,not_contacted,no,no,,,,high,error,,,,0.0,,,,,,2025-10-22T19:44:19.456365,'grant_history'
Nexstar Charitable Foundation,136161525,New York,NY,,,https://projects.propublica.org/nonprofits/organizations/136161525,charitable foundation,2025-10-17 17:56:50,,,,,,,,not_contacted,no,no,,,,high,error,,,,0.0,,,,,,2025-10-22T19:44:20.014062,'grant_history'
Mfk Charitable Foundation,264457852,Brooklyn,NY,T22,,https://projects.propublica.org/nonprofits/organizations/264457852,charitable foundation,2025-10-17 17:56:50,,,,,,,,not_contacted,no,no,,,,high,error,,,,0.0,,,,,,2025-10-22T19:44:23.593505,'grant_history'
Segal Charitable Foundation,113412302,Brooklyn,NY,T90Z,,https://projects.propublica.org/nonprofits/organizations/113412302,charitable foundation,2025-10-17 17:56:50,https://segal.org,contactyyyy@segal.org,,,,,,not_contacted,no,no,,,,high,harvested,contactyyyy@segal.org,,3.0,0.0,,,homepage,,"arts,learning",2025-10-22T19:44:34.649022,
Evercore Charitable Foundation,863977771,New York,NY,T21,,https://projects.propublica.org/nonprofits/organizations/863977771,charitable foundation,2025-10-17 17:56:50,https://evercore.org,info@evercore.org,,,,,,not_contacted,no,no,,,,high,estimated,,"info@evercore.org,contact@evercore.org,hello@evercore.org,inquiries@evercore.org,development@evercore.org,admin@evercore.org",5.0,0.0,,,"homepage,/about",,,2025-10-22T19:44:56.148278,
Marelda Charitable Foundation,455510047,New York,NY,T20,,https://projects.propublica.org/nonprofits/organizations/455510047,charitable foundation,2025-10-17 17:56:50,,,,,,,,not_contacted,no,no,,,,high,error,,,,0.0,,,,,,2025-10-22T19:44:58.640215,'grant_history'
Kw Charitable Foundation,113366771,Brooklyn,NY,T31J,,https://projects.propublica.org/nonprofits/organizations/113366771,charitable foundation,2025-10-17 17:56:50,,,,,,,,not_contacted,no,no,,,,high,error,,,,0.0,,,,,,2025-10-22T19:45:00.365911,'grant_history'
Overdeck Family Foundation,264377643,New York,NY,T22,,https://projects.propublica.org/nonprofits/organizations/264377643,family foundation,2025-10-17 17:56:51,https://overdeck.org,info@overdeck.org,,,,,,not_contacted,no,no,,,,high,estimated,,"info@overdeck.org,contact@overdeck.org,hello@overdeck.org,inquiries@overdeck.org,development@overdeck.org,admin@overdeck.org",5.0,35.0,measurably enhance education inside and outside the classroom.,"[{""category"": ""primary"", ""keywords_found"": [""art education (partial: 2/2 words)""], ""category_score"": 10.0}, {""category"": ""youth_development"", ""keywords_found"": [""children"", ""young minds""], ""category_score"": 15}, {""category"": ""community_education"", ""keywords_found"": [""school partnerships"", ""quality education (partial: 2/2 words)""], ""category_score"": 14.0}, {""category"": ""primary"", ""keywords_found"": [""art education (partial: 2/2 words)""], ""category_score"": 10.0}, {""category"": ""youth_development"", ""keywords_found"": [""children""], ""category_score"": 7}, {""category"": ""community_education"", ""keywords_found"": [""community school (partial: 2/2 words)"", ""school partnerships (partial: 2/2 words)""], ""category_score"": 16.0}, {""category"": ""primary"", ""keywords_found"": [""art education (partial: 2/2 words)""], ""category_score"": 10.0}, {""category"": ""youth_development"", ""keywords_found"": [""children""], ""category_score"": 7}, {""category"": ""community_education"", ""keywords_found"": [""community school (partial: 2/2 words)"", ""school partnerships (partial: 2/2 words)""], ""category_score"": 16.0}]","homepage,/about,/about-us","support focus on unlocking innovation, evidence, and growth opportunities, clearing the path to scale for organizations and researchers that are committed to accelerating key academic and socioemotional outcomes for all children. 106 grantees 75 million children 500,000 educators 6 million families unlocking innovation quill.org overdeck family foundation’s funding helped quill.org foster new partnerships with curriculum providers and develop new products to meet diverse student needs. in 2024, quill, which aims to help all students become critical thinkers through the practice of reading and writing, launched content for social studies educators, “building ai knowledge” activities, and enhanced spanish language functionality. since its founding in 2014, approximately 10 million students have written two billion sentences on the platform.read more unlocking innovation talkingpoints since overdeck family foundation began funding talkingpoints in 2020, the organization has continued to innovate on its product while growing its reach tenfold. the nonprofit, which serves as a tech-enabled family engagement solution that empowers educators to build effective family-school partnerships through two-way communication in 150+ languages, also provides coaching for schools and families and actionable data on student progress. with the addition of genai, talkingpoints is experimenting with in-the-moment suggestions and guidance for both teachers and families that can help improve family engagement and student learning.read more unlocking evidence onyourmark utilizing funding from overdeck family foundation, onyourmark, a nonprofit that provides high-impact virtual tutoring to students in kindergarten through second grade, gained insight into the potential impact of virtual tutoring on student learning. the organization worked with stanford university to conduct a randomized controlled trial of onyourmark, which examined over 2,000 students across 12 schools. researchers found that onyourmark tutoring had a positive impact on students’ early literacy skills, as measured with an assessment called the dibels, with the largest effects on kindergarteners’ knowledge of letter sounds and first graders’ decoding skills.read more unlocking growth new jersey tutoring corps, inc. in 2021, overdeck family foundation worked with the new jersey pandemic relief fund to launch the new jersey tutoring corps, a high-dosage, small-group, tutoring program designed to accelerate learning recovery for students impacted by pandemic-related learning losses. in 2024, the tutoring corps prioritized fostering close district partnerships through its in-school tutoring program, increasing the nonprofit’s year-over-year reach by 64 percent, serving almost 4,000 total kindergarten through eighth grade students in 80 school sites across 25 districts. during this time, the organization also saw significant earned revenue growth, demonstrating strong demand for high-impact tutoring across new jersey.read more unlocking growth museum of science (eie) the museum of science in boston, ma used funding from overdeck family foundation to scale its engineering is elementary® (eie) and youth engineering solutions (yes) curricula while providing families with resources to lead engineering and computer science activities at home. in sy 2023-24, over one million students accessed yes and eie’s engineering and computer science units, a 115 percent year-over-year increase primarily fueled by educator demand for high-quality and engaging engineering curricular materials for in-school and out-of-school time programs.read more unlocking growth national inventors hall of fame since 2020, overdeck family foundation’s funding has helped the national inventors hall of fame expand access to stem enrichment programs including camp invention®, club invention®, and invention project®. during the covid-19 pandemic, the team capitalized on federal stimulus dollars by spearheading new partnerships with school districts that led to growth of 22 percent year over year. at the same time, the organization saw notable growth in its out-of-school time programs, with camp invention averaging approximately 83 campers per camp, the largest in the organization’s history. in 2023, the national inventors hall of fame grew total students served by 37 percent.read more 1/5 meet our grantees we fund organizations that measurably enhance education,funding areas overdeck family foundation focuses exclusively on education, providing funding across four focus areas that encompass the whole child from birth through high school both inside and outside the classroom. early_impact created with sketch. early impactcreating strong foundations for early learning.learn more exceptional_educators created with sketch. exceptional educatorsmaking the educator role more effective and sustainable.learn more innovative_schools created with sketch. innovative schoolssupporting student-centered learning environments.learn more inspired_minds created with sketch. inspired mindsinspiring young minds through hands-on stem learning.learn more data_action created with sketch. data for actionconverting data into insights and outcomes.read morefoundation news you've paid for tutoring. here's how to make sure it works.read more spotlight on evidence: reimagining the teaching role by investing in strategic staffingread more perspectives: esser deadline puts out-of-school programs,funding has helped the national inventors hall of fame expand access to stem enrichment programs,funding criteria capacity-building support our grantees grantee portal news & resources our blog research repository grantmaking & impact reports about leadership team careers contact popular search terms: grants perspectives grantee portal 2022 updates covid news overdeck family foundation awards $10.6 million in grants in q3 2025 read more perspectives science scores are down. but we know what would improve them. read more perspectives missing key to student engagement: teachers’ time read more research what we’re learning from our investments in reducing chronic absenteeism read more perspectives the science of reading and play go hand-in-hand. schools must make it happen read more read more 1/5 our mission: measurably enhance education inside and outside the classroom. our grantmaking and strategic support focus on unlocking innovation, evidence, and growth opportunities, clearing the path to scale for organizations and researchers that are committed to accelerating key academic and socioemotional outcomes for all children. 106 grantees 75 million children 500,000 educators 6 million families unlocking innovation quill.org overdeck family foundation’s funding helped quill.org foster new partnerships with curriculum providers and develop new products to meet diverse student needs. in 2024, quill, which aims to help all students become critical thinkers through the practice of reading and writing, launched content for social studies educators, “building ai knowledge” activities, and enhanced spanish language functionality. since its founding in 2014, approximately 10 million students have written two billion sentences on the platform.read more unlocking innovation talkingpoints since overdeck family foundation began funding talkingpoints in 2020, the organization has continued to innovate on its product while growing its reach tenfold. the nonprofit, which serves as a tech-enabled family engagement solution that empowers educators to build effective family-school partnerships through two-way communication in 150+ languages, also provides coaching for schools and families and actionable data on student progress. with the addition of genai, talkingpoints is experimenting with in-the-moment suggestions and guidance for both teachers and families that can help improve family engagement and student learning.read more unlocking evidence onyourmark utilizing funding from overdeck family foundation, onyourmark, a nonprofit that provides high-impact virtual tutoring to students in kindergarten through second grade, gained insight into the potential impact of virtual tutoring on student learning. the organization worked with stanford university to conduct a randomized controlled trial of onyourmark, which examined over 2,000 students across 12 schools. researchers found that onyourmark tutoring had a positive impact on students’ early literacy skills, as measured with an assessment called the dibels, with the largest effects on kindergarteners’ knowledge of letter sounds and first graders’ decoding skills.read more unlocking growth new jersey tutoring corps, inc. in 2021, overdeck family foundation worked with the new jersey pandemic relief fund to launch the new jersey tutoring corps, a high-dosage, small-group, tutoring program designed to accelerate learning recovery for students impacted by pandemic-related learning losses. in 2024, the tutoring corps prioritized fostering close district partnerships through its in-school tutoring program, increasing the nonprofit’s year-over-year reach by 64 percent, serving almost 4,000 total kindergarten through eighth grade students in 80 school sites across 25 districts. during this time, the organization also saw significant earned revenue growth, demonstrating strong demand for high-impact tutoring across new jersey.read more unlocking growth museum of science (eie) the museum of science in boston, ma used funding from overdeck family foundation to scale its engineering is elementary® (eie) and youth engineering solutions (yes) curricula while providing families with resources to lead engineering and computer science activities at home. in sy 2023-24, over one million students accessed yes and eie’s engineering and computer science units, a 115 percent year-over-year increase primarily fueled by educator demand for high-quality and engaging engineering curricular materials for in-school and out-of-school time programs,support our grantees grantee portal news & resources our blog research repository grantmaking & impact reports about leadership team careers contact popular search terms: grants perspectives grantee portal 2022 updates covid news overdeck family foundation awards $10.6 million in grants in q3 2025 read more perspectives science scores are down. but we know what would improve them. read more perspectives missing key to student engagement: teachers’ time read more research what we’re learning from our investments in reducing chronic absenteeism read more perspectives the science of reading and play go hand-in-hand. schools must make it happen read more read more 1/5 our mission: measurably enhance education,funding criteria capacity-building support our grantees grantee portal news & resources our blog research repository grantmaking & impact reports about leadership team careers contact popular search terms: grants perspectives grantee portal 2022 updates covid overdeck family foundationproviding all children the opportunity to unlock their potential. about usoverdeck family foundation was founded in 2011 by john and laura overdeck with the goal of providing all children the opportunity to unlock their potential. we focus exclusively on enhancing education, funding efforts both inside and outside of school in the areas of early childhood, hands-on stem education, and k-9 programs,support our grantees grantee portal news & resources our blog research repository grantmaking & impact reports about leadership team careers contact popular search terms: grants perspectives grantee portal 2022 updates covid overdeck family foundationproviding all children the opportunity to unlock their potential. about usoverdeck family foundation was founded in 2011 by john and laura overdeck with the goal of providing all children the opportunity to unlock their potential. we focus exclusively on enhancing education,funding criteria capacity-building support our grantees grantee portal news & resources our blog research repository grantmaking & impact reports about leadership team careers contact popular search terms: grants perspectives grantee portal 2022 updates covid overdeck family foundationproviding all children the opportunity to unlock their potential. about usoverdeck family foundation was founded in 2011 by john and laura overdeck with the goal of providing all children the opportunity to unlock their potential. we focus exclusively on enhancing education, funding efforts both inside and outside of school in the areas of early childhood, hands-on stem education, and k-9 programs,support our grantees grantee portal news & resources our blog research repository grantmaking & impact reports about leadership team careers contact popular search terms: grants perspectives grantee portal 2022 updates covid overdeck family foundationproviding all children the opportunity to unlock their potential. about usoverdeck family foundation was founded in 2011 by john and laura overdeck with the goal of providing all children the opportunity to unlock their potential. we focus exclusively on enhancing education","education,youth,children,learning,education,community,children,learning,education,community,children,learning",2025-10-22T19:45:34.353175,
Blavatnik Family Foundation,812444350,New York,NY,T20,,https://projects.propublica.org/nonprofits/organizations/812444350,family foundation,2025-10-17 17:56:51,,,,,,,,not_contacted,no,no,,,,high,error,,,,0.0,,,,,,2025-10-22T19:45:39.600935,'grant_history'
Hao Family Foundation,473853918,Saratoga Spgs,NY,T20,,https://projects.propublica.org/nonprofits/organizations/473853918,family foundation,2025-10-17 17:56:51,,,,,,,,not_contacted,no,no,,,,high,error,,,,0.0,,,,,,2025-10-22T19:45:41.105466,'grant_history'
Banga Family Foundation,931621605,New York,NY,T20,,https://projects.propublica.org/nonprofits/organizations/931621605,family foundation,2025-10-17 17:56:51,,,,,,,,not_contacted,no,no,,,,high,error,,,,0.0,,,,,,2025-10-22T19:45:42.495769,'grant_history'
Stanley Family Foundation,61157888,Briarcliff,NY,,,https://projects.propublica.org/nonprofits/organizations/61157888,family foundation,2025-10-17 17:56:51,https://stanleyfamily.org,info@stanleyfamily.org,,,,,,not_contacted,no,no,,,,high,estimated,,"info@stanleyfamily.org,contact@stanleyfamily.org,hello@stanleyfamily.org,inquiries@stanleyfamily.org,development@stanleyfamily.org,admin@stanleyfamily.org",0.0,0.0,,,,,,2025-10-22T19:45:56.313601,
Sundheim Family Foundation,831563495,New York,NY,T20,,https://projects.propublica.org/nonprofits/organizations/831563495,family foundation,2025-10-17 17:56:51,,,,,,,,not_contacted,no,no,,,,high,error,,,,0.0,,,,,,2025-10-22T19:45:59.253304,'grant_history'
Gong Family Foundation,850778984,North Salem,NY,T22,,https://projects.propublica.org/nonprofits/organizations/850778984,family foundation,2025-10-17 17:56:51,,,,,,,,not_contacted,no,no,,,,high,error,,,,0.0,,,,,,2025-10-22T19:46:09.448723,'grant_history'
Paulson Family Foundation,263922995,New York,NY,T22,,https://projects.propublica.org/nonprofits/organizations/263922995,family foundation,2025-10-17 17:56:51,,,,,,,,not_contacted,no,no,,,,high,error,,,,0.0,,,,,,2025-10-22T19:46:11.076186,'grant_history'
Treehouse Family Foundation,854230020,New York,NY,T20,,https://projects.propublica.org/nonprofits/organizations/854230020,family foundation,2025-10-17 17:56:51,https://treehousefamily.org,info@treehousefamily.org,,,,,,not_contacted,no,no,,,,high,estimated,,"info@treehousefamily.org,contact@treehousefamily.org,hello@treehousefamily.org,inquiries@treehousefamily.org,development@treehousefamily.org,admin@treehousefamily.org",0.0,0.0,,,homepage,,,2025-10-22T19:46:17.771011,
Lubetzky Family Foundation,821648087,New York,NY,W70,,https://projects.propublica.org/nonprofits/organizations/821648087,family foundation,2025-10-17 17:56:51,https://lubetzkyfamilyfoundation.org,info@lubetzky.org,,,,,,not_contacted,no,no,,,,high,harvested,"info@lubetzky.org,info@lubetzky.orglubetzky",,0.0,0.0,"statementfostering empathy and critical thinking to build resilient democracies and safeguard humanity​values statementrabbi hillel said “in a place where there is no humanity, strive thou to be human.",,homepage,,"community,learning",2025-10-22T19:46:28.243793,
Timashev Family Foundation,821674572,New York,NY,P20,,https://projects.propublica.org/nonprofits/organizations/821674572,family foundation,2025-10-17 17:56:51,https://timashevfamilyfoundation.org,info@timashevfamilyfoundation.org,,,,,,not_contacted,no,no,,,,high,estimated,,"info@timashevfamilyfoundation.org,contact@timashevfamilyfoundation.org,hello@timashevfamilyfoundation.org,inquiries@timashevfamilyfoundation.org,development@timashevfamilyfoundation.org,admin@timashevfamilyfoundation.org",3.0,78.5,providing cutting-edge education for the next generation.,"[{""category"": ""primary"", ""keywords_found"": [""arts education (partial: 2/2 words)"", ""art education (partial: 2/2 words)"", ""arts program (partial: 2/2 words)"", ""arts access (partial: 2/2 words)"", ""accessibility""], ""category_score"": 43.0}, {""category"": ""disability_support"", ""keywords_found"": [""accessibility""], ""category_score"": 8}, {""category"": ""youth_development"", ""keywords_found"": [""student empowerment (partial: 2/2 words)""], ""category_score"": 8.0}, {""category"": ""community_education"", ""keywords_found"": [""community school (partial: 2/2 words)"", ""school partnerships (partial: 2/2 words)"", ""educational access (partial: 2/2 words)"", ""empowering students (partial: 2/2 words)""], ""category_score"": 31.0}, {""category"": ""primary"", ""keywords_found"": [""arts education (partial: 2/2 words)"", ""art education (partial: 2/2 words)"", ""arts program (partial: 2/2 words)"", ""arts access (partial: 2/2 words)""], ""category_score"": 36.0}, {""category"": ""youth_development"", ""keywords_found"": [""student empowerment (partial: 2/2 words)""], ""category_score"": 8.0}, {""category"": ""community_education"", ""keywords_found"": [""community school (partial: 2/2 words)"", ""school partnerships (partial: 2/2 words)"", ""empowering students (partial: 2/2 words)""], ""category_score"": 23.0}]","homepage,/about","funding faculty programs,support university initiatives and the timashev family music building—one of the nation’s most advanced music facilities. in recognition of their contributions, ratmir and angela received ohio state’s distinguished service award.angela, an avid art supporter, serves on the board of the bruce museum in greenwich, connecticut, which showcases art, science, and natural history. the foundation also supports dallas contemporary, a museum dedicated to emerging and established artists.during the pandemic, the foundation helped revitalize in-person cultural events, becoming a key supporter of the 2022 smithsonian folklife festival. its sponsorship of the gifts we carry: sounds of migration and memory, a concert led by yo-yo ma, celebrated resilience and cultural diversity through music.community empowermentthe timashev family foundation is dedicated to strengthening communities through humanitarian aid, climate resilience, and essential services.in response to global crises, the foundation has supported refugee and humanitarian efforts in afghanistan and ukraine. in 2022, it helped the aleph institute deliver medical supplies and life-saving treatments to communities in afghanistan. following the invasion of ukraine, it partnered with world central kitchen, helping provide hundreds of thousands of warm meals to those affected by the war. the foundation also supports israaid, a global leader in disaster relief, and the mighty oaks foundation, which provides resiliency and recovery programs for u.s. veterans.the foundation is committed to environmental conservation and proudly supports the wild salmon center in its efforts to protect critical salmon ecosystems. in 2024, the organization recognized ratmir for his contributions to preserving these habitats. stay updateddiscover our latest impactexplore the latest stories highlighting our partners and how the timashev family foundation is driving change through innovation, education, and the arts,support university initiatives and the timashev family music building—one of the nation’s most advanced music facilities. in recognition of their contributions, ratmir and angela received ohio state’s distinguished service award.angela, an avid art supporter, serves on the board of the bruce museum in greenwich, connecticut, which showcases art, science, and natural history. the foundation also supports dallas contemporary, a museum dedicated to emerging and established artists.during the pandemic, the foundation helped revitalize in-person cultural events, becoming a key supporter of the 2022 smithsonian folklife festival. its sponsorship of the gifts we carry: sounds of migration and memory, a concert led by yo-yo ma, celebrated resilience and cultural diversity through music.community empowermentthe timashev family foundation is dedicated to strengthening communities through humanitarian aid, climate resilience, and essential services.in response to global crises, the foundation has supported refugee and humanitarian efforts in afghanistan and ukraine. in 2022, it helped the aleph institute deliver medical supplies and life-saving treatments to communities in afghanistan. following the invasion of ukraine, it partnered with world central kitchen, helping provide hundreds of thousands of warm meals to those affected by the war. the foundation also supports israaid, a global leader in disaster relief, and the mighty oaks foundation, which provides resiliency and recovery programs for u.s. veterans.the foundation is committed to environmental conservation and proudly supports the wild salmon center in its efforts to protect critical salmon ecosystems. in 2024, the organization recognized ratmir for his contributions to preserving these habitats. stay updateddiscover our latest impactexplore the latest stories highlighting our partners and how the timashev family foundation is driving change through innovation, education","education,arts,community,accessibility,cultural,empowerment,education,arts,community,learning,cultural,empowerment",2025-10-22T19:46:45.027234,
Higgins Family Foundation,384152217,New York,NY,T22,,https://projects.propublica.org/nonprofits/organizations/384152217,family foundation,2025-10-17 17:56:51,https://higgins.org,you@higgins.org,,,,,,not_contacted,no,no,,,,high,harvested,you@higgins.org,,0.0,0.0,,,"homepage,/about,/about-us,/mission,/vision,/our-mission,/what-we-do,/programs,/grants,/giving,/impact",,,2025-10-22T19:47:18.558152,
Patterson Family Foundation,356975288,New York,NY,T20,,https://projects.propublica.org/nonprofits/organizations/356975288,family foundation,2025-10-17 17:56:51,https://pattersonfamilyfoundation.org,info@pffkc.org,,,,,,not_contacted,no,no,,,,high,harvested,"christy@kansascfs.org,info@pffkc.org,emily@pffkc.org,support@pffkc.org",,4.0,4.181818181818182,that thriving rural communities aren’t just about the numbers—they’re about the people who choose to live there.,"[{""category"": ""primary"", ""keywords_found"": [""art education (partial: 2/2 words)"", ""accessibility""], ""category_score"": 17.0}, {""category"": ""disability_support"", ""keywords_found"": [""accessibility""], ""category_score"": 8}, {""category"": ""community_education"", ""keywords_found"": [""educational access (partial: 2/2 words)"", ""quality education"", ""community engagement""], ""category_score"": 21.0}]","homepage,/about,/about-us,/mission,/vision,/our-mission,/what-we-do,/programs,/grants,/giving,/impact",,"education,health,community,accessibility,learning",2025-10-22T19:47:38.297227,
Quad Family Foundation,463835222,Cohoes,NY,T20,,https://projects.propublica.org/nonprofits/organizations/463835222,family foundation,2025-10-17 17:56:51,,,,,,,,not_contacted,no,no,,,,high,error,,,,0.0,,,,,,2025-10-22T19:47:40.779925,'grant_history'
Mai Family Foundation,133915987,New York,NY,T20J,,https://projects.propublica.org/nonprofits/organizations/133915987,family foundation,2025-10-17 17:56:51,,,,,,,,not_contacted,no,no,,,,high,error,,,,0.0,,,,,,2025-10-22T19:47:43.490617,'grant_history'
Daftuar Family Foundation,474685449,New York,NY,G99,,https://projects.propublica.org/nonprofits/organizations/474685449,family foundation,2025-10-17 17:56:51,,,,,,,,not_contacted,no,no,,,,high,error,,,,0.0,,,,,,2025-10-22T19:47:44.514978,'grant_history'
Erie Family Foundation,522339484,New York,NY,T22,,https://projects.propublica.org/nonprofits/organizations/522339484,family foundation,2025-10-17 17:56:51,,,,,,,,not_contacted,no,no,,,,high,error,,,,0.0,,,,,,2025-10-22T19:47:45.123815,'grant_history'
Mucci Family Foundation,922880400,Rochester,NY,T22,,https://projects.propublica.org/nonprofits/organizations/922880400,family foundation,2025-10-17 17:56:51,,,,,,,,not_contacted,no,no,,,,high,error,,,,0.0,,,,,,2025-10-22T19:47:46.318001,'grant_history'
Fuhrman Family Foundation,461579112,New York,NY,T22,,https://projects.propublica.org/nonprofits/organizations/461579112,family foundation,2025-10-17 17:56:51,https://fuhrmanfamilyfoundation.org,info@fuhrmanfamilyfoundation.org,,,,,,not_contacted,no,no,,,,high,estimated,,"info@fuhrmanfamilyfoundation.org,contact@fuhrmanfamilyfoundation.org,hello@fuhrmanfamilyfoundation.org,inquiries@fuhrmanfamilyfoundation.org,development@fuhrmanfamilyfoundation.org,admin@fuhrmanfamilyfoundation.org",2.0,41.0,,"[{""category"": ""primary"", ""keywords_found"": [""arts education"", ""creative education (partial: 2/2 words)"", ""art education (partial: 2/2 words)""], ""category_score"": 29.0}, {""category"": ""primary"", ""keywords_found"": [""arts education"", ""creative education (partial: 2/2 words)"", ""art education (partial: 2/2 words)"", ""arts program (partial: 2/2 words)""], ""category_score"": 37.0}, {""category"": ""disability_support"", ""keywords_found"": [""special education (partial: 2/2 words)""], ""category_score"": 7.0}, {""category"": ""community_education"", ""keywords_found"": [""community school (partial: 2/2 words)""], ""category_score"": 9.0}]","homepage,/about","support individuals’ artistic and educational pursuits, and their physical, emotional and spiritual well-being. visual arts,support individuals’ artistic and education,support individuals’ artistic and education,support individuals’ artistic and educational pursuits, and their physical, emotional and spiritual well-being. through grants in the visual arts","education,arts,health,community,creative,education,arts,health,community,creative",2025-10-22T19:47:59.698292,
Gerstner Family Foundation,208559135,Armonk,NY,T22,,https://projects.propublica.org/nonprofits/organizations/208559135,family foundation,2025-10-17 17:56:51,,,,,,,,not_contacted,no,no,,,,high,error,,,,0.0,,,,,,2025-10-22T19:48:02.466318,'grant_history'
Baratta Family Foundation,830767499,Saratoga Spgs,NY,T22,,https://projects.propublica.org/nonprofits/organizations/830767499,family foundation,2025-10-17 17:56:51,,,,,,,,not_contacted,no,no,,,,high,error,,,,0.0,,,,,,2025-10-22T19:48:03.036572,'grant_history'
Fascitelli Family Foundation,133748071,New York,NY,,,https://projects.propublica.org/nonprofits/organizations/133748071,family foundation,2025-10-17 17:56:51,,,,,,,,not_contacted,no,no,,,,high,error,,,,0.0,,,,,,2025-10-22T19:48:03.212286,'grant_history'
Marsal Family Foundation,841367157,New York,NY,T20Z,,https://projects.propublica.org/nonprofits/organizations/841367157,family foundation,2025-10-17 17:56:51,https://marsal.org,info@marsal.org,,,,,,not_contacted,no,no,,,,high,estimated,,"info@marsal.org,contact@marsal.org,hello@marsal.org,inquiries@marsal.org,development@marsal.org,admin@marsal.org",1.0,7.0,,"[{""category"": ""youth_development"", ""keywords_found"": [""children""], ""category_score"": 7}]",homepage,,"education,children",2025-10-22T19:48:18.241393,
Kaye Family Foundation,134092284,Albany,NY,T20,,https://projects.propublica.org/nonprofits/organizations/134092284,family foundation,2025-10-17 17:56:51,,,,,,,,not_contacted,no,no,,,,high,error,,,,0.0,,,,,,2025-10-22T19:48:21.867792,'grant_history'
Sundell Family Foundation,475028854,New York,NY,,,https://projects.propublica.org/nonprofits/organizations/475028854,family foundation,2025-10-17 17:56:51,https://sundellfamily.com,info@sundellfamily.com,,,,,,not_contacted,no,no,,,,high,estimated,,"info@sundellfamily.com,contact@sundellfamily.com,hello@sundellfamily.com,inquiries@sundellfamily.com,development@sundellfamily.com,admin@sundellfamily.com",0.0,0.0,,,homepage,,,2025-10-22T19:48:28.573129,
Brooklyn Community Foundation,113422729,Brooklyn,NY,T21,,https://projects.propublica.org/nonprofits/organizations/113422729,community foundation,2025-10-17 17:56:52,,,,,,,,not_contacted,no,no,,,,high,error,,,,0.0,,,,,,2025-10-22T19:48:31.134046,'grant_history'
Rome Community Foundation,161574338,Rome,NY,T31,,https://projects.propublica.org/nonprofits/organizations/161574338,community foundation,2025-10-17 17:56:52,,,,,,,,not_contacted,no,no,,,,high,error,,,,0.0,,,,,,2025-10-22T19:48:41.726206,'grant_history'
Pcsb Community Foundation,821223618,Yorktown Heights,NY,T22,,https://projects.propublica.org/nonprofits/organizations/821223618,community foundation,2025-10-17 17:56:52,,,,,,,,not_contacted,no,no,,,,high,error,,,,0.0,,,,,,2025-10-22T19:48:52.000890,'grant_history'
Cortland Community Foundation,161561037,Cortland,NY,T31,,https://projects.propublica.org/nonprofits/organizations/161561037,community foundation,2025-10-17 17:56:52,https://cortland.org,info@cortland.org,,,,,,not_contacted,no,no,,,,high,estimated,,"info@cortland.org,contact@cortland.org,hello@cortland.org,inquiries@cortland.org,development@cortland.org,admin@cortland.org",1.0,15.0,,"[{""category"": ""primary"", ""keywords_found"": [""accessibility""], ""category_score"": 7}, {""category"": ""disability_support"", ""keywords_found"": [""accessibility""], ""category_score"": 8}]",homepage,,"community,youth,accessibility",2025-10-22T19:49:04.451401,
Athens Community Foundation,371419086,Athens,NY,T20,,https://projects.propublica.org/nonprofits/organizations/371419086,community foundation,2025-10-17 17:56:52,,,,,,,,not_contacted,no,no,,,,high,error,,,,0.0,,,,,,2025-10-22T19:49:17.265196,'grant_history'
Pawling Community Foundation,141748758,Pawling,NY,,,https://projects.propublica.org/nonprofits/organizations/141748758,community foundation,2025-10-17 17:56:52,,,,,,,,not_contacted,no,no,,,,high,error,,,,0.0,,,,,,2025-10-22T19:49:17.898659,'grant_history'
Community Solutions Foundation,463772911,Buffalo,NY,P19,,https://projects.propublica.org/nonprofits/organizations/463772911,community foundation,2025-10-17 17:56:52,,,,,,,,not_contacted,no,no,,,,high,error,,,,0.0,,,,,,2025-10-22T19:49:18.358170,'grant_history'
Brookmeade Community Foundation,454813106,Rhinebeck,NY,T99,,https://projects.propublica.org/nonprofits/organizations/454813106,community foundation,2025-10-17 17:56:52,,,,,,,,not_contacted,no,no,,,,high,error,,,,0.0,,,,,,2025-10-22T19:49:18.571520,'grant_history'
Community Concern Foundation,161447801,Derby,NY,,,https://projects.propublica.org/nonprofits/organizations/161447801,community foundation,2025-10-17 17:56:52,,,,,,,,not_contacted,no,no,,,,high,error,,,,0.0,,,,,,2025-10-22T19:49:19.017309,'grant_history'
Cooperstown Community Foundation,166090548,Cooperstown,NY,,,https://projects.propublica.org/nonprofits/organizations/166090548,community foundation,2025-10-17 17:56:52,https://cooperstown.org,info@cooperstown.org,,,,,,not_contacted,no,no,,,,high,estimated,,"info@cooperstown.org,contact@cooperstown.org,hello@cooperstown.org,inquiries@cooperstown.org,development@cooperstown.org,admin@cooperstown.org",0.0,0.0,,,homepage,,,2025-10-22T19:49:28.164767,
World Community Foundation,133612343,New York,NY,,,https://projects.propublica.org/nonprofits/organizations/133612343,community foundation,2025-10-17 17:56:52,https://world.org,discord.@worldcoinfndworld.org,,,,,,not_contacted,no,no,,,,high,harvested,discord.@worldcoinfndworld.org,,2.0,0.0,"developing meaningful, high-impact applications on world chain, an ecosystem that already connects more than 12 million world id users in more than 160 countries.",,"homepage,/about,/grants",,"community,inclusive,community,inclusive,community,inclusion,inclusive",2025-10-22T19:49:49.060846,
Bethpage Community Foundation,113578002,Bethpage,NY,T31,,https://projects.propublica.org/nonprofits/organizations/113578002,community foundation,2025-10-17 17:56:52,https://bethpage.org,press@fourleaffcu.com,,,,,,not_contacted,no,no,,,,high,harvested,press@fourleaffcu.com,,5.0,0.0,,,"homepage,/about,/about-us,/mission,/vision,/our-mission,/what-we-do,/programs,/grants,/giving,/impact",,"community,learning,inclusive,community,learning,inclusive,community,learning,inclusive,community,learning,inclusive,community,learning,inclusive,community,learning,inclusive,community,learning,inclusive,community,learning,inclusive,community,learning,inclusive,community,learning,inclusive,community,learning,inclusive",2025-10-22T19:50:20.392205,
Boma Community Foundation,834716640,New York,NY,S20,,https://projects.propublica.org/nonprofits/organizations/834716640,community foundation,2025-10-17 17:56:52,,,,,,,,not_contacted,no,no,,,,high,error,,,,0.0,,,,,,2025-10-22T19:50:23.481170,'grant_history'
Community Exchange Foundation,271641810,Glens Falls,NY,T99,,https://projects.propublica.org/nonprofits/organizations/271641810,community foundation,2025-10-17 17:56:52,,,,,,,,not_contacted,no,no,,,,high,error,,,,0.0,,,,,,2025-10-22T19:50:24.134259,'grant_history'
Community Hope Foundation,853783524,Sprngfld Gdns,NY,P20,,https://projects.propublica.org/nonprofits/organizations/853783524,community foundation,2025-10-17 17:56:52,,,,,,,,not_contacted,no,no,,,,high,error,,,,0.0,,,,,,2025-10-22T19:50:26.446876,'grant_history'
Cornwall Community Foundation,463121192,New Windsor,NY,T12,,https://projects.propublica.org/nonprofits/organizations/463121192,community foundation,2025-10-17 17:56:52,,,,,,,,not_contacted,no,no,,,,high,error,,,,0.0,,,,,,2025-10-22T19:50:27.741863,'grant_history'
Duryee Community Foundation,844110882,Schenectady,NY,S20,,https://projects.propublica.org/nonprofits/organizations/844110882,community foundation,2025-10-17 17:56:52,https://duryee.org,office@duryeememorial.org,,,,,,not_contacted,no,no,,,,high,harvested,"office@duryeememorial.org,office@duryeememorial.orgmission",,5.0,0.0,"love christ, live christ, serve christ  ep 2:10 [nkjv] ​for we are his workmanship, created in christ jesus for good works, which god prepared beforehand that we should walk in them.",,"homepage,/about-us",,"community,community",2025-10-22T19:50:52.322751,
Esopus Community Foundation,862568195,Port Ewen,NY,W99,,https://projects.propublica.org/nonprofits/organizations/862568195,community foundation,2025-10-17 17:56:52,https://esopus.org,info@esopus.org,,,,,,not_contacted,no,no,,,,high,estimated,,"info@esopus.org,contact@esopus.org,hello@esopus.org,inquiries@esopus.org,development@esopus.org,admin@esopus.org",2.0,0.0,"of providing an unmediated space through which artists, writers, musicians, and other creative professionals could connect directly with the general public.",,homepage,,"arts,creative",2025-10-22T19:51:05.741212,
Leaveners Community Foundation,481172029,Essex,NY,P58,,https://projects.propublica.org/nonprofits/organizations/481172029,community foundation,2025-10-17 17:56:52,https://leaveners.org,info@leaveners.org,,,,,,not_contacted,no,no,,,,high,estimated,,"info@leaveners.org,contact@leaveners.org,hello@leaveners.org,inquiries@leaveners.org,development@leaveners.org,admin@leaveners.org",0.0,0.0,,,homepage,,,2025-10-22T19:51:35.411404,
New Community Foundation,464343865,Bronx,NY,S20,,https://projects.propublica.org/nonprofits/organizations/464343865,community foundation,2025-10-17 17:56:52,https://new.org,info@new.org,,,,,,not_contacted,no,no,,,,high,harvested,info@new.org,,5.0,0.0,,,"homepage,/about,/about-us,/mission,/vision,/our-mission,/what-we-do,/programs,/grants,/giving,/impact",,,2025-10-22T19:51:56.966165,
Sephardic Community Foundation,861748882,Brooklyn,NY,A23,,https://projects.propublica.org/nonprofits/organizations/861748882,community foundation,2025-10-17 17:56:52,https://sephardic.org,info@sephardic.org,,,,,,not_contacted,no,no,,,,high,estimated,,"info@sephardic.org,contact@sephardic.org,hello@sephardic.org,inquiries@sephardic.org,development@sephardic.org,admin@sephardic.org",2.0,10.636363636363637,,"[{""category"": ""primary"", ""keywords_found"": [""art education (partial: 2/2 words)""], ""category_score"": 10.0}, {""category"": ""disability_support"", ""keywords_found"": [""special education (partial: 2/2 words)""], ""category_score"": 7.0}, {""category"": ""primary"", ""keywords_found"": [""art education (partial: 2/2 words)""], ""category_score"": 10.0}, {""category"": ""primary"", ""keywords_found"": [""art education (partial: 2/2 words)""], ""category_score"": 10.0}, {""category"": ""primary"", ""keywords_found"": [""art education (partial: 2/2 words)""], ""category_score"": 10.0}, {""category"": ""primary"", ""keywords_found"": [""art education (partial: 2/2 words)""], ""category_score"": 10.0}, {""category"": ""primary"", ""keywords_found"": [""art education (partial: 2/2 words)""], ""category_score"": 10.0}, {""category"": ""primary"", ""keywords_found"": [""art education (partial: 2/2 words)""], ""category_score"": 10.0}, {""category"": ""primary"", ""keywords_found"": [""art education (partial: 2/2 words)""], ""category_score"": 10.0}, {""category"": ""primary"", ""keywords_found"": [""art education (partial: 2/2 words)""], ""category_score"": 10.0}, {""category"": ""primary"", ""keywords_found"": [""art education (partial: 2/2 words)""], ""category_score"": 10.0}, {""category"": ""primary"", ""keywords_found"": [""art education (partial: 2/2 words)""], ""category_score"": 10.0}]","homepage,/about,/about-us,/mission,/vision,/our-mission,/what-we-do,/programs,/grants,/giving,/impact",,"education,health,community,learning,education,health,community,education,health,community,education,health,community,education,health,community,education,health,community,education,health,community,education,health,community,education,health,community,education,health,community,education,health,community",2025-10-22T19:52:13.615582,
Andujar Foundation Community,824911984,Buffalo,NY,O50,,https://projects.propublica.org/nonprofits/organizations/824911984,community foundation,2025-10-17 17:56:52,,,,,,,,not_contacted,no,no,,,,high,error,,,,0.0,,,,,,2025-10-22T19:52:19.218407,'grant_history'
Community Kollel Foundation,990765557,Far Rockaway,NY,X30,,https://projects.propublica.org/nonprofits/organizations/990765557,community foundation,2025-10-17 17:56:52,,,,,,,,not_contacted,no,no,,,,high,error,,,,0.0,,,,,,2025-10-22T19:52:19.633553,'grant_history'
Elevate Community Foundation,844976587,Rochester,NY,Z99,,https://projects.propublica.org/nonprofits/organizations/844976587,community foundation,2025-10-17 17:56:52,,,,,,,,not_contacted,no,no,,,,high,error,,,,0.0,,,,,,2025-10-22T19:52:20.658476,'grant_history'
Plmbc Community Foundation,824450245,Buffalo,NY,O50,,https://projects.propublica.org/nonprofits/organizations/824450245,community foundation,2025-10-17 17:56:52,https://plmbc.org,usemailoffice@promiselandmbconline.orgphone,,,,,,not_contacted,no,no,,,,high,harvested,usemailoffice@promiselandmbconline.orgphone,,3.0,10.0,are you interested in why we are called promise land? are you interested in what we believe? click here contact usemailoffice@promiselandmbconline.,"[{""category"": ""youth_development"", ""keywords_found"": [""children""], ""category_score"": 7}, {""category"": ""youth_development"", ""keywords_found"": [""children""], ""category_score"": 7}, {""category"": ""community_education"", ""keywords_found"": [""community school (partial: 2/2 words)""], ""category_score"": 9.0}, {""category"": ""youth_development"", ""keywords_found"": [""children""], ""category_score"": 7}]","homepage,/about,/giving",,"children,community,children,children",2025-10-22T19:52:34.316359,
Nhrg Private Foundation,273949845,Greenlawn,NY,T22,,https://projects.propublica.org/nonprofits/organizations/273949845,private foundation,2025-10-17 17:56:54,https://nhrg.org,info@nhrg.org,,,,,,not_contacted,no,no,,,,high,estimated,,"info@nhrg.org,contact@nhrg.org,hello@nhrg.org,inquiries@nhrg.org,development@nhrg.org,admin@nhrg.org",0.0,0.0,,,homepage,,,2025-10-22T19:52:48.675378,
Bitcoin Private Foundation,831305957,New York,NY,U99,,https://projects.propublica.org/nonprofits/organizations/831305957,private foundation,2025-10-17 17:56:54,https://bitcoin.org,info@bitcoin.org,,,,,,not_contacted,no,no,,,,high,estimated,,"info@bitcoin.org,contact@bitcoin.org,hello@bitcoin.org,inquiries@bitcoin.org,development@bitcoin.org,admin@bitcoin.org",2.0,0.0,,,"homepage,/about,/about-us,/mission,/vision,/our-mission,/what-we-do,/programs,/grants,/giving,/impact",,"community,community,community,community,community,community,community,community,community,community,community",2025-10-22T19:53:00.966065,
Mae Private Foundation,815246407,New York,NY,T50,,https://projects.propublica.org/nonprofits/organizations/815246407,private foundation,2025-10-17 17:56:54,,,,,,,,not_contacted,no,no,,,,high,error,,,,0.0,,,,,,2025-10-22T19:53:03.737807,'grant_history'
Allan Patchett Private Foundation,550760574,Amherst,NY,T20,,https://projects.propublica.org/nonprofits/organizations/550760574,private foundation,2025-10-17 17:56:54,https://allan.org,info@allan.org,,,,,,not_contacted,no,no,,,,high,estimated,,"info@allan.org,contact@allan.org,hello@allan.org,inquiries@allan.org,development@allan.org,admin@allan.org",0.0,0.0,,,homepage,,,2025-10-22T19:53:15.512275,
Douglas Cramer Private Foundation,311705313,Woodbury,NY,T22,,https://projects.propublica.org/nonprofits/organizations/311705313,private foundation,2025-10-17 17:56:54,,,,,,,,not_contacted,no,no,,,,high,error,,,,0.0,,,,,,2025-10-22T19:53:21.459506,'grant_history'
Private Tutor Foundation Inc,611620448,White Plains,NY,B90,,https://projects.propublica.org/nonprofits/organizations/611620448,private foundation,2025-10-17 17:56:54,https://privatetutor.com,info@privatetutor.com,,,,,,not_contacted,no,no,,,,high,estimated,,"info@privatetutor.com,contact@privatetutor.com,hello@privatetutor.com,inquiries@privatetutor.com,development@privatetutor.com,admin@privatetutor.com",1.0,29.0,"connecting students with skilled tutors who inspire confidence, unlock potential, and make learning an enjoyable journey.","[{""category"": ""primary"", ""keywords_found"": [""art education (partial: 2/2 words)"", ""accessibility""], ""category_score"": 17.0}, {""category"": ""disability_support"", ""keywords_found"": [""special needs (partial: 2/2 words)"", ""special education (partial: 2/2 words)"", ""accessibility""], ""category_score"": 24.0}, {""category"": ""community_education"", ""keywords_found"": [""community school (partial: 2/2 words)"", ""quality education (partial: 2/2 words)""], ""category_score"": 16.0}, {""category"": ""primary"", ""keywords_found"": [""accessibility""], ""category_score"": 7}, {""category"": ""disability_support"", ""keywords_found"": [""accessibility""], ""category_score"": 8}, {""category"": ""primary"", ""keywords_found"": [""accessibility""], ""category_score"": 7}, {""category"": ""disability_support"", ""keywords_found"": [""accessibility""], ""category_score"": 8}]","homepage,/about-us,/programs","support your success every step of the way. our platform brings together a community of highly qualified tutors with expertise across a wide range of subjects and grade levels. each tutor represents a high level of professionalism, knowledge, and passion for teaching. why teach at  privatetutor.com? customized learning plans: personalized strategies to meet your specific needs and objectives. flexible scheduling: teach at your pace, anytime, anywhere. top-quality tutors: work among experts who care about your progress and are dedicated to your professional growth. proven results: help students achieve academic excellence and gain confidence. at privatetutor.com, we believe education","education,community,accessibility,learning,accessibility,accessibility",2025-10-22T19:54:02.368476,
Public Private Alliance Foundation,711016293,Hastings Hdsn,NY,Q01,,https://projects.propublica.org/nonprofits/organizations/711016293,private foundation,2025-10-17 17:56:54,https://publicprivatealliance.com,hello@publicprivatealliance.com,,,,,,not_contacted,no,no,,,,high,harvested,hello@publicprivatealliance.com,,2.0,17.333333333333332,to design and deliver impactful public–private partnerships.,"[{""category"": ""primary"", ""keywords_found"": [""art education (partial: 2/2 words)""], ""category_score"": 10.0}, {""category"": ""disability_support"", ""keywords_found"": [""inclusive education (partial: 2/2 words)""], ""category_score"": 8.0}, {""category"": ""youth_development"", ""keywords_found"": [""youth development (partial: 2/2 words)""], ""category_score"": 8.0}, {""category"": ""primary"", ""keywords_found"": [""art education (partial: 2/2 words)""], ""category_score"": 10.0}, {""category"": ""disability_support"", ""keywords_found"": [""inclusive education (partial: 2/2 words)""], ""category_score"": 8.0}, {""category"": ""youth_development"", ""keywords_found"": [""youth development (partial: 2/2 words)""], ""category_score"": 8.0}]","homepage,/about,/about-us","support inclusive or high-risk initiatives agri co-ops & agritech advance food security, smart farming, and rural value chains export credit agencies facilitate cross-border finance, infrastructure exports tourism boards promote sustainable tourism ppps tied to local economies, heritage, and conservation defense & space agencies collaborate on dual-use technology deployment, infrastructure resilience, and r&d ppps youth councils & leadership co-create platforms for youth policy input, civic innovation, and workforce activation. insurance providers design risk-pooling, climate insurance, and health coverage mechanisms for public programs. enabling transformative impact by 2040 power sustainable economies drive the global shift to net-zero through renewable energy ppps that expand clean infrastructure and reduce emissions. ensure food & water security promote climate-smart agriculture and integrated water systems to secure sustainable access for growing populations. bridge the technology divide localize ai, quantum, and biotech capabilities across emerging economies to build inclusive digital and innovation ecosystems. uplift communities develop smart, inclusive cities and rural infrastructure that close equity gaps and empower underserved populations. advance human potential -scale education,support inclusive or high-risk initiatives agri co-ops & agritech advance food security, smart farming, and rural value chains export credit agencies facilitate cross-border finance, infrastructure exports tourism boards promote sustainable tourism ppps tied to local economies, heritage, and conservation defense & space agencies collaborate on dual-use technology deployment, infrastructure resilience, and r&d ppps youth councils & leadership co-create platforms for youth policy input, civic innovation, and workforce activation. insurance providers design risk-pooling, climate insurance, and health coverage mechanisms for public programs. enabling transformative impact by 2040 power sustainable economies drive the global shift to net-zero through renewable energy ppps that expand clean infrastructure and reduce emissions. ensure food & water security promote climate-smart agriculture and integrated water systems to secure sustainable access for growing populations. bridge the technology divide localize ai, quantum, and biotech capabilities across emerging economies to build inclusive digital and innovation ecosystems. uplift communities develop smart, inclusive cities and rural infrastructure that close equity gaps and empower underserved populations. advance human potential -scale education","health,education,health,youth,inclusion,cultural,inclusive,education,health,youth,inclusion,cultural,inclusive",2025-10-22T19:54:18.429140,
Rodel Private Charitable Foundation,261512186,Woodbury,NY,T20,,https://projects.propublica.org/nonprofits/organizations/261512186,private foundation,2025-10-17 17:56:54,https://rodel.org,info@rodel.org,,,,,,not_contacted,no,no,,,,high,estimated,,"info@rodel.org,contact@rodel.org,hello@rodel.org,inquiries@rodel.org,development@rodel.org,admin@rodel.org",1.0,24.0,,"[{""category"": ""primary"", ""keywords_found"": [""art education (partial: 2/2 words)""], ""category_score"": 10.0}, {""category"": ""disability_support"", ""keywords_found"": [""special education (partial: 2/2 words)""], ""category_score"": 7.0}, {""category"": ""community_education"", ""keywords_found"": [""quality education (partial: 2/2 words)""], ""category_score"": 7.0}]",homepage,"support a healthy democracy by improving the quality of public leadership in the u.s.  our clean energy work focuses on the advancement of nuclear energy because our current technologies (particularly wind, solar and hydro power) will not produce enough energy supply to significantly reduce the use of fossil fuel sources.  we also invest in programs that support emotional health and wellness, and we fund high quality research. our history bill, don and susan budinger formed the rodel initiatives, originally as the rodel foundations, in 1999 when rodel inc. was sold to a multibillion-dollar chemical company. rodel inc. was founded in the late 1960s by bill budinger in delaware and don budinger in arizona. susan budinger subsequently joined the company in the early 1990’s. although rodel’s first products were for the printing industry, the company made specialty textiles and chemicals used for a variety of surface preparation applications. ultimately, variants of those products were developed for use in critical stages of semiconductor manufacturing, which fueled much of the company’s tremendous growth. rodel inc. had become global in the early 1980’s, through a joint venture in japan, called rodel nitta, as well as the establishment of operations in europe and elsewhere in asia. it now operates as a division of the dupont companies. rodel delaware in delaware, rodel connects people, ideas and resources with the objective of helping delaware become a global leader in educating each of its students to contribute and thrive. we work with educators, corporations, community leaders and government to make things happen from concept to execution. improving the complex, interconnected system of education,funding and equity, early childhood education, social and emotional learning, and pathways to postsecondary success. other areas of continuing work include: educator support and development, standards and assessment, english language learning, and generating and reporting education data. rodel delaware is a supporting organization of the delaware community foundation. rodelde.org rodel clean energy project reliable and abundant energy is essential to a modern economy.  unfortunately, most of our energy still comes from coal, oil, and gas.  transitioning the us economy from polluting fossil fuels to clean energy will require fundamental changes and increased public and private sector investments in clean energy production.  rodel supports polices that build complete energy systems and technologies that can provide abundant, reliable, affordable and clean energy with the least harmful environmental impacts.  an effective system with these attributes must include 24/7 dispatchable, “baseload power,” which can only be provided by fossil fuels combined with technologies that remove their pollutants or nuclear energy. because removing pollutants from fossil fuels remains impractical, and wind and solar energy sources cannot provide firm baseload power, we are focused on removing the barriers to rapid deployment of nuclear energy. rodel clean energy project rodel institute the rodel institute is a nonpartisan, independent nonprofit devoted to strengthening american democracy and improving the quality of public leadership in the united states. a center for leadership learning and intellectual development, rodel helps america’s most promising leaders: 1) deepen their commitment to democracy and the rule of law, 2) become more effective public servants, and 3) work together across party lines to address some of our nation’s most important challenges. rodel’s programs,support and development, standards and assessment, english language learning, and generating and reporting education","education,health,community,learning",2025-10-22T19:54:31.422859,
Thomas Cramer Private Foundation,311705322,Woodbury,NY,T22,,https://projects.propublica.org/nonprofits/organizations/311705322,private foundation,2025-10-17 17:56:54,,,,,,,,not_contacted,no,no,,,,high,error,,,,0.0,,,,,,2025-10-22T19:54:34.497290,'grant_history'
Charna Radbell Private Foundation,226887924,Lawrence,NY,T20,,https://projects.propublica.org/nonprofits/organizations/226887924,private foundation,2025-10-17 17:56:54,,,,,,,,not_contacted,no,no,,,,high,error,,,,0.0,,,,,,2025-10-22T19:54:35.235596,'grant_history'
Rafferty Family Private Foundation,276590504,Mamaroneck,NY,T22,,https://projects.propublica.org/nonprofits/organizations/276590504,private foundation,2025-10-17 17:56:54,,,,,,,,not_contacted,no,no,,,,high,error,,,,0.0,,,,,,2025-10-22T19:54:36.768312,'grant_history'
James R Shields Private Foundation,300609473,New York,NY,T20,,https://projects.propublica.org/nonprofits/organizations/300609473,private foundation,2025-10-17 17:56:54,,,,,,,,not_contacted,no,no,,,,high,error,,,,0.0,,,,,,2025-10-22T19:54:37.369960,'grant_history'
A L Borg Private Foundation,112944989,New York,NY,,,https://projects.propublica.org/nonprofits/organizations/112944989,private foundation,2025-10-17 17:56:54,https://a.org,info@a.org,,,,,,not_contacted,no,no,,,,high,estimated,,"info@a.org,contact@a.org,hello@a.org,inquiries@a.org,development@a.org,admin@a.org",0.0,0.0,,,homepage,,arts,2025-10-22T19:54:47.870656,
Robert Keleher Private Foundation Inc,830773547,East Islip,NY,B82,,https://projects.propublica.org/nonprofits/organizations/830773547,private foundation,2025-10-17 17:56:54,,,,,,,,not_contacted,no,no,,,,high,error,,,,0.0,,,,,,2025-10-22T19:54:51.119084,'grant_history'
Private Equity Foundation I Inc,432116245,New York,NY,T12,,https://projects.propublica.org/nonprofits/organizations/432116245,private foundation,2025-10-17 17:56:54,,,,,,,,not_contacted,no,no,,,,high,error,,,,0.0,,,,,,2025-10-22T19:55:01.317685,'grant_history'
Jerome E Toffler Private Foundation,357012223,New York,NY,T22,,https://projects.propublica.org/nonprofits/organizations/357012223,private foundation,2025-10-17 17:56:54,,,,,,,,not_contacted,no,no,,,,high,error,,,,0.0,,,,,,2025-10-22T19:55:01.830099,'grant_history'
Della Calce Private Foundation Inc,204702349,Vly Cottage,NY,T20,,https://projects.propublica.org/nonprofits/organizations/204702349,private foundation,2025-10-17 17:56:54,,,,,,,,not_contacted,no,no,,,,high,error,,,,0.0,,,,,,2025-10-22T19:55:04.074720,'grant_history'
Kimberly Cramer Germ Private Foundation,311705318,Woodbury,NY,T22,,https://projects.propublica.org/nonprofits/organizations/311705318,private foundation,2025-10-17 17:56:54,,,,,,,,not_contacted,no,no,,,,high,error,,,,0.0,,,,,,2025-10-22T19:55:05.107837,'grant_history'
Elkie Rosen Private Foundation Inc,863568842,Woodbury,NY,T50,,https://projects.propublica.org/nonprofits/organizations/863568842,private foundation,2025-10-17 17:56:54,,,,,,,,not_contacted,no,no,,,,high,error,,,,0.0,,,,,,2025-10-22T19:55:05.294494,'grant_history'
Lauren Cramer Fexy Private Foundation,311705315,Woodbury,NY,T22,,https://projects.propublica.org/nonprofits/organizations/311705315,private foundation,2025-10-17 17:56:54,,,,,,,,not_contacted,no,no,,,,high,error,,,,0.0,,,,,,2025-10-22T19:55:06.390188,'grant_history'
Prem & Poonam Private Foundation Inc,473888176,East Elmhurst,NY,K30,,https://projects.propublica.org/nonprofits/organizations/473888176,private foundation,2025-10-17 17:56:54,https://prem.org,staff@membersupport.org,,,,,,not_contacted,no,no,,,,high,harvested,staff@membersupport.org,,2.0,0.0,,,homepage,,community,2025-10-22T19:55:17.645973,
Lucille A Napoli Private Foundation,993635996,Bronx,NY,D20,,https://projects.propublica.org/nonprofits/organizations/993635996,private foundation,2025-10-17 17:56:54,,,,,,,,not_contacted,no,no,,,,high,error,,,,0.0,,,,,,2025-10-22T19:55:25.205425,'grant_history'
Schwartz Family Private Foundation Inc,934627346,Brooklyn,NY,B12,,https://projects.propublica.org/nonprofits/organizations/934627346,private foundation,2025-10-17 17:56:54,,,,,,,,not_contacted,no,no,,,,high,error,,,,0.0,,,,,,2025-10-22T19:55:26.176732,'grant_history'
Lakhani Family Private Charitable Foundation,836795215,Fresh Meadows,NY,T22,,https://projects.propublica.org/nonprofits/organizations/836795215,private foundation,2025-10-17 17:56:54,,,,,,,,not_contacted,no,no,,,,high,error,,,,0.0,,,,,,2025-10-22T19:55:27.194214,'grant_history'
Thomas And Jeanne Elmezzi Private Foundation,113343740,Astoria,NY,,,https://projects.propublica.org/nonprofits/organizations/113343740,private foundation,2025-10-17 17:56:54,,,,,,,,not_contacted,no,no,,,,high,error,,,,0.0,,,,,,2025-10-22T19:55:28.765280,'grant_history'
The Ralph Lauren Corporate Foundation,522316766,New York,NY,T22,,https://projects.propublica.org/nonprofits/organizations/522316766,corporate foundation,2025-10-17 17:56:55,https://the.org,info@the.org,,,,,,not_contacted,no,no,,,,high,estimated,,"info@the.org,contact@the.org,hello@the.org,inquiries@the.org,development@the.org,admin@the.org",0.0,0.0,,,,,,2025-10-22T19:55:42.550320,
North American Jaat Heritage Foundation A Nj Nonprofit Corporat,854194350,Jericho,NY,A23,,https://projects.propublica.org/nonprofits/organizations/854194350,corporate foundation,2025-10-17 17:56:55,,,,,,,,not_contacted,no,no,,,,high,error,,,,0.0,,,,,,2025-10-22T19:55:47.666708,'grant_history'
Foundation For Bedford Central Schools A Not For Profit Corporati,461741040,Bedford Hills,NY,B122,,https://projects.propublica.org/nonprofits/organizations/461741040,corporate foundation,2025-10-17 17:56:55,,,,,,,,not_contacted,no,no,,,,high,error,,,,0.0,,,,,,2025-10-22T19:55:57.916738,'grant_history'
Artis Contemporary Israeli Art Fund Inc,264184988,New York,NY,A23,,https://projects.propublica.org/nonprofits/organizations/264184988,arts,2025-10-17 17:56:56,,,,,,,,not_contacted,no,no,,,,high,error,,,,0.0,,,,,,2025-10-22T19:55:58.774041,'grant_history'
Magnum Cultural Foundation,450573269,New York,NY,A40,,https://projects.propublica.org/nonprofits/organizations/450573269,cultural,2025-10-17 17:56:57,,,,,,,,not_contacted,no,no,,,,high,error,,,,0.0,,,,,,2025-10-22T19:55:59.430607,'grant_history'
Cultural Resources Foundation,262993649,Brooklyn,NY,A99,,https://projects.propublica.org/nonprofits/organizations/262993649,cultural,2025-10-17 17:56:57,,,,,,,,not_contacted,no,no,,,,high,error,,,,0.0,,,,,,2025-10-22T19:56:00.696874,'grant_history'
Moun Cultural Foundation,392761036,Floral Park,NY,A23,,https://projects.propublica.org/nonprofits/organizations/392761036,cultural,2025-10-17 17:56:57,,,,,,,,not_contacted,no,no,,,,high,error,,,,0.0,,,,,,2025-10-22T19:56:04.528061,'grant_history'
Daniels Music Foundation,320156199,New York,NY,A68,,https://projects.propublica.org/nonprofits/organizations/320156199,music,2025-10-17 17:56:58,https://danielsmusic.org,usinfo@danielsmusic.org,,,,,,not_contacted,no,no,,,,high,harvested,usinfo@danielsmusic.org,,2.0,24.0,,"[{""category"": ""primary"", ""keywords_found"": [""accessibility""], ""category_score"": 7}, {""category"": ""disability_support"", ""keywords_found"": [""accessibility""], ""category_score"": 8}, {""category"": ""community_education"", ""keywords_found"": [""community school (partial: 2/2 words)""], ""category_score"": 9.0}]",homepage,,"community,accessibility,creative",2025-10-22T19:56:17.247525,
Visual Arts Foundation Inc,136261474,New York,NY,A900,,https://projects.propublica.org/nonprofits/organizations/136261474,visual arts,2025-10-17 17:57:02,https://visualartsfoundation.org,info@visualartsfoundation.org,,,,,,not_contacted,no,no,,,,high,estimated,,"info@visualartsfoundation.org,contact@visualartsfoundation.org,hello@visualartsfoundation.org,inquiries@visualartsfoundation.org,development@visualartsfoundation.org,admin@visualartsfoundation.org",2.0,0.0,,,homepage,"support of these efforts a number of scholarship funds have been established in memory of former faculty and students, with contributions from colleagues, family and friends. over the years the foundation has received support from such professional associations as the advertising club of new york, the new york art directors club, the one club, aquent and the society of illustrators. funding for scholarships and special projects has been provided by jp morgan chase & company, philip morris companies, eastman kodak, disney, merrill lynch, travelers, sony, con edison and the coyne family foundation. you can find a listing of the current vaf scholarships and awards here. for further information on how to establish or contribute to a scholarship fund, please contact the visual arts,supports exhibitions, conferences, and competitions and promotes the study and improvement of the arts,support creativity the visual arts",arts,2025-10-22T19:56:33.341997,
Goldfinger Foundation For The Visual Arts,134009859,Waccabuc,NY,T20,,https://projects.propublica.org/nonprofits/organizations/134009859,visual arts,2025-10-17 17:57:02,,,,,,,,not_contacted,no,no,,,,high,error,,,,0.0,,,,,,2025-10-22T19:56:36.123578,'grant_history'
Dorothy Dehner Foundation For The Visual Arts,133830526,New York,NY,T20Z,,https://projects.propublica.org/nonprofits/organizations/133830526,visual arts,2025-10-17 17:57:02,,,,,,,,not_contacted,no,no,,,,high,error,,,,0.0,,,,,,2025-10-22T19:56:37.723782,'grant_history'
Buffalo Academy For Visual And Performing Arts Foundation,271423111,Buffalo,NY,B112,,https://projects.propublica.org/nonprofits/organizations/271423111,visual arts,2025-10-17 17:57:02,https://buffalo.org,info@buffalo.org,,,,,,not_contacted,no,no,,,,high,estimated,,"info@buffalo.org,contact@buffalo.org,hello@buffalo.org,inquiries@buffalo.org,development@buffalo.org,admin@buffalo.org",1.0,0.0,,,"homepage,/about",,,2025-10-22T19:56:47.453763,
Matthew Troyan Foundation For The Visual Arts Ltd,454392048,Brookhaven,NY,B12,,https://projects.propublica.org/nonprofits/organizations/454392048,visual arts,2025-10-17 17:57:02,,,,,,,,not_contacted,no,no,,,,high,error,,,,0.0,,,,,,2025-10-22T19:56:52.537416,'grant_history'
Ashford Hollow Foundation For The Visual Performing Arts,160958993,Buffalo,NY,,,https://projects.propublica.org/nonprofits/organizations/160958993,visual arts,2025-10-17 17:57:02,,,,,,,,not_contacted,no,no,,,,high,error,,,,0.0,,,,,,2025-10-22T19:56:53.811554,'grant_history'
The Andy Warhol Foundation For The Visual Arts Inc,133410749,New York,NY,,,https://projects.propublica.org/nonprofits/organizations/133410749,visual arts,2025-10-17 17:57:02,https://the.org,info@the.org,,,,,,not_contacted,no,no,,,,high,estimated,,"info@the.org,contact@the.org,hello@the.org,inquiries@the.org,development@the.org,admin@the.org",0.0,0.0,,,,,,2025-10-22T19:57:07.219137,
Foundation Of Arts Music And Education,133707599,Bedford Hills,NY,B64Z,,https://projects.propublica.org/nonprofits/organizations/133707599,arts education,2025-10-17 17:57:03,,,,,,,,not_contacted,no,no,,,,high,error,,,,0.0,,,,,,2025-10-22T19:57:19.798277,'grant_history'
Pia Nys Graphic Arts Education Foundation Inc,223149570,Amherst,NY,,,https://projects.propublica.org/nonprofits/organizations/223149570,arts education,2025-10-17 17:57:03,https://pia.org,pia@pia.org,,,,,,not_contacted,no,no,,,,high,harvested,pia@pia.org,,1.0,33.0,building the future for insurance professionals everywhere.,"[{""category"": ""primary"", ""keywords_found"": [""art education (partial: 2/2 words)""], ""category_score"": 10.0}, {""category"": ""disability_support"", ""keywords_found"": [""special needs (partial: 2/2 words)"", ""special education (partial: 2/2 words)""], ""category_score"": 16.0}, {""category"": ""community_education"", ""keywords_found"": [""quality education (partial: 2/2 words)""], ""category_score"": 7.0}]",homepage,"support as well as carrier and coverage selection. it’s yet another way to let the association you already trust work for you. current offerings can include: group medical group dental group term life group long-term disability workers’ comp. markets for your clients pia’s numberone comp program get a quote the professional insurance agents associations of new york, new jersey, connecticut, new hampshire and vermont have been helping members place their monoline workers’ compensation business for nearly two decades. pia offers a broad range of workers’ comp markets for your clients from top-rated carriers, with flexible billing and payment plans. pia’s programs have a simple, fivestep submission process to get you started. pia’s dedicated staff helps our members provide outstanding alternative markets for their clients. important features include: a simple submission process quick turnaround upon complete submission competitive commissions multiple markets no volume commitments pay-as-you-go options no minimum premiums hundreds of classes, including some artisan classes pia northeast news & media pia northeast news & media is a blog site maintained by the professional insurance agents of connecticut, new hampshire, new jersey, new york and vermont. it highlights information and issues that are important to insurance professionals. it offers easy access to news, infographics, videos, pia northeast weekly dispatch, pia magazine and more. learn more press resources do you want to see what’s happening with the association, including recent news from pia northeast? are you interested in speaking to an insurance expert for a news story? learn more about pia professional insurance agents is a voluntary, membership-based trade association representing professional, independent property/casualty insurance agents. the challenges facing today’s insurance professionals are many, and too frequently, allies are few and far between. pia is dedicated to building the future for insurance professionals everywhere. we are unrivaled in our ability to meet members’ needs, providing a focused legislative voice, information, education","education,health,learning",2025-10-22T19:57:29.597937,
Pearl Mae Watson Arts Education Foundation Inc,932519224,Brooklyn,NY,A12,,https://projects.propublica.org/nonprofits/organizations/932519224,arts education,2025-10-17 17:57:03,,,,,,,,not_contacted,no,no,,,,high,error,,,,0.0,,,,,,2025-10-22T19:57:42.172552,'grant_history'
Caribbean Arts & Culture Foundation,993236975,Buffalo,NY,A23,,https://projects.propublica.org/nonprofits/organizations/993236975,cultural arts,2025-10-17 17:57:04,https://caribbean.org,info@caribbean.org,,,,,,not_contacted,no,no,,,,high,estimated,,"info@caribbean.org,contact@caribbean.org,hello@caribbean.org,inquiries@caribbean.org,development@caribbean.org,admin@caribbean.org",0.0,0.5454545454545454,,"[{""category"": ""community_education"", ""keywords_found"": [""community engagement (partial: 2/2 words)""], ""category_score"": 6.0}]","homepage,/about,/about-us,/mission,/vision,/our-mission,/what-we-do,/programs,/grants,/giving,/impact",,"community,cultural",2025-10-22T19:57:51.512727,
Asase Yaa Cultural Arts Foundation Inc,352381871,Brooklyn,NY,B99,,https://projects.propublica.org/nonprofits/organizations/352381871,cultural arts,2025-10-17 17:57:04,https://asase.org,85info@asase.org,,,,,,not_contacted,no,no,,,,high,harvested,85info@asase.org,,2.0,10.0,,"[{""category"": ""primary"", ""keywords_found"": [""art education (partial: 2/2 words)""], ""category_score"": 10.0}]",homepage,,education,2025-10-22T19:58:15.236517,
Empower Performing Arts Foundation,994570117,Oswego,NY,A12,,https://projects.propublica.org/nonprofits/organizations/994570117,performing arts,2025-10-17 17:57:06,https://empowerperformingarts.org,info@empowerperformingarts.org,,,,,,not_contacted,no,no,,,,high,estimated,,"info@empowerperformingarts.org,contact@empowerperformingarts.org,hello@empowerperformingarts.org,inquiries@empowerperformingarts.org,development@empowerperformingarts.org,admin@empowerperformingarts.org",0.0,0.0,,,homepage,,arts,2025-10-22T19:58:23.966469,
Supermajority Education Fund,843745987,New York,NY,R24,,https://projects.propublica.org/nonprofits/organizations/843745987,education,2025-10-17 17:57:07,,,,,,,,not_contacted,no,no,,,,high,error,,,,0.0,,,,,,2025-10-22T19:58:29.759406,'grant_history'
Food Education Fund,263497284,New York,NY,B82,,https://projects.propublica.org/nonprofits/organizations/263497284,education,2025-10-17 17:57:07,https://foodeducation.com,info@foodeducation.com,,,,,,not_contacted,no,no,,,,high,estimated,,"info@foodeducation.com,contact@foodeducation.com,hello@foodeducation.com,inquiries@foodeducation.com,development@foodeducation.com,admin@foodeducation.com",0.0,0.0,,,"homepage,/about,/about-us,/mission,/vision,/our-mission,/what-we-do,/programs,/grants,/giving,/impact",,"education,education,education,education,education,education,education,education,education,education,education",2025-10-22T19:58:37.868132,
Kenya Education Fund,542056227,New York,NY,P80,,https://projects.propublica.org/nonprofits/organizations/542056227,education,2025-10-17 17:57:07,https://kenyaeducationfund.org,info@kenyaeducationfund.org,,,,,,not_contacted,no,no,,,,high,harvested,info@kenyaeducationfund.org,,3.0,91.0,to give access to quality education and keep these students in school.,"[{""category"": ""primary"", ""keywords_found"": [""arts education (partial: 2/2 words)"", ""art education (partial: 2/2 words)"", ""arts access (partial: 2/2 words)"", ""accessibility""], ""category_score"": 35.0}, {""category"": ""disability_support"", ""keywords_found"": [""accessibility""], ""category_score"": 8}, {""category"": ""youth_development"", ""keywords_found"": [""children""], ""category_score"": 7}, {""category"": ""community_education"", ""keywords_found"": [""educational pathways (partial: 2/2 words)"", ""school partnerships (partial: 2/2 words)"", ""educational access (partial: 2/2 words)"", ""quality education"", ""transforming lives"", ""empowering students"", ""educational equity (partial: 2/2 words)""], ""category_score"": 52.0}, {""category"": ""primary"", ""keywords_found"": [""arts education (partial: 2/2 words)"", ""art education (partial: 2/2 words)"", ""arts program (partial: 2/2 words)"", ""arts access (partial: 2/2 words)"", ""accessibility""], ""category_score"": 43.0}, {""category"": ""disability_support"", ""keywords_found"": [""accessibility""], ""category_score"": 8}, {""category"": ""youth_development"", ""keywords_found"": [""children""], ""category_score"": 7}, {""category"": ""community_education"", ""keywords_found"": [""community school (partial: 2/2 words)"", ""empowering students (partial: 2/2 words)"", ""community engagement (partial: 2/2 words)""], ""category_score"": 22.0}]","homepage,/what-we-do","support students who are financially underprivileged, many of whom will not go to school without financial support, successfully transitioning 98% of them from high school to university. kef serves all people; regardless of religion, race, ethnicity, or gender. our impact 18+ years of giving 4600+ scholarships provided 650 active scholarships 153 partner schools 99% transition rate kef alumni kef graduates kef graduates bridget kendi bachelor of education,support students who are financially underprivileged, many of whom will not go to school without financial support, successfully transitioning 98% of them from high school to university. kef serves all people; regardless of religion, race, ethnicity, or gender. our impact 18+ years of giving 4600+ scholarships provided 650 active scholarships 153 partner schools 99% transition rate kef alumni kef graduates kef graduates bridget kendi bachelor of education (science)university of nairobi judith khasiala bachelor of education (arts,support scholarships, resources, and mentorship for our students.we’re committed to transparency, sustainability, and excellence in every step of our work—from collaborating with local partners to providing mentorship and support for students from high school through to university. kef upholds rigorous standards, ensuring that each contribution creates lasting change. together, we’re transforming lives and shaping a brighter future for kenya. get involved how you can help donate any individual contribution can go a long way and is highly appreciated. donate now gift in securities making a gift of securities to the kef is an easy way to contribute to our mission while enjoying some financial benefits gift now partner with a student get matched with an incoming form 1 student, write letters to each other and build a beautiful & unforgettable relationship! partner now become a kef ambassador join the global movement to increase access to education,support to disadvantaged students across kenya. since 2006, we have helped thousands of young people access quality secondary education,support their education,support students' academic and personal growth. step four kef alumni association the kenya education,supports the education,support kef programs, and contribute to their success. with a vision of creating empowered individuals who drive positive change in their communities, the association strives to build a thriving network of independent, impactful change-makers. step five bridge scholarships to university the kenya education,support for scholars as they take the next step in their academic and professional journeys. currently, kef transition rate is 100%!! stay connected. get to know the current news and updates from kef email address sign up thank you! “i do what i do because i love to see the children transforming their homes to look like what they've always desired growing up.” eveline airo accounts assistant kenya education","education,arts,youth,children,accessibility,learning,cultural,education,arts,health,community,children,accessibility,mental health",2025-10-22T19:59:02.277440,
Polar Education Foundation,205853356,New York,NY,C60,,https://projects.propublica.org/nonprofits/organizations/205853356,education,2025-10-17 17:57:07,https://polareducationfoundation.org,directortammy@polareducationfoundation.org,,,,,,not_contacted,no,no,,,,high,harvested,directortammy@polareducationfoundation.org,,1.0,38.0,is to provide immersive learning journeys that educate and empower youth as positive change agents.,"[{""category"": ""primary"", ""keywords_found"": [""art education (partial: 2/2 words)""], ""category_score"": 10.0}, {""category"": ""disability_support"", ""keywords_found"": [""special education (partial: 2/2 words)""], ""category_score"": 7.0}, {""category"": ""youth_development"", ""keywords_found"": [""youth development (partial: 2/2 words)"", ""cultural awareness (partial: 2/2 words)""], ""category_score"": 14.0}, {""category"": ""community_education"", ""keywords_found"": [""empowering students (partial: 2/2 words)""], ""category_score"": 7.0}]",homepage,"support these globally unique education,support youth with these unique, experiential learning opportunities. these journeys cultivate a profound understanding of the polar regions and the global ecosystem. through our programs, young people learn about culture, engage in arctic policy, embrace environmental stewardship, and explore sustainability concepts, while examining global challenges and solutions. we are committed to inspiring the next generation and promoting sustainable practices through education,support youth in their journey from expedition to employment, creating a global network of changemakers committed to building healthy communities and a sustainable future. learn about soi’s expedition programming partnership questions? tammy quinn, executive directortammy@polareducation","education,health,youth,learning,cultural",2025-10-22T19:59:19.213524,
Advertising Educational Foundation,133228986,New York,NY,,,https://projects.propublica.org/nonprofits/organizations/133228986,educational,2025-10-17 17:57:08,https://advertising.org,info@advertising.org,,,,,,not_contacted,no,no,,,,high,estimated,,"info@advertising.org,contact@advertising.org,hello@advertising.org,inquiries@advertising.org,development@advertising.org,admin@advertising.org",0.0,0.7272727272727273,,"[{""category"": ""youth_development"", ""keywords_found"": [""creative development (partial: 2/2 words)""], ""category_score"": 8.0}]","homepage,/about,/about-us,/mission,/vision,/our-mission,/what-we-do,/programs,/grants,/giving,/impact",,creative,2025-10-22T19:59:30.494742,
Bnos Educational Trust,872475274,Brooklyn,NY,X30,,https://projects.propublica.org/nonprofits/organizations/872475274,educational,2025-10-17 17:57:08,,,,,,,,not_contacted,no,no,,,,high,error,,,,0.0,,,,,,2025-10-22T19:59:33.473544,'grant_history'
Kaplan Educational Foundation,200495155,New York,NY,T20,,https://projects.propublica.org/nonprofits/organizations/200495155,educational,2025-10-17 17:57:08,,,,,,,,not_contacted,no,no,,,,high,error,,,,0.0,,,,,,2025-10-22T19:59:45.936457,'grant_history'
Map Educational Fund,453265404,New York,NY,G40,,https://projects.propublica.org/nonprofits/organizations/453265404,educational,2025-10-17 17:57:08,https://map.org,map@map.org,,,,,,not_contacted,no,no,,,,high,harvested,"map@map.org,media@map.org",,5.0,17.0,is simple yet impactful: to provide essential medicines and health supplies to those in need so they can live life to the fullest.,"[{""category"": ""youth_development"", ""keywords_found"": [""children""], ""category_score"": 7}, {""category"": ""primary"", ""keywords_found"": [""arts program (partial: 2/2 words)"", ""arts access (partial: 2/2 words)""], ""category_score"": 16.0}, {""category"": ""youth_development"", ""keywords_found"": [""children""], ""category_score"": 7}, {""category"": ""community_education"", ""keywords_found"": [""transforming lives (partial: 2/2 words)""], ""category_score"": 8.0}, {""category"": ""primary"", ""keywords_found"": [""arts program (partial: 2/2 words)"", ""arts access (partial: 2/2 words)""], ""category_score"": 16.0}, {""category"": ""youth_development"", ""keywords_found"": [""children""], ""category_score"": 7}, {""category"": ""youth_development"", ""keywords_found"": [""children""], ""category_score"": 7}]","homepage,/about,/vision,/giving","support maternal and fetal health. we also provided over 119,000 oral rehydration salts, totaling nearly 3 million sachets, to 45 countries to help prevent dehydration. additionally, we administered over 1.8 million deworming medications to patients in 15 countries and provided over 800,000 antibiotics to individuals in 57 countries. through our bringing children health (bch) program, we were able to reach over 324,000 children – an increase of over 243,000 from the previous year. by targeting our efforts where they’re needed most, we can make a real impact and improve the health and wellbeing of children around the world. thanks to our dedicated team and generous supporters, we’re able to make a real difference in the lives of those who need it most. join us in our mission to create a healthier, more equitable world today. read our annual report news corporate partnerships order meds for mission trips more ways to give on-the-ground partnerships more results... generic selectors exact matches only search in title search in content post type selectors about us history & mission financials & credentials leadership careers contact us why medicine? our work how we work domestic impact emergency response how you can help ways to give volunteer corporate engagement health fellowship program ways to give there are many ways to make a difference! corporate engagement map corporate partners drive our work. give give monthly menu home/about us about us map international is a global health organization bringing lifesaving medicine and health supplies to people all over the world. the need was widespread and heartbreaking mission hospitals and clinics all over the world lacked the medicines and supplies they needed to treat their patients. while missionary doctors did their best with what they had, the medical supplies and medicine they knew were available in the us were seemingly impossible to find in remote parts,support one time per calendar year. map international policy does not allow for transport of product to any u.s. embargoed country or ones subject to economic sanctions. eligibility applicants must be licensed physicians. physicians who practice outside the usa must submit additional documents so that map international can verify your credentials: a. a copy of your current medical license. b. one of these two documents: • an official letter on local hospital letterhead confirming you are authorized to perform surgeries there. • an official letter from the government of the country where you practice medicine confirming your license is valid and active. physicians must be participating in non-profit charitable work with a u.s. based 501(c)(3) or equivalent tax exempt charitable organization. further eligibility will be determined based on completed eligibility forms. it is required for all individuals who receive products from a j&j vision mission shipment to submit a completed survey when they return from their trip. please keep this survey in mind when traveling. view the medical mission feedback form global impact of 2022 at map international, we believe that everyone deserves access to quality healthcare, no matter where they live. that’s why we’re committed to providing life-changing patient treatments to people in need around the world. our efforts have enabled us to provide critical medicines and health supplies to millions of people in 86 countries around the world. we’re also pleased to report that we increased our medicine delivery by $119 million from the previous year, totaling $745,372,921. additionally, we provided $37,549,164 in disaster relief – a $24 million increase from 2021. our mission is simple yet impactful: to provide essential medicines and health supplies to those in need so they can live life to the fullest. in the fiscal year 2022 alone, we delivered over 16 million prenatal vitamins to 49 countries to support maternal and fetal health. we also provided over 119,000 oral rehydration salts, totaling nearly 3 million sachets, to 45 countries to help prevent dehydration. additionally, we administered over 1.8 million deworming medications to patients in 15 countries and provided over 800,000 antibiotics to individuals in 57 countries. through our bringing children health (bch) program, we were able to reach over 324,000 children – an increase of over 243,000 from the previous year. by targeting our efforts where they’re needed most, we can make a real impact and improve the health and wellbeing of children around the world. thanks to our dedicated team and generous supporters, we’re able to make a real difference in the lives of those who need it most. join us in our mission to create a healthier, more equitable world today. read our annual report johnson & johnson medtech partners with map international to bring its medical products to people in need all over the world. sight elevates life’s joys — empowering us to experience more treasured moments. yet poor eye health has reached monumental proportions – more than two billion people around the world suffer from visual impairment – and access to regular care remains difficult for many parts","health,children,arts,health,children,arts,health,children,inclusion,health,children",2025-10-22T20:00:09.391160,
Nesca Educational Foundation,831276077,Albany,NY,B82,,https://projects.propublica.org/nonprofits/organizations/831276077,educational,2025-10-17 17:57:08,,,,,,,,not_contacted,no,no,,,,high,error,,,,0.0,,,,,,2025-10-22T20:00:12.261823,'grant_history'
Cannon Educational Fund,526223026,Buffalo,NY,T70,,https://projects.propublica.org/nonprofits/organizations/526223026,educational,2025-10-17 17:57:08,,,,,,,,not_contacted,no,no,,,,high,error,,,,0.0,,,,,,2025-10-22T20:00:14.893690,'grant_history'
Hauppauge Educational Foundation,311625943,Hauppauge,NY,B123,,https://projects.propublica.org/nonprofits/organizations/311625943,educational,2025-10-17 17:57:08,https://hauppauge.org,info@hauppauge.org,,,,,,not_contacted,no,no,,,,high,estimated,,"info@hauppauge.org,contact@hauppauge.org,hello@hauppauge.org,inquiries@hauppauge.org,development@hauppauge.org,admin@hauppauge.org",0.0,0.0,,,,,,2025-10-22T20:00:28.544732,
Catskill Educational Foundation,203123424,Catskill,NY,B99,,https://projects.propublica.org/nonprofits/organizations/203123424,educational,2025-10-17 17:57:08,,,,,,,,not_contacted,no,no,,,,high,error,,,,0.0,,,,,,2025-10-22T20:00:31.380536,'grant_history'
Gescheidt Educational Fund,131739900,Pleasantville,NY,,,https://projects.propublica.org/nonprofits/organizations/131739900,educational,2025-10-17 17:57:08,,,,,,,,not_contacted,no,no,,,,high,error,,,,0.0,,,,,,2025-10-22T20:00:31.587528,'grant_history'
Highland Educational Foundation,474154232,Highland,NY,B12,,https://projects.propublica.org/nonprofits/organizations/474154232,educational,2025-10-17 17:57:08,https://highland.org,info@highland.org,,,,,,not_contacted,no,no,,,,high,harvested,"info@highland.org,293-8000info@highland.org",,2.0,0.0,,,,,,2025-10-22T20:51:41.378534,
Menglan Educational Foundation,454574583,Scarsdale,NY,B82,,https://projects.propublica.org/nonprofits/organizations/454574583,educational,2025-10-17 17:57:08,https://menglan.org,info@menglan.org,,,,,,not_contacted,no,no,,,,high,estimated,,"info@menglan.org,contact@menglan.org,hello@menglan.org,inquiries@menglan.org,development@menglan.org,admin@menglan.org",0.0,0.0,,,homepage,,,2025-10-22T20:51:55.066446,
Outram Educational Foundation,113575425,Brooklyn,NY,B99,,https://projects.propublica.org/nonprofits/organizations/113575425,educational,2025-10-17 17:57:08,https://outrameducationalfoundation.org,info@outrameducationalfoundation.org,,,,,,not_contacted,no,no,,,,high,estimated,,"info@outrameducationalfoundation.org,contact@outrameducationalfoundation.org,hello@outrameducationalfoundation.org,inquiries@outrameducationalfoundation.org,development@outrameducationalfoundation.org,admin@outrameducationalfoundation.org",5.0,28.0,"our mission is to improve the quality of life for residents in the community by promoting academics, improving character, developing leadership skills, and building confidence,  motivation, and self-care proficiency.","[{""category"": ""primary"", ""keywords_found"": [""art education (partial: 2/2 words)""], ""category_score"": 10.0}, {""category"": ""youth_development"", ""keywords_found"": [""imagination""], ""category_score"": 6}, {""category"": ""community_education"", ""keywords_found"": [""community school (partial: 2/2 words)"", ""school partnerships (partial: 2/2 words)""], ""category_score"": 16.0}, {""category"": ""primary"", ""keywords_found"": [""art education (partial: 2/2 words)""], ""category_score"": 10.0}, {""category"": ""community_education"", ""keywords_found"": [""quality education (partial: 2/2 words)"", ""educational equity (partial: 2/2 words)""], ""category_score"": 14.0}]","homepage,/about","support grade schools students in a warm, relaxing, comfortable and safe environment. the organization focuses on tutoring, coaching and mentoring. adults participate in computer literacy and job readiness seminars. tutoring, coaching and mentoring are significant programs to all community residents at an affordable cost or no cost. services academic tutoring career preparation mentoring coaching self-care courses academic writing computer literacy comprehensive reading program for seniors stay updated get the latest news and updates delivered straight to your inbox. sign up now to stay in the loop! education,support of the organization’s mission and strive to bring about a community of skilled individuals. oef is a nonprofit corporation servicing many new york communities. the program was founded based on the voices of the multiple communities in brooklyn. oef offers computer literacy; academic writing; career preparation; comprehensive reading; academic tutoring; mentoring; coaching, and a free program for senior citizens. our mentorship and coaching programs support community members of all ages to build self-image and character, become motivated and accomplish goals, dreams, and desires. services, courses, and self-care program are also offered online. our mission our mission is to improve the quality of life for residents in the community by promoting academics, improving character, developing leadership skills, and building confidence,  motivation, and self-care proficiency. our goals r improve learners’ reading, writing, and research skills. r advanced academics via tutoring r build character and leadership via mentorship. r identify goals, dreams, and desires and develop actions through coaching. r enhance self-care. r expand learners’ skills technological skills through basic computer training, powerpoint and photoshop r assist in career placement. r improve adults’ computer literacy and job readiness skills. r senior citizens explore new skills or improve old skills. education","education,community,education,community,learning",2025-10-22T20:52:16.361069,
Tep Educational Foundation,991516530,Troy,NY,C60,,https://projects.propublica.org/nonprofits/organizations/991516530,educational,2025-10-17 17:57:08,https://tep.org,tsmith@tep.org,,,,,,not_contacted,no,no,,,,high,harvested,tsmith@tep.org,,5.0,27.0,"is to  empower military children by funding sports, arts and other enrichment activities when their parents are deployed overseas with the national guard or reserves, or recovering from severe injuries sustained in a post-9/11 overseas mission.","[{""category"": ""primary"", ""keywords_found"": [""arts education (partial: 2/2 words)"", ""art education (partial: 2/2 words)"", ""arts program (partial: 2/2 words)""], ""category_score"": 28.0}, {""category"": ""youth_development"", ""keywords_found"": [""children""], ""category_score"": 7}, {""category"": ""primary"", ""keywords_found"": [""art education (partial: 2/2 words)""], ""category_score"": 10.0}, {""category"": ""primary"", ""keywords_found"": [""arts education (partial: 2/2 words)"", ""art education (partial: 2/2 words)"", ""arts program (partial: 2/2 words)""], ""category_score"": 28.0}, {""category"": ""youth_development"", ""keywords_found"": [""young minds (partial: 2/2 words)""], ""category_score"": 8.0}]","homepage,/about,/mission","support a new national philanthropy after not having one for an extended period of time. we are excited to share that the grand council choose to partner with our military kids, inc. our military kids mission is to  empower military children by funding sports, arts","education,arts,health,children,inclusion,education,health,inclusion,education,arts,health,community,inclusion",2025-10-22T20:52:48.916405,
Tonbridge Educational Foundation,205556499,New York,NY,B82,,https://projects.propublica.org/nonprofits/organizations/205556499,educational,2025-10-17 17:57:08,,,,,,,,not_contacted,no,no,,,,high,error,,,,0.0,,,,,,2025-10-22T20:52:51.655208,'grant_history'
Corinth Educational Foundation,333171331,Corinth,NY,B12,,https://projects.propublica.org/nonprofits/organizations/333171331,educational,2025-10-17 17:57:08,,,,,,,,not_contacted,no,no,,,,high,error,,,,0.0,,,,,,2025-10-22T20:52:54.381852,'grant_history'
Protected Schools Foundation,992490472,Sayville,NY,B90,,https://projects.propublica.org/nonprofits/organizations/992490472,schools,2025-10-17 17:57:10,,,,,,,,not_contacted,no,no,,,,high,error,,,,0.0,,,,,,2025-10-22T20:53:08.794427,'grant_history'
Higher Learning Foundation,473440389,Laurelton,NY,B90,,https://projects.propublica.org/nonprofits/organizations/473440389,learning,2025-10-17 17:57:14,https://higherlearningfoundation.org,info@higherlearningfoundation.org,,,,,,not_contacted,no,no,,,,high,harvested,info@higherlearningfoundation.org,,3.0,31.0,"create inclusive communities and empower families by ensuring they have access to safe and sustainable homes, fostering dignity and independence.","[{""category"": ""primary"", ""keywords_found"": [""creative education (partial: 2/2 words)"", ""art education (partial: 2/2 words)"", ""creative learning (partial: 2/2 words)""], ""category_score"": 27.0}, {""category"": ""primary"", ""keywords_found"": [""creative education (partial: 2/2 words)"", ""creative learning (partial: 2/2 words)""], ""category_score"": 17.0}, {""category"": ""disability_support"", ""keywords_found"": [""inclusive education (partial: 2/2 words)""], ""category_score"": 8.0}, {""category"": ""community_education"", ""keywords_found"": [""educational access (partial: 2/2 words)""], ""category_score"": 8.0}, {""category"": ""primary"", ""keywords_found"": [""creative education (partial: 2/2 words)"", ""creative learning (partial: 2/2 words)""], ""category_score"": 17.0}, {""category"": ""disability_support"", ""keywords_found"": [""inclusive education (partial: 2/2 words)""], ""category_score"": 8.0}, {""category"": ""community_education"", ""keywords_found"": [""educational access (partial: 2/2 words)""], ""category_score"": 8.0}]","homepage,/about,/about-us","support housing options designed to provide safe, stable living environments learn more make dreams come true we are able to provide not just houses, but hope, security, and the chance for a better life. through your donations, we fund housing projects, offer financial assistance, and provide necessary resources to those in need. together, we are building stronger communities, one home at a tim contact us now are you planning to buy a home? from understanding your unique preferences to finding the perfect property, we handle every detail. your dream home is just a step away with us. trust us to turn your dream into reality. let’s embark on this exciting journey together! find out more we take care of every detail, from understanding your needs to finding the perfect property we understand your unique home-buying needs. we find the perfect property for you. we handle all the details from start to finish. let’s make it happen! latest services maecenas interdum lorem eleifend orci aliquam mollis aliquam non rhoncus magna suspendisse aliquet tincidunt enim. may 20, 2022tips for first time home buyerstips for first-time home buyers: your guide to a smart purchase buying a home… may 19, 2022understanding reverse mortgagesunderstanding reverse mortgages: a simple guide for many older homeowners, a reverse mortgage is… may 19, 2022what mortgages are assumable?what mortgages are assumable? a simple guide to taking over a home loan if… got any questions in mind? if you need our services or need any help contact us now contact us we aim to secure funding to build affordable homes, provide essential resources, and offer education,support we provide support at every step of your journey of home ownership satisfaction guaranted gain the knowledge you need to become a confident homeowner. mortage lending unlock homeownership with our flexible mortgage lending solutions. got any questions in mind? contact us if you need any help or have any questions in mind contact us we aim to secure funding to build affordable homes, provide essential resources, and offer education,support we provide support at every step of your journey of home ownership satisfaction guaranted gain the knowledge you need to become a confident homeowner. mortage lending unlock homeownership with our flexible mortgage lending solutions. got any questions in mind? contact us if you need any help or have any questions in mind contact us we aim to secure funding to build affordable homes, provide essential resources, and offer education","education,community,learning,creative,education,learning,creative,inclusive,education,learning,creative,inclusive",2025-10-22T20:53:30.418843,
Fsl Scholarship Foundation,232618766,New York,NY,,,https://projects.propublica.org/nonprofits/organizations/232618766,scholarship,2025-10-17 17:57:15,,,,,,,,not_contacted,no,no,,,,high,error,,,,0.0,,,,,,2025-10-22T20:53:33.454169,'grant_history'
Sba Scholarship Fund,542184059,New York,NY,B82,,https://projects.propublica.org/nonprofits/organizations/542184059,scholarship,2025-10-17 17:57:15,https://sba.org,info@sba.org,,,,,,not_contacted,no,no,,,,high,estimated,,"info@sba.org,contact@sba.org,hello@sba.org,inquiries@sba.org,development@sba.org,admin@sba.org",0.0,0.0,,,homepage,,,2025-10-22T20:53:43.273935,
Sawyer Scholarship Foundation,136113938,Obernburg,NY,,,https://projects.propublica.org/nonprofits/organizations/136113938,scholarship,2025-10-17 17:57:15,,,,,,,,not_contacted,no,no,,,,high,error,,,,0.0,,,,,,2025-10-22T20:53:46.326731,'grant_history'
Avery Scholarship Foundation,141798357,Roscoe,NY,T22,,https://projects.propublica.org/nonprofits/organizations/141798357,scholarship,2025-10-17 17:57:15,,,,,,,,not_contacted,no,no,,,,high,error,,,,0.0,,,,,,2025-10-22T20:53:46.844334,'grant_history'
Adb Scholarship Fund,880849655,Binghamton,NY,B82,,https://projects.propublica.org/nonprofits/organizations/880849655,scholarship,2025-10-17 17:57:15,https://adbscholarship.org,info@adbscholarship.org,,,,,,not_contacted,no,no,,,,high,estimated,,"info@adbscholarship.org,contact@adbscholarship.org,hello@adbscholarship.org,inquiries@adbscholarship.org,development@adbscholarship.org,admin@adbscholarship.org",1.0,58.0,,"[{""category"": ""primary"", ""keywords_found"": [""arts education (partial: 2/2 words)"", ""art education (partial: 2/2 words)"", ""arts program""], ""category_score"": 28.0}, {""category"": ""disability_support"", ""keywords_found"": [""special education (partial: 2/2 words)""], ""category_score"": 7.0}, {""category"": ""youth_development"", ""keywords_found"": [""children""], ""category_score"": 7}, {""category"": ""community_education"", ""keywords_found"": [""community school (partial: 2/2 words)"", ""public schools (partial: 2/2 words)""], ""category_score"": 16.0}]",homepage,,"education,arts,community,children",2025-10-22T20:53:54.774700,
Asum Scholarship Fund,465377060,Bronx,NY,B82,,https://projects.propublica.org/nonprofits/organizations/465377060,scholarship,2025-10-17 17:57:15,,,,,,,,not_contacted,no,no,,,,high,error,,,,0.0,,,,,,2025-10-22T20:53:58.050993,'grant_history'
Beatitude Scholarship Fund,933352162,Sprngfld Gdns,NY,O55,,https://projects.propublica.org/nonprofits/organizations/933352162,scholarship,2025-10-17 17:57:15,,,,,,,,not_contacted,no,no,,,,high,error,,,,0.0,,,,,,2025-10-22T20:54:09.027310,'grant_history'
Flavin Scholarship Fund,161603208,Rochester,NY,B82,,https://projects.propublica.org/nonprofits/organizations/161603208,scholarship,2025-10-17 17:57:15,,,,,,,,not_contacted,no,no,,,,high,error,,,,0.0,,,,,,2025-10-22T20:54:09.298635,'grant_history'
Life Scholarship Foundation,473207733,E Northport,NY,B82,,https://projects.propublica.org/nonprofits/organizations/473207733,scholarship,2025-10-17 17:57:15,https://lifescholarshipfoundation.org,info@lifescholarshipfoundation.org,,,,,,not_contacted,no,no,,,,high,harvested,info@lifescholarshipfoundation.org,,2.0,15.5,"and work learn more get involved learn how you can make a difference and support the cause learn more get to know us making a difference for those impacted by cancer life scholarship foundation, inc.","[{""category"": ""primary"", ""keywords_found"": [""art education (partial: 2/2 words)""], ""category_score"": 10.0}, {""category"": ""primary"", ""keywords_found"": [""art education (partial: 2/2 words)""], ""category_score"": 10.0}, {""category"": ""disability_support"", ""keywords_found"": [""special education (partial: 2/2 words)""], ""category_score"": 7.0}, {""category"": ""community_education"", ""keywords_found"": [""community school (partial: 2/2 words)""], ""category_score"": 9.0}, {""category"": ""primary"", ""keywords_found"": [""art education (partial: 2/2 words)""], ""category_score"": 10.0}, {""category"": ""disability_support"", ""keywords_found"": [""special education (partial: 2/2 words)""], ""category_score"": 7.0}, {""category"": ""community_education"", ""keywords_found"": [""community school (partial: 2/2 words)""], ""category_score"": 9.0}]","homepage,/about,/about-us,/programs","support to attend accredited colleges and universities within the united states of america. learn more donate programs get to know our programs and services. 2025 scholarship application is now available the purpose of the scholarship program is to create higher education,2,500,support to attend accredited colleges and universities within the united states of america. under the 2025 program, each scholarship winner will be awarded $2,500 toward their higher education,support from hundreds of generous households, local businesses, and corporations. volunteer we all can do our part in building a strong support system for cancer patients, survivors and their families, and then sharing those experiences with others contact us become part of our team we would love to see passionate leaders join our board to support life’s mission and create even more awareness and opportunities in our community. spread the word! share life scholarship opportunities and resources with others facebook instagram join our upcoming events stay tuned! subscribe to our newsletter for more updates below! stay connected & inspired! subscribe to newsletter creating education,support the cause learn more get to know us making a difference for those impacted by cancer life scholarship foundation, inc. is a registered 501(c)(3) non-profit organization that creates higher education,support to attend accredited colleges and universities within the united states; to educate local communities on the importance of a healthy lifestyle and the value of financial literacy to help individuals make informed decisions in these vital aspects of their lives; to inspire and empower young adults to make a difference in other people’s lives by participating in community service and volunteering for local organizations. our story about the team natallia diliberti and rhett kikuyama met in 2008 in nyc, while attending baruch college (cuny). over the next few years, their friendship grew tremendously as they had both witnessed the tragic effects of cancer on their loved ones. in february 2015, through their experiences and passion for giving back to the community and helping out those in need, natallia and rhett became the founders of life scholarship foundation, inc. today, natallia continues to carry on the mission of the organization with the help of marina moiseyeva, the original board member and the vice president of life scholarship foundation. meet the team natallia dilibertinatallia diliberti was born and raised in belarus and immigrated to the united states in 2003. she has been in the banking industry for over twelve years, providing lending assistance to those seeking the american dream to own a home. natallia has always had a passion to educate others and share her knowledge and experiences with them. she holds a bachelor degree in finance and masters degree in administration of higher education,support to attend accredited colleges and universities within the united states; to educate local communities on the importance of a healthy lifestyle and the value of financial literacy to help individuals make informed decisions in these vital aspects of their lives; to inspire and empower young adults to make a difference in other people’s lives by participating in community service and volunteering for local organizations. our story about the team natallia diliberti and rhett kikuyama met in 2008 in nyc, while attending baruch college (cuny). over the next few years, their friendship grew tremendously as they had both witnessed the tragic effects of cancer on their loved ones. in february 2015, through their experiences and passion for giving back to the community and helping out those in need, natallia and rhett became the founders of life scholarship foundation, inc. today, natallia continues to carry on the mission of the organization with the help of marina moiseyeva, the original board member and the vice president of life scholarship foundation. meet the team natallia dilibertinatallia diliberti was born and raised in belarus and immigrated to the united states in 2003. she has been in the banking industry for over twelve years, providing lending assistance to those seeking the american dream to own a home. natallia has always had a passion to educate others and share her knowledge and experiences with them. she holds a bachelor degree in finance and masters degree in administration of higher education,support to attend accredited colleges and universities within the united states. under the 2025 program, each scholarship winner will be awarded $2,500 toward their higher education,2,500","education,community,education,health,community,therapeutic,education,health,community,therapeutic,education,health,community",2025-10-22T20:54:33.893245,
Oceanside Scholarship Fund,116038132,Oceanside,NY,,,https://projects.propublica.org/nonprofits/organizations/116038132,scholarship,2025-10-17 17:57:15,,,,,,,,not_contacted,no,no,,,,high,error,,,,0.0,,,,,,2025-10-22T20:54:36.875339,'grant_history'
Pulaski Scholarship Foundation,113085480,Maspeth,NY,T21Z,,https://projects.propublica.org/nonprofits/organizations/113085480,scholarship,2025-10-17 17:57:15,,,,,,,,not_contacted,no,no,,,,high,error,,,,0.0,,,,,,2025-10-22T20:54:47.147037,'grant_history'
Humanitas Scholarship Trust,133123849,Bronx,NY,B90,,https://projects.propublica.org/nonprofits/organizations/133123849,scholarship,2025-10-17 17:57:15,https://humanitas.org,info@humanitas.org,,,,,,not_contacted,no,no,,,,high,estimated,,"info@humanitas.org,contact@humanitas.org,hello@humanitas.org,inquiries@humanitas.org,development@humanitas.org,admin@humanitas.org",4.0,24.0,,"[{""category"": ""primary"", ""keywords_found"": [""art education (partial: 2/2 words)""], ""category_score"": 10.0}, {""category"": ""youth_development"", ""keywords_found"": [""young minds (partial: 2/2 words)"", ""imagination""], ""category_score"": 14.0}]",homepage,,"education,youth,learning",2025-10-22T20:55:03.085475,
Student Arts Foundation,454120223,Rochester,NY,B99,,https://projects.propublica.org/nonprofits/organizations/454120223,student,2025-10-17 17:57:17,https://studentartsfoundation.org,contact@studentartsfoundation.org,,,,,,not_contacted,no,no,,,,high,harvested,"contact@studentartsfoundation.org,b.torbitt@studentartsfoundation.org,needhelp@oxpitan.com",,5.0,100.0,"to advance equity in the arts by empowering youth from under-resourced communities with opportunities, resources, and mentorship that foster creativity, cultural engagement, and professional growth.","[{""category"": ""primary"", ""keywords_found"": [""arts education (partial: 2/2 words)"", ""creative education (partial: 2/2 words)"", ""art education (partial: 2/2 words)"", ""arts program (partial: 2/2 words)"", ""arts access (partial: 2/2 words)""], ""category_score"": 45.0}, {""category"": ""youth_development"", ""keywords_found"": [""youth development (partial: 2/2 words)"", ""children"", ""self-expression"", ""creative development (partial: 2/2 words)"", ""imagination""], ""category_score"": 36.0}, {""category"": ""community_education"", ""keywords_found"": [""community school (partial: 2/2 words)"", ""educational access (partial: 2/2 words)"", ""empowering students (partial: 2/2 words)"", ""community engagement"", ""educational equity (partial: 2/2 words)""], ""category_score"": 37.0}, {""category"": ""primary"", ""keywords_found"": [""arts education (partial: 2/2 words)"", ""creative education (partial: 2/2 words)"", ""art education (partial: 2/2 words)"", ""arts program (partial: 2/2 words)"", ""creative pathways (partial: 2/2 words)"", ""creative learning (partial: 2/2 words)"", ""arts access (partial: 2/2 words)""], ""category_score"": 63.0}, {""category"": ""disability_support"", ""keywords_found"": [""special needs (partial: 2/2 words)"", ""special education (partial: 2/2 words)""], ""category_score"": 16.0}, {""category"": ""youth_development"", ""keywords_found"": [""youth development (partial: 2/2 words)"", ""children"", ""creative development (partial: 2/2 words)"", ""cultural awareness (partial: 2/2 words)""], ""category_score"": 29.0}, {""category"": ""community_education"", ""keywords_found"": [""community school (partial: 2/2 words)"", ""educational pathways (partial: 2/2 words)"", ""public schools"", ""educational access (partial: 2/2 words)"", ""community engagement"", ""educational equity (partial: 2/2 words)""], ""category_score"": 45.0}]","homepage,/about","support donate we recognize the need to build equity within the arts,support our mission. because every child deserves an artisticchance learn about our services student arts,support our mission. because every child deserves an artisticchance learn about our services student arts foundation giving students the tools and resources to be creative learn about our commitment student arts foundation our mission to advance equity in the arts by empowering youth from under-resourced communities with opportunities, resources, and mentorship that foster creativity, cultural engagement, and professional growth. to accomplish this, the student arts foundation (saf) gives local youths an outlet for creative self-expression, development, and access to tools and partners that help to improve, showcase, and foster their talents. explore the arts view programs attend events view events show your support donate we recognize the need to build equity within the arts from an early age, with a particular focus on empowering and uplifting students from traditionally underrepresented communities in our city. . student arts foundation community arts initiatives student arts foundation partners with local organizations to inspire, and empower youth through artistic expression, team work, and public service. we work to spark the creative passion in young adults, and transition it towards realistic achievable goals, key to their success. mentoring student arts foundation provides mentoring to students making the transition from high school to college on a career path within the arts, by providing them with realistic jobs and education,support the education,support how we help the student arts,support is especially critical for families from low-income households who may struggle to afford tuition, art supplies, or reliable transportation. by working closely with partners such as the memorial art gallery, hochstein music & dance, flower city arts,support how we help the student arts foundation’s community art subsidy program and scholarships are at the heart of our efforts to remove financial and access barriers that prevent many rochester youth from pursuing the arts. through our scholarship program, we provide direct financial support to students seeking to deepen their artistic studies, whether through school programs, specialized training, or post-secondary opportunities. complementing this, our community art subsidy program offers flexible funding that covers partial or full costs for arts camps, classes, performances, and workshops provided by local cultural institutions. this support is especially critical for families from low-income households who may struggle to afford tuition, art supplies, or reliable transportation. by working closely with partners such as the memorial art gallery, hochstein music & dance, flower city arts center, geva theatre center, and rocmusic collaborative, saf ensures that the awareness and excitement sparked during events like arts day can translate into real, sustained participation. through both financial assistance and mentorship, we create pathways for youth to access meaningful arts opportunities, develop their skills, and connect with future education,support the educational and artistic advancement of all students. we provide resourceful guidance and aid to students that are passionate about the arts,support to students seeking to deepen their artistic studies, whether through school programs, specialized training, or post-secondary opportunities. complementing this, our community art subsidy program offers flexible funding that covers partial or full costs for arts,support us our vision arts","education,arts,health,community,youth,children,creative,cultural,education,arts,community,youth,children,learning,creative,cultural",2025-10-22T20:55:33.052664,
Rize Student Foundation,874292354,New York,NY,B82,,https://projects.propublica.org/nonprofits/organizations/874292354,student,2025-10-17 17:57:17,https://rize.org,info@rize.org,,,,,,not_contacted,no,no,,,,high,estimated,,"info@rize.org,contact@rize.org,hello@rize.org,inquiries@rize.org,development@rize.org,admin@rize.org",0.0,0.0,,,homepage,,,2025-10-22T20:55:47.552633,
Student Agencies Foundation Inc,150461439,Ithaca,NY,,,https://projects.propublica.org/nonprofits/organizations/150461439,student,2025-10-17 17:57:17,https://studentagencies.com,president@studentagencies.com,,,,,,not_contacted,no,no,,,,high,harvested,"president@studentagencies.com,793-9202frontdesk@studentagencies.com,editorinchief@studentagencies.com,dkarlin@studentagencies.com,melina.kohilakis@studentagencies.com,jude.coe@studentagencies.com,sam.tsao@studentagencies.com,tarneet.singh@studentagencies.com,kieran.shulman@studentagencies.com,524-3130brss@studentagencies.comhired,max.klein@studentagencies.com,tamara.kasikovic@studentagencies.com,riley.mcguire@studentagencies.com,thomas.bailey@studentagencies.com,524-3151sat@studentagencies.comcornell,yearbookcornellian@studentagencies.comstudent,anna.foote@studentagencies.com,mark.lee@studentagencies.com,elena.centeno@studentagencies.com,524-3148realestate@studentagencies.com,391-2266biggerbeds@studentagencies.comcampus,645-2143cp@studentagencies.comstudent,rory.grant@studentagencies.com,george.weinstein@studentagencies.com,willie.yao@studentagencies.com,524-3150hiredhands@studentagencies.comstudent,naakai.mcdonald@studentagencies.com",,3.0,10.0,,"[{""category"": ""primary"", ""keywords_found"": [""art education (partial: 2/2 words)""], ""category_score"": 10.0}, {""category"": ""primary"", ""keywords_found"": [""art education (partial: 2/2 words)""], ""category_score"": 10.0}]","homepage,/about",,"education,community,education,community,learning",2025-10-22T20:56:05.043277,
Social Register Foundation,821049144,New York,NY,W99,,https://projects.propublica.org/nonprofits/organizations/821049144,social,2025-10-17 17:57:19,,,,,,,,not_contacted,no,no,,,,high,error,,,,0.0,,,,,,2025-10-22T20:56:18.333629,'grant_history'
Social Cinema Foundation,823221699,New York,NY,A25,,https://projects.propublica.org/nonprofits/organizations/823221699,social,2025-10-17 17:57:19,https://socialcinemafoundation.org,info@socialcinemafoundation.org,,,,,,not_contacted,no,no,,,,high,estimated,,"info@socialcinemafoundation.org,contact@socialcinemafoundation.org,hello@socialcinemafoundation.org,inquiries@socialcinemafoundation.org,development@socialcinemafoundation.org,admin@socialcinemafoundation.org",2.0,93.0,is to empower young adults to share their personal stories and struggles as a pathway to healing and mental well-being.,"[{""category"": ""primary"", ""keywords_found"": [""arts education (partial: 2/2 words)"", ""creative education (partial: 2/2 words)"", ""art education (partial: 2/2 words)"", ""arts program"", ""creative pathways (partial: 2/2 words)"", ""arts access""], ""category_score"": 55.0}, {""category"": ""disability_support"", ""keywords_found"": [""special education (partial: 2/2 words)""], ""category_score"": 7.0}, {""category"": ""community_education"", ""keywords_found"": [""community school (partial: 2/2 words)"", ""educational pathways (partial: 2/2 words)"", ""educational access (partial: 2/2 words)"", ""community engagement (partial: 2/2 words)""], ""category_score"": 31.0}]",homepage,,"education,arts,health,community,youth,creative,mental health",2025-10-22T20:56:33.401970,
Civic Initiatives Foundation,454110216,New York,NY,A82,,https://projects.propublica.org/nonprofits/organizations/454110216,civic,2025-10-17 17:57:20,https://civicinitiatives.com,info@civicinitiatives.com,,,,,,not_contacted,no,no,,,,high,estimated,,"info@civicinitiatives.com,contact@civicinitiatives.com,hello@civicinitiatives.com,inquiries@civicinitiatives.com,development@civicinitiatives.com,admin@civicinitiatives.com",4.0,0.0,,,"homepage,/about-us","support servicesnaspo eprocurement solutions & servicese&i cooperative servicestxshare cooperative contractother key state level contractsclientsabout usteamcareersfaqscontact usprocurementagent.aihomeservicesinsightspublic procurement operations insightsstrategic procurement capabilitiesprocurement automation successpublic procurement leader profilescontractsnaspo acquisition support servicesnaspo eprocurement solutions & servicese&i cooperative servicestxshare cooperative contractother key state level contractsclientsabout usteamcareersfaqscontact usprocurementagent.ai trusted by procurement officers across government, education,support servicesnaspo valuepoint eprocurement solutions & servicese&i cooperative servicestxshare cooperative contractother key state level contractsclientsabout usteamcareersfaqscontact usprocurementagent.aihomeservicesinsightspublic procurement operations insightsstrategic procurement capabilitiesprocurement automation successpublic procurement leader profilescontractsnaspo valuepoint acquisition support servicesnaspo valuepoint eprocurement solutions & servicese&i cooperative servicestxshare cooperative contractother key state level contractsclientsabout usteamcareersfaqscontact usprocurementagent.ai about civic initiativescreated by public procurement professionals for public procurement professionalswho we arecivic initiatives is a nationally recognized leader in public sector procurement review and transformation support, with a focus on helping procurement officers across the nation create a strategic procurement office. we make public procurement a strategic asset.incorporated in 2010, civic initiatives has supported over 110 public procurement transformation projects in 35+ states, including local governments, k-12, and institutions of higher education","education,education",2025-10-22T20:56:58.691931,
Civic Involvement Fund,852665963,Brooklyn,NY,,,https://projects.propublica.org/nonprofits/organizations/852665963,civic,2025-10-17 17:57:20,,,,,,,,not_contacted,no,no,,,,high,error,,,,0.0,,,,,,2025-10-22T20:57:01.236651,'grant_history'
Public Employees Federation Public Employees Benefits Fund,237357996,Albany,NY,,,https://projects.propublica.org/nonprofits/organizations/237357996,public,2025-10-17 17:57:21,,,,,,,,not_contacted,no,no,,,,high,error,,,,0.0,,,,,,2025-10-22T20:57:01.800839,'grant_history'
Nonprofit Finance Fund,133238657,New York,NY,S500,,https://projects.propublica.org/nonprofits/organizations/133238657,nonprofit,2025-10-17 17:57:23,https://nonprofit.org,info@nonprofit.org,,,,,,not_contacted,no,no,,,,high,estimated,,"info@nonprofit.org,contact@nonprofit.org,hello@nonprofit.org,inquiries@nonprofit.org,development@nonprofit.org,admin@nonprofit.org",0.0,0.0,,,homepage,,,2025-10-22T20:57:29.877304,
First Nonprofit Foundation,611452994,New York,NY,T20,,https://projects.propublica.org/nonprofits/organizations/611452994,nonprofit,2025-10-17 17:57:23,https://firstnonprofit.com,info@firstnonprofit.com,,,,,,not_contacted,no,no,,,,high,estimated,,"info@firstnonprofit.com,contact@firstnonprofit.com,hello@firstnonprofit.com,inquiries@firstnonprofit.com,development@firstnonprofit.com,admin@firstnonprofit.com",5.0,33.0,"over 2,300 nonprofit, governmental, and tribal organizations and their 710,000 employees rely on first nonprofit for unique opportunities to reduce their unemployment insurance costs while maintaining peace-of-mind.","[{""category"": ""primary"", ""keywords_found"": [""art education (partial: 2/2 words)""], ""category_score"": 10.0}, {""category"": ""community_education"", ""keywords_found"": [""community school (partial: 2/2 words)"", ""public schools"", ""quality education (partial: 2/2 words)""], ""category_score"": 23.0}, {""category"": ""primary"", ""keywords_found"": [""art education (partial: 2/2 words)""], ""category_score"": 10.0}, {""category"": ""community_education"", ""keywords_found"": [""community school (partial: 2/2 words)"", ""public schools"", ""quality education (partial: 2/2 words)""], ""category_score"": 23.0}, {""category"": ""primary"", ""keywords_found"": [""art education (partial: 2/2 words)""], ""category_score"": 10.0}, {""category"": ""community_education"", ""keywords_found"": [""community school (partial: 2/2 words)"", ""public schools"", ""quality education (partial: 2/2 words)""], ""category_score"": 23.0}]","homepage,/about,/about-us","funding or program closures that can lead to layoffs. a well-thought-out strategic plan should accompany the decision to change unemployment financing on how to pay for future unemployment claims and limit claim liability. note: 501(c)(3) nonprofit, governmental, and tribal entities are all exempt from paying federal unemployment taxes (futa). that’s where we come in. major benefits to all first nonprofit customers include vital security, greater efficiency and cost effectiveness. our services are individually insured and we partner with third-party claims administrators who insure state compliance, accuracy of benefit charging, and complete satisfaction. 12.8 million refunded or waived fees totaling $12.8 million over the last year 98 percent customer retention rate 2.0 million dollars in recovered excess loss claims since 2010 30 percent average employer tax savings since 2015 testimonials working with marshal whittey at first nonprofit has been a great experience. he handles our request as a priority and goes above and beyond to resolve any issues we have in a timely manner. marshall follows through to the end and ensures our needs are met. he has been a great resource for lsc and our “go to” for any tax questions we may have. with lsc transitioning several facilities into one federal tax identification number, first nonprofit was able to assist and provide guidance with best practices resolving claims to each entity. additionally first nonprofit provided knowledge (information materials) and one on one training to hrs group with best practices to handle claims state adjudicated, fraudulent claims, and appeals. and processing information in the first nonprofit [unemployment claims] system allows for timely information can be collected. lutheran services carolinas, salisbury, nc we first started using first nonprofit’s unemployment savings program when we were a small startup nonprofit.  we didn’t have an hr department and needed expertise in the event that an unemployment claim was made.  we knew we were eligible to be a reimbursing employer, but weren’t sure how to navigate that process.  they made it easy to set things up, plan for, and then manage claims when they came at a very reasonable cost. the amount of time and stress they’ve saved us dealing with all this has been worth way more than the cost.  we’ve now grown to a large nonprofit and do have an hr department but have no plans to stop using their services.  i highly recommend them to every nonprofit i come into contact with! crosspurpose, denver, co ccsct was approached by first nonprofit to discuss its unemployment savings program and ways the program could significantly reduce the amount of unemployment taxes we were paying. at the time, our agency was paying approximately $80,000 per year. first nonprofit conducted an analysis to determine if making the switch would be in our best interest, and it clearly was based on our circumstances. the first year on the program, ccsct saw a 70% reduction in its unemployment costs and each year, continues to experience further reductions as a result of having minimal claims. some additional benefits of the program including having a fixed annual cost, an interest-baring reserve account, professional unemployment claims management and representation at all unemployment hearings. this has been one of the best decisions we have made. community council of south central texas, inc., seguin, tx we’ve been a member of first nonprofit’s unemployment savings program since 2011 and highly recommend joining. the program is terrific and allows us to earn interest on our own funds while still meeting the state’s requirements on unemployment payments. in addition, the staff are great and always helpful sorting out any questions we may have. thank you all! nc conservation network, raleigh, nc i am loving the mineral platform. it has been a lifesaver for someone like me leading a small not-for-profit without a dedicated hr person. caelynn prylo, ballston area community center, ballston spa, ny throughout our membership in the unemployment savings program, first nonprofit understood our demands, community dynamics, and the importance of seamless services; that allowed us to serve our constituents better. prevent blindness america, chicago, il because incs advocates for the operating conditions that allow charter public schools to provide high quality public education, partnering with first nonprofit was an easy decision. first nonprofit’s unemployment programs,funding or program closures that can lead to layoffs. a well-thought-out strategic plan should accompany the decision to change unemployment financing on how to pay for future unemployment claims and limit claim liability. note: 501(c)(3) nonprofit, governmental, and tribal entities are all exempt from paying federal unemployment taxes (futa). that’s where we come in. major benefits to all first nonprofit customers include vital security, greater efficiency and cost effectiveness. our services are individually insured and we partner with third-party claims administrators who insure state compliance, accuracy of benefit charging, and complete satisfaction. 12.8 million refunded or waived fees totaling $12.8 million over the last year 98 percent customer retention rate 2.0 million dollars in recovered excess loss claims since 2010 30 percent average employer tax savings since 2015 testimonials working with marshal whittey at first nonprofit has been a great experience. he handles our request as a priority and goes above and beyond to resolve any issues we have in a timely manner. marshall follows through to the end and ensures our needs are met. he has been a great resource for lsc and our “go to” for any tax questions we may have. with lsc transitioning several facilities into one federal tax identification number, first nonprofit was able to assist and provide guidance with best practices resolving claims to each entity. additionally first nonprofit provided knowledge (information materials) and one on one training to hrs group with best practices to handle claims state adjudicated, fraudulent claims, and appeals. and processing information in the first nonprofit [unemployment claims] system allows for timely information can be collected. lutheran services carolinas, salisbury, nc we first started using first nonprofit’s unemployment savings program when we were a small startup nonprofit.  we didn’t have an hr department and needed expertise in the event that an unemployment claim was made.  we knew we were eligible to be a reimbursing employer, but weren’t sure how to navigate that process.  they made it easy to set things up, plan for, and then manage claims when they came at a very reasonable cost. the amount of time and stress they’ve saved us dealing with all this has been worth way more than the cost.  we’ve now grown to a large nonprofit and do have an hr department but have no plans to stop using their services.  i highly recommend them to every nonprofit i come into contact with! crosspurpose, denver, co ccsct was approached by first nonprofit to discuss its unemployment savings program and ways the program could significantly reduce the amount of unemployment taxes we were paying. at the time, our agency was paying approximately $80,000 per year. first nonprofit conducted an analysis to determine if making the switch would be in our best interest, and it clearly was based on our circumstances. the first year on the program, ccsct saw a 70% reduction in its unemployment costs and each year, continues to experience further reductions as a result of having minimal claims. some additional benefits of the program including having a fixed annual cost, an interest-baring reserve account, professional unemployment claims management and representation at all unemployment hearings. this has been one of the best decisions we have made. community council of south central texas, inc., seguin, tx we’ve been a member of first nonprofit’s unemployment savings program since 2011 and highly recommend joining. the program is terrific and allows us to earn interest on our own funds while still meeting the state’s requirements on unemployment payments. in addition, the staff are great and always helpful sorting out any questions we may have. thank you all! nc conservation network, raleigh, nc i am loving the mineral platform. it has been a lifesaver for someone like me leading a small not-for-profit without a dedicated hr person. caelynn prylo, ballston area community center, ballston spa, ny throughout our membership in the unemployment savings program, first nonprofit understood our demands, community dynamics, and the importance of seamless services; that allowed us to serve our constituents better. prevent blindness america, chicago, il because incs advocates for the operating conditions that allow charter public schools to provide high quality public education, partnering with first nonprofit was an easy decision. first nonprofit’s unemployment programs","education,community,education,community,education,community",2025-10-22T20:57:55.688445,
Nonprofit Collective Foundation Inc,821032203,New York,NY,B02,,https://projects.propublica.org/nonprofits/organizations/821032203,nonprofit,2025-10-17 17:57:23,https://nonprofit.org,info@nonprofit.org,,,,,,not_contacted,no,no,,,,high,estimated,,"info@nonprofit.org,contact@nonprofit.org,hello@nonprofit.org,inquiries@nonprofit.org,development@nonprofit.org,admin@nonprofit.org",0.0,0.0,,,homepage,,,2025-10-22T20:58:07.674441,
Demetrius Foundation Nonprofit Corporation,851872576,Goshen,NY,F12,,https://projects.propublica.org/nonprofits/organizations/851872576,nonprofit,2025-10-17 17:57:23,,,,,,,,not_contacted,no,no,,,,high,error,,,,0.0,,,,,,2025-10-22T20:58:20.340135,'grant_history'
Nonprofit Resource Hub Foundation Inc,334109774,Bohemia,NY,B99,,https://projects.propublica.org/nonprofits/organizations/334109774,nonprofit,2025-10-17 17:57:23,https://nonprofitresourcehub.org,info@nonprofitresourcehub.org,,,,,,not_contacted,no,no,,,,high,estimated,,"info@nonprofitresourcehub.org,contact@nonprofitresourcehub.org,hello@nonprofitresourcehub.org,inquiries@nonprofitresourcehub.org,development@nonprofitresourcehub.org,admin@nonprofitresourcehub.org",5.0,0.0,,,"homepage,/about,/about-us,/mission,/vision,/our-mission,/what-we-do,/programs,/grants,/giving,/impact",,,2025-10-22T20:58:51.962515,
Bunting Charity Lodge Charity Fund Inc,133280088,New York,NY,,,https://projects.propublica.org/nonprofits/organizations/133280088,charity,2025-10-17 17:57:24,,,,,,,,not_contacted,no,no,,,,high,error,,,,0.0,,,,,,2025-10-22T20:58:54.803886,'grant_history'
Bolla Charity Foundation,464054300,Garden City,NY,Z99,,https://projects.propublica.org/nonprofits/organizations/464054300,charity,2025-10-17 17:57:24,https://bolla.org,info@bolla.org,,,,,,not_contacted,no,no,,,,high,estimated,,"info@bolla.org,contact@bolla.org,hello@bolla.org,inquiries@bolla.org,development@bolla.org,admin@bolla.org",0.0,0.0,,,homepage,,,2025-10-22T20:59:02.578047,
Sunshine Charity Foundation,364884766,Brooklyn,NY,T22,,https://projects.propublica.org/nonprofits/organizations/364884766,charity,2025-10-17 17:57:24,https://sunshinecharity.org,info@sunshinecharity.org,,,,,,not_contacted,no,no,,,,high,harvested,"rsporange@gmail.com,sharadha.desaram@gmail.com,ishviyan.desaram@gmail.com,tdesaram@gmail.com,info@sunshinecharity.org,rperies@intracen.org,mukunthankamini@yahoo.com",,3.0,35.0,"and the agency for public information, government of jamaica, west indies.","[{""category"": ""primary"", ""keywords_found"": [""arts education (partial: 2/2 words)"", ""creative education (partial: 2/2 words)"", ""art education (partial: 2/2 words)"", ""arts program (partial: 2/2 words)"", ""creative learning (partial: 2/2 words)""], ""category_score"": 45.0}, {""category"": ""disability_support"", ""keywords_found"": [""art therapy""], ""category_score"": 7}, {""category"": ""youth_development"", ""keywords_found"": [""children""], ""category_score"": 7}, {""category"": ""youth_development"", ""keywords_found"": [""youth development (partial: 2/2 words)"", ""children"", ""creative development (partial: 2/2 words)""], ""category_score"": 23.0}, {""category"": ""youth_development"", ""keywords_found"": [""youth development (partial: 2/2 words)"", ""children"", ""creative development (partial: 2/2 words)""], ""category_score"": 23.0}]","homepage,/about,/about-us",,"education,arts,health,children,learning,creative,cultural,health,youth,children,creative,cultural,health,youth,children,creative,cultural",2025-10-22T20:59:47.309361,
Landmark Charity Foundation,202074411,Brooklyn,NY,T50,,https://projects.propublica.org/nonprofits/organizations/202074411,charity,2025-10-17 17:57:24,,,,,,,,not_contacted,no,no,,,,high,error,,,,0.0,,,,,,2025-10-22T20:59:50.158924,'grant_history'
Rosenberg Charity Foundation,113577334,Brooklyn,NY,T21,,https://projects.propublica.org/nonprofits/organizations/113577334,charity,2025-10-17 17:57:24,,,,,,,,not_contacted,no,no,,,,high,error,,,,0.0,,,,,,2025-10-22T20:59:53.316951,'grant_history'
Wellspring Charity Fund,133994337,Brooklyn,NY,T20Z,,https://projects.propublica.org/nonprofits/organizations/133994337,charity,2025-10-17 17:57:24,https://wellspringcharity.org,wellspringcharity@hotmail.com,,,,,,not_contacted,no,no,,,,high,harvested,wellspringcharity@hotmail.com,,1.0,10.0,,"[{""category"": ""primary"", ""keywords_found"": [""art education (partial: 2/2 words)""], ""category_score"": 10.0}]",homepage,,"education,community",2025-10-22T21:00:05.250933,
