sponsor_name,ein,city,state,ntee_code,classification,propublica_url,search_term_found,collected_at,website,email,phone,contact_person,mission_statement,annual_revenue,assets,outreach_status,email_sent,response_received,sponsorship_amount,notes,follow_up_date,priority_level,email_source,all_emails_found,estimated_emails,contact_pages_found,mission_alignment_score,mission_text,alignment_factors,pages_analyzed,grant_history,program_areas,enhanced_at,error
Ford Foundation,131684331,New York,NY,T21,,https://projects.propublica.org/nonprofits/organizations/131684331,foundation,2025-10-17 17:56:47,https://fordfoundation.org,info@fordfoundation.org,,,,,,not_contacted,no,no,,,,high,estimated,,"info@fordfoundation.org,contact@fordfoundation.org,hello@fordfoundation.org,inquiries@fordfoundation.org,development@fordfoundation.org,admin@fordfoundation.org",5.0,20.5,"investments natural resources and climate justice technology and society our news and stories dig into the newest collection of stories of change, hope and resilience from our community.","[{""category"": ""primary"", ""keywords_found"": [""accessibility""], ""category_score"": 7}, {""category"": ""disability_support"", ""keywords_found"": [""accessibility""], ""category_score"": 8}, {""category"": ""community_education"", ""keywords_found"": [""community engagement (partial: 2/2 words)""], ""category_score"": 6.0}, {""category"": ""primary"", ""keywords_found"": [""accessibility""], ""category_score"": 7}, {""category"": ""disability_support"", ""keywords_found"": [""accessibility""], ""category_score"": 8}, {""category"": ""primary"", ""keywords_found"": [""accessibility""], ""category_score"": 7}, {""category"": ""disability_support"", ""keywords_found"": [""accessibility""], ""category_score"": 8}, {""category"": ""primary"", ""keywords_found"": [""arts program (partial: 2/2 words)"", ""arts access (partial: 2/2 words)"", ""accessibility""], ""category_score"": 23.0}, {""category"": ""disability_support"", ""keywords_found"": [""accessibility""], ""category_score"": 8}]","homepage,/about,/about-us,/grants",funding to fight inequality. share: share this page on facebook facebook share this page on linkedin linkedin advancing justice starts with supporting the individuals and institutions working tirelessly to address the underlying drivers of inequality. we fund a range of organizations around the world that align with our programs,"community,accessibility,inclusion,learning,accessibility,inclusion,learning,accessibility,inclusion,learning,arts,accessibility,inclusion,learning",2025-10-22T19:30:31.500696,
Novo Foundation,470824753,Hurley,NY,T99,,https://projects.propublica.org/nonprofits/organizations/470824753,foundation,2025-10-17 17:56:47,https://novo.org,info@novo.org,,,,,,not_contacted,no,no,,,,high,estimated,,"info@novo.org,contact@novo.org,hello@novo.org,inquiries@novo.org,development@novo.org,admin@novo.org",5.0,1.75,"join the novoactivating prayer cohort join a community of committed disciples for a discovery-based journey that will encourage, empower, and bless you with practical prayer tools to help you step into your spiritual authority.","[{""category"": ""youth_development"", ""keywords_found"": [""children""], ""category_score"": 7}]","homepage,/about,/mission,/what-we-do",,"health,community,creative,health,children",2025-10-22T19:30:48.388511,
Druckenmiller Foundation,133735187,New York,NY,,,https://projects.propublica.org/nonprofits/organizations/133735187,foundation,2025-10-17 17:56:47,,,,,,,,not_contacted,no,no,,,,high,error,,,,0.0,,,,,,2025-10-22T19:30:51.805832,'grant_history'
Rockefeller Foundation,131659629,New York,NY,,,https://projects.propublica.org/nonprofits/organizations/131659629,foundation,2025-10-17 17:56:47,https://rockefellerfoundation.org,info@rockefellerfoundation.org,,,,,,not_contacted,no,no,,,,high,estimated,,"info@rockefellerfoundation.org,contact@rockefellerfoundation.org,hello@rockefellerfoundation.org,inquiries@rockefellerfoundation.org,development@rockefellerfoundation.org,admin@rockefellerfoundation.org",5.0,25.6,"is to ensure scientific progress advances good jobs, good food, good health, and safe communities.","[{""category"": ""primary"", ""keywords_found"": [""accessibility""], ""category_score"": 7}, {""category"": ""disability_support"", ""keywords_found"": [""accessibility""], ""category_score"": 8}, {""category"": ""youth_development"", ""keywords_found"": [""children""], ""category_score"": 7}, {""category"": ""community_education"", ""keywords_found"": [""community school (partial: 2/2 words)"", ""school partnerships (partial: 2/2 words)""], ""category_score"": 16.0}, {""category"": ""primary"", ""keywords_found"": [""accessibility""], ""category_score"": 7}, {""category"": ""disability_support"", ""keywords_found"": [""accessibility""], ""category_score"": 8}, {""category"": ""primary"", ""keywords_found"": [""accessibility""], ""category_score"": 7}, {""category"": ""disability_support"", ""keywords_found"": [""accessibility""], ""category_score"": 8}, {""category"": ""primary"", ""keywords_found"": [""accessibility""], ""category_score"": 7}, {""category"": ""disability_support"", ""keywords_found"": [""accessibility""], ""category_score"": 8}, {""category"": ""youth_development"", ""keywords_found"": [""children""], ""category_score"": 7}, {""category"": ""community_education"", ""keywords_found"": [""community school (partial: 2/2 words)"", ""public schools (partial: 2/2 words)"", ""school partnerships (partial: 2/2 words)""], ""category_score"": 23.0}, {""category"": ""primary"", ""keywords_found"": [""accessibility""], ""category_score"": 7}, {""category"": ""disability_support"", ""keywords_found"": [""accessibility""], ""category_score"": 8}]","homepage,/about-us,/what-we-do,/grants,/impact",,"health,community,children,accessibility,health,community,accessibility,health,community,accessibility,inclusive,health,community,children,accessibility,health,community,accessibility,learning",2025-10-22T19:31:23.899861,
Citi Foundation,133781879,New York,NY,T21,,https://projects.propublica.org/nonprofits/organizations/133781879,foundation,2025-10-17 17:56:47,,,,,,,,not_contacted,no,no,,,,high,error,,,,0.0,,,,,,2025-10-22T19:32:07.519099,'grant_history'
Gray Foundation,471408100,Albany,NY,T22,,https://projects.propublica.org/nonprofits/organizations/471408100,foundation,2025-10-17 17:56:47,https://gray.com,info@gray.com,,,,,,not_contacted,no,no,,,,high,estimated,,"info@gray.com,contact@gray.com,hello@gray.com,inquiries@gray.com,development@gray.com,admin@gray.com",5.0,8.333333333333334,building relationships skip to main content menu services from concept to completion - solutions for every project.,"[{""category"": ""primary"", ""keywords_found"": [""arts program (partial: 2/2 words)""], ""category_score"": 8.0}, {""category"": ""disability_support"", ""keywords_found"": [""special needs (partial: 2/2 words)""], ""category_score"": 9.0}, {""category"": ""community_education"", ""keywords_found"": [""transforming lives (partial: 2/2 words)""], ""category_score"": 8.0}]","homepage,/about,/about-us",,"arts,community",2025-10-22T19:32:32.745232,
Starr Foundation,136151545,New York,NY,T22,,https://projects.propublica.org/nonprofits/organizations/136151545,foundation,2025-10-17 17:56:47,https://starr.com,loss.history@starrcompanies.com,,,,,,not_contacted,no,no,,,,high,harvested,"loss.history@starrcompanies.com,claims@starrcompanies.com,public.relations@starrcompanies.com,marketing@starrcompanies.com",,5.0,0.8181818181818182,,"[{""category"": ""disability_support"", ""keywords_found"": [""special needs (partial: 2/2 words)""], ""category_score"": 9.0}]","homepage,/about,/about-us,/mission,/vision,/our-mission,/what-we-do,/programs,/grants,/giving,/impact",,,2025-10-22T19:33:00.322755,
Nhp Foundation,521636004,New York,NY,L200,,https://projects.propublica.org/nonprofits/organizations/521636004,foundation,2025-10-17 17:56:47,https://nhpfoundation.org,info@nhpfoundation.org,,,,,,not_contacted,no,no,,,,high,estimated,,"info@nhpfoundation.org,contact@nhpfoundation.org,hello@nhpfoundation.org,inquiries@nhpfoundation.org,development@nhpfoundation.org,admin@nhpfoundation.org",5.0,1.3636363636363635,,"[{""category"": ""primary"", ""keywords_found"": [""accessibility""], ""category_score"": 7}, {""category"": ""disability_support"", ""keywords_found"": [""accessibility""], ""category_score"": 8}]","homepage,/about,/about-us,/mission,/vision,/our-mission,/what-we-do,/programs,/grants,/giving,/impact",,accessibility,2025-10-22T19:33:15.726323,
Tiger Foundation,133555671,New York,NY,,,https://projects.propublica.org/nonprofits/organizations/133555671,foundation,2025-10-17 17:56:47,https://tiger.com,info@tiger.com,,,,,,not_contacted,no,no,,,,high,estimated,,"info@tiger.com,contact@tiger.com,hello@tiger.com,inquiries@tiger.com,development@tiger.com,admin@tiger.com",2.0,16.0,,"[{""category"": ""primary"", ""keywords_found"": [""arts program (partial: 2/2 words)"", ""arts access (partial: 2/2 words)""], ""category_score"": 16.0}]",homepage,"support users round the clock.we work with a numberof world's top exchangestiger.compartners with binancewe actively collaborate with binance — the world’s largest crypto exchangesponsorshipbinance smart chain gamefi hackathonlearn moresponsorshipfide binance business schools super cuplearn morepartnership binance broker programlearn morehave any questions?contact usfrequently asked questionswhat is tiger.com?since 2015, tiger.com has been developing fintech products for traders of all levels: from experienced high-volume professionals to regular users. our solutions are developed by an international team of fintech enthusiasts. the company is headquartered in switzerland.our products are:tiger.com for windows  — a desktop platform that enables users to trade on financial and cryptocurrency markets.tiger.com macos — our desktop platform for macoswhat is trading platform?tiger.com trading platform is a customizable desktop workspace for trading stocks, futures, cryptocurrencies, and forex assets. the platform offers an exhaustive range of tools to satisfy the needs of beginners, advanced traders, and professionals alike. tiger.com platform features:stock, futures, options, cryptocurrency, and forex asset tradingdemo trading on live and historical databuilt-in risk management systemmultifunctional charts",arts,2025-10-22T19:33:34.791010,
Uniswap Foundation,883087770,New York,NY,R12,,https://projects.propublica.org/nonprofits/organizations/883087770,foundation,2025-10-17 17:56:47,https://uniswap.org,info@uniswap.org,,,,,,not_contacted,no,no,,,,high,estimated,,"info@uniswap.org,contact@uniswap.org,hello@uniswap.org,inquiries@uniswap.org,development@uniswap.org,admin@uniswap.org",0.0,0.0,,,"homepage,/about,/about-us,/mission,/vision,/our-mission,/what-we-do,/programs,/grants,/giving,/impact",,,2025-10-22T19:33:44.724788,
Bingle Foundation,853658614,Saratoga Spgs,NY,T20,,https://projects.propublica.org/nonprofits/organizations/853658614,foundation,2025-10-17 17:56:47,,,,,,,,not_contacted,no,no,,,,high,error,,,,0.0,,,,,,2025-10-22T19:34:07.758002,'grant_history'
Arcus Foundation,383332791,New York,NY,B82Z,,https://projects.propublica.org/nonprofits/organizations/383332791,foundation,2025-10-17 17:56:47,https://arcusfoundation.org,info@arcusfoundation.org,,,,,,not_contacted,no,no,,,,high,estimated,,"info@arcusfoundation.org,contact@arcusfoundation.org,hello@arcusfoundation.org,inquiries@arcusfoundation.org,development@arcusfoundation.org,admin@arcusfoundation.org",5.0,70.4,the idea that people can live in harmony with one another and the natural world.,"[{""category"": ""primary"", ""keywords_found"": [""arts education (partial: 2/2 words)"", ""art education (partial: 2/2 words)"", ""arts program (partial: 2/2 words)"", ""artistic enrichment (partial: 2/2 words)"", ""arts access (partial: 2/2 words)""], ""category_score"": 45.0}, {""category"": ""disability_support"", ""keywords_found"": [""special needs (partial: 2/2 words)"", ""special education (partial: 2/2 words)""], ""category_score"": 16.0}, {""category"": ""community_education"", ""keywords_found"": [""quality education (partial: 2/2 words)"", ""transforming lives (partial: 2/2 words)""], ""category_score"": 15.0}, {""category"": ""primary"", ""keywords_found"": [""arts education (partial: 2/2 words)"", ""art education (partial: 2/2 words)"", ""arts program (partial: 2/2 words)"", ""artistic enrichment (partial: 2/2 words)"", ""arts access (partial: 2/2 words)""], ""category_score"": 45.0}, {""category"": ""disability_support"", ""keywords_found"": [""special needs (partial: 2/2 words)"", ""special education (partial: 2/2 words)""], ""category_score"": 16.0}, {""category"": ""community_education"", ""keywords_found"": [""transforming lives (partial: 2/2 words)""], ""category_score"": 8.0}, {""category"": ""primary"", ""keywords_found"": [""arts education (partial: 2/2 words)"", ""art education (partial: 2/2 words)"", ""arts program (partial: 2/2 words)"", ""artistic enrichment (partial: 2/2 words)"", ""arts access (partial: 2/2 words)""], ""category_score"": 45.0}, {""category"": ""disability_support"", ""keywords_found"": [""special needs (partial: 2/2 words)"", ""special education (partial: 2/2 words)""], ""category_score"": 16.0}, {""category"": ""community_education"", ""keywords_found"": [""transforming lives (partial: 2/2 words)""], ""category_score"": 8.0}, {""category"": ""primary"", ""keywords_found"": [""arts education (partial: 2/2 words)"", ""art education (partial: 2/2 words)"", ""arts program (partial: 2/2 words)"", ""artistic enrichment (partial: 2/2 words)"", ""arts access (partial: 2/2 words)""], ""category_score"": 45.0}, {""category"": ""disability_support"", ""keywords_found"": [""special needs (partial: 2/2 words)"", ""special education (partial: 2/2 words)""], ""category_score"": 16.0}, {""category"": ""community_education"", ""keywords_found"": [""transforming lives (partial: 2/2 words)""], ""category_score"": 8.0}, {""category"": ""primary"", ""keywords_found"": [""arts education (partial: 2/2 words)"", ""art education (partial: 2/2 words)"", ""arts program (partial: 2/2 words)"", ""artistic enrichment (partial: 2/2 words)"", ""arts access (partial: 2/2 words)""], ""category_score"": 45.0}, {""category"": ""disability_support"", ""keywords_found"": [""special needs (partial: 2/2 words)"", ""special education (partial: 2/2 words)""], ""category_score"": 16.0}, {""category"": ""community_education"", ""keywords_found"": [""transforming lives (partial: 2/2 words)""], ""category_score"": 8.0}]","homepage,/about,/grants,/giving,/impact","support apply for a grant resources learn publications blog annual reporting learnings connect social email events media press kit library andrew r. halloran andrew r. halloran est primatologue, conservationniste et spécialiste du bien-être animal. cela fait plus de 25 ans qu’il travaille avec les chimpanzés dans des refuges, dans des zoos et en pleine nature. a.r. halloran a fondé et dirige the elgin centre, une organisation à but non lucratif dont la finalité est d’améliorer la vie des animaux captifs. ce centre coopère avec des zoos et des refuges. il fournit des consultations spécialisées en vue de concevoir des stratégies de soin au meilleur coût, des programmes d’enrichissement et des protocoles de sécurité qui garantissent l’épanouissement des animaux tout en répondant aux besoins des institutions. par ailleurs, il a cofondé le tonkolili chimpanzee project en sierra leone. il s’agit d’une initiative communautaire autour de la rivière pampana. ce projet atténue les conflits entre humains et chimpanzés dans les paysages anthropiques au moyen de la promotion de l’agriculture durable et d’incitations économiques, ce qui réduit le nombre de chimpanzés tués, et encourage la coexistence à travers l’éducation et la préservation des habitats. a.r. halloran est l’auteur des livres suivants : song of the ape (2012, st. martin’s press), lion shaped mountain (2021, earth island journal), et animal curation: the science of care & welfare (2025, cambridge university press). par son travail au sein de the elgin centre et du tonkolili project, a.r. halloran concilie captivité et conservation, et défend des pratiques éthiques qui promeuvent une vie épanouie pour les chimpanzés et les autres animaux l’espoir d’a.r. halloran, en écrivant ce texte, est que le partage d’histoires sur les refuges pour chimpanzés lui permettra de mettre en lumière leur qualité d’individus à part entière et d’illustrer les complexités scientifiques à l’œuvre lorsqu’il s’agit de fournir de bonnes conditions de vie à cette espèce extraordinaire. x andrew r. halloran, ph.d. andrew r. halloran, ph.d., is a primatologist, conservationist, and animal welfare specialist with over 25 years of experience working with chimpanzees in sanctuaries, zoos, and the wild. halloran founded and directs the elgin centre, a nonprofit organization dedicated to improving the lives of captive animals. the centre collaborates with zoos and sanctuaries, offering expert consultations to develop cost-effective care strategies, enrichment programs, and safety protocols that ensure animals thrive while meeting institutional needs. additionally, he co-founded the tonkolili chimpanzee project in sierra leone, a community-based initiative along the pampana river. the project mitigates human-chimpanzee conflicts in anthropogenic landscapes by promoting sustainable agriculture and economic incentives, reducing chimpanzee killings, and fostering coexistence through education and habitat preservation. halloran has authored the books song of the ape (2012, st. martin’s press), lion shaped mountain (2021, earth island journal), and animal curation: the science of care & welfare (2025, cambridge university press). through his work with the elgin centre and the tonkolili project, halloran bridges captivity and conservation, advocating for ethical practices that promote a life of thriving for chimpanzees and other animals. in writing this piece, halloran hopes that by sharing the stories of chimpanzee sanctuaries, he can highlight them as the individuals they are, as well as showcasing the complexities of the science of providing good welfare to such an extraordinary species. x get to know a muxe artist and activist ©mexfam ©mexfam a muxe woman, peregrina vera is a member of the indigenous zapotec community from the town of juchitán in the southeast of oaxaca state in mexico. a skilled artisan of traditional woven clothing, peregrina also prepares decorations for local festivals. but in addition to her artistic endeavors, she is one of the leaders of the transformándome (“transforming myself”) project housed at mexfam, a nationwide civil society organization promoting access to health, education, and advocacy of sexual and reproductive rights. the project helps educate the muxe about their rights and how they can live authentically as themselves, including acquiring identification documents that accurately portray their names and genders. peregrina’s activism includes documenting incidents of hate crimes against the muxe throughout the region. this is a subject she unfortunately knows all too well after she experienced a recent violent attack and robbery in which all of her work tools were stolen. these incidents have increased as new people have moved into the region. “before they did nothing to us,” peregrina explains. “now if you’re at a party, just by seeing you, they want to attack you, they insult you, and on many occasions, the aggression changes from words to physical attacks.” by documenting these incidents, peregrina is helping to bring the issue of hate violence to the attention of authorities and the public. she is also working to connect members of her community through online meetings using computers acquired by the transformándome project. all of her activism is aimed at increasing the acceptance and inclusion of her muxe community. x una líder muxe comparte su historia ©mexfam ©mexfam mujer muxe, peregrina vera es miembro de la comunidad indígena zapoteca del pueblo de juchitán, en el sureste del estado de oaxaca. hábil artesana de la ropa tejida tradicional, peregrina también prepara adornos para las fiestas locales. pero además de sus esfuerzos artísticos, es una de las líderes de transformándome en mexfam, la organización nacional de planificación familiar de méxico. el proyecto ayuda a educar a la comunidad muxe sobre sus derechos y sobre cómo pueden vivir auténticamente sin esconderse, incluyendo cómo obtener documentos de identidad que reflejen con exactitud sus nombres y géneros. el activismo de peregrina incluye la documentación de incidentes de crímenes de odio contra la comunidad muxe en toda la región. se trata de un tema que, por desgracia, conoce demasiado bien tras haber sufrido recientemente un ataque violento y un robo en el que le sustrajeron todas sus herramientas de trabajo. estos incidentes han aumentado a medida que nuevas personas se han trasladado a la región. “antes no nos hacían nada”, explica. “ahora, si estás en una fiesta, solo con verte quieren agredirte, te insultan y, en muchas ocasiones, la agresión pasa de las palabras a los ataques físicos”. con la documentación de estos incidentes, peregrina está ayudando a llamar la atención de las autoridades y del público sobre el problema de la violencia motivada por el odio. también está trabajando para conectar a los miembros de su comunidad a través de reuniones en línea utilizando computadoras adquiridas gracias al proyecto transformándome. todo su activismo busca aumentar la aceptación y la inclusión de su comunidad muxe. x sign up for arcus emails × x arcus homepage marquee video transcript a bonobo in trees moving its mouth, with a binocular effect zooming in on the ape. a text overlay says, “dedicated to the idea that people can live in harmony with one another and the natural world.” a forest with the sun shining through trees, with a text overlay that quotes jon stryker and annette lanjouw of arcus foundation saying, “destruction of nature exposes us to a panoply of diseases, and creates and exacerbates social injustice and political repression around the world.” a razed forest. a learn more button that links to the arcus foundation 2019 annual report a city street with a large crosswalk and a large crowd of people crossing it. text overlay with a quote: “lgbtq communities served by our social justice program live at the intersection of this long chain of degradation—environmental and social.” a scene from a protest, people wearing face masks, waving signs and banners, drumming on a drum, dancing, shouting through a megaphone. two signs are a sheer black color with gold trim and list several names, including roxsana hernandez, claire legato, muhlaysia booker, and nina pop. another sign says “black trans lives matter”. a learn more button that links to the arcus foundation’s support page for lgbt social justice. a woman wearing a white dress, long wavy dark brown hair, teal lipstick, plum fingernails, rectangular metal glasses sits in a chair and talks. a text overlay identifies her as úmi vera, familia: trans queer liberation movement, united states, and quotes her saying: “there’s incredible power in the trans queer migrant community. to be dehumanized so much and not lose your hope, your sense of joy—it’s just astonishing.” a learn more button that links to a story: lgbtq migrants to the u.s. fight to stay safe a person with shoulder-length, dark brown, straight hair wearing a pink and silver fuzzy tiara and a white and purple dress with a big tulle bottom and a corset top, over a white t-shirt that says selena, dancing around in circles outdoors with a crowd of people sitting and standing nearby, and with the flags of puerto rico, panama, and peru hanging from wood beams in the background. a woman with short black and gray hair wearing a black dress shirt talks. a text overlay identifies her as indyra mendoza, red lésbica cattrachas, honduras, and quotes her saying: “for so many years, we missed being free and open with our partners—now is the time to make it happen!.” a learn more button that links to a story: “i know who i am, but my country doesn’t recognize me”. a woman wearing a long-sleeved gray shirt under a jumper featuring white and pastel yellow, blue and green circles, a black head covering and a red face mask, stands in front of a church building with a sign that says: “central methodist mission you are born in love by love for love”. a text overlay identifies her as mia lukas, sistaazhood, homeless trans women supported by gender dynamix, south africa, and quotes her saying: “with their support, we feel more included in society.” a learn more button that links to a story: supporting cape town’s homeless transgender women during covid-19 a map of the world with parts,support apply for a grant resources learn publications blog annual reporting learnings connect social email events media press kit library andrew r. halloran andrew r. halloran est primatologue, conservationniste et spécialiste du bien-être animal. cela fait plus de 25 ans qu’il travaille avec les chimpanzés dans des refuges, dans des zoos et en pleine nature. a.r. halloran a fondé et dirige the elgin centre, une organisation à but non lucratif dont la finalité est d’améliorer la vie des animaux captifs. ce centre coopère avec des zoos et des refuges. il fournit des consultations spécialisées en vue de concevoir des stratégies de soin au meilleur coût, des programmes d’enrichissement et des protocoles de sécurité qui garantissent l’épanouissement des animaux tout en répondant aux besoins des institutions. par ailleurs, il a cofondé le tonkolili chimpanzee project en sierra leone. il s’agit d’une initiative communautaire autour de la rivière pampana. ce projet atténue les conflits entre humains et chimpanzés dans les paysages anthropiques au moyen de la promotion de l’agriculture durable et d’incitations économiques, ce qui réduit le nombre de chimpanzés tués, et encourage la coexistence à travers l’éducation et la préservation des habitats. a.r. halloran est l’auteur des livres suivants : song of the ape (2012, st. martin’s press), lion shaped mountain (2021, earth island journal), et animal curation: the science of care & welfare (2025, cambridge university press). par son travail au sein de the elgin centre et du tonkolili project, a.r. halloran concilie captivité et conservation, et défend des pratiques éthiques qui promeuvent une vie épanouie pour les chimpanzés et les autres animaux l’espoir d’a.r. halloran, en écrivant ce texte, est que le partage d’histoires sur les refuges pour chimpanzés lui permettra de mettre en lumière leur qualité d’individus à part entière et d’illustrer les complexités scientifiques à l’œuvre lorsqu’il s’agit de fournir de bonnes conditions de vie à cette espèce extraordinaire. x andrew r. halloran, ph.d. andrew r. halloran, ph.d., is a primatologist, conservationist, and animal welfare specialist with over 25 years of experience working with chimpanzees in sanctuaries, zoos, and the wild. halloran founded and directs the elgin centre, a nonprofit organization dedicated to improving the lives of captive animals. the centre collaborates with zoos and sanctuaries, offering expert consultations to develop cost-effective care strategies, enrichment programs, and safety protocols that ensure animals thrive while meeting institutional needs. additionally, he co-founded the tonkolili chimpanzee project in sierra leone, a community-based initiative along the pampana river. the project mitigates human-chimpanzee conflicts in anthropogenic landscapes by promoting sustainable agriculture and economic incentives, reducing chimpanzee killings, and fostering coexistence through education,support apply for a grant resources learn publications blog annual reporting learnings connect social email events media press kit library andrew r. halloran andrew r. halloran est primatologue, conservationniste et spécialiste du bien-être animal. cela fait plus de 25 ans qu’il travaille avec les chimpanzés dans des refuges, dans des zoos et en pleine nature. a.r. halloran a fondé et dirige the elgin centre, une organisation à but non lucratif dont la finalité est d’améliorer la vie des animaux captifs. ce centre coopère avec des zoos et des refuges. il fournit des consultations spécialisées en vue de concevoir des stratégies de soin au meilleur coût, des programmes d’enrichissement et des protocoles de sécurité qui garantissent l’épanouissement des animaux tout en répondant aux besoins des institutions. par ailleurs, il a cofondé le tonkolili chimpanzee project en sierra leone. il s’agit d’une initiative communautaire autour de la rivière pampana. ce projet atténue les conflits entre humains et chimpanzés dans les paysages anthropiques au moyen de la promotion de l’agriculture durable et d’incitations économiques, ce qui réduit le nombre de chimpanzés tués, et encourage la coexistence à travers l’éducation et la préservation des habitats. a.r. halloran est l’auteur des livres suivants : song of the ape (2012, st. martin’s press), lion shaped mountain (2021, earth island journal), et animal curation: the science of care & welfare (2025, cambridge university press). par son travail au sein de the elgin centre et du tonkolili project, a.r. halloran concilie captivité et conservation, et défend des pratiques éthiques qui promeuvent une vie épanouie pour les chimpanzés et les autres animaux l’espoir d’a.r. halloran, en écrivant ce texte, est que le partage d’histoires sur les refuges pour chimpanzés lui permettra de mettre en lumière leur qualité d’individus à part entière et d’illustrer les complexités scientifiques à l’œuvre lorsqu’il s’agit de fournir de bonnes conditions de vie à cette espèce extraordinaire. x andrew r. halloran, ph.d. andrew r. halloran, ph.d., is a primatologist, conservationist, and animal welfare specialist with over 25 years of experience working with chimpanzees in sanctuaries, zoos, and the wild. halloran founded and directs the elgin centre, a nonprofit organization dedicated to improving the lives of captive animals. the centre collaborates with zoos and sanctuaries, offering expert consultations to develop cost-effective care strategies, enrichment programs, and safety protocols that ensure animals thrive while meeting institutional needs. additionally, he co-founded the tonkolili chimpanzee project in sierra leone, a community-based initiative along the pampana river. the project mitigates human-chimpanzee conflicts in anthropogenic landscapes by promoting sustainable agriculture and economic incentives, reducing chimpanzee killings, and fostering coexistence through education,support apply for a grant resources learn publications blog annual reporting learnings connect social email events media press kit library andrew r. halloran andrew r. halloran est primatologue, conservationniste et spécialiste du bien-être animal. cela fait plus de 25 ans qu’il travaille avec les chimpanzés dans des refuges, dans des zoos et en pleine nature. a.r. halloran a fondé et dirige the elgin centre, une organisation à but non lucratif dont la finalité est d’améliorer la vie des animaux captifs. ce centre coopère avec des zoos et des refuges. il fournit des consultations spécialisées en vue de concevoir des stratégies de soin au meilleur coût, des programmes d’enrichissement et des protocoles de sécurité qui garantissent l’épanouissement des animaux tout en répondant aux besoins des institutions. par ailleurs, il a cofondé le tonkolili chimpanzee project en sierra leone. il s’agit d’une initiative communautaire autour de la rivière pampana. ce projet atténue les conflits entre humains et chimpanzés dans les paysages anthropiques au moyen de la promotion de l’agriculture durable et d’incitations économiques, ce qui réduit le nombre de chimpanzés tués, et encourage la coexistence à travers l’éducation et la préservation des habitats. a.r. halloran est l’auteur des livres suivants : song of the ape (2012, st. martin’s press), lion shaped mountain (2021, earth island journal), et animal curation: the science of care & welfare (2025, cambridge university press). par son travail au sein de the elgin centre et du tonkolili project, a.r. halloran concilie captivité et conservation, et défend des pratiques éthiques qui promeuvent une vie épanouie pour les chimpanzés et les autres animaux l’espoir d’a.r. halloran, en écrivant ce texte, est que le partage d’histoires sur les refuges pour chimpanzés lui permettra de mettre en lumière leur qualité d’individus à part entière et d’illustrer les complexités scientifiques à l’œuvre lorsqu’il s’agit de fournir de bonnes conditions de vie à cette espèce extraordinaire. x andrew r. halloran, ph.d. andrew r. halloran, ph.d., is a primatologist, conservationist, and animal welfare specialist with over 25 years of experience working with chimpanzees in sanctuaries, zoos, and the wild. halloran founded and directs the elgin centre, a nonprofit organization dedicated to improving the lives of captive animals. the centre collaborates with zoos and sanctuaries, offering expert consultations to develop cost-effective care strategies, enrichment programs, and safety protocols that ensure animals thrive while meeting institutional needs. additionally, he co-founded the tonkolili chimpanzee project in sierra leone, a community-based initiative along the pampana river. the project mitigates human-chimpanzee conflicts in anthropogenic landscapes by promoting sustainable agriculture and economic incentives, reducing chimpanzee killings, and fostering coexistence through education and habitat preservation. halloran has authored the books song of the ape (2012, st. martin’s press), lion shaped mountain (2021, earth island journal), and animal curation: the science of care & welfare (2025, cambridge university press). through his work with the elgin centre and the tonkolili project, halloran bridges captivity and conservation, advocating for ethical practices that promote a life of thriving for chimpanzees and other animals. in writing this piece, halloran hopes that by sharing the stories of chimpanzee sanctuaries, he can highlight them as the individuals they are, as well as showcasing the complexities of the science of providing good welfare to such an extraordinary species. x get to know a muxe artist and activist ©mexfam ©mexfam a muxe woman, peregrina vera is a member of the indigenous zapotec community from the town of juchitán in the southeast of oaxaca state in mexico. a skilled artisan of traditional woven clothing, peregrina also prepares decorations for local festivals. but in addition to her artistic endeavors, she is one of the leaders of the transformándome (“transforming myself”) project housed at mexfam, a nationwide civil society organization promoting access to health, education, and advocacy of sexual and reproductive rights. the project helps educate the muxe about their rights and how they can live authentically as themselves, including acquiring identification documents that accurately portray their names and genders. peregrina’s activism includes documenting incidents of hate crimes against the muxe throughout the region. this is a subject she unfortunately knows all too well after she experienced a recent violent attack and robbery in which all of her work tools were stolen. these incidents have increased as new people have moved into the region. “before they did nothing to us,” peregrina explains. “now if you’re at a party, just by seeing you, they want to attack you, they insult you, and on many occasions, the aggression changes from words to physical attacks.” by documenting these incidents, peregrina is helping to bring the issue of hate violence to the attention of authorities and the public. she is also working to connect members of her community through online meetings using computers acquired by the transformándome project. all of her activism is aimed at increasing the acceptance and inclusion of her muxe community. x una líder muxe comparte su historia ©mexfam ©mexfam mujer muxe, peregrina vera es miembro de la comunidad indígena zapoteca del pueblo de juchitán, en el sureste del estado de oaxaca. hábil artesana de la ropa tejida tradicional, peregrina también prepara adornos para las fiestas locales. pero además de sus esfuerzos artísticos, es una de las líderes de transformándome en mexfam, la organización nacional de planificación familiar de méxico. el proyecto ayuda a educar a la comunidad muxe sobre sus derechos y sobre cómo pueden vivir auténticamente sin esconderse, incluyendo cómo obtener documentos de identidad que reflejen con exactitud sus nombres y géneros. el activismo de peregrina incluye la documentación de incidentes de crímenes de odio contra la comunidad muxe en toda la región. se trata de un tema que, por desgracia, conoce demasiado bien tras haber sufrido recientemente un ataque violento y un robo en el que le sustrajeron todas sus herramientas de trabajo. estos incidentes han aumentado a medida que nuevas personas se han trasladado a la región. “antes no nos hacían nada”, explica. “ahora, si estás en una fiesta, solo con verte quieren agredirte, te insultan y, en muchas ocasiones, la agresión pasa de las palabras a los ataques físicos”. con la documentación de estos incidentes, peregrina está ayudando a llamar la atención de las autoridades y del público sobre el problema de la violencia motivada por el odio. también está trabajando para conectar a los miembros de su comunidad a través de reuniones en línea utilizando computadoras adquiridas gracias al proyecto transformándome. todo su activismo busca aumentar la aceptación y la inclusión de su comunidad muxe. x x arcus homepage marquee video transcript a bonobo in trees moving its mouth, with a binocular effect zooming in on the ape. a text overlay says, “dedicated to the idea that people can live in harmony with one another and the natural world.” a forest with the sun shining through trees, with a text overlay that quotes jon stryker and annette lanjouw of arcus foundation saying, “destruction of nature exposes us to a panoply of diseases, and creates and exacerbates social injustice and political repression around the world.” a razed forest. a learn more button that links to the arcus foundation 2019 annual report a city street with a large crosswalk and a large crowd of people crossing it. text overlay with a quote: “lgbtq communities served by our social justice program live at the intersection of this long chain of degradation—environmental and social.” a scene from a protest, people wearing face masks, waving signs and banners, drumming on a drum, dancing, shouting through a megaphone. two signs are a sheer black color with gold trim and list several names, including roxsana hernandez, claire legato, muhlaysia booker, and nina pop. another sign says “black trans lives matter”. a learn more button that links to the arcus foundation’s support page for lgbt social justice. a woman wearing a white dress, long wavy dark brown hair, teal lipstick, plum fingernails, rectangular metal glasses sits in a chair and talks. a text overlay identifies her as úmi vera, familia: trans queer liberation movement, united states, and quotes her saying: “there’s incredible power in the trans queer migrant community. to be dehumanized so much and not lose your hope, your sense of joy—it’s just astonishing.” a learn more button that links to a story: lgbtq migrants to the u.s. fight to stay safe a person with shoulder-length, dark brown, straight hair wearing a pink and silver fuzzy tiara and a white and purple dress with a big tulle bottom and a corset top, over a white t-shirt that says selena, dancing around in circles outdoors with a crowd of people sitting and standing nearby, and with the flags of puerto rico, panama, and peru hanging from wood beams in the background. a woman with short black and gray hair wearing a black dress shirt talks. a text overlay identifies her as indyra mendoza, red lésbica cattrachas, honduras, and quotes her saying: “for so many years, we missed being free and open with our partners—now is the time to make it happen!.” a learn more button that links to a story: “i know who i am, but my country doesn’t recognize me”. a woman wearing a long-sleeved gray shirt under a jumper featuring white and pastel yellow, blue and green circles, a black head covering and a red face mask, stands in front of a church building with a sign that says: “central methodist mission you are born in love by love for love”. a text overlay identifies her as mia lukas, sistaazhood, homeless trans women supported by gender dynamix, south africa, and quotes her saying: “with their support, we feel more included in society.” a learn more button that links to a story: supporting cape town’s homeless transgender women during covid-19 a map of the world with parts,support apply for a grant resources ©designews.com ©designews.com arcus’ two grantmaking strategies prioritize 12 focus countries for lgbtq social justice, and landscapes spanning 20 focus countries for ape conservation and well-being. our grantmaking we are dedicated to the idea that people can live in harmony with one another and the natural world. we work toward that vision through our lgbtq social justice and great apes & gibbons programs, which have distributed more than 2,000 grants to more than 500 organizations in more than 50 countries. grant amounts range from small, one-time contributions to larger, multi-year investments, with the majority falling between $100,000 and $150,000 per year. all grants are awarded to initiatives or organizations that are clearly aligned with our program strategies and goals. the grantmaking process typically takes between two and six months from application to decision. to be considered, an applicant must be registered as an organizational entity with legal standing. we do not make grants to individuals, or for lobbying purposes, election campaigns, or medical research. to see whether your project or organization aligns with our program goals and strategies click below: great apes & gibbons grantmaking more social justice grantmaking more arcus foundation push boundaries make change phone numbers u.s. office phone: +1-212-488-3000 u.k. office phone: +44-1223-653040 emails subscribe connect with us on social media social justice program great apes & gibbons program © 2025 arcus foundation privacy policy terms & conditions home about arcus culture board & staff contact employment grants our support apply for a grant resources learn publications blog annual reporting learnings connect social email events media press kit library andrew r. halloran andrew r. halloran est primatologue, conservationniste et spécialiste du bien-être animal. cela fait plus de 25 ans qu’il travaille avec les chimpanzés dans des refuges, dans des zoos et en pleine nature. a.r. halloran a fondé et dirige the elgin centre, une organisation à but non lucratif dont la finalité est d’améliorer la vie des animaux captifs. ce centre coopère avec des zoos et des refuges. il fournit des consultations spécialisées en vue de concevoir des stratégies de soin au meilleur coût, des programmes d’enrichissement et des protocoles de sécurité qui garantissent l’épanouissement des animaux tout en répondant aux besoins des institutions. par ailleurs, il a cofondé le tonkolili chimpanzee project en sierra leone. il s’agit d’une initiative communautaire autour de la rivière pampana. ce projet atténue les conflits entre humains et chimpanzés dans les paysages anthropiques au moyen de la promotion de l’agriculture durable et d’incitations économiques, ce qui réduit le nombre de chimpanzés tués, et encourage la coexistence à travers l’éducation et la préservation des habitats. a.r. halloran est l’auteur des livres suivants : song of the ape (2012, st. martin’s press), lion shaped mountain (2021, earth island journal), et animal curation: the science of care & welfare (2025, cambridge university press). par son travail au sein de the elgin centre et du tonkolili project, a.r. halloran concilie captivité et conservation, et défend des pratiques éthiques qui promeuvent une vie épanouie pour les chimpanzés et les autres animaux l’espoir d’a.r. halloran, en écrivant ce texte, est que le partage d’histoires sur les refuges pour chimpanzés lui permettra de mettre en lumière leur qualité d’individus à part entière et d’illustrer les complexités scientifiques à l’œuvre lorsqu’il s’agit de fournir de bonnes conditions de vie à cette espèce extraordinaire. x andrew r. halloran, ph.d. andrew r. halloran, ph.d., is a primatologist, conservationist, and animal welfare specialist with over 25 years of experience working with chimpanzees in sanctuaries, zoos, and the wild. halloran founded and directs the elgin centre, a nonprofit organization dedicated to improving the lives of captive animals. the centre collaborates with zoos and sanctuaries, offering expert consultations to develop cost-effective care strategies, enrichment programs, and safety protocols that ensure animals thrive while meeting institutional needs. additionally, he co-founded the tonkolili chimpanzee project in sierra leone, a community-based initiative along the pampana river. the project mitigates human-chimpanzee conflicts in anthropogenic landscapes by promoting sustainable agriculture and economic incentives, reducing chimpanzee killings, and fostering coexistence through education,support apply for a grant resources ©designews.com ©designews.com arcus’ two grantmaking strategies prioritize 12 focus countries for lgbtq social justice, and landscapes spanning 20 focus countries for ape conservation and well-being. our grantmaking we are dedicated to the idea that people can live in harmony with one another and the natural world. we work toward that vision through our lgbtq social justice and great apes & gibbons programs, which have distributed more than 2,000 grants to more than 500 organizations in more than 50 countries. grant amounts range from small, one-time contributions to larger, multi-year investments, with the majority falling between $100,000 and $150,000 per year. all grants are awarded to initiatives or organizations that are clearly aligned with our program strategies and goals. the grantmaking process typically takes between two and six months from application to decision. to be considered, an applicant must be registered as an organizational entity with legal standing. we do not make grants to individuals, or for lobbying purposes, election campaigns, or medical research. to see whether your project or organization aligns with our program goals and strategies click below: great apes & gibbons grantmaking more social justice grantmaking more arcus foundation push boundaries make change phone numbers u.s. office phone: +1-212-488-3000 u.k. office phone: +44-1223-653040 emails subscribe connect with us on social media social justice program great apes & gibbons program © 2025 arcus foundation privacy policy terms & conditions home about arcus culture board & staff contact employment grants our support apply for a grant resources learn publications blog annual reporting learnings connect social email events media press kit library andrew r. halloran andrew r. halloran est primatologue, conservationniste et spécialiste du bien-être animal. cela fait plus de 25 ans qu’il travaille avec les chimpanzés dans des refuges, dans des zoos et en pleine nature. a.r. halloran a fondé et dirige the elgin centre, une organisation à but non lucratif dont la finalité est d’améliorer la vie des animaux captifs. ce centre coopère avec des zoos et des refuges. il fournit des consultations spécialisées en vue de concevoir des stratégies de soin au meilleur coût, des programmes d’enrichissement et des protocoles de sécurité qui garantissent l’épanouissement des animaux tout en répondant aux besoins des institutions. par ailleurs, il a cofondé le tonkolili chimpanzee project en sierra leone. il s’agit d’une initiative communautaire autour de la rivière pampana. ce projet atténue les conflits entre humains et chimpanzés dans les paysages anthropiques au moyen de la promotion de l’agriculture durable et d’incitations économiques, ce qui réduit le nombre de chimpanzés tués, et encourage la coexistence à travers l’éducation et la préservation des habitats. a.r. halloran est l’auteur des livres suivants : song of the ape (2012, st. martin’s press), lion shaped mountain (2021, earth island journal), et animal curation: the science of care & welfare (2025, cambridge university press). par son travail au sein de the elgin centre et du tonkolili project, a.r. halloran concilie captivité et conservation, et défend des pratiques éthiques qui promeuvent une vie épanouie pour les chimpanzés et les autres animaux l’espoir d’a.r. halloran, en écrivant ce texte, est que le partage d’histoires sur les refuges pour chimpanzés lui permettra de mettre en lumière leur qualité d’individus à part entière et d’illustrer les complexités scientifiques à l’œuvre lorsqu’il s’agit de fournir de bonnes conditions de vie à cette espèce extraordinaire. x andrew r. halloran, ph.d. andrew r. halloran, ph.d., is a primatologist, conservationist, and animal welfare specialist with over 25 years of experience working with chimpanzees in sanctuaries, zoos, and the wild. halloran founded and directs the elgin centre, a nonprofit organization dedicated to improving the lives of captive animals. the centre collaborates with zoos and sanctuaries, offering expert consultations to develop cost-effective care strategies, enrichment programs, and safety protocols that ensure animals thrive while meeting institutional needs. additionally, he co-founded the tonkolili chimpanzee project in sierra leone, a community-based initiative along the pampana river. the project mitigates human-chimpanzee conflicts in anthropogenic landscapes by promoting sustainable agriculture and economic incentives, reducing chimpanzee killings, and fostering coexistence through education and habitat preservation. halloran has authored the books song of the ape (2012, st. martin’s press), lion shaped mountain (2021, earth island journal), and animal curation: the science of care & welfare (2025, cambridge university press). through his work with the elgin centre and the tonkolili project, halloran bridges captivity and conservation, advocating for ethical practices that promote a life of thriving for chimpanzees and other animals. in writing this piece, halloran hopes that by sharing the stories of chimpanzee sanctuaries, he can highlight them as the individuals they are, as well as showcasing the complexities of the science of providing good welfare to such an extraordinary species. x get to know a muxe artist and activist ©mexfam ©mexfam a muxe woman, peregrina vera is a member of the indigenous zapotec community from the town of juchitán in the southeast of oaxaca state in mexico. a skilled artisan of traditional woven clothing, peregrina also prepares decorations for local festivals. but in addition to her artistic endeavors, she is one of the leaders of the transformándome (“transforming myself”) project housed at mexfam, a nationwide civil society organization promoting access to health, education, and advocacy of sexual and reproductive rights. the project helps educate the muxe about their rights and how they can live authentically as themselves, including acquiring identification documents that accurately portray their names and genders. peregrina’s activism includes documenting incidents of hate crimes against the muxe throughout the region. this is a subject she unfortunately knows all too well after she experienced a recent violent attack and robbery in which all of her work tools were stolen. these incidents have increased as new people have moved into the region. “before they did nothing to us,” peregrina explains. “now if you’re at a party, just by seeing you, they want to attack you, they insult you, and on many occasions, the aggression changes from words to physical attacks.” by documenting these incidents, peregrina is helping to bring the issue of hate violence to the attention of authorities and the public. she is also working to connect members of her community through online meetings using computers acquired by the transformándome project. all of her activism is aimed at increasing the acceptance and inclusion of her muxe community. x una líder muxe comparte su historia ©mexfam ©mexfam mujer muxe, peregrina vera es miembro de la comunidad indígena zapoteca del pueblo de juchitán, en el sureste del estado de oaxaca. hábil artesana de la ropa tejida tradicional, peregrina también prepara adornos para las fiestas locales. pero además de sus esfuerzos artísticos, es una de las líderes de transformándome en mexfam, la organización nacional de planificación familiar de méxico. el proyecto ayuda a educar a la comunidad muxe sobre sus derechos y sobre cómo pueden vivir auténticamente sin esconderse, incluyendo cómo obtener documentos de identidad que reflejen con exactitud sus nombres y géneros. el activismo de peregrina incluye la documentación de incidentes de crímenes de odio contra la comunidad muxe en toda la región. se trata de un tema que, por desgracia, conoce demasiado bien tras haber sufrido recientemente un ataque violento y un robo en el que le sustrajeron todas sus herramientas de trabajo. estos incidentes han aumentado a medida que nuevas personas se han trasladado a la región. “antes no nos hacían nada”, explica. “ahora, si estás en una fiesta, solo con verte quieren agredirte, te insultan y, en muchas ocasiones, la agresión pasa de las palabras a los ataques físicos”. con la documentación de estos incidentes, peregrina está ayudando a llamar la atención de las autoridades y del público sobre el problema de la violencia motivada por el odio. también está trabajando para conectar a los miembros de su comunidad a través de reuniones en línea utilizando computadoras adquiridas gracias al proyecto transformándome. todo su activismo busca aumentar la aceptación y la inclusión de su comunidad muxe. x sign up for arcus emails × x arcus homepage marquee video transcript a bonobo in trees moving its mouth, with a binocular effect zooming in on the ape. a text overlay says, “dedicated to the idea that people can live in harmony with one another and the natural world.” a forest with the sun shining through trees, with a text overlay that quotes jon stryker and annette lanjouw of arcus foundation saying, “destruction of nature exposes us to a panoply of diseases, and creates and exacerbates social injustice and political repression around the world.” a razed forest. a learn more button that links to the arcus foundation 2019 annual report a city street with a large crosswalk and a large crowd of people crossing it. text overlay with a quote: “lgbtq communities served by our social justice program live at the intersection of this long chain of degradation—environmental and social.” a scene from a protest, people wearing face masks, waving signs and banners, drumming on a drum, dancing, shouting through a megaphone. two signs are a sheer black color with gold trim and list several names, including roxsana hernandez, claire legato, muhlaysia booker, and nina pop. another sign says “black trans lives matter”. a learn more button that links to the arcus foundation’s support page for lgbt social justice. a woman wearing a white dress, long wavy dark brown hair, teal lipstick, plum fingernails, rectangular metal glasses sits in a chair and talks. a text overlay identifies her as úmi vera, familia: trans queer liberation movement, united states, and quotes her saying: “there’s incredible power in the trans queer migrant community. to be dehumanized so much and not lose your hope, your sense of joy—it’s just astonishing.” a learn more button that links to a story: lgbtq migrants to the u.s. fight to stay safe a person with shoulder-length, dark brown, straight hair wearing a pink and silver fuzzy tiara and a white and purple dress with a big tulle bottom and a corset top, over a white t-shirt that says selena, dancing around in circles outdoors with a crowd of people sitting and standing nearby, and with the flags of puerto rico, panama, and peru hanging from wood beams in the background. a woman with short black and gray hair wearing a black dress shirt talks. a text overlay identifies her as indyra mendoza, red lésbica cattrachas, honduras, and quotes her saying: “for so many years, we missed being free and open with our partners—now is the time to make it happen!.” a learn more button that links to a story: “i know who i am, but my country doesn’t recognize me”. a woman wearing a long-sleeved gray shirt under a jumper featuring white and pastel yellow, blue and green circles, a black head covering and a red face mask, stands in front of a church building with a sign that says: “central methodist mission you are born in love by love for love”. a text overlay identifies her as mia lukas, sistaazhood, homeless trans women supported by gender dynamix, south africa, and quotes her saying: “with their support, we feel more included in society.” a learn more button that links to a story: supporting cape town’s homeless transgender women during covid-19 a map of the world with parts,support apply for a grant resources learn publications blog annual reporting learnings connect social email events media press kit library andrew r. halloran andrew r. halloran est primatologue, conservationniste et spécialiste du bien-être animal. cela fait plus de 25 ans qu’il travaille avec les chimpanzés dans des refuges, dans des zoos et en pleine nature. a.r. halloran a fondé et dirige the elgin centre, une organisation à but non lucratif dont la finalité est d’améliorer la vie des animaux captifs. ce centre coopère avec des zoos et des refuges. il fournit des consultations spécialisées en vue de concevoir des stratégies de soin au meilleur coût, des programmes d’enrichissement et des protocoles de sécurité qui garantissent l’épanouissement des animaux tout en répondant aux besoins des institutions. par ailleurs, il a cofondé le tonkolili chimpanzee project en sierra leone. il s’agit d’une initiative communautaire autour de la rivière pampana. ce projet atténue les conflits entre humains et chimpanzés dans les paysages anthropiques au moyen de la promotion de l’agriculture durable et d’incitations économiques, ce qui réduit le nombre de chimpanzés tués, et encourage la coexistence à travers l’éducation et la préservation des habitats. a.r. halloran est l’auteur des livres suivants : song of the ape (2012, st. martin’s press), lion shaped mountain (2021, earth island journal), et animal curation: the science of care & welfare (2025, cambridge university press). par son travail au sein de the elgin centre et du tonkolili project, a.r. halloran concilie captivité et conservation, et défend des pratiques éthiques qui promeuvent une vie épanouie pour les chimpanzés et les autres animaux l’espoir d’a.r. halloran, en écrivant ce texte, est que le partage d’histoires sur les refuges pour chimpanzés lui permettra de mettre en lumière leur qualité d’individus à part entière et d’illustrer les complexités scientifiques à l’œuvre lorsqu’il s’agit de fournir de bonnes conditions de vie à cette espèce extraordinaire. x andrew r. halloran, ph.d. andrew r. halloran, ph.d., is a primatologist, conservationist, and animal welfare specialist with over 25 years of experience working with chimpanzees in sanctuaries, zoos, and the wild. halloran founded and directs the elgin centre, a nonprofit organization dedicated to improving the lives of captive animals. the centre collaborates with zoos and sanctuaries, offering expert consultations to develop cost-effective care strategies, enrichment programs, and safety protocols that ensure animals thrive while meeting institutional needs. additionally, he co-founded the tonkolili chimpanzee project in sierra leone, a community-based initiative along the pampana river. the project mitigates human-chimpanzee conflicts in anthropogenic landscapes by promoting sustainable agriculture and economic incentives, reducing chimpanzee killings, and fostering coexistence through education,support apply for a grant resources learn publications blog annual reporting learnings connect social email events media press kit library andrew r. halloran andrew r. halloran est primatologue, conservationniste et spécialiste du bien-être animal. cela fait plus de 25 ans qu’il travaille avec les chimpanzés dans des refuges, dans des zoos et en pleine nature. a.r. halloran a fondé et dirige the elgin centre, une organisation à but non lucratif dont la finalité est d’améliorer la vie des animaux captifs. ce centre coopère avec des zoos et des refuges. il fournit des consultations spécialisées en vue de concevoir des stratégies de soin au meilleur coût, des programmes d’enrichissement et des protocoles de sécurité qui garantissent l’épanouissement des animaux tout en répondant aux besoins des institutions. par ailleurs, il a cofondé le tonkolili chimpanzee project en sierra leone. il s’agit d’une initiative communautaire autour de la rivière pampana. ce projet atténue les conflits entre humains et chimpanzés dans les paysages anthropiques au moyen de la promotion de l’agriculture durable et d’incitations économiques, ce qui réduit le nombre de chimpanzés tués, et encourage la coexistence à travers l’éducation et la préservation des habitats. a.r. halloran est l’auteur des livres suivants : song of the ape (2012, st. martin’s press), lion shaped mountain (2021, earth island journal), et animal curation: the science of care & welfare (2025, cambridge university press). par son travail au sein de the elgin centre et du tonkolili project, a.r. halloran concilie captivité et conservation, et défend des pratiques éthiques qui promeuvent une vie épanouie pour les chimpanzés et les autres animaux l’espoir d’a.r. halloran, en écrivant ce texte, est que le partage d’histoires sur les refuges pour chimpanzés lui permettra de mettre en lumière leur qualité d’individus à part entière et d’illustrer les complexités scientifiques à l’œuvre lorsqu’il s’agit de fournir de bonnes conditions de vie à cette espèce extraordinaire. x andrew r. halloran, ph.d. andrew r. halloran, ph.d., is a primatologist, conservationist, and animal welfare specialist with over 25 years of experience working with chimpanzees in sanctuaries, zoos, and the wild. halloran founded and directs the elgin centre, a nonprofit organization dedicated to improving the lives of captive animals. the centre collaborates with zoos and sanctuaries, offering expert consultations to develop cost-effective care strategies, enrichment programs, and safety protocols that ensure animals thrive while meeting institutional needs. additionally, he co-founded the tonkolili chimpanzee project in sierra leone, a community-based initiative along the pampana river. the project mitigates human-chimpanzee conflicts in anthropogenic landscapes by promoting sustainable agriculture and economic incentives, reducing chimpanzee killings, and fostering coexistence through education and habitat preservation. halloran has authored the books song of the ape (2012, st. martin’s press), lion shaped mountain (2021, earth island journal), and animal curation: the science of care & welfare (2025, cambridge university press). through his work with the elgin centre and the tonkolili project, halloran bridges captivity and conservation, advocating for ethical practices that promote a life of thriving for chimpanzees and other animals. in writing this piece, halloran hopes that by sharing the stories of chimpanzee sanctuaries, he can highlight them as the individuals they are, as well as showcasing the complexities of the science of providing good welfare to such an extraordinary species. x get to know a muxe artist and activist ©mexfam ©mexfam a muxe woman, peregrina vera is a member of the indigenous zapotec community from the town of juchitán in the southeast of oaxaca state in mexico. a skilled artisan of traditional woven clothing, peregrina also prepares decorations for local festivals. but in addition to her artistic endeavors, she is one of the leaders of the transformándome (“transforming myself”) project housed at mexfam, a nationwide civil society organization promoting access to health, education, and advocacy of sexual and reproductive rights. the project helps educate the muxe about their rights and how they can live authentically as themselves, including acquiring identification documents that accurately portray their names and genders. peregrina’s activism includes documenting incidents of hate crimes against the muxe throughout the region. this is a subject she unfortunately knows all too well after she experienced a recent violent attack and robbery in which all of her work tools were stolen. these incidents have increased as new people have moved into the region. “before they did nothing to us,” peregrina explains. “now if you’re at a party, just by seeing you, they want to attack you, they insult you, and on many occasions, the aggression changes from words to physical attacks.” by documenting these incidents, peregrina is helping to bring the issue of hate violence to the attention of authorities and the public. she is also working to connect members of her community through online meetings using computers acquired by the transformándome project. all of her activism is aimed at increasing the acceptance and inclusion of her muxe community. x una líder muxe comparte su historia ©mexfam ©mexfam mujer muxe, peregrina vera es miembro de la comunidad indígena zapoteca del pueblo de juchitán, en el sureste del estado de oaxaca. hábil artesana de la ropa tejida tradicional, peregrina también prepara adornos para las fiestas locales. pero además de sus esfuerzos artísticos, es una de las líderes de transformándome en mexfam, la organización nacional de planificación familiar de méxico. el proyecto ayuda a educar a la comunidad muxe sobre sus derechos y sobre cómo pueden vivir auténticamente sin esconderse, incluyendo cómo obtener documentos de identidad que reflejen con exactitud sus nombres y géneros. el activismo de peregrina incluye la documentación de incidentes de crímenes de odio contra la comunidad muxe en toda la región. se trata de un tema que, por desgracia, conoce demasiado bien tras haber sufrido recientemente un ataque violento y un robo en el que le sustrajeron todas sus herramientas de trabajo. estos incidentes han aumentado a medida que nuevas personas se han trasladado a la región. “antes no nos hacían nada”, explica. “ahora, si estás en una fiesta, solo con verte quieren agredirte, te insultan y, en muchas ocasiones, la agresión pasa de las palabras a los ataques físicos”. con la documentación de estos incidentes, peregrina está ayudando a llamar la atención de las autoridades y del público sobre el problema de la violencia motivada por el odio. también está trabajando para conectar a los miembros de su comunidad a través de reuniones en línea utilizando computadoras adquiridas gracias al proyecto transformándome. todo su activismo busca aumentar la aceptación y la inclusión de su comunidad muxe. x x arcus homepage marquee video transcript a bonobo in trees moving its mouth, with a binocular effect zooming in on the ape. a text overlay says, “dedicated to the idea that people can live in harmony with one another and the natural world.” a forest with the sun shining through trees, with a text overlay that quotes jon stryker and annette lanjouw of arcus foundation saying, “destruction of nature exposes us to a panoply of diseases, and creates and exacerbates social injustice and political repression around the world.” a razed forest. a learn more button that links to the arcus foundation 2019 annual report a city street with a large crosswalk and a large crowd of people crossing it. text overlay with a quote: “lgbtq communities served by our social justice program live at the intersection of this long chain of degradation—environmental and social.” a scene from a protest, people wearing face masks, waving signs and banners, drumming on a drum, dancing, shouting through a megaphone. two signs are a sheer black color with gold trim and list several names, including roxsana hernandez, claire legato, muhlaysia booker, and nina pop. another sign says “black trans lives matter”. a learn more button that links to the arcus foundation’s support page for lgbt social justice. a woman wearing a white dress, long wavy dark brown hair, teal lipstick, plum fingernails, rectangular metal glasses sits in a chair and talks. a text overlay identifies her as úmi vera, familia: trans queer liberation movement, united states, and quotes her saying: “there’s incredible power in the trans queer migrant community. to be dehumanized so much and not lose your hope, your sense of joy—it’s just astonishing.” a learn more button that links to a story: lgbtq migrants to the u.s. fight to stay safe a person with shoulder-length, dark brown, straight hair wearing a pink and silver fuzzy tiara and a white and purple dress with a big tulle bottom and a corset top, over a white t-shirt that says selena, dancing around in circles outdoors with a crowd of people sitting and standing nearby, and with the flags of puerto rico, panama, and peru hanging from wood beams in the background. a woman with short black and gray hair wearing a black dress shirt talks. a text overlay identifies her as indyra mendoza, red lésbica cattrachas, honduras, and quotes her saying: “for so many years, we missed being free and open with our partners—now is the time to make it happen!.” a learn more button that links to a story: “i know who i am, but my country doesn’t recognize me”. a woman wearing a long-sleeved gray shirt under a jumper featuring white and pastel yellow, blue and green circles, a black head covering and a red face mask, stands in front of a church building with a sign that says: “central methodist mission you are born in love by love for love”. a text overlay identifies her as mia lukas, sistaazhood, homeless trans women supported by gender dynamix, south africa, and quotes her saying: “with their support, we feel more included in society.” a learn more button that links to a story: supporting cape town’s homeless transgender women during covid-19 a map of the world with parts,support | social justice and great apes & gibbons programs apes conservation lgbtq social justice main menu about grants learn connect media our support apply for a grant resources ©designews.com ©designews.com our support arcus has partnered with more than 700 organizations, ranging in scope from advocacy groups to community centers to sanctuaries. we learn from one another by together taking bold risks on groundbreaking ideas, which drive progress toward a future of respect and dignity for all. we partner with experts, activists, and other brave advocates for change who confront injustice around the world. our programs great apes & gibbons program more social justice program more download arcus foundation brochure arcus foundation grantees have worked in more than 30 countries around the world, and affect millions of lives. in 2023, $15.2 million was awarded to organizations working to protect the great apes and gibbons, and $15 million was awarded to organizations working to advance social justice for lgbtq people around the world. 2014 2013 2012 2011 2010 2009 2008 arcus leaders reflect on the foundation’s priorities working for change in ape conservation and lgbtq social justice ©carl collison share on facebook share via e-mail 30 years after apartheid's end, south african lgbtiq advocates push for greater inclusion of those most marginalized in south africa, iranti and other human rights organizations are working to challenge discrimination and build a powerful lgbtiq movement. more ©annette lanjouw share on facebook share via e-mail remembering the forgotten ape: conservationists strengthen efforts to protect endangered gibbons “gibbons are often unseen and forgotten. it’s difficult to come up with conservation action if we don’t know much about these species.” more © share on facebook share via e-mail insights and action for u.s. lgbtq+ women: national survey results the results of the first national lgbtq+ women's community survey provide invaluable insights for movement and civil rights organizations, funders, and—above all—lgbtq+ women themselves. more ©wcs nigeria share on facebook share via e-mail “hope for our gorillas” after decades of conservation on nigeria-cameroon border with approximately 300 individuals left in the wild, cross river gorillas are considered the most endangered ape in africa. yet signs are pointing to a potential comeback for the subspecies. more ©matt o'brien share on facebook share via e-mail “i know who i am, but my country doesn’t recognize me” “there are many acts of violence against trans bodies—some are perpetrated by the state or allowed by its institutions,” he says. “our bodies become the first level of resistance, and living our gender identities shows that lgbti people are everywhere in honduran society.” more ©chimp haven share on facebook share via e-mail from exploitation to freedom: a journey of justice for retired u.s. lab chimpanzees more than 80 chimpanzees have made the journey from alamogordo primate facility to chimp haven, but much work remains to ensure all retired u.s. lab chimps can live the rest of their days in the safety and comfort of an accredited sanctuary. more arcus foundation push boundaries make change phone numbers u.s. office phone: +1-212-488-3000 u.k. office phone: +44-1223-653040 emails subscribe connect with us on social media social justice program great apes & gibbons program © 2025 arcus foundation privacy policy terms & conditions home about arcus culture board & staff contact employment grants our support apply for a grant resources learn publications blog annual reporting learnings connect social email events media press kit library andrew r. halloran andrew r. halloran est primatologue, conservationniste et spécialiste du bien-être animal. cela fait plus de 25 ans qu’il travaille avec les chimpanzés dans des refuges, dans des zoos et en pleine nature. a.r. halloran a fondé et dirige the elgin centre, une organisation à but non lucratif dont la finalité est d’améliorer la vie des animaux captifs. ce centre coopère avec des zoos et des refuges. il fournit des consultations spécialisées en vue de concevoir des stratégies de soin au meilleur coût, des programmes d’enrichissement et des protocoles de sécurité qui garantissent l’épanouissement des animaux tout en répondant aux besoins des institutions. par ailleurs, il a cofondé le tonkolili chimpanzee project en sierra leone. il s’agit d’une initiative communautaire autour de la rivière pampana. ce projet atténue les conflits entre humains et chimpanzés dans les paysages anthropiques au moyen de la promotion de l’agriculture durable et d’incitations économiques, ce qui réduit le nombre de chimpanzés tués, et encourage la coexistence à travers l’éducation et la préservation des habitats. a.r. halloran est l’auteur des livres suivants : song of the ape (2012, st. martin’s press), lion shaped mountain (2021, earth island journal), et animal curation: the science of care & welfare (2025, cambridge university press). par son travail au sein de the elgin centre et du tonkolili project, a.r. halloran concilie captivité et conservation, et défend des pratiques éthiques qui promeuvent une vie épanouie pour les chimpanzés et les autres animaux l’espoir d’a.r. halloran, en écrivant ce texte, est que le partage d’histoires sur les refuges pour chimpanzés lui permettra de mettre en lumière leur qualité d’individus à part entière et d’illustrer les complexités scientifiques à l’œuvre lorsqu’il s’agit de fournir de bonnes conditions de vie à cette espèce extraordinaire. x andrew r. halloran, ph.d. andrew r. halloran, ph.d., is a primatologist, conservationist, and animal welfare specialist with over 25 years of experience working with chimpanzees in sanctuaries, zoos, and the wild. halloran founded and directs the elgin centre, a nonprofit organization dedicated to improving the lives of captive animals. the centre collaborates with zoos and sanctuaries, offering expert consultations to develop cost-effective care strategies, enrichment programs, and safety protocols that ensure animals thrive while meeting institutional needs. additionally, he co-founded the tonkolili chimpanzee project in sierra leone, a community-based initiative along the pampana river. the project mitigates human-chimpanzee conflicts in anthropogenic landscapes by promoting sustainable agriculture and economic incentives, reducing chimpanzee killings, and fostering coexistence through education and habitat preservation. halloran has authored the books song of the ape (2012, st. martin’s press), lion shaped mountain (2021, earth island journal), and animal curation: the science of care & welfare (2025, cambridge university press). through his work with the elgin centre and the tonkolili project, halloran bridges captivity and conservation, advocating for ethical practices that promote a life of thriving for chimpanzees and other animals. in writing this piece, halloran hopes that by sharing the stories of chimpanzee sanctuaries, he can highlight them as the individuals they are, as well as showcasing the complexities of the science of providing good welfare to such an extraordinary species. x get to know a muxe artist and activist ©mexfam ©mexfam a muxe woman, peregrina vera is a member of the indigenous zapotec community from the town of juchitán in the southeast of oaxaca state in mexico. a skilled artisan of traditional woven clothing, peregrina also prepares decorations for local festivals. but in addition to her artistic endeavors, she is one of the leaders of the transformándome (“transforming myself”) project housed at mexfam, a nationwide civil society organization promoting access to health, education, and advocacy of sexual and reproductive rights. the project helps educate the muxe about their rights and how they can live authentically as themselves, including acquiring identification documents that accurately portray their names and genders. peregrina’s activism includes documenting incidents of hate crimes against the muxe throughout the region. this is a subject she unfortunately knows all too well after she experienced a recent violent attack and robbery in which all of her work tools were stolen. these incidents have increased as new people have moved into the region. “before they did nothing to us,” peregrina explains. “now if you’re at a party, just by seeing you, they want to attack you, they insult you, and on many occasions, the aggression changes from words to physical attacks.” by documenting these incidents, peregrina is helping to bring the issue of hate violence to the attention of authorities and the public. she is also working to connect members of her community through online meetings using computers acquired by the transformándome project. all of her activism is aimed at increasing the acceptance and inclusion of her muxe community. x una líder muxe comparte su historia ©mexfam ©mexfam mujer muxe, peregrina vera es miembro de la comunidad indígena zapoteca del pueblo de juchitán, en el sureste del estado de oaxaca. hábil artesana de la ropa tejida tradicional, peregrina también prepara adornos para las fiestas locales. pero además de sus esfuerzos artísticos, es una de las líderes de transformándome en mexfam, la organización nacional de planificación familiar de méxico. el proyecto ayuda a educar a la comunidad muxe sobre sus derechos y sobre cómo pueden vivir auténticamente sin esconderse, incluyendo cómo obtener documentos de identidad que reflejen con exactitud sus nombres y géneros. el activismo de peregrina incluye la documentación de incidentes de crímenes de odio contra la comunidad muxe en toda la región. se trata de un tema que, por desgracia, conoce demasiado bien tras haber sufrido recientemente un ataque violento y un robo en el que le sustrajeron todas sus herramientas de trabajo. estos incidentes han aumentado a medida que nuevas personas se han trasladado a la región. “antes no nos hacían nada”, explica. “ahora, si estás en una fiesta, solo con verte quieren agredirte, te insultan y, en muchas ocasiones, la agresión pasa de las palabras a los ataques físicos”. con la documentación de estos incidentes, peregrina está ayudando a llamar la atención de las autoridades y del público sobre el problema de la violencia motivada por el odio. también está trabajando para conectar a los miembros de su comunidad a través de reuniones en línea utilizando computadoras adquiridas gracias al proyecto transformándome. todo su activismo busca aumentar la aceptación y la inclusión de su comunidad muxe. x sign up for arcus emails × x arcus homepage marquee video transcript a bonobo in trees moving its mouth, with a binocular effect zooming in on the ape. a text overlay says, “dedicated to the idea that people can live in harmony with one another and the natural world.” a forest with the sun shining through trees, with a text overlay that quotes jon stryker and annette lanjouw of arcus foundation saying, “destruction of nature exposes us to a panoply of diseases, and creates and exacerbates social injustice and political repression around the world.” a razed forest. a learn more button that links to the arcus foundation 2019 annual report a city street with a large crosswalk and a large crowd of people crossing it. text overlay with a quote: “lgbtq communities served by our social justice program live at the intersection of this long chain of degradation—environmental and social.” a scene from a protest, people wearing face masks, waving signs and banners, drumming on a drum, dancing, shouting through a megaphone. two signs are a sheer black color with gold trim and list several names, including roxsana hernandez, claire legato, muhlaysia booker, and nina pop. another sign says “black trans lives matter”. a learn more button that links to the arcus foundation’s support page for lgbt social justice. a woman wearing a white dress, long wavy dark brown hair, teal lipstick, plum fingernails, rectangular metal glasses sits in a chair and talks. a text overlay identifies her as úmi vera, familia: trans queer liberation movement, united states, and quotes her saying: “there’s incredible power in the trans queer migrant community. to be dehumanized so much and not lose your hope, your sense of joy—it’s just astonishing.” a learn more button that links to a story: lgbtq migrants to the u.s. fight to stay safe a person with shoulder-length, dark brown, straight hair wearing a pink and silver fuzzy tiara and a white and purple dress with a big tulle bottom and a corset top, over a white t-shirt that says selena, dancing around in circles outdoors with a crowd of people sitting and standing nearby, and with the flags of puerto rico, panama, and peru hanging from wood beams in the background. a woman with short black and gray hair wearing a black dress shirt talks. a text overlay identifies her as indyra mendoza, red lésbica cattrachas, honduras, and quotes her saying: “for so many years, we missed being free and open with our partners—now is the time to make it happen!.” a learn more button that links to a story: “i know who i am, but my country doesn’t recognize me”. a woman wearing a long-sleeved gray shirt under a jumper featuring white and pastel yellow, blue and green circles, a black head covering and a red face mask, stands in front of a church building with a sign that says: “central methodist mission you are born in love by love for love”. a text overlay identifies her as mia lukas, sistaazhood, homeless trans women supported by gender dynamix, south africa, and quotes her saying: “with their support, we feel more included in society.” a learn more button that links to a story: supporting cape town’s homeless transgender women during covid-19 a map of the world with parts,support | social justice and great apes & gibbons programs apes conservation lgbtq social justice main menu about grants learn connect media our support apply for a grant resources ©designews.com ©designews.com our support arcus has partnered with more than 700 organizations, ranging in scope from advocacy groups to community centers to sanctuaries. we learn from one another by together taking bold risks on groundbreaking ideas, which drive progress toward a future of respect and dignity for all. we partner with experts, activists, and other brave advocates for change who confront injustice around the world. our programs great apes & gibbons program more social justice program more download arcus foundation brochure arcus foundation grantees have worked in more than 30 countries around the world, and affect millions of lives. in 2023, $15.2 million was awarded to organizations working to protect the great apes and gibbons, and $15 million was awarded to organizations working to advance social justice for lgbtq people around the world. 2014 2013 2012 2011 2010 2009 2008 arcus leaders reflect on the foundation’s priorities working for change in ape conservation and lgbtq social justice ©carl collison share on facebook share via e-mail 30 years after apartheid's end, south african lgbtiq advocates push for greater inclusion of those most marginalized in south africa, iranti and other human rights organizations are working to challenge discrimination and build a powerful lgbtiq movement. more ©annette lanjouw share on facebook share via e-mail remembering the forgotten ape: conservationists strengthen efforts to protect endangered gibbons “gibbons are often unseen and forgotten. it’s difficult to come up with conservation action if we don’t know much about these species.” more © share on facebook share via e-mail insights and action for u.s. lgbtq+ women: national survey results the results of the first national lgbtq+ women's community survey provide invaluable insights for movement and civil rights organizations, funders, and—above all—lgbtq+ women themselves. more ©wcs nigeria share on facebook share via e-mail “hope for our gorillas” after decades of conservation on nigeria-cameroon border with approximately 300 individuals left in the wild, cross river gorillas are considered the most endangered ape in africa. yet signs are pointing to a potential comeback for the subspecies. more ©matt o'brien share on facebook share via e-mail “i know who i am, but my country doesn’t recognize me” “there are many acts of violence against trans bodies—some are perpetrated by the state or allowed by its institutions,” he says. “our bodies become the first level of resistance, and living our gender identities shows that lgbti people are everywhere in honduran society.” more ©chimp haven share on facebook share via e-mail from exploitation to freedom: a journey of justice for retired u.s. lab chimpanzees more than 80 chimpanzees have made the journey from alamogordo primate facility to chimp haven, but much work remains to ensure all retired u.s. lab chimps can live the rest of their days in the safety and comfort of an accredited sanctuary. more arcus foundation push boundaries make change phone numbers u.s. office phone: +1-212-488-3000 u.k. office phone: +44-1223-653040 emails subscribe connect with us on social media social justice program great apes & gibbons program © 2025 arcus foundation privacy policy terms & conditions home about arcus culture board & staff contact employment grants our support apply for a grant resources learn publications blog annual reporting learnings connect social email events media press kit library andrew r. halloran andrew r. halloran est primatologue, conservationniste et spécialiste du bien-être animal. cela fait plus de 25 ans qu’il travaille avec les chimpanzés dans des refuges, dans des zoos et en pleine nature. a.r. halloran a fondé et dirige the elgin centre, une organisation à but non lucratif dont la finalité est d’améliorer la vie des animaux captifs. ce centre coopère avec des zoos et des refuges. il fournit des consultations spécialisées en vue de concevoir des stratégies de soin au meilleur coût, des programmes d’enrichissement et des protocoles de sécurité qui garantissent l’épanouissement des animaux tout en répondant aux besoins des institutions. par ailleurs, il a cofondé le tonkolili chimpanzee project en sierra leone. il s’agit d’une initiative communautaire autour de la rivière pampana. ce projet atténue les conflits entre humains et chimpanzés dans les paysages anthropiques au moyen de la promotion de l’agriculture durable et d’incitations économiques, ce qui réduit le nombre de chimpanzés tués, et encourage la coexistence à travers l’éducation et la préservation des habitats. a.r. halloran est l’auteur des livres suivants : song of the ape (2012, st. martin’s press), lion shaped mountain (2021, earth island journal), et animal curation: the science of care & welfare (2025, cambridge university press). par son travail au sein de the elgin centre et du tonkolili project, a.r. halloran concilie captivité et conservation, et défend des pratiques éthiques qui promeuvent une vie épanouie pour les chimpanzés et les autres animaux l’espoir d’a.r. halloran, en écrivant ce texte, est que le partage d’histoires sur les refuges pour chimpanzés lui permettra de mettre en lumière leur qualité d’individus à part entière et d’illustrer les complexités scientifiques à l’œuvre lorsqu’il s’agit de fournir de bonnes conditions de vie à cette espèce extraordinaire. x andrew r. halloran, ph.d. andrew r. halloran, ph.d., is a primatologist, conservationist, and animal welfare specialist with over 25 years of experience working with chimpanzees in sanctuaries, zoos, and the wild. halloran founded and directs the elgin centre, a nonprofit organization dedicated to improving the lives of captive animals. the centre collaborates with zoos and sanctuaries, offering expert consultations to develop cost-effective care strategies, enrichment programs, and safety protocols that ensure animals thrive while meeting institutional needs. additionally, he co-founded the tonkolili chimpanzee project in sierra leone, a community-based initiative along the pampana river. the project mitigates human-chimpanzee conflicts in anthropogenic landscapes by promoting sustainable agriculture and economic incentives, reducing chimpanzee killings, and fostering coexistence through education","education,arts,health,community,inclusion,learning,education,arts,health,community,inclusion,learning,education,arts,health,community,inclusion,learning,education,arts,health,community,inclusion,learning,education,arts,health,community,inclusion,learning",2025-10-22T19:34:46.512853,
Shalem Foundation,133941865,New York,NY,I20,,https://projects.propublica.org/nonprofits/organizations/133941865,foundation,2025-10-17 17:56:47,https://shalem.org,info@shalem.orgconnect,,,,,,not_contacted,no,no,,,,high,harvested,"info@shalem.orgconnect,directormargaret@shalem.org,registrarmichelle@shalem.org,coordinatorardonna@shalem.org,administrationchris@shalem.org,administratorkaty@shalem.org,learningjackson@shalem.org,info@shalem.orgcontact,bookkeeperstacy@shalem.org",,3.0,4.6,"core values history in brief shalem is grounded in christian contemplative spirituality and, at the same time, draws on the wisdom of many religious traditions.","[{""category"": ""primary"", ""keywords_found"": [""arts program (partial: 2/2 words)"", ""inclusive arts (partial: 2/2 words)""], ""category_score"": 17.0}, {""category"": ""youth_development"", ""keywords_found"": [""cultural awareness (partial: 2/2 words)""], ""category_score"": 6.0}]","homepage,/about,/about-us,/vision,/programs",,"community,inclusive,community,inclusive,community,inclusive,arts,community,inclusion,creative,inclusive,community,cultural,inclusive",2025-10-22T19:35:02.078781,
Pinkerton Foundation,136206624,New York,NY,,,https://projects.propublica.org/nonprofits/organizations/136206624,foundation,2025-10-17 17:56:47,https://pinkerton.com,pinkerton.info@pinkerton.com,,,,,,not_contacted,no,no,,,,high,harvested,"pinkerton.info@pinkerton.com,media.pinkerton@pinkerton.com.pinkerton",,5.0,0.0,,,"homepage,/programs",,"health,health",2025-10-22T19:35:17.989691,
Avaaz Foundation,205050267,New York,NY,R03,,https://projects.propublica.org/nonprofits/organizations/205050267,foundation,2025-10-17 17:56:47,,,,,,,,not_contacted,no,no,,,,high,error,,,,0.0,,,,,,2025-10-22T19:35:42.027951,'grant_history'
Metlife Foundation,132878224,New York,NY,,,https://projects.propublica.org/nonprofits/organizations/132878224,foundation,2025-10-17 17:56:47,https://metlife.com,info@metlife.com.bd,,,,,,not_contacted,no,no,,,,high,harvested,"office@metlife.ua,contact@metlifealico.com.cy,metlife@metlife.cz,metlife@metlife.hu,service-nepal@metlifealico.com,pteinfo@metlife.pl,servicio@metlife.cl,atencion.clientes@metlife.com.uy,metlifeamslico@metlifeamslico.sk,servicio.cliente@metlife.com.co,clientes.spain@metlife.es,customerservices@metlifeaiganb.com,headoffice@metlife.bg,atendimento@metlife.com.br,sede.roma@metlife.it,claims.department@metlife.com,serviciosalcliente@fondosgenesis.com,fondosdeinversion@fondosgenesis.com,info@metlife.com.bd,contacto@metlife.com.mx,apoiocliente@metlife.pt,customerservice@metlife.com,lifeinfo@metlife.pl,funduszeinfo@metlife.pl,office@alicopensii.ro,service-lebanon@metlife.com,sales.resource.centre@uk.metlife.com,info@metlife.com.tr,client@metropolitanlife.ro,service-egypt@metlife.com",,5.0,32.0,,"[{""category"": ""primary"", ""keywords_found"": [""art education (partial: 2/2 words)""], ""category_score"": 10.0}, {""category"": ""disability_support"", ""keywords_found"": [""special needs (partial: 2/2 words)"", ""special education (partial: 2/2 words)""], ""category_score"": 16.0}, {""category"": ""community_education"", ""keywords_found"": [""community engagement (partial: 2/2 words)""], ""category_score"": 6.0}]",homepage,"funding solutions support support and manage quick and easy access to metlife customer support services and resources. learn more customer care customer care contact us find a dentist find a vision provider find an insurance policy beneficiary assistance more support my account my account account log in register for mybenefits find a form file a claim for current customer fraud awareness ethics & fraud helpline about us about metlife careers at metlife investor relations sustainability about metlife corporate profile metlife worldwide company ratings global procurement metlife affiliates corporate governance board of directors our executive leadership team corporate conduct code of conduct artificial intelligence policy our purpose our people our customers our communities our shareholders more about us careers at metlife newsroom awards and recognition metlife foundation real people making real impact series next gen ventures (ngv) careers at metlife investor relations sustainability 2024 sustainability report 01 sustainability at metlife 02 for our customers 03 as an investor 04 for our colleagues 05 for the environment 06 for our communities 07 responsible governance sustainability resource center environmental stewardship social responsibility corporate governance our sustainability aspirations statements, policies, codes & archives disclosures: sustainability frameworks sustainability at metlife faqs metlife foundation our work employee engagement & volunteerism metlife foundation news & media metlife foundation resources who we are policies & codes news & insights research resources stories everything you need to know to protect you and your family, all in one place. learn more insurance tips insurance tips accident & health insurance benefits dental insurance disability insurance identity theft legal insurance life insurance retirement vision insurance life tips life tips personal finance log in to metlife select login type personal account business account broker account whether you purchased your policy on your own or obtained it through your employer, log in to your personal account. benefits through your employer (mybenefits) metlink - access your company's benefits data mybenefits - benefits through your employer sbr - manage executive benefits metlife's online service - life, annuities, disability, long-term care, critical illness, auto, home, total control account (eservice) benefits through your employer (mybenefits) business account type select an option metlink sbr please select a business account type access the metlink section of the website access the digitalsolution section of the website access the mybenefits section of the website access the specialized benefit resources (sbr) section of the website business account purpose my benefits home check your group disability claim check your group disability check your dental claim check your retirement income retirement education please select a business account type broker account type select an option metlink please select a broker account type access the metlink section of the website access the digitalsolution section of the website username to log in, please enter your username password to log in, please enter your password forgot username or password? forgot username or password? forgot your password? first-time user? register now need an account? register first-time user? register now by signing in, i agree to the terms of use go to mybenefits without signing in at metlife, protecting your information is a top priority. you may have seen recent news coverage of customers of financial services companies falling victim to social engineering scams. scammers impersonate a trusted company to convince their targets into revealing or handing over sensitive information such as insurance, banking or login credentials. this scamming can happen via text, email or websites set up to look like the trusted company. read on show other account types hide other account types for businesses metlink mybenefits sbr worldwide benefits ebenefits for metlife retirees retirement plan access for investors metlife securities client view netxinvestor for providers dental professionals account for retirement plan participants mlr.metlife.com online.metlife.com (myaccounts) for employers group benefits administration plan service center (psc) myplans worldwide benefits ebenefits for brokers & consultants metbroker myplans structured settlements broker resources (sbr) worldwide benefits ebenefits for metlife securities inc. representatives brokerage & securities account need an account? register enter your search here auto complete search 0 of 0 search results displaying 10 results 20 results 30 results 10 results 10 results 20 results 30 results grid view list view no results sorry, we couldn't find any results matching please: check the spelling and try again search using fewer terms click here for customer support did you mean ? sorry, we couldn't find any results matching please: check the spelling and try again search using fewer terms click here for customer support of available now! metlife announces partnership with global citizen this powerful partnership helps move people forward and extends our collective impact within communities around the world. join the movement how can we help you? find a dentist pdp pdp plus dental hmo/managed care federal dental (fedvip) don't know your network choose your dental network enter zip, city or state enter zip, city or state find a dentist dental insurance networks the descriptions below may help you identify your dental network. pdp a preferred dental program covers any licensed dentist/specialist, but if you choose an in-network provider, costs are typically lower. pdp plus this preferred dental program is the same as pdp, but with a larger group of in-network dentists/specialists to choose from. dental hmo/managed care a dental health maintenance organization (hmo) or managed care, covers in-network providers only, and you must choose a primary care dentist for all services. available in ca, fl, nj, ny, tx. federal dental (fedvip) this preferred dental program is also the same as pdp, but only available to certain federal government employees. still not sure of your network? log in to mybenefits and we’ll fill it in automatically when you search for a dentist. find a vision provider metlife vision – davis metlife vision – superior metlife vision – vsp choice visionaccess open enrollment contact us mypets login retirement & income solutions show more register online today to access and manage your metlife benefits register for mybenefits access the critical role for disability insurance and paid leave in demonstrating employee care employees are seeking a broader mix of wellness benefits and programs,support about us resources log in search log in search solutions insurance business and brokers metlife investment management retirement & income solutions insurance enhance your health coverage dental vision pet insurance protect your finances accident hospital indemnity critical illness cancer disability and absence safeguard your valuables auto and home insurance identity & fraud protection secure your family's future term life group variable universal life group universal life insurance accidental death & dismemberment legal plans reach your financial goals health savings and spending accounts total control account (tca) employer-sponsored retirement plans more solutions annuity long-term care business and brokers employee benefits group auto & home group dental group accident and health group life group disability and absence group legal services group vision group pet group health savings & spending accounts executive benefits identity & fraud protection upwise small business small business products exceptional service & support small business index specialty business professional employer organization (peo) association union chamber of commerce for brokers small market experience getting appointed broker compensation broker forms why metlife? broker service hr tech integrations metlife benefits bridge metlife worldwide benefits financial wellness workforce insights benefit trends study metlife investment management metlife investment management financing solutions about us insights investment strategies retirement & income solutions retirement & income solutions lifetime income annuities insights employer-sponsored retirement plans pension risk structured settlements longevity reinsurance stable value funding solutions support support and manage quick and easy access to metlife customer support services and resources. learn more customer care customer care contact us find a dentist find a vision provider find an insurance policy beneficiary assistance more support my account my account account log in register for mybenefits find a form file a claim for current customer fraud awareness ethics & fraud helpline about us about metlife careers at metlife investor relations sustainability about metlife corporate profile metlife worldwide company ratings global procurement metlife affiliates corporate governance board of directors our executive leadership team corporate conduct code of conduct artificial intelligence policy our purpose our people our customers our communities our shareholders more about us careers at metlife newsroom awards and recognition metlife foundation real people making real impact series next gen ventures (ngv) careers at metlife investor relations sustainability 2024 sustainability report 01 sustainability at metlife 02 for our customers 03 as an investor 04 for our colleagues 05 for the environment 06 for our communities 07 responsible governance sustainability resource center environmental stewardship social responsibility corporate governance our sustainability aspirations statements, policies, codes & archives disclosures: sustainability frameworks sustainability at metlife faqs metlife foundation our work employee engagement & volunteerism metlife foundation news & media metlife foundation resources who we are policies & codes news & insights research resources stories everything you need to know to protect you and your family, all in one place. learn more insurance tips insurance tips accident & health insurance benefits dental insurance disability insurance identity theft legal insurance life insurance retirement vision insurance life tips life tips personal finance log in to metlife select login type personal account business account broker account whether you purchased your policy on your own or obtained it through your employer, log in to your personal account. benefits through your employer (mybenefits) metlink - access your company's benefits data mybenefits - benefits through your employer sbr - manage executive benefits metlife's online service - life, annuities, disability, long-term care, critical illness, auto, home, total control account (eservice) benefits through your employer (mybenefits) business account type select an option metlink sbr please select a business account type access the metlink section of the website access the digitalsolution section of the website access the mybenefits section of the website access the specialized benefit resources (sbr) section of the website business account purpose my benefits home check your group disability claim check your group disability check your dental claim check your retirement income retirement education","education,health,community",2025-10-22T19:38:52.553162,
Manton Foundation,133636372,New York,NY,,,https://projects.propublica.org/nonprofits/organizations/133636372,foundation,2025-10-17 17:56:47,https://manton.org,info@manton.org,,,,,,not_contacted,no,no,,,,high,estimated,,"info@manton.org,contact@manton.org,hello@manton.org,inquiries@manton.org,development@manton.org,admin@manton.org",5.0,0.0,,,"homepage,/about",,health,2025-10-22T19:39:10.396240,
Alphadyne Foundation,851674725,New York,NY,T20,,https://projects.propublica.org/nonprofits/organizations/851674725,foundation,2025-10-17 17:56:47,,,,,,,,not_contacted,no,no,,,,high,error,,,,0.0,,,,,,2025-10-22T19:39:13.624736,'grant_history'
Woodlawn Foundation,133055729,New Rochelle,NY,X220,,https://projects.propublica.org/nonprofits/organizations/133055729,foundation,2025-10-17 17:56:47,https://woodlawn.com,info@woodlawn.com,,,,,,not_contacted,no,no,,,,high,estimated,,"info@woodlawn.com,contact@woodlawn.com,hello@woodlawn.com,inquiries@woodlawn.com,development@woodlawn.com,admin@woodlawn.com",0.0,0.0,,,"homepage,/about,/about-us,/mission,/vision,/our-mission,/what-we-do,/grants,/impact",,,2025-10-22T19:39:52.525680,
Adirondack Foundation,161535724,Lake Placid,NY,T310,,https://projects.propublica.org/nonprofits/organizations/161535724,foundation,2025-10-17 17:56:47,https://adirondack.org,info@adirondack.org,,,,,,not_contacted,no,no,,,,high,estimated,,"info@adirondack.org,contact@adirondack.org,hello@adirondack.org,inquiries@adirondack.org,development@adirondack.org,admin@adirondack.org",5.0,15.0,,"[{""category"": ""primary"", ""keywords_found"": [""accessibility""], ""category_score"": 7}, {""category"": ""disability_support"", ""keywords_found"": [""accessibility""], ""category_score"": 8}, {""category"": ""primary"", ""keywords_found"": [""accessibility""], ""category_score"": 7}, {""category"": ""disability_support"", ""keywords_found"": [""accessibility""], ""category_score"": 8}]","homepage,/about",,"community,accessibility,inclusion,cultural,accessibility,inclusion",2025-10-22T19:40:16.750028,
Mulago Foundation,946182697,New York,NY,T20,,https://projects.propublica.org/nonprofits/organizations/946182697,foundation,2025-10-17 17:56:47,https://mulago.com,info@mulago.com,,,,,,not_contacted,no,no,,,,high,estimated,,"info@mulago.com,contact@mulago.com,hello@mulago.com,inquiries@mulago.com,development@mulago.com,admin@mulago.com",0.0,0.0,,,,,,2025-10-22T19:40:31.634474,
Altman Foundation,131623879,New York,NY,,,https://projects.propublica.org/nonprofits/organizations/131623879,foundation,2025-10-17 17:56:47,https://altman.org,info@altman.org,,,,,,not_contacted,no,no,,,,high,harvested,info@altman.org,,5.0,60.5,"is to enrich the quality of life in new york city through support for programs and institutions that advance opportunity and equity for individuals, families, and communities.","[{""category"": ""primary"", ""keywords_found"": [""arts education (partial: 2/2 words)"", ""art education (partial: 2/2 words)"", ""arts program (partial: 2/2 words)"", ""arts access (partial: 2/2 words)""], ""category_score"": 36.0}, {""category"": ""youth_development"", ""keywords_found"": [""youth development"", ""children""], ""category_score"": 15}, {""category"": ""community_education"", ""keywords_found"": [""community school (partial: 2/2 words)"", ""public schools (partial: 2/2 words)"", ""educational access (partial: 2/2 words)"", ""quality education (partial: 2/2 words)"", ""community engagement (partial: 2/2 words)"", ""educational equity (partial: 2/2 words)""], ""category_score"": 44.0}, {""category"": ""primary"", ""keywords_found"": [""arts education (partial: 2/2 words)"", ""art education (partial: 2/2 words)"", ""arts program (partial: 2/2 words)""], ""category_score"": 28.0}, {""category"": ""community_education"", ""keywords_found"": [""quality education (partial: 2/2 words)"", ""community engagement (partial: 2/2 words)""], ""category_score"": 13.0}, {""category"": ""primary"", ""keywords_found"": [""art education (partial: 2/2 words)""], ""category_score"": 10.0}, {""category"": ""youth_development"", ""keywords_found"": [""youth development (partial: 2/2 words)"", ""children"", ""lifelong learning (partial: 2/2 words)""], ""category_score"": 21.0}, {""category"": ""community_education"", ""keywords_found"": [""public schools (partial: 2/2 words)"", ""educational access (partial: 2/2 words)"", ""quality education""], ""category_score"": 22.0}, {""category"": ""primary"", ""keywords_found"": [""art education (partial: 2/2 words)""], ""category_score"": 10.0}, {""category"": ""youth_development"", ""keywords_found"": [""youth development (partial: 2/2 words)"", ""children"", ""lifelong learning (partial: 2/2 words)""], ""category_score"": 21.0}, {""category"": ""community_education"", ""keywords_found"": [""public schools (partial: 2/2 words)"", ""educational access (partial: 2/2 words)"", ""quality education""], ""category_score"": 22.0}]","homepage,/about,/programs,/grants","funding limitations grant portal faqs resources contact login go building vibrant communities learn more increasing access to educational opportunities learn more enriching lives through cultural engagement learn more enhancing health and healthcare learn more serving the not-for-profit sector learn more our mission is to enrich the quality of life in new york city through support for programs,support for programs and institutions that advance opportunity and equity for individuals, families, and communities. our approach application process foundation history recent grants education,support for programs and institutions that advance opportunity and equity for individuals, families, and communities. our approach application process foundation history recent grants educationhealthstrengthening communitiescultural engagementservices to not-for-profitsall recent the city university of new york office of academic affairs $125,000 cuny office of k-16 initiatives $150,000 (over two years) expandedschools $450,000 (over two years) hypothekids inc. $100,000 (over two years) the knowledge house fellowship, inc. $50,000 marcy lab, inc. $100,000 (over two years) the new school/center for new york city affairs $50,000 new york early childhood professional development institute $125,000 power of two, a project of fund for the city of new york, inc. $100,000 springboard collaborative $150,000 (over two years) student/sponsor partnership, inc. $100,000 (over two years) teaching matters, inc. $375,000 (over two years) teaching lab $200,000 uaspire (previously known as access) $175,000 (over two years) full list of education grants airnyc $25,000 (over three months) anthos home inc. $100,000 (over eighteen months) the arab-american family support center, inc. $100,000 brooklyn communities collaborative $150,000 (over fifteen months) brownsville community development corporation (dba bms family health and wellness centers) $110,000 camba, inc. $52,000 the coalition for behavioral health, inc. $135,000 (over twenty months) community health care association of new york state $150,000 legal action center $50,000 the new york community trust (care coordination fund) $400,000 (over two years) primary care development corporation $100,000 (over fifteen months) urban health plan $50,000 (over fifteen months) full list of health grants the association for neighborhood & housing development, inc. $250,000 (over two years) city parks foundation, inc. (nyc green fund) $350,000 (over two years) the fifth avenue committee, inc. $150,000 (over two years) make the road new york $150,000 (over eighteen months) masa-mexed, inc. $130,000 mixteca organization, inc. $100,000 (over two years) natural areas conservancy $75,000 (over eighteen months) neighborhoods first fund for community planning $350,000 (over two years) the new york community trust (new york city workforce development fund) $175,000 per scholas inc. $50,000 phipps neighborhoods, inc. $75,000 van cortlandt park alliance (fka friends of van cortlandt park) $150,000 (over two years) full list of strengthening communities grants the arts,support center for nonprofit management, inc. $35,000 tech nyc foundation $75,000 full list of services to not-for-profits grants about history mission and values trustees and staff financial statements announcements approach overview program areas impact investing grants education,support center, inc. $100,000 brooklyn communities collaborative $150,000 (over fifteen months) brownsville community development corporation (dba bms family health and wellness centers) $110,000 camba, inc. $52,000 the coalition for behavioral health, inc. $135,000 (over twenty months) community health care association of new york state $150,000 legal action center $50,000 the new york community trust (care coordination fund) $400,000 (over two years) primary care development corporation $100,000 (over fifteen months) urban health plan $50,000 (over fifteen months) full list of health grants the association for neighborhood & housing development, inc. $250,000 (over two years) city parks foundation, inc. (nyc green fund) $350,000 (over two years) the fifth avenue committee, inc. $150,000 (over two years) make the road new york $150,000 (over eighteen months) masa-mexed, inc. $130,000 mixteca organization, inc. $100,000 (over two years) natural areas conservancy $75,000 (over eighteen months) neighborhoods first fund for community planning $350,000 (over two years) the new york community trust (new york city workforce development fund) $175,000 per scholas inc. $50,000 phipps neighborhoods, inc. $75,000 van cortlandt park alliance (fka friends of van cortlandt park) $150,000 (over two years) full list of strengthening communities grants the artsconnection, inc. $150,000 (over two years) beam center inc. $140,000 (over two years) bronx children's museum $125,000 (over two years) bronx council on the arts $120,000 (over two years) the brooklyn queens conservatory of music $70,000 (over two years) casita maria inc. $50,000 citysquash $80,000 (over two years) cool culture, inc. $100,000 (over two years) the flea theater inc. $100,000 (over two years) the harlem school of the arts, inc. $125,000 (over two years) harlem stage, inc. fka aaron davis hall, inc. $125,000 (over two years) museum hue, inc. $100,000 (over two years) the noel pointer foundation $100,000 (over two years) soharlem, inc. $50,000 staten island institute of arts and sciences $100,000 (over two years) willie mae rock camp for girls $80,000 (over two years) full list of cultural engagement, youth development, and the arts grants board strong, inc. (fka governance matters, inc.) $80,000 (over two years) civic news company (aka chalkbeat inc.) $50,000 citizens committee for new york city, inc. $75,000 city futures, inc. $70,000 (over two years) city limits $70,000 (over two years) city report, inc. (aka the city) $150,000 (over two years) council of senior centers and services of new york city, inc. dba liveon ny $100,000 (over two years) downtown brooklyn arts alliance, inc. $80,000 (over two years) the education,support programs and institutions that enrich the quality of life in the city, with a particular focus on initiatives that help individuals, families and communities benefit from the services and opportunities that will enable them to achieve their full potential. benjamin altman’s extraordinary tradition of service in his business and to his community continues through the grants the foundation makes. for over 100 years the foundation has been concerned with poverty, immigration, education,support of the community into the modern age. as a result of the tax reform act of 1969, which prohibits the control of businesses by private foundations, the altman foundation relinquished ownership of b. altman & co. in 1985. while there were restrictions in the foundation’s original charter limiting grants to within the state of new york, the trustees have further refined the guidelines to giving within new york city. since 1985, the trustees have refined the foundation’s guidelines in the four areas that were of such concern to altman, education, health, strengthening communities, and arts,support programs and institutions that enrich the quality of life in the city, with a particular focus on initiatives that help individuals, families and communities benefit from the services and opportunities that will enable them to achieve their full potential. benjamin altman’s extraordinary tradition of service in his business and to his community continues through the grants the foundation makes. for over 100 years the foundation has been concerned with poverty, immigration, education, public health and the arts,funding limitations grant portal faqs resources contact login go the history of the altman foundation linkedin twitter facebook the mission of the altman foundation reflects much of the personality and vision of its founder, benjamin altman. altman was born on the lower east side in 1840 to immigrant parents. he was a unique and generous individual whose dry goods store, b. altman & co., founded in 1865 on third avenue at 10th street, became a major department store. altman moved his store from 10th street to 19th street and sixth avenue and finally, in 1906, to the landmark building at 34th street and fifth avenue. altmans reflected the commitment of its founder to service to its customers and generosity to its employees. until its closing in 1989, altmans was beloved by generations of new yorkers. the altman foundation was established in 1913 under benjamin altman’s will “for the benefit of such charitable and educational institutions in the city of new york as said directors shall approve”. his will bequeathed all his capital stock in b. altman & co. to the altman foundation. outright bequests in altman’s will presage the areas that would become major concerns of the foundation. he made bequests to several hospitals, the educational alliance and the national academy of design. he gave his art collection to the metropolitan museum of art. his dedication to the welfare of the people of new york city and his interests in health, education and the arts are his legacy. following altman’s death, colonel michael friedsam, his close relative and colleague, led the business and the foundation until his own death in 1931. friedsam was also an art collector and a philanthropist with a deep interest in new york. the next presidents, john s. burke and his son, john s. burke, jr., carried the altman tradition of service and support of the community into the modern age. as a result of the tax reform act of 1969, which prohibits the control of businesses by private foundations, the altman foundation relinquished ownership of b. altman & co. in 1985. while there were restrictions in the foundation’s original charter limiting grants to within the state of new york, the trustees have further refined the guidelines to giving within new york city. since 1985, the trustees have refined the foundation’s guidelines in the four areas that were of such concern to altman, education, health, strengthening communities, and arts and culture. foundation grants support programs,support of the community into the modern age. as a result of the tax reform act of 1969, which prohibits the control of businesses by private foundations, the altman foundation relinquished ownership of b. altman & co. in 1985. while there were restrictions in the foundation’s original charter limiting grants to within the state of new york, the trustees have further refined the guidelines to giving within new york city. since 1985, the trustees have refined the foundation’s guidelines in the four areas that were of such concern to altman, education","education,arts,health,community,youth,children,cultural,education,arts,health,community,cultural,education,health,youth,children,learning,cultural,education,health,youth,children,learning,cultural",2025-10-22T19:40:55.276947,
Burrows Foundation,223059155,Little Falls,NY,B82,,https://projects.propublica.org/nonprofits/organizations/223059155,foundation,2025-10-17 17:56:47,https://burrows.org,info@burrows.org,,,,,,not_contacted,no,no,,,,high,estimated,,"info@burrows.org,contact@burrows.org,hello@burrows.org,inquiries@burrows.org,development@burrows.org,admin@burrows.org",0.0,0.0,,,homepage,,,2025-10-22T19:41:07.391942,
Moodys Foundation,134200757,New York,NY,T21,,https://projects.propublica.org/nonprofits/organizations/134200757,foundation,2025-10-17 17:56:47,https://moodys.com,info@moodys.com,,,,,,not_contacted,no,no,,,,high,estimated,,"info@moodys.com,contact@moodys.com,hello@moodys.com,inquiries@moodys.com,development@moodys.com,admin@moodys.com",5.0,1.5454545454545454,our mission is to be the leading source of relevant insights on exponential risk.,"[{""category"": ""disability_support"", ""keywords_found"": [""special needs (partial: 2/2 words)""], ""category_score"": 9.0}, {""category"": ""youth_development"", ""keywords_found"": [""creative development (partial: 2/2 words)""], ""category_score"": 8.0}]","homepage,/about,/about-us,/mission,/vision,/our-mission,/what-we-do,/programs,/grants,/giving,/impact","funding source in latin america the region's increasing demand for infrastructure funding and debt restructuring is creating traction for an incipient market, with asset managers stepping in to fill funding gaps. read more research oct 14, 2025 moody's ratings global corporate defaults in september fell to lowest monthly number since january seven rated companies defaulted last month, down from 11 in august. defaults through september this year totaled 91, compared with 108 during the same period last year. read more data story oct 10, 2025 moody's ratings despite homeowners insurance price spike, risk to us rmbs is low for now​ housing damage from natural disasters has led insurers to raise premiums. yet such costs on their own will spur little rmbs risk provided they remain a small share of borrowers’ financial resources.​ read more research oct 09, 2025 moody's ratings multilateral development banks outlook stable as financing capacity expands asset quality, financing and shareholder commitments are supportive for the mdbs, but economic and policy uncertainty may weigh on operations and asset quality in some borrower countries. read more research oct 07, 2025 moody's ratings see how moody’s edf-x exposed iron hill brewery’s credit risk—far ahead of its closure moody’s edf-x flagged iron hill brewery’s severe credit risk as early as september 2023, well before its 2025 closure and bankruptcy, illustrating the power of early warnings in identifying credit risk. read more research oct 06, 2025 moody's ratings top of mind: faq on how macro trends are affecting global corporate sectors our industry experts address the most pressing issues facing major global corporates today ranging from us tariffs to corporate breakups to the increasingly important recommerce market. read more podcast oct 02, 2025 moody's ratings new technologies are reshaping global power dynamics artificial intelligence and new forms of digital cash, such as stablecoins, are becoming tools of geopolitical influence, while rising cyber threats are testing operational resilience across borders. read more article oct 02, 2025 moody's as agentic ai moves from promise into practice — maxsight™ update q3 2025 maxsight™️ unified risk platform evolves with agentic ai—preparing to deploy autonomous screening and reporting agents, further streamlining compliance workflows and delivering explainable risk insights. read more state of nations - global edition november 18, 2025 tune in to our live broadcast to uncover the key forces reshaping sovereign credit in 2026 and gain exclusive insights into the latest shifts across a fragmented global landscape. register maxsight™ for unified risk management moody’s maxsight™ unified risk platform brings together thousands of data points to deliver a holistic picture of risk that can be viewed through different lenses. learn more moody's a bold evolution of the moody's brand for a new era of risk. learn more innovating with purpose discover how moody’s combines cutting-edge technology and world-class talent to drive innovation. learn more work with brilliant minds explore career opportunities at moody’s. join us get in touch speak to our team interested in learning more about our offerings? our solutions specialists are ready to help. get in touch note: moody’s corporation is comprised of separate divisions. moody's ratings publishes credit ratings and provides assessment services on a wide range of debt obligations, programs","learning,creative",2025-10-22T19:41:30.222445,
Tent Foundation,472761733,New York,NY,T20,,https://projects.propublica.org/nonprofits/organizations/472761733,foundation,2025-10-17 17:56:47,,,,,,,,not_contacted,no,no,,,,high,error,,,,0.0,,,,,,2025-10-22T19:41:34.126601,'grant_history'
Underground Foundations,815137417,Saugerties,NY,C60,,https://projects.propublica.org/nonprofits/organizations/815137417,foundations,2025-10-17 17:56:49,,,,,,,,not_contacted,no,no,,,,high,error,,,,0.0,,,,,,2025-10-22T19:41:36.063437,'grant_history'
Jewish Foundations,832669071,Suffern,NY,X30,,https://projects.propublica.org/nonprofits/organizations/832669071,foundations,2025-10-17 17:56:49,https://jewishs.com,info@jewishs.com,,,,,,not_contacted,no,no,,,,high,estimated,,"info@jewishs.com,contact@jewishs.com,hello@jewishs.com,inquiries@jewishs.com,development@jewishs.com,admin@jewishs.com",2.0,0.0,has been received!oops! something went wrong while submitting the form.,,"homepage,/about",,"arts,cultural",2025-10-22T19:41:49.522517,
Ayco Charitable Foundation,141782466,Cohoes,NY,T300,,https://projects.propublica.org/nonprofits/organizations/141782466,charitable foundation,2025-10-17 17:56:50,,,,,,,,not_contacted,no,no,,,,high,error,,,,0.0,,,,,,2025-10-22T19:41:52.070424,'grant_history'
Iag Charitable Foundation,934406877,Albany,NY,T22,,https://projects.propublica.org/nonprofits/organizations/934406877,charitable foundation,2025-10-17 17:56:50,,,,,,,,not_contacted,no,no,,,,high,error,,,,0.0,,,,,,2025-10-22T19:41:54.620220,'grant_history'
Blackstone Charitable Foundation,260462996,New York,NY,T21,,https://projects.propublica.org/nonprofits/organizations/260462996,charitable foundation,2025-10-17 17:56:50,,,,,,,,not_contacted,no,no,,,,high,error,,,,0.0,,,,,,2025-10-22T19:42:05.041852,'grant_history'
Hourglass Charitable Foundation,872162781,New York,NY,T20,,https://projects.propublica.org/nonprofits/organizations/872162781,charitable foundation,2025-10-17 17:56:50,https://hourglass.org,info@hourglass.org,,,,,,not_contacted,no,no,,,,high,estimated,,"info@hourglass.org,contact@hourglass.org,hello@hourglass.org,inquiries@hourglass.org,development@hourglass.org,admin@hourglass.org",0.0,0.0,,,"homepage,/about,/about-us,/mission,/vision,/our-mission,/what-we-do,/programs,/grants,/giving,/impact",,,2025-10-22T19:42:12.504580,
Egl Charitable Foundation,273667312,New York,NY,T20,,https://projects.propublica.org/nonprofits/organizations/273667312,charitable foundation,2025-10-17 17:56:50,https://egl.org,info@egl.org,,,,,,not_contacted,no,no,,,,high,estimated,,"info@egl.org,contact@egl.org,hello@egl.org,inquiries@egl.org,development@egl.org,admin@egl.org",1.0,0.0,(matthew 28:19-20) throughout the world and live the christian life.,,homepage,,education,2025-10-22T19:42:29.263204,
Mindich Charitable Foundation,832781828,New York,NY,T20,,https://projects.propublica.org/nonprofits/organizations/832781828,charitable foundation,2025-10-17 17:56:50,,,,,,,,not_contacted,no,no,,,,high,error,,,,0.0,,,,,,2025-10-22T19:42:31.715079,'grant_history'
Kyndryl Charitable Foundation,920750973,Rye Brook,NY,T20,,https://projects.propublica.org/nonprofits/organizations/920750973,charitable foundation,2025-10-17 17:56:50,https://kyndryl.org,info@kyndryl.org,,,,,,not_contacted,no,no,,,,high,estimated,,"info@kyndryl.org,contact@kyndryl.org,hello@kyndryl.org,inquiries@kyndryl.org,development@kyndryl.org,admin@kyndryl.org",2.0,100.0,"vision purpose values impact areas rfp grantees principles board of directors mission we invest in people, ideas and organizations to build a brighter future for all communities.","[{""category"": ""primary"", ""keywords_found"": [""creative education (partial: 2/2 words)"", ""art education (partial: 2/2 words)"", ""creative pathways (partial: 2/2 words)"", ""creative learning (partial: 2/2 words)""], ""category_score"": 37.0}, {""category"": ""disability_support"", ""keywords_found"": [""disabilities"", ""inclusive education (partial: 2/2 words)"", ""special education (partial: 2/2 words)""], ""category_score"": 25.0}, {""category"": ""youth_development"", ""keywords_found"": [""youth development (partial: 2/2 words)"", ""young minds (partial: 2/2 words)"", ""student empowerment (partial: 2/2 words)"", ""creative development (partial: 2/2 words)""], ""category_score"": 32.0}, {""category"": ""community_education"", ""keywords_found"": [""school partnerships (partial: 2/2 words)"", ""quality education (partial: 2/2 words)""], ""category_score"": 14.0}]",homepage,"support quality access to student-centered and technology-enabled education,support the communities it serves around the world. values our values inform the ways we engage with our partners and communities. we strive to be: inclusive embed inclusion and belonging in everything we do. empathetic serve with trust and transparency. innovative embrace new ideas to drive change. collaborative work together for shared success. bold be unafraid to tackle big challenges. kyndryl foundation's focus for funding organizations will be aligned with our three impact areas. future-forward education we support quality access to student-centered and technology-enabled education, ensuring all learners acquire the skills needed to promote sustainable development. climate action we enable transition to an environmentally sustainable future through innovative technology and mitigating the impacts of climate change by strengthening resilience in the communities most affected. inclusive economy we focus on investing in bold ideas that help to build a representative economy in which all individuals and communities can participate in and benefit from sustained economic and social prosperity. the kyndryl foundation year one impact summary the kyndryl foundation 2025 impact summary reflects the early progress to advance cybersecurity skills and resilience through trust-based grants. through grants to 11 nonprofit organizations across 7 countries, we have helped our grantees provide over 500,000 hours of learning and reach more than 49,000 individuals in the first year. read the full summary request for proposal (rfp) 2025 rfp details and application process rfp focus: growing an inclusive cybersecurity workforce growing an inclusive artificial intelligence workforce application window: september 5 - october 15, 2025 to support future-forward education and inclusive economy, our current initiatives focus on cybersecurity and ai training programs and initiatives. nonprofit organizations can access the application on submittable, the kyndryl foundation’s grants management system. preview application and eligibility criteria multi-year grantees czechitas (czech republic) provides training programs for two tech career paths – security operations center (soc) analyst and information security specialist. the nonprofit will train 100 women in cybersecurity, run cyber awareness initiatives for 50,000 women and educate government officials on cyber resiliency. learn more data security council of india (dsci) will offer two programs. dsci launched the cybervaahini program with an inaugural kyndryl foundation grant to provide cybersecurity training to women in tier two and three cities and help them find job opportunities. they will train 100 women under the cybervaahini program. the nonprofit will also use the fund to establish a state-of-the-art cybersecurity training center in mumbai. learn more girl security (us) will grow its workforce training program – designed to prepare individuals from low-income communities for cybersecurity pathways. the nonprofit aims to create a pipeline of more than 1,000 prepared participants planning to enter the technology sector by 2026. learn more npo sodateage net (japan) enables youth empowerment and economic independence through various employment support programs, awareness activities, career guidance sessions and family support. the nonprofit will provide a cybersecurity skilling program to nearly 1,500 young people and help them with internship and job placement. learn more single-year grantees fundación cibervoluntarios (spain) runs a one-year cybersecurity skilling course. the nonprofit will extend this course to 5,000 young people from underserved communities and depopulated areas. learn more clack (japan) will offer its “be pro cybersecurity” course for 100 students from economically disadvantaged families in tokyo and osaka. the two-day skilling program trains students on the basics of cybersecurity and helps them expand their career choices. learn more generation: you employed (uk) will organize train-and-place boot camps for 230 people facing barriers toward careers in it and cybersecurity. learn more joint economic and development initiative (jedi) (canada) aims to empower indigenous communities through digital literacy and it training, bridging the gap in rural, underrepresented communities. they will support approximately 50 indigenous students from new brunswick. learn more junior achievement (ja) americas (brazil and costa rica) runs the “she is digital” program focused on training and employability in the knowledge economy, specifically in cybersecurity. the nonprofit will deliver cybersecurity and career skills training to 400 women from brazil and costa rica and support them in finding jobs. learn more justice through code (jtc) (us) runs “the flagship,” a 10-month software engineering and professional development program for formerly incarcerated talent. the nonprofit will train 125 people under the flagship program, developing ai skills and supporting them with job placement. learn more mamo pracuj foundation (poland) organizes “the cyber women leaders” program that enables women, including refugees and migrants, to return to the workforce after a career break. the nonprofit will support 40 women with cybersecurity training, career consultation, soft skills sessions and job search guidance. learn more united way hungary offers a modular training program on cybersecurity – “the united for cybersafe youth” – for secondary school students and young adults, with a focus on underserved communities and people with visual disabilities,funding organizations will be aligned with our three impact areas. future-forward education we support quality access to student-centered and technology-enabled education, ensuring all learners acquire the skills needed to promote sustainable development. climate action we enable transition to an environmentally sustainable future through innovative technology and mitigating the impacts of climate change by strengthening resilience in the communities most affected. inclusive economy we focus on investing in bold ideas that help to build a representative economy in which all individuals and communities can participate in and benefit from sustained economic and social prosperity. the kyndryl foundation year one impact summary the kyndryl foundation 2025 impact summary reflects the early progress to advance cybersecurity skills and resilience through trust-based grants. through grants to 11 nonprofit organizations across 7 countries, we have helped our grantees provide over 500,000 hours of learning and reach more than 49,000 individuals in the first year. read the full summary request for proposal (rfp) 2025 rfp details and application process rfp focus: growing an inclusive cybersecurity workforce growing an inclusive artificial intelligence workforce application window: september 5 - october 15, 2025 to support future-forward education and inclusive economy, our current initiatives focus on cybersecurity and ai training programs,support the communities it serves around the world. values our values inform the ways we engage with our partners and communities. we strive to be: inclusive embed inclusion and belonging in everything we do. empathetic serve with trust and transparency. innovative embrace new ideas to drive change. collaborative work together for shared success. bold be unafraid to tackle big challenges. kyndryl foundation's focus for funding organizations will be aligned with our three impact areas. future-forward education,support programs, awareness activities, career guidance sessions and family support. the nonprofit will provide a cybersecurity skilling program to nearly 1,500 young people and help them with internship and job placement. learn more single-year grantees fundación cibervoluntarios (spain) runs a one-year cybersecurity skilling course. the nonprofit will extend this course to 5,000 young people from underserved communities and depopulated areas. learn more clack (japan) will offer its “be pro cybersecurity” course for 100 students from economically disadvantaged families in tokyo and osaka. the two-day skilling program trains students on the basics of cybersecurity and helps them expand their career choices. learn more generation: you employed (uk) will organize train-and-place boot camps for 230 people facing barriers toward careers in it and cybersecurity. learn more joint economic and development initiative (jedi) (canada) aims to empower indigenous communities through digital literacy and it training, bridging the gap in rural, underrepresented communities. they will support approximately 50 indigenous students from new brunswick. learn more junior achievement (ja) americas (brazil and costa rica) runs the “she is digital” program focused on training and employability in the knowledge economy, specifically in cybersecurity. the nonprofit will deliver cybersecurity and career skills training to 400 women from brazil and costa rica and support them in finding jobs. learn more justice through code (jtc) (us) runs “the flagship,” a 10-month software engineering and professional development program for formerly incarcerated talent. the nonprofit will train 125 people under the flagship program, developing ai skills and supporting them with job placement. learn more mamo pracuj foundation (poland) organizes “the cyber women leaders” program that enables women, including refugees and migrants, to return to the workforce after a career break. the nonprofit will support 40 women with cybersecurity training, career consultation, soft skills sessions and job search guidance. learn more united way hungary offers a modular training program on cybersecurity – “the united for cybersafe youth” – for secondary school students and young adults, with a focus on underserved communities and people with visual disabilities. the nonprofit will train 345 people under this program and help them with career development. learn more see previous year's grantees our grantmaking principles these principles guide kyndryl foundation’s grantmaking process balanced partnerships we recognize the value of trust-based philanthropy principles and entering relationships with our grantees as collaborators. we seek to reduce burdens on grantees by streamlining processes and making grants that favor long term impact. forward-thinking mindset we will embrace innovation in our grantmaking process and support new models that promote positive social change. data-forward design we understand that social change is not always easily measurable, but we will seek the benefit of science-based outcomes and creative approaches to measure the impact of our grants. representative grantmaking our grantmaking will be deeply rooted in the communities we fund. we will seek feedback from our grantees and their communities to promote our foundation's mission and to improve our grantmaking process. integrity and transparency our grantmaking process is guided by a commitment to integrity and appropriate transparency, including ensuring that our grantmaking criteria is publicly available. holistic engagement we commit to looking for ways to support our grantees beyond funding, by leveraging our talent, resources, and relationships. kyndryl foundation board and staff martin schroeter kyndryl foundation chairman and director una pulizzi kyndryl foundation president and board member edward sebold kyndryl foundation board member maryjo charbonnier kyndryl foundation board member david wyshner kyndryl foundation board member glen kutler kyndryl foundation secretary victor grado kyndryl foundation treasurer monoswita saha csr and kyndryl foundation advisor frequently asked questions how do i apply for a grant? after following the link to the kyndryl foundation program page, please use the top right hand button to either log in or sign up for an account. once you have created a profile you can then complete your eligibility check and begin your application (both items found in the left sidebar). note: we strongly suggest surveying your organization to see if anyone already has created a profile within wizehive. you can search for organization profiles within the tool when you create your profile, this will help avoid duplicates in our system. do you accept individual applications? no, we only accept applications from nonprofit organizations, those with a 501c3 status or equivalent determination. can i start my application and save progress to finish it later? yes, once you have created a profile you will be able to save all your progress until the next time you log in. can multiple members of my organization contribute to the same application? yes, you can invite other staff into your application once you have created a profile. connect with us let’s talk about how we can build an inclusive, sustainable future together. contact us kyndryl foundation aims to power human progress and positive change by supporting initiatives around future-forward education,support future-forward education","education,youth,disabilities,inclusion,learning,creative,inclusive,empowerment",2025-10-22T19:42:47.701854,
Finistere Charitable Foundation,822856772,New York,NY,T22,,https://projects.propublica.org/nonprofits/organizations/822856772,charitable foundation,2025-10-17 17:56:50,https://finistere.org,abuse@lws.fr,,,,,,not_contacted,no,no,,,,high,harvested,abuse@lws.fr,,1.0,0.0,,,homepage,,,2025-10-22T19:43:01.555517,
Belvedere Charitable Foundation,980509706,New York,NY,T22,,https://projects.propublica.org/nonprofits/organizations/980509706,charitable foundation,2025-10-17 17:56:50,https://belvedere.org,info@belvedere.org,,,,,,not_contacted,no,no,,,,high,estimated,,"info@belvedere.org,contact@belvedere.org,hello@belvedere.org,inquiries@belvedere.org,development@belvedere.org,admin@belvedere.org",0.0,0.0,,,homepage,,community,2025-10-22T19:43:13.743624,
Integrum Charitable Foundation,880585708,New York,NY,T21,,https://projects.propublica.org/nonprofits/organizations/880585708,charitable foundation,2025-10-17 17:56:50,,,,,,,,not_contacted,no,no,,,,high,error,,,,0.0,,,,,,2025-10-22T19:43:16.186371,'grant_history'
Grace Charitable Foundation,383911633,New York,NY,X11,,https://projects.propublica.org/nonprofits/organizations/383911633,charitable foundation,2025-10-17 17:56:50,https://gracecharitablefoundation.org,info@gracecharitablefoundation.org,,,,,,not_contacted,no,no,,,,high,estimated,,"info@gracecharitablefoundation.org,contact@gracecharitablefoundation.org,hello@gracecharitablefoundation.org,inquiries@gracecharitablefoundation.org,development@gracecharitablefoundation.org,admin@gracecharitablefoundation.org",2.0,18.0,"we aim to connect with people interested in supporting the multi-faceted works of the monastic state of mount athos, greece, especially that of the holy great monastery of vatopedi.","[{""category"": ""primary"", ""keywords_found"": [""art education (partial: 2/2 words)""], ""category_score"": 10.0}, {""category"": ""disability_support"", ""keywords_found"": [""special education (partial: 2/2 words)""], ""category_score"": 7.0}, {""category"": ""youth_development"", ""keywords_found"": [""cultural awareness (partial: 2/2 words)""], ""category_score"": 6.0}, {""category"": ""primary"", ""keywords_found"": [""art education (partial: 2/2 words)""], ""category_score"": 10.0}, {""category"": ""primary"", ""keywords_found"": [""art education (partial: 2/2 words)""], ""category_score"": 10.0}, {""category"": ""youth_development"", ""keywords_found"": [""cultural awareness (partial: 2/2 words)""], ""category_score"": 6.0}, {""category"": ""primary"", ""keywords_found"": [""art education (partial: 2/2 words)""], ""category_score"": 10.0}, {""category"": ""disability_support"", ""keywords_found"": [""special education (partial: 2/2 words)""], ""category_score"": 7.0}, {""category"": ""youth_development"", ""keywords_found"": [""cultural awareness (partial: 2/2 words)""], ""category_score"": 6.0}]","homepage,/about-us,/mission,/vision","support for the monastery’s charitable, social, education,support for the reconstruction of the historical athoniada academy (1750 ad) • undertaking of related research and support of numerous academic publications • renovation and restoration of monastery’s anciently renowned buildings • utilization of the priceless resources of the monastery’s abounding library and the digitization of the material therein • promotion of the monastery’s works in art, education","education,cultural,education,cultural,education,cultural,education,cultural",2025-10-22T19:43:35.396916,
Jl Charitable Foundation,842397358,Monroe,NY,T23,,https://projects.propublica.org/nonprofits/organizations/842397358,charitable foundation,2025-10-17 17:56:50,,,,,,,,not_contacted,no,no,,,,high,error,,,,0.0,,,,,,2025-10-22T19:43:38.422567,'grant_history'
Manhattan Charitable Foundation,562290295,New York,NY,T20,,https://projects.propublica.org/nonprofits/organizations/562290295,charitable foundation,2025-10-17 17:56:50,https://manhattan.org,info@manhattan.org,,,,,,not_contacted,no,no,,,,high,estimated,,"info@manhattan.org,contact@manhattan.org,hello@manhattan.org,inquiries@manhattan.org,development@manhattan.org,admin@manhattan.org",5.0,38.0,will be considering a tax incentive tomorrow night that could potentially be the final piece to the puzzle for reinvention of the wareham theater in downtown manhattan.,"[{""category"": ""primary"", ""keywords_found"": [""accessibility""], ""category_score"": 7}, {""category"": ""disability_support"", ""keywords_found"": [""accessibility""], ""category_score"": 8}, {""category"": ""youth_development"", ""keywords_found"": [""youth development (partial: 2/2 words)""], ""category_score"": 8.0}, {""category"": ""community_education"", ""keywords_found"": [""community school (partial: 2/2 words)"", ""community engagement (partial: 2/2 words)""], ""category_score"": 15.0}]",homepage,,"health,community,youth,accessibility,cultural",2025-10-22T19:43:55.411444,
Landegger Charitable Foundation,510180544,Rye Brook,NY,,,https://projects.propublica.org/nonprofits/organizations/510180544,charitable foundation,2025-10-17 17:56:50,,,,,,,,not_contacted,no,no,,,,high,error,,,,0.0,,,,,,2025-10-22T19:43:58.630140,'grant_history'
Wayen Charitable Foundation,133466312,Forest Hills,NY,,,https://projects.propublica.org/nonprofits/organizations/133466312,charitable foundation,2025-10-17 17:56:50,,,,,,,,not_contacted,no,no,,,,high,error,,,,0.0,,,,,,2025-10-22T19:43:58.864629,'grant_history'
Ebg Charitable Foundation,822512506,Monsey,NY,T30,,https://projects.propublica.org/nonprofits/organizations/822512506,charitable foundation,2025-10-17 17:56:50,,,,,,,,not_contacted,no,no,,,,high,error,,,,0.0,,,,,,2025-10-22T19:43:59.422464,'grant_history'
Harjen Charitable Foundation,260276553,New York,NY,T20,,https://projects.propublica.org/nonprofits/organizations/260276553,charitable foundation,2025-10-17 17:56:50,,,,,,,,not_contacted,no,no,,,,high,error,,,,0.0,,,,,,2025-10-22T19:43:59.672414,'grant_history'
Arf Charitable Foundation,832786566,New York,NY,T21,,https://projects.propublica.org/nonprofits/organizations/832786566,charitable foundation,2025-10-17 17:56:50,https://arf.org,info@arf.org,,,,,,not_contacted,no,no,,,,high,estimated,,"info@arf.org,contact@arf.org,hello@arf.org,inquiries@arf.org,development@arf.org,admin@arf.org",0.0,0.0,,,"homepage,/about,/about-us,/mission,/vision,/our-mission,/what-we-do,/programs,/grants,/giving,/impact",,,2025-10-22T19:44:06.474436,
Jeffrey Charitable Foundation,814615729,Monsey,NY,T20,,https://projects.propublica.org/nonprofits/organizations/814615729,charitable foundation,2025-10-17 17:56:50,,,,,,,,not_contacted,no,no,,,,high,error,,,,0.0,,,,,,2025-10-22T19:44:19.456365,'grant_history'
Nexstar Charitable Foundation,136161525,New York,NY,,,https://projects.propublica.org/nonprofits/organizations/136161525,charitable foundation,2025-10-17 17:56:50,,,,,,,,not_contacted,no,no,,,,high,error,,,,0.0,,,,,,2025-10-22T19:44:20.014062,'grant_history'
Mfk Charitable Foundation,264457852,Brooklyn,NY,T22,,https://projects.propublica.org/nonprofits/organizations/264457852,charitable foundation,2025-10-17 17:56:50,,,,,,,,not_contacted,no,no,,,,high,error,,,,0.0,,,,,,2025-10-22T19:44:23.593505,'grant_history'
Segal Charitable Foundation,113412302,Brooklyn,NY,T90Z,,https://projects.propublica.org/nonprofits/organizations/113412302,charitable foundation,2025-10-17 17:56:50,https://segal.org,contactyyyy@segal.org,,,,,,not_contacted,no,no,,,,high,harvested,contactyyyy@segal.org,,3.0,0.0,,,homepage,,"arts,learning",2025-10-22T19:44:34.649022,
Evercore Charitable Foundation,863977771,New York,NY,T21,,https://projects.propublica.org/nonprofits/organizations/863977771,charitable foundation,2025-10-17 17:56:50,https://evercore.org,info@evercore.org,,,,,,not_contacted,no,no,,,,high,estimated,,"info@evercore.org,contact@evercore.org,hello@evercore.org,inquiries@evercore.org,development@evercore.org,admin@evercore.org",5.0,0.0,,,"homepage,/about",,,2025-10-22T19:44:56.148278,
Marelda Charitable Foundation,455510047,New York,NY,T20,,https://projects.propublica.org/nonprofits/organizations/455510047,charitable foundation,2025-10-17 17:56:50,,,,,,,,not_contacted,no,no,,,,high,error,,,,0.0,,,,,,2025-10-22T19:44:58.640215,'grant_history'
Kw Charitable Foundation,113366771,Brooklyn,NY,T31J,,https://projects.propublica.org/nonprofits/organizations/113366771,charitable foundation,2025-10-17 17:56:50,,,,,,,,not_contacted,no,no,,,,high,error,,,,0.0,,,,,,2025-10-22T19:45:00.365911,'grant_history'
Overdeck Family Foundation,264377643,New York,NY,T22,,https://projects.propublica.org/nonprofits/organizations/264377643,family foundation,2025-10-17 17:56:51,https://overdeck.org,info@overdeck.org,,,,,,not_contacted,no,no,,,,high,estimated,,"info@overdeck.org,contact@overdeck.org,hello@overdeck.org,inquiries@overdeck.org,development@overdeck.org,admin@overdeck.org",5.0,35.0,measurably enhance education inside and outside the classroom.,"[{""category"": ""primary"", ""keywords_found"": [""art education (partial: 2/2 words)""], ""category_score"": 10.0}, {""category"": ""youth_development"", ""keywords_found"": [""children"", ""young minds""], ""category_score"": 15}, {""category"": ""community_education"", ""keywords_found"": [""school partnerships"", ""quality education (partial: 2/2 words)""], ""category_score"": 14.0}, {""category"": ""primary"", ""keywords_found"": [""art education (partial: 2/2 words)""], ""category_score"": 10.0}, {""category"": ""youth_development"", ""keywords_found"": [""children""], ""category_score"": 7}, {""category"": ""community_education"", ""keywords_found"": [""community school (partial: 2/2 words)"", ""school partnerships (partial: 2/2 words)""], ""category_score"": 16.0}, {""category"": ""primary"", ""keywords_found"": [""art education (partial: 2/2 words)""], ""category_score"": 10.0}, {""category"": ""youth_development"", ""keywords_found"": [""children""], ""category_score"": 7}, {""category"": ""community_education"", ""keywords_found"": [""community school (partial: 2/2 words)"", ""school partnerships (partial: 2/2 words)""], ""category_score"": 16.0}]","homepage,/about,/about-us","support focus on unlocking innovation, evidence, and growth opportunities, clearing the path to scale for organizations and researchers that are committed to accelerating key academic and socioemotional outcomes for all children. 106 grantees 75 million children 500,000 educators 6 million families unlocking innovation quill.org overdeck family foundation’s funding helped quill.org foster new partnerships with curriculum providers and develop new products to meet diverse student needs. in 2024, quill, which aims to help all students become critical thinkers through the practice of reading and writing, launched content for social studies educators, “building ai knowledge” activities, and enhanced spanish language functionality. since its founding in 2014, approximately 10 million students have written two billion sentences on the platform.read more unlocking innovation talkingpoints since overdeck family foundation began funding talkingpoints in 2020, the organization has continued to innovate on its product while growing its reach tenfold. the nonprofit, which serves as a tech-enabled family engagement solution that empowers educators to build effective family-school partnerships through two-way communication in 150+ languages, also provides coaching for schools and families and actionable data on student progress. with the addition of genai, talkingpoints is experimenting with in-the-moment suggestions and guidance for both teachers and families that can help improve family engagement and student learning.read more unlocking evidence onyourmark utilizing funding from overdeck family foundation, onyourmark, a nonprofit that provides high-impact virtual tutoring to students in kindergarten through second grade, gained insight into the potential impact of virtual tutoring on student learning. the organization worked with stanford university to conduct a randomized controlled trial of onyourmark, which examined over 2,000 students across 12 schools. researchers found that onyourmark tutoring had a positive impact on students’ early literacy skills, as measured with an assessment called the dibels, with the largest effects on kindergarteners’ knowledge of letter sounds and first graders’ decoding skills.read more unlocking growth new jersey tutoring corps, inc. in 2021, overdeck family foundation worked with the new jersey pandemic relief fund to launch the new jersey tutoring corps, a high-dosage, small-group, tutoring program designed to accelerate learning recovery for students impacted by pandemic-related learning losses. in 2024, the tutoring corps prioritized fostering close district partnerships through its in-school tutoring program, increasing the nonprofit’s year-over-year reach by 64 percent, serving almost 4,000 total kindergarten through eighth grade students in 80 school sites across 25 districts. during this time, the organization also saw significant earned revenue growth, demonstrating strong demand for high-impact tutoring across new jersey.read more unlocking growth museum of science (eie) the museum of science in boston, ma used funding from overdeck family foundation to scale its engineering is elementary® (eie) and youth engineering solutions (yes) curricula while providing families with resources to lead engineering and computer science activities at home. in sy 2023-24, over one million students accessed yes and eie’s engineering and computer science units, a 115 percent year-over-year increase primarily fueled by educator demand for high-quality and engaging engineering curricular materials for in-school and out-of-school time programs.read more unlocking growth national inventors hall of fame since 2020, overdeck family foundation’s funding has helped the national inventors hall of fame expand access to stem enrichment programs including camp invention®, club invention®, and invention project®. during the covid-19 pandemic, the team capitalized on federal stimulus dollars by spearheading new partnerships with school districts that led to growth of 22 percent year over year. at the same time, the organization saw notable growth in its out-of-school time programs, with camp invention averaging approximately 83 campers per camp, the largest in the organization’s history. in 2023, the national inventors hall of fame grew total students served by 37 percent.read more 1/5 meet our grantees we fund organizations that measurably enhance education,funding areas overdeck family foundation focuses exclusively on education, providing funding across four focus areas that encompass the whole child from birth through high school both inside and outside the classroom. early_impact created with sketch. early impactcreating strong foundations for early learning.learn more exceptional_educators created with sketch. exceptional educatorsmaking the educator role more effective and sustainable.learn more innovative_schools created with sketch. innovative schoolssupporting student-centered learning environments.learn more inspired_minds created with sketch. inspired mindsinspiring young minds through hands-on stem learning.learn more data_action created with sketch. data for actionconverting data into insights and outcomes.read morefoundation news you've paid for tutoring. here's how to make sure it works.read more spotlight on evidence: reimagining the teaching role by investing in strategic staffingread more perspectives: esser deadline puts out-of-school programs,funding has helped the national inventors hall of fame expand access to stem enrichment programs,funding criteria capacity-building support our grantees grantee portal news & resources our blog research repository grantmaking & impact reports about leadership team careers contact popular search terms: grants perspectives grantee portal 2022 updates covid news overdeck family foundation awards $10.6 million in grants in q3 2025 read more perspectives science scores are down. but we know what would improve them. read more perspectives missing key to student engagement: teachers’ time read more research what we’re learning from our investments in reducing chronic absenteeism read more perspectives the science of reading and play go hand-in-hand. schools must make it happen read more read more 1/5 our mission: measurably enhance education inside and outside the classroom. our grantmaking and strategic support focus on unlocking innovation, evidence, and growth opportunities, clearing the path to scale for organizations and researchers that are committed to accelerating key academic and socioemotional outcomes for all children. 106 grantees 75 million children 500,000 educators 6 million families unlocking innovation quill.org overdeck family foundation’s funding helped quill.org foster new partnerships with curriculum providers and develop new products to meet diverse student needs. in 2024, quill, which aims to help all students become critical thinkers through the practice of reading and writing, launched content for social studies educators, “building ai knowledge” activities, and enhanced spanish language functionality. since its founding in 2014, approximately 10 million students have written two billion sentences on the platform.read more unlocking innovation talkingpoints since overdeck family foundation began funding talkingpoints in 2020, the organization has continued to innovate on its product while growing its reach tenfold. the nonprofit, which serves as a tech-enabled family engagement solution that empowers educators to build effective family-school partnerships through two-way communication in 150+ languages, also provides coaching for schools and families and actionable data on student progress. with the addition of genai, talkingpoints is experimenting with in-the-moment suggestions and guidance for both teachers and families that can help improve family engagement and student learning.read more unlocking evidence onyourmark utilizing funding from overdeck family foundation, onyourmark, a nonprofit that provides high-impact virtual tutoring to students in kindergarten through second grade, gained insight into the potential impact of virtual tutoring on student learning. the organization worked with stanford university to conduct a randomized controlled trial of onyourmark, which examined over 2,000 students across 12 schools. researchers found that onyourmark tutoring had a positive impact on students’ early literacy skills, as measured with an assessment called the dibels, with the largest effects on kindergarteners’ knowledge of letter sounds and first graders’ decoding skills.read more unlocking growth new jersey tutoring corps, inc. in 2021, overdeck family foundation worked with the new jersey pandemic relief fund to launch the new jersey tutoring corps, a high-dosage, small-group, tutoring program designed to accelerate learning recovery for students impacted by pandemic-related learning losses. in 2024, the tutoring corps prioritized fostering close district partnerships through its in-school tutoring program, increasing the nonprofit’s year-over-year reach by 64 percent, serving almost 4,000 total kindergarten through eighth grade students in 80 school sites across 25 districts. during this time, the organization also saw significant earned revenue growth, demonstrating strong demand for high-impact tutoring across new jersey.read more unlocking growth museum of science (eie) the museum of science in boston, ma used funding from overdeck family foundation to scale its engineering is elementary® (eie) and youth engineering solutions (yes) curricula while providing families with resources to lead engineering and computer science activities at home. in sy 2023-24, over one million students accessed yes and eie’s engineering and computer science units, a 115 percent year-over-year increase primarily fueled by educator demand for high-quality and engaging engineering curricular materials for in-school and out-of-school time programs,support our grantees grantee portal news & resources our blog research repository grantmaking & impact reports about leadership team careers contact popular search terms: grants perspectives grantee portal 2022 updates covid news overdeck family foundation awards $10.6 million in grants in q3 2025 read more perspectives science scores are down. but we know what would improve them. read more perspectives missing key to student engagement: teachers’ time read more research what we’re learning from our investments in reducing chronic absenteeism read more perspectives the science of reading and play go hand-in-hand. schools must make it happen read more read more 1/5 our mission: measurably enhance education,funding criteria capacity-building support our grantees grantee portal news & resources our blog research repository grantmaking & impact reports about leadership team careers contact popular search terms: grants perspectives grantee portal 2022 updates covid overdeck family foundationproviding all children the opportunity to unlock their potential. about usoverdeck family foundation was founded in 2011 by john and laura overdeck with the goal of providing all children the opportunity to unlock their potential. we focus exclusively on enhancing education, funding efforts both inside and outside of school in the areas of early childhood, hands-on stem education, and k-9 programs,support our grantees grantee portal news & resources our blog research repository grantmaking & impact reports about leadership team careers contact popular search terms: grants perspectives grantee portal 2022 updates covid overdeck family foundationproviding all children the opportunity to unlock their potential. about usoverdeck family foundation was founded in 2011 by john and laura overdeck with the goal of providing all children the opportunity to unlock their potential. we focus exclusively on enhancing education,funding criteria capacity-building support our grantees grantee portal news & resources our blog research repository grantmaking & impact reports about leadership team careers contact popular search terms: grants perspectives grantee portal 2022 updates covid overdeck family foundationproviding all children the opportunity to unlock their potential. about usoverdeck family foundation was founded in 2011 by john and laura overdeck with the goal of providing all children the opportunity to unlock their potential. we focus exclusively on enhancing education, funding efforts both inside and outside of school in the areas of early childhood, hands-on stem education, and k-9 programs,support our grantees grantee portal news & resources our blog research repository grantmaking & impact reports about leadership team careers contact popular search terms: grants perspectives grantee portal 2022 updates covid overdeck family foundationproviding all children the opportunity to unlock their potential. about usoverdeck family foundation was founded in 2011 by john and laura overdeck with the goal of providing all children the opportunity to unlock their potential. we focus exclusively on enhancing education","education,youth,children,learning,education,community,children,learning,education,community,children,learning",2025-10-22T19:45:34.353175,
Blavatnik Family Foundation,812444350,New York,NY,T20,,https://projects.propublica.org/nonprofits/organizations/812444350,family foundation,2025-10-17 17:56:51,,,,,,,,not_contacted,no,no,,,,high,error,,,,0.0,,,,,,2025-10-22T19:45:39.600935,'grant_history'
Hao Family Foundation,473853918,Saratoga Spgs,NY,T20,,https://projects.propublica.org/nonprofits/organizations/473853918,family foundation,2025-10-17 17:56:51,,,,,,,,not_contacted,no,no,,,,high,error,,,,0.0,,,,,,2025-10-22T19:45:41.105466,'grant_history'
Banga Family Foundation,931621605,New York,NY,T20,,https://projects.propublica.org/nonprofits/organizations/931621605,family foundation,2025-10-17 17:56:51,,,,,,,,not_contacted,no,no,,,,high,error,,,,0.0,,,,,,2025-10-22T19:45:42.495769,'grant_history'
Stanley Family Foundation,61157888,Briarcliff,NY,,,https://projects.propublica.org/nonprofits/organizations/61157888,family foundation,2025-10-17 17:56:51,https://stanleyfamily.org,info@stanleyfamily.org,,,,,,not_contacted,no,no,,,,high,estimated,,"info@stanleyfamily.org,contact@stanleyfamily.org,hello@stanleyfamily.org,inquiries@stanleyfamily.org,development@stanleyfamily.org,admin@stanleyfamily.org",0.0,0.0,,,,,,2025-10-22T19:45:56.313601,
Sundheim Family Foundation,831563495,New York,NY,T20,,https://projects.propublica.org/nonprofits/organizations/831563495,family foundation,2025-10-17 17:56:51,,,,,,,,not_contacted,no,no,,,,high,error,,,,0.0,,,,,,2025-10-22T19:45:59.253304,'grant_history'
Gong Family Foundation,850778984,North Salem,NY,T22,,https://projects.propublica.org/nonprofits/organizations/850778984,family foundation,2025-10-17 17:56:51,,,,,,,,not_contacted,no,no,,,,high,error,,,,0.0,,,,,,2025-10-22T19:46:09.448723,'grant_history'
Paulson Family Foundation,263922995,New York,NY,T22,,https://projects.propublica.org/nonprofits/organizations/263922995,family foundation,2025-10-17 17:56:51,,,,,,,,not_contacted,no,no,,,,high,error,,,,0.0,,,,,,2025-10-22T19:46:11.076186,'grant_history'
Treehouse Family Foundation,854230020,New York,NY,T20,,https://projects.propublica.org/nonprofits/organizations/854230020,family foundation,2025-10-17 17:56:51,https://treehousefamily.org,info@treehousefamily.org,,,,,,not_contacted,no,no,,,,high,estimated,,"info@treehousefamily.org,contact@treehousefamily.org,hello@treehousefamily.org,inquiries@treehousefamily.org,development@treehousefamily.org,admin@treehousefamily.org",0.0,0.0,,,homepage,,,2025-10-22T19:46:17.771011,
Lubetzky Family Foundation,821648087,New York,NY,W70,,https://projects.propublica.org/nonprofits/organizations/821648087,family foundation,2025-10-17 17:56:51,https://lubetzkyfamilyfoundation.org,info@lubetzky.org,,,,,,not_contacted,no,no,,,,high,harvested,"info@lubetzky.org,info@lubetzky.orglubetzky",,0.0,0.0,"statementfostering empathy and critical thinking to build resilient democracies and safeguard humanity​values statementrabbi hillel said “in a place where there is no humanity, strive thou to be human.",,homepage,,"community,learning",2025-10-22T19:46:28.243793,
Timashev Family Foundation,821674572,New York,NY,P20,,https://projects.propublica.org/nonprofits/organizations/821674572,family foundation,2025-10-17 17:56:51,https://timashevfamilyfoundation.org,info@timashevfamilyfoundation.org,,,,,,not_contacted,no,no,,,,high,estimated,,"info@timashevfamilyfoundation.org,contact@timashevfamilyfoundation.org,hello@timashevfamilyfoundation.org,inquiries@timashevfamilyfoundation.org,development@timashevfamilyfoundation.org,admin@timashevfamilyfoundation.org",3.0,78.5,providing cutting-edge education for the next generation.,"[{""category"": ""primary"", ""keywords_found"": [""arts education (partial: 2/2 words)"", ""art education (partial: 2/2 words)"", ""arts program (partial: 2/2 words)"", ""arts access (partial: 2/2 words)"", ""accessibility""], ""category_score"": 43.0}, {""category"": ""disability_support"", ""keywords_found"": [""accessibility""], ""category_score"": 8}, {""category"": ""youth_development"", ""keywords_found"": [""student empowerment (partial: 2/2 words)""], ""category_score"": 8.0}, {""category"": ""community_education"", ""keywords_found"": [""community school (partial: 2/2 words)"", ""school partnerships (partial: 2/2 words)"", ""educational access (partial: 2/2 words)"", ""empowering students (partial: 2/2 words)""], ""category_score"": 31.0}, {""category"": ""primary"", ""keywords_found"": [""arts education (partial: 2/2 words)"", ""art education (partial: 2/2 words)"", ""arts program (partial: 2/2 words)"", ""arts access (partial: 2/2 words)""], ""category_score"": 36.0}, {""category"": ""youth_development"", ""keywords_found"": [""student empowerment (partial: 2/2 words)""], ""category_score"": 8.0}, {""category"": ""community_education"", ""keywords_found"": [""community school (partial: 2/2 words)"", ""school partnerships (partial: 2/2 words)"", ""empowering students (partial: 2/2 words)""], ""category_score"": 23.0}]","homepage,/about","funding faculty programs,support university initiatives and the timashev family music building—one of the nation’s most advanced music facilities. in recognition of their contributions, ratmir and angela received ohio state’s distinguished service award.angela, an avid art supporter, serves on the board of the bruce museum in greenwich, connecticut, which showcases art, science, and natural history. the foundation also supports dallas contemporary, a museum dedicated to emerging and established artists.during the pandemic, the foundation helped revitalize in-person cultural events, becoming a key supporter of the 2022 smithsonian folklife festival. its sponsorship of the gifts we carry: sounds of migration and memory, a concert led by yo-yo ma, celebrated resilience and cultural diversity through music.community empowermentthe timashev family foundation is dedicated to strengthening communities through humanitarian aid, climate resilience, and essential services.in response to global crises, the foundation has supported refugee and humanitarian efforts in afghanistan and ukraine. in 2022, it helped the aleph institute deliver medical supplies and life-saving treatments to communities in afghanistan. following the invasion of ukraine, it partnered with world central kitchen, helping provide hundreds of thousands of warm meals to those affected by the war. the foundation also supports israaid, a global leader in disaster relief, and the mighty oaks foundation, which provides resiliency and recovery programs for u.s. veterans.the foundation is committed to environmental conservation and proudly supports the wild salmon center in its efforts to protect critical salmon ecosystems. in 2024, the organization recognized ratmir for his contributions to preserving these habitats. stay updateddiscover our latest impactexplore the latest stories highlighting our partners and how the timashev family foundation is driving change through innovation, education, and the arts,support university initiatives and the timashev family music building—one of the nation’s most advanced music facilities. in recognition of their contributions, ratmir and angela received ohio state’s distinguished service award.angela, an avid art supporter, serves on the board of the bruce museum in greenwich, connecticut, which showcases art, science, and natural history. the foundation also supports dallas contemporary, a museum dedicated to emerging and established artists.during the pandemic, the foundation helped revitalize in-person cultural events, becoming a key supporter of the 2022 smithsonian folklife festival. its sponsorship of the gifts we carry: sounds of migration and memory, a concert led by yo-yo ma, celebrated resilience and cultural diversity through music.community empowermentthe timashev family foundation is dedicated to strengthening communities through humanitarian aid, climate resilience, and essential services.in response to global crises, the foundation has supported refugee and humanitarian efforts in afghanistan and ukraine. in 2022, it helped the aleph institute deliver medical supplies and life-saving treatments to communities in afghanistan. following the invasion of ukraine, it partnered with world central kitchen, helping provide hundreds of thousands of warm meals to those affected by the war. the foundation also supports israaid, a global leader in disaster relief, and the mighty oaks foundation, which provides resiliency and recovery programs for u.s. veterans.the foundation is committed to environmental conservation and proudly supports the wild salmon center in its efforts to protect critical salmon ecosystems. in 2024, the organization recognized ratmir for his contributions to preserving these habitats. stay updateddiscover our latest impactexplore the latest stories highlighting our partners and how the timashev family foundation is driving change through innovation, education","education,arts,community,accessibility,cultural,empowerment,education,arts,community,learning,cultural,empowerment",2025-10-22T19:46:45.027234,
Higgins Family Foundation,384152217,New York,NY,T22,,https://projects.propublica.org/nonprofits/organizations/384152217,family foundation,2025-10-17 17:56:51,https://higgins.org,you@higgins.org,,,,,,not_contacted,no,no,,,,high,harvested,you@higgins.org,,0.0,0.0,,,"homepage,/about,/about-us,/mission,/vision,/our-mission,/what-we-do,/programs,/grants,/giving,/impact",,,2025-10-22T19:47:18.558152,
Patterson Family Foundation,356975288,New York,NY,T20,,https://projects.propublica.org/nonprofits/organizations/356975288,family foundation,2025-10-17 17:56:51,https://pattersonfamilyfoundation.org,info@pffkc.org,,,,,,not_contacted,no,no,,,,high,harvested,"christy@kansascfs.org,info@pffkc.org,emily@pffkc.org,support@pffkc.org",,4.0,4.181818181818182,that thriving rural communities aren’t just about the numbers—they’re about the people who choose to live there.,"[{""category"": ""primary"", ""keywords_found"": [""art education (partial: 2/2 words)"", ""accessibility""], ""category_score"": 17.0}, {""category"": ""disability_support"", ""keywords_found"": [""accessibility""], ""category_score"": 8}, {""category"": ""community_education"", ""keywords_found"": [""educational access (partial: 2/2 words)"", ""quality education"", ""community engagement""], ""category_score"": 21.0}]","homepage,/about,/about-us,/mission,/vision,/our-mission,/what-we-do,/programs,/grants,/giving,/impact",,"education,health,community,accessibility,learning",2025-10-22T19:47:38.297227,
Quad Family Foundation,463835222,Cohoes,NY,T20,,https://projects.propublica.org/nonprofits/organizations/463835222,family foundation,2025-10-17 17:56:51,,,,,,,,not_contacted,no,no,,,,high,error,,,,0.0,,,,,,2025-10-22T19:47:40.779925,'grant_history'
Mai Family Foundation,133915987,New York,NY,T20J,,https://projects.propublica.org/nonprofits/organizations/133915987,family foundation,2025-10-17 17:56:51,,,,,,,,not_contacted,no,no,,,,high,error,,,,0.0,,,,,,2025-10-22T19:47:43.490617,'grant_history'
Daftuar Family Foundation,474685449,New York,NY,G99,,https://projects.propublica.org/nonprofits/organizations/474685449,family foundation,2025-10-17 17:56:51,,,,,,,,not_contacted,no,no,,,,high,error,,,,0.0,,,,,,2025-10-22T19:47:44.514978,'grant_history'
Erie Family Foundation,522339484,New York,NY,T22,,https://projects.propublica.org/nonprofits/organizations/522339484,family foundation,2025-10-17 17:56:51,,,,,,,,not_contacted,no,no,,,,high,error,,,,0.0,,,,,,2025-10-22T19:47:45.123815,'grant_history'
Mucci Family Foundation,922880400,Rochester,NY,T22,,https://projects.propublica.org/nonprofits/organizations/922880400,family foundation,2025-10-17 17:56:51,,,,,,,,not_contacted,no,no,,,,high,error,,,,0.0,,,,,,2025-10-22T19:47:46.318001,'grant_history'
Fuhrman Family Foundation,461579112,New York,NY,T22,,https://projects.propublica.org/nonprofits/organizations/461579112,family foundation,2025-10-17 17:56:51,https://fuhrmanfamilyfoundation.org,info@fuhrmanfamilyfoundation.org,,,,,,not_contacted,no,no,,,,high,estimated,,"info@fuhrmanfamilyfoundation.org,contact@fuhrmanfamilyfoundation.org,hello@fuhrmanfamilyfoundation.org,inquiries@fuhrmanfamilyfoundation.org,development@fuhrmanfamilyfoundation.org,admin@fuhrmanfamilyfoundation.org",2.0,41.0,,"[{""category"": ""primary"", ""keywords_found"": [""arts education"", ""creative education (partial: 2/2 words)"", ""art education (partial: 2/2 words)""], ""category_score"": 29.0}, {""category"": ""primary"", ""keywords_found"": [""arts education"", ""creative education (partial: 2/2 words)"", ""art education (partial: 2/2 words)"", ""arts program (partial: 2/2 words)""], ""category_score"": 37.0}, {""category"": ""disability_support"", ""keywords_found"": [""special education (partial: 2/2 words)""], ""category_score"": 7.0}, {""category"": ""community_education"", ""keywords_found"": [""community school (partial: 2/2 words)""], ""category_score"": 9.0}]","homepage,/about","support individuals’ artistic and educational pursuits, and their physical, emotional and spiritual well-being. visual arts,support individuals’ artistic and education,support individuals’ artistic and education,support individuals’ artistic and educational pursuits, and their physical, emotional and spiritual well-being. through grants in the visual arts","education,arts,health,community,creative,education,arts,health,community,creative",2025-10-22T19:47:59.698292,
Gerstner Family Foundation,208559135,Armonk,NY,T22,,https://projects.propublica.org/nonprofits/organizations/208559135,family foundation,2025-10-17 17:56:51,,,,,,,,not_contacted,no,no,,,,high,error,,,,0.0,,,,,,2025-10-22T19:48:02.466318,'grant_history'
Baratta Family Foundation,830767499,Saratoga Spgs,NY,T22,,https://projects.propublica.org/nonprofits/organizations/830767499,family foundation,2025-10-17 17:56:51,,,,,,,,not_contacted,no,no,,,,high,error,,,,0.0,,,,,,2025-10-22T19:48:03.036572,'grant_history'
Fascitelli Family Foundation,133748071,New York,NY,,,https://projects.propublica.org/nonprofits/organizations/133748071,family foundation,2025-10-17 17:56:51,,,,,,,,not_contacted,no,no,,,,high,error,,,,0.0,,,,,,2025-10-22T19:48:03.212286,'grant_history'
Marsal Family Foundation,841367157,New York,NY,T20Z,,https://projects.propublica.org/nonprofits/organizations/841367157,family foundation,2025-10-17 17:56:51,https://marsal.org,info@marsal.org,,,,,,not_contacted,no,no,,,,high,estimated,,"info@marsal.org,contact@marsal.org,hello@marsal.org,inquiries@marsal.org,development@marsal.org,admin@marsal.org",1.0,7.0,,"[{""category"": ""youth_development"", ""keywords_found"": [""children""], ""category_score"": 7}]",homepage,,"education,children",2025-10-22T19:48:18.241393,
Kaye Family Foundation,134092284,Albany,NY,T20,,https://projects.propublica.org/nonprofits/organizations/134092284,family foundation,2025-10-17 17:56:51,,,,,,,,not_contacted,no,no,,,,high,error,,,,0.0,,,,,,2025-10-22T19:48:21.867792,'grant_history'
Sundell Family Foundation,475028854,New York,NY,,,https://projects.propublica.org/nonprofits/organizations/475028854,family foundation,2025-10-17 17:56:51,https://sundellfamily.com,info@sundellfamily.com,,,,,,not_contacted,no,no,,,,high,estimated,,"info@sundellfamily.com,contact@sundellfamily.com,hello@sundellfamily.com,inquiries@sundellfamily.com,development@sundellfamily.com,admin@sundellfamily.com",0.0,0.0,,,homepage,,,2025-10-22T19:48:28.573129,
Brooklyn Community Foundation,113422729,Brooklyn,NY,T21,,https://projects.propublica.org/nonprofits/organizations/113422729,community foundation,2025-10-17 17:56:52,,,,,,,,not_contacted,no,no,,,,high,error,,,,0.0,,,,,,2025-10-22T19:48:31.134046,'grant_history'
Rome Community Foundation,161574338,Rome,NY,T31,,https://projects.propublica.org/nonprofits/organizations/161574338,community foundation,2025-10-17 17:56:52,,,,,,,,not_contacted,no,no,,,,high,error,,,,0.0,,,,,,2025-10-22T19:48:41.726206,'grant_history'
Pcsb Community Foundation,821223618,Yorktown Heights,NY,T22,,https://projects.propublica.org/nonprofits/organizations/821223618,community foundation,2025-10-17 17:56:52,,,,,,,,not_contacted,no,no,,,,high,error,,,,0.0,,,,,,2025-10-22T19:48:52.000890,'grant_history'
Cortland Community Foundation,161561037,Cortland,NY,T31,,https://projects.propublica.org/nonprofits/organizations/161561037,community foundation,2025-10-17 17:56:52,https://cortland.org,info@cortland.org,,,,,,not_contacted,no,no,,,,high,estimated,,"info@cortland.org,contact@cortland.org,hello@cortland.org,inquiries@cortland.org,development@cortland.org,admin@cortland.org",1.0,15.0,,"[{""category"": ""primary"", ""keywords_found"": [""accessibility""], ""category_score"": 7}, {""category"": ""disability_support"", ""keywords_found"": [""accessibility""], ""category_score"": 8}]",homepage,,"community,youth,accessibility",2025-10-22T19:49:04.451401,
Athens Community Foundation,371419086,Athens,NY,T20,,https://projects.propublica.org/nonprofits/organizations/371419086,community foundation,2025-10-17 17:56:52,,,,,,,,not_contacted,no,no,,,,high,error,,,,0.0,,,,,,2025-10-22T19:49:17.265196,'grant_history'
Pawling Community Foundation,141748758,Pawling,NY,,,https://projects.propublica.org/nonprofits/organizations/141748758,community foundation,2025-10-17 17:56:52,,,,,,,,not_contacted,no,no,,,,high,error,,,,0.0,,,,,,2025-10-22T19:49:17.898659,'grant_history'
Community Solutions Foundation,463772911,Buffalo,NY,P19,,https://projects.propublica.org/nonprofits/organizations/463772911,community foundation,2025-10-17 17:56:52,,,,,,,,not_contacted,no,no,,,,high,error,,,,0.0,,,,,,2025-10-22T19:49:18.358170,'grant_history'
Brookmeade Community Foundation,454813106,Rhinebeck,NY,T99,,https://projects.propublica.org/nonprofits/organizations/454813106,community foundation,2025-10-17 17:56:52,,,,,,,,not_contacted,no,no,,,,high,error,,,,0.0,,,,,,2025-10-22T19:49:18.571520,'grant_history'
Community Concern Foundation,161447801,Derby,NY,,,https://projects.propublica.org/nonprofits/organizations/161447801,community foundation,2025-10-17 17:56:52,,,,,,,,not_contacted,no,no,,,,high,error,,,,0.0,,,,,,2025-10-22T19:49:19.017309,'grant_history'
Cooperstown Community Foundation,166090548,Cooperstown,NY,,,https://projects.propublica.org/nonprofits/organizations/166090548,community foundation,2025-10-17 17:56:52,https://cooperstown.org,info@cooperstown.org,,,,,,not_contacted,no,no,,,,high,estimated,,"info@cooperstown.org,contact@cooperstown.org,hello@cooperstown.org,inquiries@cooperstown.org,development@cooperstown.org,admin@cooperstown.org",0.0,0.0,,,homepage,,,2025-10-22T19:49:28.164767,
World Community Foundation,133612343,New York,NY,,,https://projects.propublica.org/nonprofits/organizations/133612343,community foundation,2025-10-17 17:56:52,https://world.org,discord.@worldcoinfndworld.org,,,,,,not_contacted,no,no,,,,high,harvested,discord.@worldcoinfndworld.org,,2.0,0.0,"developing meaningful, high-impact applications on world chain, an ecosystem that already connects more than 12 million world id users in more than 160 countries.",,"homepage,/about,/grants",,"community,inclusive,community,inclusive,community,inclusion,inclusive",2025-10-22T19:49:49.060846,
Bethpage Community Foundation,113578002,Bethpage,NY,T31,,https://projects.propublica.org/nonprofits/organizations/113578002,community foundation,2025-10-17 17:56:52,https://bethpage.org,press@fourleaffcu.com,,,,,,not_contacted,no,no,,,,high,harvested,press@fourleaffcu.com,,5.0,0.0,,,"homepage,/about,/about-us,/mission,/vision,/our-mission,/what-we-do,/programs,/grants,/giving,/impact",,"community,learning,inclusive,community,learning,inclusive,community,learning,inclusive,community,learning,inclusive,community,learning,inclusive,community,learning,inclusive,community,learning,inclusive,community,learning,inclusive,community,learning,inclusive,community,learning,inclusive,community,learning,inclusive",2025-10-22T19:50:20.392205,
Boma Community Foundation,834716640,New York,NY,S20,,https://projects.propublica.org/nonprofits/organizations/834716640,community foundation,2025-10-17 17:56:52,,,,,,,,not_contacted,no,no,,,,high,error,,,,0.0,,,,,,2025-10-22T19:50:23.481170,'grant_history'
Community Exchange Foundation,271641810,Glens Falls,NY,T99,,https://projects.propublica.org/nonprofits/organizations/271641810,community foundation,2025-10-17 17:56:52,,,,,,,,not_contacted,no,no,,,,high,error,,,,0.0,,,,,,2025-10-22T19:50:24.134259,'grant_history'
Community Hope Foundation,853783524,Sprngfld Gdns,NY,P20,,https://projects.propublica.org/nonprofits/organizations/853783524,community foundation,2025-10-17 17:56:52,,,,,,,,not_contacted,no,no,,,,high,error,,,,0.0,,,,,,2025-10-22T19:50:26.446876,'grant_history'
Cornwall Community Foundation,463121192,New Windsor,NY,T12,,https://projects.propublica.org/nonprofits/organizations/463121192,community foundation,2025-10-17 17:56:52,,,,,,,,not_contacted,no,no,,,,high,error,,,,0.0,,,,,,2025-10-22T19:50:27.741863,'grant_history'
Duryee Community Foundation,844110882,Schenectady,NY,S20,,https://projects.propublica.org/nonprofits/organizations/844110882,community foundation,2025-10-17 17:56:52,https://duryee.org,office@duryeememorial.org,,,,,,not_contacted,no,no,,,,high,harvested,"office@duryeememorial.org,office@duryeememorial.orgmission",,5.0,0.0,"love christ, live christ, serve christ  ep 2:10 [nkjv] ​for we are his workmanship, created in christ jesus for good works, which god prepared beforehand that we should walk in them.",,"homepage,/about-us",,"community,community",2025-10-22T19:50:52.322751,
Esopus Community Foundation,862568195,Port Ewen,NY,W99,,https://projects.propublica.org/nonprofits/organizations/862568195,community foundation,2025-10-17 17:56:52,https://esopus.org,info@esopus.org,,,,,,not_contacted,no,no,,,,high,estimated,,"info@esopus.org,contact@esopus.org,hello@esopus.org,inquiries@esopus.org,development@esopus.org,admin@esopus.org",2.0,0.0,"of providing an unmediated space through which artists, writers, musicians, and other creative professionals could connect directly with the general public.",,homepage,,"arts,creative",2025-10-22T19:51:05.741212,
Leaveners Community Foundation,481172029,Essex,NY,P58,,https://projects.propublica.org/nonprofits/organizations/481172029,community foundation,2025-10-17 17:56:52,https://leaveners.org,info@leaveners.org,,,,,,not_contacted,no,no,,,,high,estimated,,"info@leaveners.org,contact@leaveners.org,hello@leaveners.org,inquiries@leaveners.org,development@leaveners.org,admin@leaveners.org",0.0,0.0,,,homepage,,,2025-10-22T19:51:35.411404,
New Community Foundation,464343865,Bronx,NY,S20,,https://projects.propublica.org/nonprofits/organizations/464343865,community foundation,2025-10-17 17:56:52,https://new.org,info@new.org,,,,,,not_contacted,no,no,,,,high,harvested,info@new.org,,5.0,0.0,,,"homepage,/about,/about-us,/mission,/vision,/our-mission,/what-we-do,/programs,/grants,/giving,/impact",,,2025-10-22T19:51:56.966165,
Sephardic Community Foundation,861748882,Brooklyn,NY,A23,,https://projects.propublica.org/nonprofits/organizations/861748882,community foundation,2025-10-17 17:56:52,https://sephardic.org,info@sephardic.org,,,,,,not_contacted,no,no,,,,high,estimated,,"info@sephardic.org,contact@sephardic.org,hello@sephardic.org,inquiries@sephardic.org,development@sephardic.org,admin@sephardic.org",2.0,10.636363636363637,,"[{""category"": ""primary"", ""keywords_found"": [""art education (partial: 2/2 words)""], ""category_score"": 10.0}, {""category"": ""disability_support"", ""keywords_found"": [""special education (partial: 2/2 words)""], ""category_score"": 7.0}, {""category"": ""primary"", ""keywords_found"": [""art education (partial: 2/2 words)""], ""category_score"": 10.0}, {""category"": ""primary"", ""keywords_found"": [""art education (partial: 2/2 words)""], ""category_score"": 10.0}, {""category"": ""primary"", ""keywords_found"": [""art education (partial: 2/2 words)""], ""category_score"": 10.0}, {""category"": ""primary"", ""keywords_found"": [""art education (partial: 2/2 words)""], ""category_score"": 10.0}, {""category"": ""primary"", ""keywords_found"": [""art education (partial: 2/2 words)""], ""category_score"": 10.0}, {""category"": ""primary"", ""keywords_found"": [""art education (partial: 2/2 words)""], ""category_score"": 10.0}, {""category"": ""primary"", ""keywords_found"": [""art education (partial: 2/2 words)""], ""category_score"": 10.0}, {""category"": ""primary"", ""keywords_found"": [""art education (partial: 2/2 words)""], ""category_score"": 10.0}, {""category"": ""primary"", ""keywords_found"": [""art education (partial: 2/2 words)""], ""category_score"": 10.0}, {""category"": ""primary"", ""keywords_found"": [""art education (partial: 2/2 words)""], ""category_score"": 10.0}]","homepage,/about,/about-us,/mission,/vision,/our-mission,/what-we-do,/programs,/grants,/giving,/impact",,"education,health,community,learning,education,health,community,education,health,community,education,health,community,education,health,community,education,health,community,education,health,community,education,health,community,education,health,community,education,health,community,education,health,community",2025-10-22T19:52:13.615582,
Andujar Foundation Community,824911984,Buffalo,NY,O50,,https://projects.propublica.org/nonprofits/organizations/824911984,community foundation,2025-10-17 17:56:52,,,,,,,,not_contacted,no,no,,,,high,error,,,,0.0,,,,,,2025-10-22T19:52:19.218407,'grant_history'
Community Kollel Foundation,990765557,Far Rockaway,NY,X30,,https://projects.propublica.org/nonprofits/organizations/990765557,community foundation,2025-10-17 17:56:52,,,,,,,,not_contacted,no,no,,,,high,error,,,,0.0,,,,,,2025-10-22T19:52:19.633553,'grant_history'
