sponsor_name,ein,city,state,ntee_code,classification,propublica_url,search_term_found,collected_at,website,email,phone,contact_person,mission_statement,annual_revenue,assets,outreach_status,email_sent,response_received,sponsorship_amount,notes,follow_up_date,priority_level,email_source,all_emails_found,estimated_emails,contact_pages_found,mission_alignment_score,mission_text,alignment_factors,pages_analyzed,grant_history,program_areas,enhanced_at,error
Ford Foundation,131684331,New York,NY,T21,,https://projects.propublica.org/nonprofits/organizations/131684331,foundation,2025-10-17 17:56:47,https://fordfoundation.org,info@fordfoundation.org,,,,,,not_contacted,no,no,,,,high,estimated,,"info@fordfoundation.org,contact@fordfoundation.org,hello@fordfoundation.org,inquiries@fordfoundation.org,development@fordfoundation.org,admin@fordfoundation.org",5.0,20.5,"investments natural resources and climate justice technology and society our news and stories dig into the newest collection of stories of change, hope and resilience from our community.","[{""category"": ""primary"", ""keywords_found"": [""accessibility""], ""category_score"": 7}, {""category"": ""disability_support"", ""keywords_found"": [""accessibility""], ""category_score"": 8}, {""category"": ""community_education"", ""keywords_found"": [""community engagement (partial: 2/2 words)""], ""category_score"": 6.0}, {""category"": ""primary"", ""keywords_found"": [""accessibility""], ""category_score"": 7}, {""category"": ""disability_support"", ""keywords_found"": [""accessibility""], ""category_score"": 8}, {""category"": ""primary"", ""keywords_found"": [""accessibility""], ""category_score"": 7}, {""category"": ""disability_support"", ""keywords_found"": [""accessibility""], ""category_score"": 8}, {""category"": ""primary"", ""keywords_found"": [""arts program (partial: 2/2 words)"", ""arts access (partial: 2/2 words)"", ""accessibility""], ""category_score"": 23.0}, {""category"": ""disability_support"", ""keywords_found"": [""accessibility""], ""category_score"": 8}]","homepage,/about,/about-us,/grants",funding to fight inequality. share: share this page on facebook facebook share this page on linkedin linkedin advancing justice starts with supporting the individuals and institutions working tirelessly to address the underlying drivers of inequality. we fund a range of organizations around the world that align with our programs,"community,accessibility,inclusion,learning,accessibility,inclusion,learning,accessibility,inclusion,learning,arts,accessibility,inclusion,learning",2025-10-22T19:30:31.500696,
Novo Foundation,470824753,Hurley,NY,T99,,https://projects.propublica.org/nonprofits/organizations/470824753,foundation,2025-10-17 17:56:47,https://novo.org,info@novo.org,,,,,,not_contacted,no,no,,,,high,estimated,,"info@novo.org,contact@novo.org,hello@novo.org,inquiries@novo.org,development@novo.org,admin@novo.org",5.0,1.75,"join the novoactivating prayer cohort join a community of committed disciples for a discovery-based journey that will encourage, empower, and bless you with practical prayer tools to help you step into your spiritual authority.","[{""category"": ""youth_development"", ""keywords_found"": [""children""], ""category_score"": 7}]","homepage,/about,/mission,/what-we-do",,"health,community,creative,health,children",2025-10-22T19:30:48.388511,
Druckenmiller Foundation,133735187,New York,NY,,,https://projects.propublica.org/nonprofits/organizations/133735187,foundation,2025-10-17 17:56:47,,,,,,,,not_contacted,no,no,,,,high,error,,,,0.0,,,,,,2025-10-22T19:30:51.805832,'grant_history'
Rockefeller Foundation,131659629,New York,NY,,,https://projects.propublica.org/nonprofits/organizations/131659629,foundation,2025-10-17 17:56:47,https://rockefellerfoundation.org,info@rockefellerfoundation.org,,,,,,not_contacted,no,no,,,,high,estimated,,"info@rockefellerfoundation.org,contact@rockefellerfoundation.org,hello@rockefellerfoundation.org,inquiries@rockefellerfoundation.org,development@rockefellerfoundation.org,admin@rockefellerfoundation.org",5.0,25.6,"is to ensure scientific progress advances good jobs, good food, good health, and safe communities.","[{""category"": ""primary"", ""keywords_found"": [""accessibility""], ""category_score"": 7}, {""category"": ""disability_support"", ""keywords_found"": [""accessibility""], ""category_score"": 8}, {""category"": ""youth_development"", ""keywords_found"": [""children""], ""category_score"": 7}, {""category"": ""community_education"", ""keywords_found"": [""community school (partial: 2/2 words)"", ""school partnerships (partial: 2/2 words)""], ""category_score"": 16.0}, {""category"": ""primary"", ""keywords_found"": [""accessibility""], ""category_score"": 7}, {""category"": ""disability_support"", ""keywords_found"": [""accessibility""], ""category_score"": 8}, {""category"": ""primary"", ""keywords_found"": [""accessibility""], ""category_score"": 7}, {""category"": ""disability_support"", ""keywords_found"": [""accessibility""], ""category_score"": 8}, {""category"": ""primary"", ""keywords_found"": [""accessibility""], ""category_score"": 7}, {""category"": ""disability_support"", ""keywords_found"": [""accessibility""], ""category_score"": 8}, {""category"": ""youth_development"", ""keywords_found"": [""children""], ""category_score"": 7}, {""category"": ""community_education"", ""keywords_found"": [""community school (partial: 2/2 words)"", ""public schools (partial: 2/2 words)"", ""school partnerships (partial: 2/2 words)""], ""category_score"": 23.0}, {""category"": ""primary"", ""keywords_found"": [""accessibility""], ""category_score"": 7}, {""category"": ""disability_support"", ""keywords_found"": [""accessibility""], ""category_score"": 8}]","homepage,/about-us,/what-we-do,/grants,/impact",,"health,community,children,accessibility,health,community,accessibility,health,community,accessibility,inclusive,health,community,children,accessibility,health,community,accessibility,learning",2025-10-22T19:31:23.899861,
Citi Foundation,133781879,New York,NY,T21,,https://projects.propublica.org/nonprofits/organizations/133781879,foundation,2025-10-17 17:56:47,,,,,,,,not_contacted,no,no,,,,high,error,,,,0.0,,,,,,2025-10-22T19:32:07.519099,'grant_history'
Gray Foundation,471408100,Albany,NY,T22,,https://projects.propublica.org/nonprofits/organizations/471408100,foundation,2025-10-17 17:56:47,https://gray.com,info@gray.com,,,,,,not_contacted,no,no,,,,high,estimated,,"info@gray.com,contact@gray.com,hello@gray.com,inquiries@gray.com,development@gray.com,admin@gray.com",5.0,8.333333333333334,building relationships skip to main content menu services from concept to completion - solutions for every project.,"[{""category"": ""primary"", ""keywords_found"": [""arts program (partial: 2/2 words)""], ""category_score"": 8.0}, {""category"": ""disability_support"", ""keywords_found"": [""special needs (partial: 2/2 words)""], ""category_score"": 9.0}, {""category"": ""community_education"", ""keywords_found"": [""transforming lives (partial: 2/2 words)""], ""category_score"": 8.0}]","homepage,/about,/about-us",,"arts,community",2025-10-22T19:32:32.745232,
Starr Foundation,136151545,New York,NY,T22,,https://projects.propublica.org/nonprofits/organizations/136151545,foundation,2025-10-17 17:56:47,https://starr.com,loss.history@starrcompanies.com,,,,,,not_contacted,no,no,,,,high,harvested,"loss.history@starrcompanies.com,claims@starrcompanies.com,public.relations@starrcompanies.com,marketing@starrcompanies.com",,5.0,0.8181818181818182,,"[{""category"": ""disability_support"", ""keywords_found"": [""special needs (partial: 2/2 words)""], ""category_score"": 9.0}]","homepage,/about,/about-us,/mission,/vision,/our-mission,/what-we-do,/programs,/grants,/giving,/impact",,,2025-10-22T19:33:00.322755,
Nhp Foundation,521636004,New York,NY,L200,,https://projects.propublica.org/nonprofits/organizations/521636004,foundation,2025-10-17 17:56:47,https://nhpfoundation.org,info@nhpfoundation.org,,,,,,not_contacted,no,no,,,,high,estimated,,"info@nhpfoundation.org,contact@nhpfoundation.org,hello@nhpfoundation.org,inquiries@nhpfoundation.org,development@nhpfoundation.org,admin@nhpfoundation.org",5.0,1.3636363636363635,,"[{""category"": ""primary"", ""keywords_found"": [""accessibility""], ""category_score"": 7}, {""category"": ""disability_support"", ""keywords_found"": [""accessibility""], ""category_score"": 8}]","homepage,/about,/about-us,/mission,/vision,/our-mission,/what-we-do,/programs,/grants,/giving,/impact",,accessibility,2025-10-22T19:33:15.726323,
Tiger Foundation,133555671,New York,NY,,,https://projects.propublica.org/nonprofits/organizations/133555671,foundation,2025-10-17 17:56:47,https://tiger.com,info@tiger.com,,,,,,not_contacted,no,no,,,,high,estimated,,"info@tiger.com,contact@tiger.com,hello@tiger.com,inquiries@tiger.com,development@tiger.com,admin@tiger.com",2.0,16.0,,"[{""category"": ""primary"", ""keywords_found"": [""arts program (partial: 2/2 words)"", ""arts access (partial: 2/2 words)""], ""category_score"": 16.0}]",homepage,"support users round the clock.we work with a numberof world's top exchangestiger.compartners with binancewe actively collaborate with binance — the world’s largest crypto exchangesponsorshipbinance smart chain gamefi hackathonlearn moresponsorshipfide binance business schools super cuplearn morepartnership binance broker programlearn morehave any questions?contact usfrequently asked questionswhat is tiger.com?since 2015, tiger.com has been developing fintech products for traders of all levels: from experienced high-volume professionals to regular users. our solutions are developed by an international team of fintech enthusiasts. the company is headquartered in switzerland.our products are:tiger.com for windows  — a desktop platform that enables users to trade on financial and cryptocurrency markets.tiger.com macos — our desktop platform for macoswhat is trading platform?tiger.com trading platform is a customizable desktop workspace for trading stocks, futures, cryptocurrencies, and forex assets. the platform offers an exhaustive range of tools to satisfy the needs of beginners, advanced traders, and professionals alike. tiger.com platform features:stock, futures, options, cryptocurrency, and forex asset tradingdemo trading on live and historical databuilt-in risk management systemmultifunctional charts",arts,2025-10-22T19:33:34.791010,
Uniswap Foundation,883087770,New York,NY,R12,,https://projects.propublica.org/nonprofits/organizations/883087770,foundation,2025-10-17 17:56:47,https://uniswap.org,info@uniswap.org,,,,,,not_contacted,no,no,,,,high,estimated,,"info@uniswap.org,contact@uniswap.org,hello@uniswap.org,inquiries@uniswap.org,development@uniswap.org,admin@uniswap.org",0.0,0.0,,,"homepage,/about,/about-us,/mission,/vision,/our-mission,/what-we-do,/programs,/grants,/giving,/impact",,,2025-10-22T19:33:44.724788,
Bingle Foundation,853658614,Saratoga Spgs,NY,T20,,https://projects.propublica.org/nonprofits/organizations/853658614,foundation,2025-10-17 17:56:47,,,,,,,,not_contacted,no,no,,,,high,error,,,,0.0,,,,,,2025-10-22T19:34:07.758002,'grant_history'
Arcus Foundation,383332791,New York,NY,B82Z,,https://projects.propublica.org/nonprofits/organizations/383332791,foundation,2025-10-17 17:56:47,https://arcusfoundation.org,info@arcusfoundation.org,,,,,,not_contacted,no,no,,,,high,estimated,,"info@arcusfoundation.org,contact@arcusfoundation.org,hello@arcusfoundation.org,inquiries@arcusfoundation.org,development@arcusfoundation.org,admin@arcusfoundation.org",5.0,70.4,the idea that people can live in harmony with one another and the natural world.,"[{""category"": ""primary"", ""keywords_found"": [""arts education (partial: 2/2 words)"", ""art education (partial: 2/2 words)"", ""arts program (partial: 2/2 words)"", ""artistic enrichment (partial: 2/2 words)"", ""arts access (partial: 2/2 words)""], ""category_score"": 45.0}, {""category"": ""disability_support"", ""keywords_found"": [""special needs (partial: 2/2 words)"", ""special education (partial: 2/2 words)""], ""category_score"": 16.0}, {""category"": ""community_education"", ""keywords_found"": [""quality education (partial: 2/2 words)"", ""transforming lives (partial: 2/2 words)""], ""category_score"": 15.0}, {""category"": ""primary"", ""keywords_found"": [""arts education (partial: 2/2 words)"", ""art education (partial: 2/2 words)"", ""arts program (partial: 2/2 words)"", ""artistic enrichment (partial: 2/2 words)"", ""arts access (partial: 2/2 words)""], ""category_score"": 45.0}, {""category"": ""disability_support"", ""keywords_found"": [""special needs (partial: 2/2 words)"", ""special education (partial: 2/2 words)""], ""category_score"": 16.0}, {""category"": ""community_education"", ""keywords_found"": [""transforming lives (partial: 2/2 words)""], ""category_score"": 8.0}, {""category"": ""primary"", ""keywords_found"": [""arts education (partial: 2/2 words)"", ""art education (partial: 2/2 words)"", ""arts program (partial: 2/2 words)"", ""artistic enrichment (partial: 2/2 words)"", ""arts access (partial: 2/2 words)""], ""category_score"": 45.0}, {""category"": ""disability_support"", ""keywords_found"": [""special needs (partial: 2/2 words)"", ""special education (partial: 2/2 words)""], ""category_score"": 16.0}, {""category"": ""community_education"", ""keywords_found"": [""transforming lives (partial: 2/2 words)""], ""category_score"": 8.0}, {""category"": ""primary"", ""keywords_found"": [""arts education (partial: 2/2 words)"", ""art education (partial: 2/2 words)"", ""arts program (partial: 2/2 words)"", ""artistic enrichment (partial: 2/2 words)"", ""arts access (partial: 2/2 words)""], ""category_score"": 45.0}, {""category"": ""disability_support"", ""keywords_found"": [""special needs (partial: 2/2 words)"", ""special education (partial: 2/2 words)""], ""category_score"": 16.0}, {""category"": ""community_education"", ""keywords_found"": [""transforming lives (partial: 2/2 words)""], ""category_score"": 8.0}, {""category"": ""primary"", ""keywords_found"": [""arts education (partial: 2/2 words)"", ""art education (partial: 2/2 words)"", ""arts program (partial: 2/2 words)"", ""artistic enrichment (partial: 2/2 words)"", ""arts access (partial: 2/2 words)""], ""category_score"": 45.0}, {""category"": ""disability_support"", ""keywords_found"": [""special needs (partial: 2/2 words)"", ""special education (partial: 2/2 words)""], ""category_score"": 16.0}, {""category"": ""community_education"", ""keywords_found"": [""transforming lives (partial: 2/2 words)""], ""category_score"": 8.0}]","homepage,/about,/grants,/giving,/impact","support apply for a grant resources learn publications blog annual reporting learnings connect social email events media press kit library andrew r. halloran andrew r. halloran est primatologue, conservationniste et spécialiste du bien-être animal. cela fait plus de 25 ans qu’il travaille avec les chimpanzés dans des refuges, dans des zoos et en pleine nature. a.r. halloran a fondé et dirige the elgin centre, une organisation à but non lucratif dont la finalité est d’améliorer la vie des animaux captifs. ce centre coopère avec des zoos et des refuges. il fournit des consultations spécialisées en vue de concevoir des stratégies de soin au meilleur coût, des programmes d’enrichissement et des protocoles de sécurité qui garantissent l’épanouissement des animaux tout en répondant aux besoins des institutions. par ailleurs, il a cofondé le tonkolili chimpanzee project en sierra leone. il s’agit d’une initiative communautaire autour de la rivière pampana. ce projet atténue les conflits entre humains et chimpanzés dans les paysages anthropiques au moyen de la promotion de l’agriculture durable et d’incitations économiques, ce qui réduit le nombre de chimpanzés tués, et encourage la coexistence à travers l’éducation et la préservation des habitats. a.r. halloran est l’auteur des livres suivants : song of the ape (2012, st. martin’s press), lion shaped mountain (2021, earth island journal), et animal curation: the science of care & welfare (2025, cambridge university press). par son travail au sein de the elgin centre et du tonkolili project, a.r. halloran concilie captivité et conservation, et défend des pratiques éthiques qui promeuvent une vie épanouie pour les chimpanzés et les autres animaux l’espoir d’a.r. halloran, en écrivant ce texte, est que le partage d’histoires sur les refuges pour chimpanzés lui permettra de mettre en lumière leur qualité d’individus à part entière et d’illustrer les complexités scientifiques à l’œuvre lorsqu’il s’agit de fournir de bonnes conditions de vie à cette espèce extraordinaire. x andrew r. halloran, ph.d. andrew r. halloran, ph.d., is a primatologist, conservationist, and animal welfare specialist with over 25 years of experience working with chimpanzees in sanctuaries, zoos, and the wild. halloran founded and directs the elgin centre, a nonprofit organization dedicated to improving the lives of captive animals. the centre collaborates with zoos and sanctuaries, offering expert consultations to develop cost-effective care strategies, enrichment programs, and safety protocols that ensure animals thrive while meeting institutional needs. additionally, he co-founded the tonkolili chimpanzee project in sierra leone, a community-based initiative along the pampana river. the project mitigates human-chimpanzee conflicts in anthropogenic landscapes by promoting sustainable agriculture and economic incentives, reducing chimpanzee killings, and fostering coexistence through education and habitat preservation. halloran has authored the books song of the ape (2012, st. martin’s press), lion shaped mountain (2021, earth island journal), and animal curation: the science of care & welfare (2025, cambridge university press). through his work with the elgin centre and the tonkolili project, halloran bridges captivity and conservation, advocating for ethical practices that promote a life of thriving for chimpanzees and other animals. in writing this piece, halloran hopes that by sharing the stories of chimpanzee sanctuaries, he can highlight them as the individuals they are, as well as showcasing the complexities of the science of providing good welfare to such an extraordinary species. x get to know a muxe artist and activist ©mexfam ©mexfam a muxe woman, peregrina vera is a member of the indigenous zapotec community from the town of juchitán in the southeast of oaxaca state in mexico. a skilled artisan of traditional woven clothing, peregrina also prepares decorations for local festivals. but in addition to her artistic endeavors, she is one of the leaders of the transformándome (“transforming myself”) project housed at mexfam, a nationwide civil society organization promoting access to health, education, and advocacy of sexual and reproductive rights. the project helps educate the muxe about their rights and how they can live authentically as themselves, including acquiring identification documents that accurately portray their names and genders. peregrina’s activism includes documenting incidents of hate crimes against the muxe throughout the region. this is a subject she unfortunately knows all too well after she experienced a recent violent attack and robbery in which all of her work tools were stolen. these incidents have increased as new people have moved into the region. “before they did nothing to us,” peregrina explains. “now if you’re at a party, just by seeing you, they want to attack you, they insult you, and on many occasions, the aggression changes from words to physical attacks.” by documenting these incidents, peregrina is helping to bring the issue of hate violence to the attention of authorities and the public. she is also working to connect members of her community through online meetings using computers acquired by the transformándome project. all of her activism is aimed at increasing the acceptance and inclusion of her muxe community. x una líder muxe comparte su historia ©mexfam ©mexfam mujer muxe, peregrina vera es miembro de la comunidad indígena zapoteca del pueblo de juchitán, en el sureste del estado de oaxaca. hábil artesana de la ropa tejida tradicional, peregrina también prepara adornos para las fiestas locales. pero además de sus esfuerzos artísticos, es una de las líderes de transformándome en mexfam, la organización nacional de planificación familiar de méxico. el proyecto ayuda a educar a la comunidad muxe sobre sus derechos y sobre cómo pueden vivir auténticamente sin esconderse, incluyendo cómo obtener documentos de identidad que reflejen con exactitud sus nombres y géneros. el activismo de peregrina incluye la documentación de incidentes de crímenes de odio contra la comunidad muxe en toda la región. se trata de un tema que, por desgracia, conoce demasiado bien tras haber sufrido recientemente un ataque violento y un robo en el que le sustrajeron todas sus herramientas de trabajo. estos incidentes han aumentado a medida que nuevas personas se han trasladado a la región. “antes no nos hacían nada”, explica. “ahora, si estás en una fiesta, solo con verte quieren agredirte, te insultan y, en muchas ocasiones, la agresión pasa de las palabras a los ataques físicos”. con la documentación de estos incidentes, peregrina está ayudando a llamar la atención de las autoridades y del público sobre el problema de la violencia motivada por el odio. también está trabajando para conectar a los miembros de su comunidad a través de reuniones en línea utilizando computadoras adquiridas gracias al proyecto transformándome. todo su activismo busca aumentar la aceptación y la inclusión de su comunidad muxe. x sign up for arcus emails × x arcus homepage marquee video transcript a bonobo in trees moving its mouth, with a binocular effect zooming in on the ape. a text overlay says, “dedicated to the idea that people can live in harmony with one another and the natural world.” a forest with the sun shining through trees, with a text overlay that quotes jon stryker and annette lanjouw of arcus foundation saying, “destruction of nature exposes us to a panoply of diseases, and creates and exacerbates social injustice and political repression around the world.” a razed forest. a learn more button that links to the arcus foundation 2019 annual report a city street with a large crosswalk and a large crowd of people crossing it. text overlay with a quote: “lgbtq communities served by our social justice program live at the intersection of this long chain of degradation—environmental and social.” a scene from a protest, people wearing face masks, waving signs and banners, drumming on a drum, dancing, shouting through a megaphone. two signs are a sheer black color with gold trim and list several names, including roxsana hernandez, claire legato, muhlaysia booker, and nina pop. another sign says “black trans lives matter”. a learn more button that links to the arcus foundation’s support page for lgbt social justice. a woman wearing a white dress, long wavy dark brown hair, teal lipstick, plum fingernails, rectangular metal glasses sits in a chair and talks. a text overlay identifies her as úmi vera, familia: trans queer liberation movement, united states, and quotes her saying: “there’s incredible power in the trans queer migrant community. to be dehumanized so much and not lose your hope, your sense of joy—it’s just astonishing.” a learn more button that links to a story: lgbtq migrants to the u.s. fight to stay safe a person with shoulder-length, dark brown, straight hair wearing a pink and silver fuzzy tiara and a white and purple dress with a big tulle bottom and a corset top, over a white t-shirt that says selena, dancing around in circles outdoors with a crowd of people sitting and standing nearby, and with the flags of puerto rico, panama, and peru hanging from wood beams in the background. a woman with short black and gray hair wearing a black dress shirt talks. a text overlay identifies her as indyra mendoza, red lésbica cattrachas, honduras, and quotes her saying: “for so many years, we missed being free and open with our partners—now is the time to make it happen!.” a learn more button that links to a story: “i know who i am, but my country doesn’t recognize me”. a woman wearing a long-sleeved gray shirt under a jumper featuring white and pastel yellow, blue and green circles, a black head covering and a red face mask, stands in front of a church building with a sign that says: “central methodist mission you are born in love by love for love”. a text overlay identifies her as mia lukas, sistaazhood, homeless trans women supported by gender dynamix, south africa, and quotes her saying: “with their support, we feel more included in society.” a learn more button that links to a story: supporting cape town’s homeless transgender women during covid-19 a map of the world with parts,support apply for a grant resources learn publications blog annual reporting learnings connect social email events media press kit library andrew r. halloran andrew r. halloran est primatologue, conservationniste et spécialiste du bien-être animal. cela fait plus de 25 ans qu’il travaille avec les chimpanzés dans des refuges, dans des zoos et en pleine nature. a.r. halloran a fondé et dirige the elgin centre, une organisation à but non lucratif dont la finalité est d’améliorer la vie des animaux captifs. ce centre coopère avec des zoos et des refuges. il fournit des consultations spécialisées en vue de concevoir des stratégies de soin au meilleur coût, des programmes d’enrichissement et des protocoles de sécurité qui garantissent l’épanouissement des animaux tout en répondant aux besoins des institutions. par ailleurs, il a cofondé le tonkolili chimpanzee project en sierra leone. il s’agit d’une initiative communautaire autour de la rivière pampana. ce projet atténue les conflits entre humains et chimpanzés dans les paysages anthropiques au moyen de la promotion de l’agriculture durable et d’incitations économiques, ce qui réduit le nombre de chimpanzés tués, et encourage la coexistence à travers l’éducation et la préservation des habitats. a.r. halloran est l’auteur des livres suivants : song of the ape (2012, st. martin’s press), lion shaped mountain (2021, earth island journal), et animal curation: the science of care & welfare (2025, cambridge university press). par son travail au sein de the elgin centre et du tonkolili project, a.r. halloran concilie captivité et conservation, et défend des pratiques éthiques qui promeuvent une vie épanouie pour les chimpanzés et les autres animaux l’espoir d’a.r. halloran, en écrivant ce texte, est que le partage d’histoires sur les refuges pour chimpanzés lui permettra de mettre en lumière leur qualité d’individus à part entière et d’illustrer les complexités scientifiques à l’œuvre lorsqu’il s’agit de fournir de bonnes conditions de vie à cette espèce extraordinaire. x andrew r. halloran, ph.d. andrew r. halloran, ph.d., is a primatologist, conservationist, and animal welfare specialist with over 25 years of experience working with chimpanzees in sanctuaries, zoos, and the wild. halloran founded and directs the elgin centre, a nonprofit organization dedicated to improving the lives of captive animals. the centre collaborates with zoos and sanctuaries, offering expert consultations to develop cost-effective care strategies, enrichment programs, and safety protocols that ensure animals thrive while meeting institutional needs. additionally, he co-founded the tonkolili chimpanzee project in sierra leone, a community-based initiative along the pampana river. the project mitigates human-chimpanzee conflicts in anthropogenic landscapes by promoting sustainable agriculture and economic incentives, reducing chimpanzee killings, and fostering coexistence through education,support apply for a grant resources learn publications blog annual reporting learnings connect social email events media press kit library andrew r. halloran andrew r. halloran est primatologue, conservationniste et spécialiste du bien-être animal. cela fait plus de 25 ans qu’il travaille avec les chimpanzés dans des refuges, dans des zoos et en pleine nature. a.r. halloran a fondé et dirige the elgin centre, une organisation à but non lucratif dont la finalité est d’améliorer la vie des animaux captifs. ce centre coopère avec des zoos et des refuges. il fournit des consultations spécialisées en vue de concevoir des stratégies de soin au meilleur coût, des programmes d’enrichissement et des protocoles de sécurité qui garantissent l’épanouissement des animaux tout en répondant aux besoins des institutions. par ailleurs, il a cofondé le tonkolili chimpanzee project en sierra leone. il s’agit d’une initiative communautaire autour de la rivière pampana. ce projet atténue les conflits entre humains et chimpanzés dans les paysages anthropiques au moyen de la promotion de l’agriculture durable et d’incitations économiques, ce qui réduit le nombre de chimpanzés tués, et encourage la coexistence à travers l’éducation et la préservation des habitats. a.r. halloran est l’auteur des livres suivants : song of the ape (2012, st. martin’s press), lion shaped mountain (2021, earth island journal), et animal curation: the science of care & welfare (2025, cambridge university press). par son travail au sein de the elgin centre et du tonkolili project, a.r. halloran concilie captivité et conservation, et défend des pratiques éthiques qui promeuvent une vie épanouie pour les chimpanzés et les autres animaux l’espoir d’a.r. halloran, en écrivant ce texte, est que le partage d’histoires sur les refuges pour chimpanzés lui permettra de mettre en lumière leur qualité d’individus à part entière et d’illustrer les complexités scientifiques à l’œuvre lorsqu’il s’agit de fournir de bonnes conditions de vie à cette espèce extraordinaire. x andrew r. halloran, ph.d. andrew r. halloran, ph.d., is a primatologist, conservationist, and animal welfare specialist with over 25 years of experience working with chimpanzees in sanctuaries, zoos, and the wild. halloran founded and directs the elgin centre, a nonprofit organization dedicated to improving the lives of captive animals. the centre collaborates with zoos and sanctuaries, offering expert consultations to develop cost-effective care strategies, enrichment programs, and safety protocols that ensure animals thrive while meeting institutional needs. additionally, he co-founded the tonkolili chimpanzee project in sierra leone, a community-based initiative along the pampana river. the project mitigates human-chimpanzee conflicts in anthropogenic landscapes by promoting sustainable agriculture and economic incentives, reducing chimpanzee killings, and fostering coexistence through education,support apply for a grant resources learn publications blog annual reporting learnings connect social email events media press kit library andrew r. halloran andrew r. halloran est primatologue, conservationniste et spécialiste du bien-être animal. cela fait plus de 25 ans qu’il travaille avec les chimpanzés dans des refuges, dans des zoos et en pleine nature. a.r. halloran a fondé et dirige the elgin centre, une organisation à but non lucratif dont la finalité est d’améliorer la vie des animaux captifs. ce centre coopère avec des zoos et des refuges. il fournit des consultations spécialisées en vue de concevoir des stratégies de soin au meilleur coût, des programmes d’enrichissement et des protocoles de sécurité qui garantissent l’épanouissement des animaux tout en répondant aux besoins des institutions. par ailleurs, il a cofondé le tonkolili chimpanzee project en sierra leone. il s’agit d’une initiative communautaire autour de la rivière pampana. ce projet atténue les conflits entre humains et chimpanzés dans les paysages anthropiques au moyen de la promotion de l’agriculture durable et d’incitations économiques, ce qui réduit le nombre de chimpanzés tués, et encourage la coexistence à travers l’éducation et la préservation des habitats. a.r. halloran est l’auteur des livres suivants : song of the ape (2012, st. martin’s press), lion shaped mountain (2021, earth island journal), et animal curation: the science of care & welfare (2025, cambridge university press). par son travail au sein de the elgin centre et du tonkolili project, a.r. halloran concilie captivité et conservation, et défend des pratiques éthiques qui promeuvent une vie épanouie pour les chimpanzés et les autres animaux l’espoir d’a.r. halloran, en écrivant ce texte, est que le partage d’histoires sur les refuges pour chimpanzés lui permettra de mettre en lumière leur qualité d’individus à part entière et d’illustrer les complexités scientifiques à l’œuvre lorsqu’il s’agit de fournir de bonnes conditions de vie à cette espèce extraordinaire. x andrew r. halloran, ph.d. andrew r. halloran, ph.d., is a primatologist, conservationist, and animal welfare specialist with over 25 years of experience working with chimpanzees in sanctuaries, zoos, and the wild. halloran founded and directs the elgin centre, a nonprofit organization dedicated to improving the lives of captive animals. the centre collaborates with zoos and sanctuaries, offering expert consultations to develop cost-effective care strategies, enrichment programs, and safety protocols that ensure animals thrive while meeting institutional needs. additionally, he co-founded the tonkolili chimpanzee project in sierra leone, a community-based initiative along the pampana river. the project mitigates human-chimpanzee conflicts in anthropogenic landscapes by promoting sustainable agriculture and economic incentives, reducing chimpanzee killings, and fostering coexistence through education and habitat preservation. halloran has authored the books song of the ape (2012, st. martin’s press), lion shaped mountain (2021, earth island journal), and animal curation: the science of care & welfare (2025, cambridge university press). through his work with the elgin centre and the tonkolili project, halloran bridges captivity and conservation, advocating for ethical practices that promote a life of thriving for chimpanzees and other animals. in writing this piece, halloran hopes that by sharing the stories of chimpanzee sanctuaries, he can highlight them as the individuals they are, as well as showcasing the complexities of the science of providing good welfare to such an extraordinary species. x get to know a muxe artist and activist ©mexfam ©mexfam a muxe woman, peregrina vera is a member of the indigenous zapotec community from the town of juchitán in the southeast of oaxaca state in mexico. a skilled artisan of traditional woven clothing, peregrina also prepares decorations for local festivals. but in addition to her artistic endeavors, she is one of the leaders of the transformándome (“transforming myself”) project housed at mexfam, a nationwide civil society organization promoting access to health, education, and advocacy of sexual and reproductive rights. the project helps educate the muxe about their rights and how they can live authentically as themselves, including acquiring identification documents that accurately portray their names and genders. peregrina’s activism includes documenting incidents of hate crimes against the muxe throughout the region. this is a subject she unfortunately knows all too well after she experienced a recent violent attack and robbery in which all of her work tools were stolen. these incidents have increased as new people have moved into the region. “before they did nothing to us,” peregrina explains. “now if you’re at a party, just by seeing you, they want to attack you, they insult you, and on many occasions, the aggression changes from words to physical attacks.” by documenting these incidents, peregrina is helping to bring the issue of hate violence to the attention of authorities and the public. she is also working to connect members of her community through online meetings using computers acquired by the transformándome project. all of her activism is aimed at increasing the acceptance and inclusion of her muxe community. x una líder muxe comparte su historia ©mexfam ©mexfam mujer muxe, peregrina vera es miembro de la comunidad indígena zapoteca del pueblo de juchitán, en el sureste del estado de oaxaca. hábil artesana de la ropa tejida tradicional, peregrina también prepara adornos para las fiestas locales. pero además de sus esfuerzos artísticos, es una de las líderes de transformándome en mexfam, la organización nacional de planificación familiar de méxico. el proyecto ayuda a educar a la comunidad muxe sobre sus derechos y sobre cómo pueden vivir auténticamente sin esconderse, incluyendo cómo obtener documentos de identidad que reflejen con exactitud sus nombres y géneros. el activismo de peregrina incluye la documentación de incidentes de crímenes de odio contra la comunidad muxe en toda la región. se trata de un tema que, por desgracia, conoce demasiado bien tras haber sufrido recientemente un ataque violento y un robo en el que le sustrajeron todas sus herramientas de trabajo. estos incidentes han aumentado a medida que nuevas personas se han trasladado a la región. “antes no nos hacían nada”, explica. “ahora, si estás en una fiesta, solo con verte quieren agredirte, te insultan y, en muchas ocasiones, la agresión pasa de las palabras a los ataques físicos”. con la documentación de estos incidentes, peregrina está ayudando a llamar la atención de las autoridades y del público sobre el problema de la violencia motivada por el odio. también está trabajando para conectar a los miembros de su comunidad a través de reuniones en línea utilizando computadoras adquiridas gracias al proyecto transformándome. todo su activismo busca aumentar la aceptación y la inclusión de su comunidad muxe. x x arcus homepage marquee video transcript a bonobo in trees moving its mouth, with a binocular effect zooming in on the ape. a text overlay says, “dedicated to the idea that people can live in harmony with one another and the natural world.” a forest with the sun shining through trees, with a text overlay that quotes jon stryker and annette lanjouw of arcus foundation saying, “destruction of nature exposes us to a panoply of diseases, and creates and exacerbates social injustice and political repression around the world.” a razed forest. a learn more button that links to the arcus foundation 2019 annual report a city street with a large crosswalk and a large crowd of people crossing it. text overlay with a quote: “lgbtq communities served by our social justice program live at the intersection of this long chain of degradation—environmental and social.” a scene from a protest, people wearing face masks, waving signs and banners, drumming on a drum, dancing, shouting through a megaphone. two signs are a sheer black color with gold trim and list several names, including roxsana hernandez, claire legato, muhlaysia booker, and nina pop. another sign says “black trans lives matter”. a learn more button that links to the arcus foundation’s support page for lgbt social justice. a woman wearing a white dress, long wavy dark brown hair, teal lipstick, plum fingernails, rectangular metal glasses sits in a chair and talks. a text overlay identifies her as úmi vera, familia: trans queer liberation movement, united states, and quotes her saying: “there’s incredible power in the trans queer migrant community. to be dehumanized so much and not lose your hope, your sense of joy—it’s just astonishing.” a learn more button that links to a story: lgbtq migrants to the u.s. fight to stay safe a person with shoulder-length, dark brown, straight hair wearing a pink and silver fuzzy tiara and a white and purple dress with a big tulle bottom and a corset top, over a white t-shirt that says selena, dancing around in circles outdoors with a crowd of people sitting and standing nearby, and with the flags of puerto rico, panama, and peru hanging from wood beams in the background. a woman with short black and gray hair wearing a black dress shirt talks. a text overlay identifies her as indyra mendoza, red lésbica cattrachas, honduras, and quotes her saying: “for so many years, we missed being free and open with our partners—now is the time to make it happen!.” a learn more button that links to a story: “i know who i am, but my country doesn’t recognize me”. a woman wearing a long-sleeved gray shirt under a jumper featuring white and pastel yellow, blue and green circles, a black head covering and a red face mask, stands in front of a church building with a sign that says: “central methodist mission you are born in love by love for love”. a text overlay identifies her as mia lukas, sistaazhood, homeless trans women supported by gender dynamix, south africa, and quotes her saying: “with their support, we feel more included in society.” a learn more button that links to a story: supporting cape town’s homeless transgender women during covid-19 a map of the world with parts,support apply for a grant resources ©designews.com ©designews.com arcus’ two grantmaking strategies prioritize 12 focus countries for lgbtq social justice, and landscapes spanning 20 focus countries for ape conservation and well-being. our grantmaking we are dedicated to the idea that people can live in harmony with one another and the natural world. we work toward that vision through our lgbtq social justice and great apes & gibbons programs, which have distributed more than 2,000 grants to more than 500 organizations in more than 50 countries. grant amounts range from small, one-time contributions to larger, multi-year investments, with the majority falling between $100,000 and $150,000 per year. all grants are awarded to initiatives or organizations that are clearly aligned with our program strategies and goals. the grantmaking process typically takes between two and six months from application to decision. to be considered, an applicant must be registered as an organizational entity with legal standing. we do not make grants to individuals, or for lobbying purposes, election campaigns, or medical research. to see whether your project or organization aligns with our program goals and strategies click below: great apes & gibbons grantmaking more social justice grantmaking more arcus foundation push boundaries make change phone numbers u.s. office phone: +1-212-488-3000 u.k. office phone: +44-1223-653040 emails subscribe connect with us on social media social justice program great apes & gibbons program © 2025 arcus foundation privacy policy terms & conditions home about arcus culture board & staff contact employment grants our support apply for a grant resources learn publications blog annual reporting learnings connect social email events media press kit library andrew r. halloran andrew r. halloran est primatologue, conservationniste et spécialiste du bien-être animal. cela fait plus de 25 ans qu’il travaille avec les chimpanzés dans des refuges, dans des zoos et en pleine nature. a.r. halloran a fondé et dirige the elgin centre, une organisation à but non lucratif dont la finalité est d’améliorer la vie des animaux captifs. ce centre coopère avec des zoos et des refuges. il fournit des consultations spécialisées en vue de concevoir des stratégies de soin au meilleur coût, des programmes d’enrichissement et des protocoles de sécurité qui garantissent l’épanouissement des animaux tout en répondant aux besoins des institutions. par ailleurs, il a cofondé le tonkolili chimpanzee project en sierra leone. il s’agit d’une initiative communautaire autour de la rivière pampana. ce projet atténue les conflits entre humains et chimpanzés dans les paysages anthropiques au moyen de la promotion de l’agriculture durable et d’incitations économiques, ce qui réduit le nombre de chimpanzés tués, et encourage la coexistence à travers l’éducation et la préservation des habitats. a.r. halloran est l’auteur des livres suivants : song of the ape (2012, st. martin’s press), lion shaped mountain (2021, earth island journal), et animal curation: the science of care & welfare (2025, cambridge university press). par son travail au sein de the elgin centre et du tonkolili project, a.r. halloran concilie captivité et conservation, et défend des pratiques éthiques qui promeuvent une vie épanouie pour les chimpanzés et les autres animaux l’espoir d’a.r. halloran, en écrivant ce texte, est que le partage d’histoires sur les refuges pour chimpanzés lui permettra de mettre en lumière leur qualité d’individus à part entière et d’illustrer les complexités scientifiques à l’œuvre lorsqu’il s’agit de fournir de bonnes conditions de vie à cette espèce extraordinaire. x andrew r. halloran, ph.d. andrew r. halloran, ph.d., is a primatologist, conservationist, and animal welfare specialist with over 25 years of experience working with chimpanzees in sanctuaries, zoos, and the wild. halloran founded and directs the elgin centre, a nonprofit organization dedicated to improving the lives of captive animals. the centre collaborates with zoos and sanctuaries, offering expert consultations to develop cost-effective care strategies, enrichment programs, and safety protocols that ensure animals thrive while meeting institutional needs. additionally, he co-founded the tonkolili chimpanzee project in sierra leone, a community-based initiative along the pampana river. the project mitigates human-chimpanzee conflicts in anthropogenic landscapes by promoting sustainable agriculture and economic incentives, reducing chimpanzee killings, and fostering coexistence through education,support apply for a grant resources ©designews.com ©designews.com arcus’ two grantmaking strategies prioritize 12 focus countries for lgbtq social justice, and landscapes spanning 20 focus countries for ape conservation and well-being. our grantmaking we are dedicated to the idea that people can live in harmony with one another and the natural world. we work toward that vision through our lgbtq social justice and great apes & gibbons programs, which have distributed more than 2,000 grants to more than 500 organizations in more than 50 countries. grant amounts range from small, one-time contributions to larger, multi-year investments, with the majority falling between $100,000 and $150,000 per year. all grants are awarded to initiatives or organizations that are clearly aligned with our program strategies and goals. the grantmaking process typically takes between two and six months from application to decision. to be considered, an applicant must be registered as an organizational entity with legal standing. we do not make grants to individuals, or for lobbying purposes, election campaigns, or medical research. to see whether your project or organization aligns with our program goals and strategies click below: great apes & gibbons grantmaking more social justice grantmaking more arcus foundation push boundaries make change phone numbers u.s. office phone: +1-212-488-3000 u.k. office phone: +44-1223-653040 emails subscribe connect with us on social media social justice program great apes & gibbons program © 2025 arcus foundation privacy policy terms & conditions home about arcus culture board & staff contact employment grants our support apply for a grant resources learn publications blog annual reporting learnings connect social email events media press kit library andrew r. halloran andrew r. halloran est primatologue, conservationniste et spécialiste du bien-être animal. cela fait plus de 25 ans qu’il travaille avec les chimpanzés dans des refuges, dans des zoos et en pleine nature. a.r. halloran a fondé et dirige the elgin centre, une organisation à but non lucratif dont la finalité est d’améliorer la vie des animaux captifs. ce centre coopère avec des zoos et des refuges. il fournit des consultations spécialisées en vue de concevoir des stratégies de soin au meilleur coût, des programmes d’enrichissement et des protocoles de sécurité qui garantissent l’épanouissement des animaux tout en répondant aux besoins des institutions. par ailleurs, il a cofondé le tonkolili chimpanzee project en sierra leone. il s’agit d’une initiative communautaire autour de la rivière pampana. ce projet atténue les conflits entre humains et chimpanzés dans les paysages anthropiques au moyen de la promotion de l’agriculture durable et d’incitations économiques, ce qui réduit le nombre de chimpanzés tués, et encourage la coexistence à travers l’éducation et la préservation des habitats. a.r. halloran est l’auteur des livres suivants : song of the ape (2012, st. martin’s press), lion shaped mountain (2021, earth island journal), et animal curation: the science of care & welfare (2025, cambridge university press). par son travail au sein de the elgin centre et du tonkolili project, a.r. halloran concilie captivité et conservation, et défend des pratiques éthiques qui promeuvent une vie épanouie pour les chimpanzés et les autres animaux l’espoir d’a.r. halloran, en écrivant ce texte, est que le partage d’histoires sur les refuges pour chimpanzés lui permettra de mettre en lumière leur qualité d’individus à part entière et d’illustrer les complexités scientifiques à l’œuvre lorsqu’il s’agit de fournir de bonnes conditions de vie à cette espèce extraordinaire. x andrew r. halloran, ph.d. andrew r. halloran, ph.d., is a primatologist, conservationist, and animal welfare specialist with over 25 years of experience working with chimpanzees in sanctuaries, zoos, and the wild. halloran founded and directs the elgin centre, a nonprofit organization dedicated to improving the lives of captive animals. the centre collaborates with zoos and sanctuaries, offering expert consultations to develop cost-effective care strategies, enrichment programs, and safety protocols that ensure animals thrive while meeting institutional needs. additionally, he co-founded the tonkolili chimpanzee project in sierra leone, a community-based initiative along the pampana river. the project mitigates human-chimpanzee conflicts in anthropogenic landscapes by promoting sustainable agriculture and economic incentives, reducing chimpanzee killings, and fostering coexistence through education and habitat preservation. halloran has authored the books song of the ape (2012, st. martin’s press), lion shaped mountain (2021, earth island journal), and animal curation: the science of care & welfare (2025, cambridge university press). through his work with the elgin centre and the tonkolili project, halloran bridges captivity and conservation, advocating for ethical practices that promote a life of thriving for chimpanzees and other animals. in writing this piece, halloran hopes that by sharing the stories of chimpanzee sanctuaries, he can highlight them as the individuals they are, as well as showcasing the complexities of the science of providing good welfare to such an extraordinary species. x get to know a muxe artist and activist ©mexfam ©mexfam a muxe woman, peregrina vera is a member of the indigenous zapotec community from the town of juchitán in the southeast of oaxaca state in mexico. a skilled artisan of traditional woven clothing, peregrina also prepares decorations for local festivals. but in addition to her artistic endeavors, she is one of the leaders of the transformándome (“transforming myself”) project housed at mexfam, a nationwide civil society organization promoting access to health, education, and advocacy of sexual and reproductive rights. the project helps educate the muxe about their rights and how they can live authentically as themselves, including acquiring identification documents that accurately portray their names and genders. peregrina’s activism includes documenting incidents of hate crimes against the muxe throughout the region. this is a subject she unfortunately knows all too well after she experienced a recent violent attack and robbery in which all of her work tools were stolen. these incidents have increased as new people have moved into the region. “before they did nothing to us,” peregrina explains. “now if you’re at a party, just by seeing you, they want to attack you, they insult you, and on many occasions, the aggression changes from words to physical attacks.” by documenting these incidents, peregrina is helping to bring the issue of hate violence to the attention of authorities and the public. she is also working to connect members of her community through online meetings using computers acquired by the transformándome project. all of her activism is aimed at increasing the acceptance and inclusion of her muxe community. x una líder muxe comparte su historia ©mexfam ©mexfam mujer muxe, peregrina vera es miembro de la comunidad indígena zapoteca del pueblo de juchitán, en el sureste del estado de oaxaca. hábil artesana de la ropa tejida tradicional, peregrina también prepara adornos para las fiestas locales. pero además de sus esfuerzos artísticos, es una de las líderes de transformándome en mexfam, la organización nacional de planificación familiar de méxico. el proyecto ayuda a educar a la comunidad muxe sobre sus derechos y sobre cómo pueden vivir auténticamente sin esconderse, incluyendo cómo obtener documentos de identidad que reflejen con exactitud sus nombres y géneros. el activismo de peregrina incluye la documentación de incidentes de crímenes de odio contra la comunidad muxe en toda la región. se trata de un tema que, por desgracia, conoce demasiado bien tras haber sufrido recientemente un ataque violento y un robo en el que le sustrajeron todas sus herramientas de trabajo. estos incidentes han aumentado a medida que nuevas personas se han trasladado a la región. “antes no nos hacían nada”, explica. “ahora, si estás en una fiesta, solo con verte quieren agredirte, te insultan y, en muchas ocasiones, la agresión pasa de las palabras a los ataques físicos”. con la documentación de estos incidentes, peregrina está ayudando a llamar la atención de las autoridades y del público sobre el problema de la violencia motivada por el odio. también está trabajando para conectar a los miembros de su comunidad a través de reuniones en línea utilizando computadoras adquiridas gracias al proyecto transformándome. todo su activismo busca aumentar la aceptación y la inclusión de su comunidad muxe. x sign up for arcus emails × x arcus homepage marquee video transcript a bonobo in trees moving its mouth, with a binocular effect zooming in on the ape. a text overlay says, “dedicated to the idea that people can live in harmony with one another and the natural world.” a forest with the sun shining through trees, with a text overlay that quotes jon stryker and annette lanjouw of arcus foundation saying, “destruction of nature exposes us to a panoply of diseases, and creates and exacerbates social injustice and political repression around the world.” a razed forest. a learn more button that links to the arcus foundation 2019 annual report a city street with a large crosswalk and a large crowd of people crossing it. text overlay with a quote: “lgbtq communities served by our social justice program live at the intersection of this long chain of degradation—environmental and social.” a scene from a protest, people wearing face masks, waving signs and banners, drumming on a drum, dancing, shouting through a megaphone. two signs are a sheer black color with gold trim and list several names, including roxsana hernandez, claire legato, muhlaysia booker, and nina pop. another sign says “black trans lives matter”. a learn more button that links to the arcus foundation’s support page for lgbt social justice. a woman wearing a white dress, long wavy dark brown hair, teal lipstick, plum fingernails, rectangular metal glasses sits in a chair and talks. a text overlay identifies her as úmi vera, familia: trans queer liberation movement, united states, and quotes her saying: “there’s incredible power in the trans queer migrant community. to be dehumanized so much and not lose your hope, your sense of joy—it’s just astonishing.” a learn more button that links to a story: lgbtq migrants to the u.s. fight to stay safe a person with shoulder-length, dark brown, straight hair wearing a pink and silver fuzzy tiara and a white and purple dress with a big tulle bottom and a corset top, over a white t-shirt that says selena, dancing around in circles outdoors with a crowd of people sitting and standing nearby, and with the flags of puerto rico, panama, and peru hanging from wood beams in the background. a woman with short black and gray hair wearing a black dress shirt talks. a text overlay identifies her as indyra mendoza, red lésbica cattrachas, honduras, and quotes her saying: “for so many years, we missed being free and open with our partners—now is the time to make it happen!.” a learn more button that links to a story: “i know who i am, but my country doesn’t recognize me”. a woman wearing a long-sleeved gray shirt under a jumper featuring white and pastel yellow, blue and green circles, a black head covering and a red face mask, stands in front of a church building with a sign that says: “central methodist mission you are born in love by love for love”. a text overlay identifies her as mia lukas, sistaazhood, homeless trans women supported by gender dynamix, south africa, and quotes her saying: “with their support, we feel more included in society.” a learn more button that links to a story: supporting cape town’s homeless transgender women during covid-19 a map of the world with parts,support apply for a grant resources learn publications blog annual reporting learnings connect social email events media press kit library andrew r. halloran andrew r. halloran est primatologue, conservationniste et spécialiste du bien-être animal. cela fait plus de 25 ans qu’il travaille avec les chimpanzés dans des refuges, dans des zoos et en pleine nature. a.r. halloran a fondé et dirige the elgin centre, une organisation à but non lucratif dont la finalité est d’améliorer la vie des animaux captifs. ce centre coopère avec des zoos et des refuges. il fournit des consultations spécialisées en vue de concevoir des stratégies de soin au meilleur coût, des programmes d’enrichissement et des protocoles de sécurité qui garantissent l’épanouissement des animaux tout en répondant aux besoins des institutions. par ailleurs, il a cofondé le tonkolili chimpanzee project en sierra leone. il s’agit d’une initiative communautaire autour de la rivière pampana. ce projet atténue les conflits entre humains et chimpanzés dans les paysages anthropiques au moyen de la promotion de l’agriculture durable et d’incitations économiques, ce qui réduit le nombre de chimpanzés tués, et encourage la coexistence à travers l’éducation et la préservation des habitats. a.r. halloran est l’auteur des livres suivants : song of the ape (2012, st. martin’s press), lion shaped mountain (2021, earth island journal), et animal curation: the science of care & welfare (2025, cambridge university press). par son travail au sein de the elgin centre et du tonkolili project, a.r. halloran concilie captivité et conservation, et défend des pratiques éthiques qui promeuvent une vie épanouie pour les chimpanzés et les autres animaux l’espoir d’a.r. halloran, en écrivant ce texte, est que le partage d’histoires sur les refuges pour chimpanzés lui permettra de mettre en lumière leur qualité d’individus à part entière et d’illustrer les complexités scientifiques à l’œuvre lorsqu’il s’agit de fournir de bonnes conditions de vie à cette espèce extraordinaire. x andrew r. halloran, ph.d. andrew r. halloran, ph.d., is a primatologist, conservationist, and animal welfare specialist with over 25 years of experience working with chimpanzees in sanctuaries, zoos, and the wild. halloran founded and directs the elgin centre, a nonprofit organization dedicated to improving the lives of captive animals. the centre collaborates with zoos and sanctuaries, offering expert consultations to develop cost-effective care strategies, enrichment programs, and safety protocols that ensure animals thrive while meeting institutional needs. additionally, he co-founded the tonkolili chimpanzee project in sierra leone, a community-based initiative along the pampana river. the project mitigates human-chimpanzee conflicts in anthropogenic landscapes by promoting sustainable agriculture and economic incentives, reducing chimpanzee killings, and fostering coexistence through education,support apply for a grant resources learn publications blog annual reporting learnings connect social email events media press kit library andrew r. halloran andrew r. halloran est primatologue, conservationniste et spécialiste du bien-être animal. cela fait plus de 25 ans qu’il travaille avec les chimpanzés dans des refuges, dans des zoos et en pleine nature. a.r. halloran a fondé et dirige the elgin centre, une organisation à but non lucratif dont la finalité est d’améliorer la vie des animaux captifs. ce centre coopère avec des zoos et des refuges. il fournit des consultations spécialisées en vue de concevoir des stratégies de soin au meilleur coût, des programmes d’enrichissement et des protocoles de sécurité qui garantissent l’épanouissement des animaux tout en répondant aux besoins des institutions. par ailleurs, il a cofondé le tonkolili chimpanzee project en sierra leone. il s’agit d’une initiative communautaire autour de la rivière pampana. ce projet atténue les conflits entre humains et chimpanzés dans les paysages anthropiques au moyen de la promotion de l’agriculture durable et d’incitations économiques, ce qui réduit le nombre de chimpanzés tués, et encourage la coexistence à travers l’éducation et la préservation des habitats. a.r. halloran est l’auteur des livres suivants : song of the ape (2012, st. martin’s press), lion shaped mountain (2021, earth island journal), et animal curation: the science of care & welfare (2025, cambridge university press). par son travail au sein de the elgin centre et du tonkolili project, a.r. halloran concilie captivité et conservation, et défend des pratiques éthiques qui promeuvent une vie épanouie pour les chimpanzés et les autres animaux l’espoir d’a.r. halloran, en écrivant ce texte, est que le partage d’histoires sur les refuges pour chimpanzés lui permettra de mettre en lumière leur qualité d’individus à part entière et d’illustrer les complexités scientifiques à l’œuvre lorsqu’il s’agit de fournir de bonnes conditions de vie à cette espèce extraordinaire. x andrew r. halloran, ph.d. andrew r. halloran, ph.d., is a primatologist, conservationist, and animal welfare specialist with over 25 years of experience working with chimpanzees in sanctuaries, zoos, and the wild. halloran founded and directs the elgin centre, a nonprofit organization dedicated to improving the lives of captive animals. the centre collaborates with zoos and sanctuaries, offering expert consultations to develop cost-effective care strategies, enrichment programs, and safety protocols that ensure animals thrive while meeting institutional needs. additionally, he co-founded the tonkolili chimpanzee project in sierra leone, a community-based initiative along the pampana river. the project mitigates human-chimpanzee conflicts in anthropogenic landscapes by promoting sustainable agriculture and economic incentives, reducing chimpanzee killings, and fostering coexistence through education and habitat preservation. halloran has authored the books song of the ape (2012, st. martin’s press), lion shaped mountain (2021, earth island journal), and animal curation: the science of care & welfare (2025, cambridge university press). through his work with the elgin centre and the tonkolili project, halloran bridges captivity and conservation, advocating for ethical practices that promote a life of thriving for chimpanzees and other animals. in writing this piece, halloran hopes that by sharing the stories of chimpanzee sanctuaries, he can highlight them as the individuals they are, as well as showcasing the complexities of the science of providing good welfare to such an extraordinary species. x get to know a muxe artist and activist ©mexfam ©mexfam a muxe woman, peregrina vera is a member of the indigenous zapotec community from the town of juchitán in the southeast of oaxaca state in mexico. a skilled artisan of traditional woven clothing, peregrina also prepares decorations for local festivals. but in addition to her artistic endeavors, she is one of the leaders of the transformándome (“transforming myself”) project housed at mexfam, a nationwide civil society organization promoting access to health, education, and advocacy of sexual and reproductive rights. the project helps educate the muxe about their rights and how they can live authentically as themselves, including acquiring identification documents that accurately portray their names and genders. peregrina’s activism includes documenting incidents of hate crimes against the muxe throughout the region. this is a subject she unfortunately knows all too well after she experienced a recent violent attack and robbery in which all of her work tools were stolen. these incidents have increased as new people have moved into the region. “before they did nothing to us,” peregrina explains. “now if you’re at a party, just by seeing you, they want to attack you, they insult you, and on many occasions, the aggression changes from words to physical attacks.” by documenting these incidents, peregrina is helping to bring the issue of hate violence to the attention of authorities and the public. she is also working to connect members of her community through online meetings using computers acquired by the transformándome project. all of her activism is aimed at increasing the acceptance and inclusion of her muxe community. x una líder muxe comparte su historia ©mexfam ©mexfam mujer muxe, peregrina vera es miembro de la comunidad indígena zapoteca del pueblo de juchitán, en el sureste del estado de oaxaca. hábil artesana de la ropa tejida tradicional, peregrina también prepara adornos para las fiestas locales. pero además de sus esfuerzos artísticos, es una de las líderes de transformándome en mexfam, la organización nacional de planificación familiar de méxico. el proyecto ayuda a educar a la comunidad muxe sobre sus derechos y sobre cómo pueden vivir auténticamente sin esconderse, incluyendo cómo obtener documentos de identidad que reflejen con exactitud sus nombres y géneros. el activismo de peregrina incluye la documentación de incidentes de crímenes de odio contra la comunidad muxe en toda la región. se trata de un tema que, por desgracia, conoce demasiado bien tras haber sufrido recientemente un ataque violento y un robo en el que le sustrajeron todas sus herramientas de trabajo. estos incidentes han aumentado a medida que nuevas personas se han trasladado a la región. “antes no nos hacían nada”, explica. “ahora, si estás en una fiesta, solo con verte quieren agredirte, te insultan y, en muchas ocasiones, la agresión pasa de las palabras a los ataques físicos”. con la documentación de estos incidentes, peregrina está ayudando a llamar la atención de las autoridades y del público sobre el problema de la violencia motivada por el odio. también está trabajando para conectar a los miembros de su comunidad a través de reuniones en línea utilizando computadoras adquiridas gracias al proyecto transformándome. todo su activismo busca aumentar la aceptación y la inclusión de su comunidad muxe. x x arcus homepage marquee video transcript a bonobo in trees moving its mouth, with a binocular effect zooming in on the ape. a text overlay says, “dedicated to the idea that people can live in harmony with one another and the natural world.” a forest with the sun shining through trees, with a text overlay that quotes jon stryker and annette lanjouw of arcus foundation saying, “destruction of nature exposes us to a panoply of diseases, and creates and exacerbates social injustice and political repression around the world.” a razed forest. a learn more button that links to the arcus foundation 2019 annual report a city street with a large crosswalk and a large crowd of people crossing it. text overlay with a quote: “lgbtq communities served by our social justice program live at the intersection of this long chain of degradation—environmental and social.” a scene from a protest, people wearing face masks, waving signs and banners, drumming on a drum, dancing, shouting through a megaphone. two signs are a sheer black color with gold trim and list several names, including roxsana hernandez, claire legato, muhlaysia booker, and nina pop. another sign says “black trans lives matter”. a learn more button that links to the arcus foundation’s support page for lgbt social justice. a woman wearing a white dress, long wavy dark brown hair, teal lipstick, plum fingernails, rectangular metal glasses sits in a chair and talks. a text overlay identifies her as úmi vera, familia: trans queer liberation movement, united states, and quotes her saying: “there’s incredible power in the trans queer migrant community. to be dehumanized so much and not lose your hope, your sense of joy—it’s just astonishing.” a learn more button that links to a story: lgbtq migrants to the u.s. fight to stay safe a person with shoulder-length, dark brown, straight hair wearing a pink and silver fuzzy tiara and a white and purple dress with a big tulle bottom and a corset top, over a white t-shirt that says selena, dancing around in circles outdoors with a crowd of people sitting and standing nearby, and with the flags of puerto rico, panama, and peru hanging from wood beams in the background. a woman with short black and gray hair wearing a black dress shirt talks. a text overlay identifies her as indyra mendoza, red lésbica cattrachas, honduras, and quotes her saying: “for so many years, we missed being free and open with our partners—now is the time to make it happen!.” a learn more button that links to a story: “i know who i am, but my country doesn’t recognize me”. a woman wearing a long-sleeved gray shirt under a jumper featuring white and pastel yellow, blue and green circles, a black head covering and a red face mask, stands in front of a church building with a sign that says: “central methodist mission you are born in love by love for love”. a text overlay identifies her as mia lukas, sistaazhood, homeless trans women supported by gender dynamix, south africa, and quotes her saying: “with their support, we feel more included in society.” a learn more button that links to a story: supporting cape town’s homeless transgender women during covid-19 a map of the world with parts,support | social justice and great apes & gibbons programs apes conservation lgbtq social justice main menu about grants learn connect media our support apply for a grant resources ©designews.com ©designews.com our support arcus has partnered with more than 700 organizations, ranging in scope from advocacy groups to community centers to sanctuaries. we learn from one another by together taking bold risks on groundbreaking ideas, which drive progress toward a future of respect and dignity for all. we partner with experts, activists, and other brave advocates for change who confront injustice around the world. our programs great apes & gibbons program more social justice program more download arcus foundation brochure arcus foundation grantees have worked in more than 30 countries around the world, and affect millions of lives. in 2023, $15.2 million was awarded to organizations working to protect the great apes and gibbons, and $15 million was awarded to organizations working to advance social justice for lgbtq people around the world. 2014 2013 2012 2011 2010 2009 2008 arcus leaders reflect on the foundation’s priorities working for change in ape conservation and lgbtq social justice ©carl collison share on facebook share via e-mail 30 years after apartheid's end, south african lgbtiq advocates push for greater inclusion of those most marginalized in south africa, iranti and other human rights organizations are working to challenge discrimination and build a powerful lgbtiq movement. more ©annette lanjouw share on facebook share via e-mail remembering the forgotten ape: conservationists strengthen efforts to protect endangered gibbons “gibbons are often unseen and forgotten. it’s difficult to come up with conservation action if we don’t know much about these species.” more © share on facebook share via e-mail insights and action for u.s. lgbtq+ women: national survey results the results of the first national lgbtq+ women's community survey provide invaluable insights for movement and civil rights organizations, funders, and—above all—lgbtq+ women themselves. more ©wcs nigeria share on facebook share via e-mail “hope for our gorillas” after decades of conservation on nigeria-cameroon border with approximately 300 individuals left in the wild, cross river gorillas are considered the most endangered ape in africa. yet signs are pointing to a potential comeback for the subspecies. more ©matt o'brien share on facebook share via e-mail “i know who i am, but my country doesn’t recognize me” “there are many acts of violence against trans bodies—some are perpetrated by the state or allowed by its institutions,” he says. “our bodies become the first level of resistance, and living our gender identities shows that lgbti people are everywhere in honduran society.” more ©chimp haven share on facebook share via e-mail from exploitation to freedom: a journey of justice for retired u.s. lab chimpanzees more than 80 chimpanzees have made the journey from alamogordo primate facility to chimp haven, but much work remains to ensure all retired u.s. lab chimps can live the rest of their days in the safety and comfort of an accredited sanctuary. more arcus foundation push boundaries make change phone numbers u.s. office phone: +1-212-488-3000 u.k. office phone: +44-1223-653040 emails subscribe connect with us on social media social justice program great apes & gibbons program © 2025 arcus foundation privacy policy terms & conditions home about arcus culture board & staff contact employment grants our support apply for a grant resources learn publications blog annual reporting learnings connect social email events media press kit library andrew r. halloran andrew r. halloran est primatologue, conservationniste et spécialiste du bien-être animal. cela fait plus de 25 ans qu’il travaille avec les chimpanzés dans des refuges, dans des zoos et en pleine nature. a.r. halloran a fondé et dirige the elgin centre, une organisation à but non lucratif dont la finalité est d’améliorer la vie des animaux captifs. ce centre coopère avec des zoos et des refuges. il fournit des consultations spécialisées en vue de concevoir des stratégies de soin au meilleur coût, des programmes d’enrichissement et des protocoles de sécurité qui garantissent l’épanouissement des animaux tout en répondant aux besoins des institutions. par ailleurs, il a cofondé le tonkolili chimpanzee project en sierra leone. il s’agit d’une initiative communautaire autour de la rivière pampana. ce projet atténue les conflits entre humains et chimpanzés dans les paysages anthropiques au moyen de la promotion de l’agriculture durable et d’incitations économiques, ce qui réduit le nombre de chimpanzés tués, et encourage la coexistence à travers l’éducation et la préservation des habitats. a.r. halloran est l’auteur des livres suivants : song of the ape (2012, st. martin’s press), lion shaped mountain (2021, earth island journal), et animal curation: the science of care & welfare (2025, cambridge university press). par son travail au sein de the elgin centre et du tonkolili project, a.r. halloran concilie captivité et conservation, et défend des pratiques éthiques qui promeuvent une vie épanouie pour les chimpanzés et les autres animaux l’espoir d’a.r. halloran, en écrivant ce texte, est que le partage d’histoires sur les refuges pour chimpanzés lui permettra de mettre en lumière leur qualité d’individus à part entière et d’illustrer les complexités scientifiques à l’œuvre lorsqu’il s’agit de fournir de bonnes conditions de vie à cette espèce extraordinaire. x andrew r. halloran, ph.d. andrew r. halloran, ph.d., is a primatologist, conservationist, and animal welfare specialist with over 25 years of experience working with chimpanzees in sanctuaries, zoos, and the wild. halloran founded and directs the elgin centre, a nonprofit organization dedicated to improving the lives of captive animals. the centre collaborates with zoos and sanctuaries, offering expert consultations to develop cost-effective care strategies, enrichment programs, and safety protocols that ensure animals thrive while meeting institutional needs. additionally, he co-founded the tonkolili chimpanzee project in sierra leone, a community-based initiative along the pampana river. the project mitigates human-chimpanzee conflicts in anthropogenic landscapes by promoting sustainable agriculture and economic incentives, reducing chimpanzee killings, and fostering coexistence through education and habitat preservation. halloran has authored the books song of the ape (2012, st. martin’s press), lion shaped mountain (2021, earth island journal), and animal curation: the science of care & welfare (2025, cambridge university press). through his work with the elgin centre and the tonkolili project, halloran bridges captivity and conservation, advocating for ethical practices that promote a life of thriving for chimpanzees and other animals. in writing this piece, halloran hopes that by sharing the stories of chimpanzee sanctuaries, he can highlight them as the individuals they are, as well as showcasing the complexities of the science of providing good welfare to such an extraordinary species. x get to know a muxe artist and activist ©mexfam ©mexfam a muxe woman, peregrina vera is a member of the indigenous zapotec community from the town of juchitán in the southeast of oaxaca state in mexico. a skilled artisan of traditional woven clothing, peregrina also prepares decorations for local festivals. but in addition to her artistic endeavors, she is one of the leaders of the transformándome (“transforming myself”) project housed at mexfam, a nationwide civil society organization promoting access to health, education, and advocacy of sexual and reproductive rights. the project helps educate the muxe about their rights and how they can live authentically as themselves, including acquiring identification documents that accurately portray their names and genders. peregrina’s activism includes documenting incidents of hate crimes against the muxe throughout the region. this is a subject she unfortunately knows all too well after she experienced a recent violent attack and robbery in which all of her work tools were stolen. these incidents have increased as new people have moved into the region. “before they did nothing to us,” peregrina explains. “now if you’re at a party, just by seeing you, they want to attack you, they insult you, and on many occasions, the aggression changes from words to physical attacks.” by documenting these incidents, peregrina is helping to bring the issue of hate violence to the attention of authorities and the public. she is also working to connect members of her community through online meetings using computers acquired by the transformándome project. all of her activism is aimed at increasing the acceptance and inclusion of her muxe community. x una líder muxe comparte su historia ©mexfam ©mexfam mujer muxe, peregrina vera es miembro de la comunidad indígena zapoteca del pueblo de juchitán, en el sureste del estado de oaxaca. hábil artesana de la ropa tejida tradicional, peregrina también prepara adornos para las fiestas locales. pero además de sus esfuerzos artísticos, es una de las líderes de transformándome en mexfam, la organización nacional de planificación familiar de méxico. el proyecto ayuda a educar a la comunidad muxe sobre sus derechos y sobre cómo pueden vivir auténticamente sin esconderse, incluyendo cómo obtener documentos de identidad que reflejen con exactitud sus nombres y géneros. el activismo de peregrina incluye la documentación de incidentes de crímenes de odio contra la comunidad muxe en toda la región. se trata de un tema que, por desgracia, conoce demasiado bien tras haber sufrido recientemente un ataque violento y un robo en el que le sustrajeron todas sus herramientas de trabajo. estos incidentes han aumentado a medida que nuevas personas se han trasladado a la región. “antes no nos hacían nada”, explica. “ahora, si estás en una fiesta, solo con verte quieren agredirte, te insultan y, en muchas ocasiones, la agresión pasa de las palabras a los ataques físicos”. con la documentación de estos incidentes, peregrina está ayudando a llamar la atención de las autoridades y del público sobre el problema de la violencia motivada por el odio. también está trabajando para conectar a los miembros de su comunidad a través de reuniones en línea utilizando computadoras adquiridas gracias al proyecto transformándome. todo su activismo busca aumentar la aceptación y la inclusión de su comunidad muxe. x sign up for arcus emails × x arcus homepage marquee video transcript a bonobo in trees moving its mouth, with a binocular effect zooming in on the ape. a text overlay says, “dedicated to the idea that people can live in harmony with one another and the natural world.” a forest with the sun shining through trees, with a text overlay that quotes jon stryker and annette lanjouw of arcus foundation saying, “destruction of nature exposes us to a panoply of diseases, and creates and exacerbates social injustice and political repression around the world.” a razed forest. a learn more button that links to the arcus foundation 2019 annual report a city street with a large crosswalk and a large crowd of people crossing it. text overlay with a quote: “lgbtq communities served by our social justice program live at the intersection of this long chain of degradation—environmental and social.” a scene from a protest, people wearing face masks, waving signs and banners, drumming on a drum, dancing, shouting through a megaphone. two signs are a sheer black color with gold trim and list several names, including roxsana hernandez, claire legato, muhlaysia booker, and nina pop. another sign says “black trans lives matter”. a learn more button that links to the arcus foundation’s support page for lgbt social justice. a woman wearing a white dress, long wavy dark brown hair, teal lipstick, plum fingernails, rectangular metal glasses sits in a chair and talks. a text overlay identifies her as úmi vera, familia: trans queer liberation movement, united states, and quotes her saying: “there’s incredible power in the trans queer migrant community. to be dehumanized so much and not lose your hope, your sense of joy—it’s just astonishing.” a learn more button that links to a story: lgbtq migrants to the u.s. fight to stay safe a person with shoulder-length, dark brown, straight hair wearing a pink and silver fuzzy tiara and a white and purple dress with a big tulle bottom and a corset top, over a white t-shirt that says selena, dancing around in circles outdoors with a crowd of people sitting and standing nearby, and with the flags of puerto rico, panama, and peru hanging from wood beams in the background. a woman with short black and gray hair wearing a black dress shirt talks. a text overlay identifies her as indyra mendoza, red lésbica cattrachas, honduras, and quotes her saying: “for so many years, we missed being free and open with our partners—now is the time to make it happen!.” a learn more button that links to a story: “i know who i am, but my country doesn’t recognize me”. a woman wearing a long-sleeved gray shirt under a jumper featuring white and pastel yellow, blue and green circles, a black head covering and a red face mask, stands in front of a church building with a sign that says: “central methodist mission you are born in love by love for love”. a text overlay identifies her as mia lukas, sistaazhood, homeless trans women supported by gender dynamix, south africa, and quotes her saying: “with their support, we feel more included in society.” a learn more button that links to a story: supporting cape town’s homeless transgender women during covid-19 a map of the world with parts,support | social justice and great apes & gibbons programs apes conservation lgbtq social justice main menu about grants learn connect media our support apply for a grant resources ©designews.com ©designews.com our support arcus has partnered with more than 700 organizations, ranging in scope from advocacy groups to community centers to sanctuaries. we learn from one another by together taking bold risks on groundbreaking ideas, which drive progress toward a future of respect and dignity for all. we partner with experts, activists, and other brave advocates for change who confront injustice around the world. our programs great apes & gibbons program more social justice program more download arcus foundation brochure arcus foundation grantees have worked in more than 30 countries around the world, and affect millions of lives. in 2023, $15.2 million was awarded to organizations working to protect the great apes and gibbons, and $15 million was awarded to organizations working to advance social justice for lgbtq people around the world. 2014 2013 2012 2011 2010 2009 2008 arcus leaders reflect on the foundation’s priorities working for change in ape conservation and lgbtq social justice ©carl collison share on facebook share via e-mail 30 years after apartheid's end, south african lgbtiq advocates push for greater inclusion of those most marginalized in south africa, iranti and other human rights organizations are working to challenge discrimination and build a powerful lgbtiq movement. more ©annette lanjouw share on facebook share via e-mail remembering the forgotten ape: conservationists strengthen efforts to protect endangered gibbons “gibbons are often unseen and forgotten. it’s difficult to come up with conservation action if we don’t know much about these species.” more © share on facebook share via e-mail insights and action for u.s. lgbtq+ women: national survey results the results of the first national lgbtq+ women's community survey provide invaluable insights for movement and civil rights organizations, funders, and—above all—lgbtq+ women themselves. more ©wcs nigeria share on facebook share via e-mail “hope for our gorillas” after decades of conservation on nigeria-cameroon border with approximately 300 individuals left in the wild, cross river gorillas are considered the most endangered ape in africa. yet signs are pointing to a potential comeback for the subspecies. more ©matt o'brien share on facebook share via e-mail “i know who i am, but my country doesn’t recognize me” “there are many acts of violence against trans bodies—some are perpetrated by the state or allowed by its institutions,” he says. “our bodies become the first level of resistance, and living our gender identities shows that lgbti people are everywhere in honduran society.” more ©chimp haven share on facebook share via e-mail from exploitation to freedom: a journey of justice for retired u.s. lab chimpanzees more than 80 chimpanzees have made the journey from alamogordo primate facility to chimp haven, but much work remains to ensure all retired u.s. lab chimps can live the rest of their days in the safety and comfort of an accredited sanctuary. more arcus foundation push boundaries make change phone numbers u.s. office phone: +1-212-488-3000 u.k. office phone: +44-1223-653040 emails subscribe connect with us on social media social justice program great apes & gibbons program © 2025 arcus foundation privacy policy terms & conditions home about arcus culture board & staff contact employment grants our support apply for a grant resources learn publications blog annual reporting learnings connect social email events media press kit library andrew r. halloran andrew r. halloran est primatologue, conservationniste et spécialiste du bien-être animal. cela fait plus de 25 ans qu’il travaille avec les chimpanzés dans des refuges, dans des zoos et en pleine nature. a.r. halloran a fondé et dirige the elgin centre, une organisation à but non lucratif dont la finalité est d’améliorer la vie des animaux captifs. ce centre coopère avec des zoos et des refuges. il fournit des consultations spécialisées en vue de concevoir des stratégies de soin au meilleur coût, des programmes d’enrichissement et des protocoles de sécurité qui garantissent l’épanouissement des animaux tout en répondant aux besoins des institutions. par ailleurs, il a cofondé le tonkolili chimpanzee project en sierra leone. il s’agit d’une initiative communautaire autour de la rivière pampana. ce projet atténue les conflits entre humains et chimpanzés dans les paysages anthropiques au moyen de la promotion de l’agriculture durable et d’incitations économiques, ce qui réduit le nombre de chimpanzés tués, et encourage la coexistence à travers l’éducation et la préservation des habitats. a.r. halloran est l’auteur des livres suivants : song of the ape (2012, st. martin’s press), lion shaped mountain (2021, earth island journal), et animal curation: the science of care & welfare (2025, cambridge university press). par son travail au sein de the elgin centre et du tonkolili project, a.r. halloran concilie captivité et conservation, et défend des pratiques éthiques qui promeuvent une vie épanouie pour les chimpanzés et les autres animaux l’espoir d’a.r. halloran, en écrivant ce texte, est que le partage d’histoires sur les refuges pour chimpanzés lui permettra de mettre en lumière leur qualité d’individus à part entière et d’illustrer les complexités scientifiques à l’œuvre lorsqu’il s’agit de fournir de bonnes conditions de vie à cette espèce extraordinaire. x andrew r. halloran, ph.d. andrew r. halloran, ph.d., is a primatologist, conservationist, and animal welfare specialist with over 25 years of experience working with chimpanzees in sanctuaries, zoos, and the wild. halloran founded and directs the elgin centre, a nonprofit organization dedicated to improving the lives of captive animals. the centre collaborates with zoos and sanctuaries, offering expert consultations to develop cost-effective care strategies, enrichment programs, and safety protocols that ensure animals thrive while meeting institutional needs. additionally, he co-founded the tonkolili chimpanzee project in sierra leone, a community-based initiative along the pampana river. the project mitigates human-chimpanzee conflicts in anthropogenic landscapes by promoting sustainable agriculture and economic incentives, reducing chimpanzee killings, and fostering coexistence through education","education,arts,health,community,inclusion,learning,education,arts,health,community,inclusion,learning,education,arts,health,community,inclusion,learning,education,arts,health,community,inclusion,learning,education,arts,health,community,inclusion,learning",2025-10-22T19:34:46.512853,
Shalem Foundation,133941865,New York,NY,I20,,https://projects.propublica.org/nonprofits/organizations/133941865,foundation,2025-10-17 17:56:47,https://shalem.org,info@shalem.orgconnect,,,,,,not_contacted,no,no,,,,high,harvested,"info@shalem.orgconnect,directormargaret@shalem.org,registrarmichelle@shalem.org,coordinatorardonna@shalem.org,administrationchris@shalem.org,administratorkaty@shalem.org,learningjackson@shalem.org,info@shalem.orgcontact,bookkeeperstacy@shalem.org",,3.0,4.6,"core values history in brief shalem is grounded in christian contemplative spirituality and, at the same time, draws on the wisdom of many religious traditions.","[{""category"": ""primary"", ""keywords_found"": [""arts program (partial: 2/2 words)"", ""inclusive arts (partial: 2/2 words)""], ""category_score"": 17.0}, {""category"": ""youth_development"", ""keywords_found"": [""cultural awareness (partial: 2/2 words)""], ""category_score"": 6.0}]","homepage,/about,/about-us,/vision,/programs",,"community,inclusive,community,inclusive,community,inclusive,arts,community,inclusion,creative,inclusive,community,cultural,inclusive",2025-10-22T19:35:02.078781,
Pinkerton Foundation,136206624,New York,NY,,,https://projects.propublica.org/nonprofits/organizations/136206624,foundation,2025-10-17 17:56:47,https://pinkerton.com,pinkerton.info@pinkerton.com,,,,,,not_contacted,no,no,,,,high,harvested,"pinkerton.info@pinkerton.com,media.pinkerton@pinkerton.com.pinkerton",,5.0,0.0,,,"homepage,/programs",,"health,health",2025-10-22T19:35:17.989691,
Avaaz Foundation,205050267,New York,NY,R03,,https://projects.propublica.org/nonprofits/organizations/205050267,foundation,2025-10-17 17:56:47,,,,,,,,not_contacted,no,no,,,,high,error,,,,0.0,,,,,,2025-10-22T19:35:42.027951,'grant_history'
Metlife Foundation,132878224,New York,NY,,,https://projects.propublica.org/nonprofits/organizations/132878224,foundation,2025-10-17 17:56:47,https://metlife.com,info@metlife.com.bd,,,,,,not_contacted,no,no,,,,high,harvested,"office@metlife.ua,contact@metlifealico.com.cy,metlife@metlife.cz,metlife@metlife.hu,service-nepal@metlifealico.com,pteinfo@metlife.pl,servicio@metlife.cl,atencion.clientes@metlife.com.uy,metlifeamslico@metlifeamslico.sk,servicio.cliente@metlife.com.co,clientes.spain@metlife.es,customerservices@metlifeaiganb.com,headoffice@metlife.bg,atendimento@metlife.com.br,sede.roma@metlife.it,claims.department@metlife.com,serviciosalcliente@fondosgenesis.com,fondosdeinversion@fondosgenesis.com,info@metlife.com.bd,contacto@metlife.com.mx,apoiocliente@metlife.pt,customerservice@metlife.com,lifeinfo@metlife.pl,funduszeinfo@metlife.pl,office@alicopensii.ro,service-lebanon@metlife.com,sales.resource.centre@uk.metlife.com,info@metlife.com.tr,client@metropolitanlife.ro,service-egypt@metlife.com",,5.0,32.0,,"[{""category"": ""primary"", ""keywords_found"": [""art education (partial: 2/2 words)""], ""category_score"": 10.0}, {""category"": ""disability_support"", ""keywords_found"": [""special needs (partial: 2/2 words)"", ""special education (partial: 2/2 words)""], ""category_score"": 16.0}, {""category"": ""community_education"", ""keywords_found"": [""community engagement (partial: 2/2 words)""], ""category_score"": 6.0}]",homepage,"funding solutions support support and manage quick and easy access to metlife customer support services and resources. learn more customer care customer care contact us find a dentist find a vision provider find an insurance policy beneficiary assistance more support my account my account account log in register for mybenefits find a form file a claim for current customer fraud awareness ethics & fraud helpline about us about metlife careers at metlife investor relations sustainability about metlife corporate profile metlife worldwide company ratings global procurement metlife affiliates corporate governance board of directors our executive leadership team corporate conduct code of conduct artificial intelligence policy our purpose our people our customers our communities our shareholders more about us careers at metlife newsroom awards and recognition metlife foundation real people making real impact series next gen ventures (ngv) careers at metlife investor relations sustainability 2024 sustainability report 01 sustainability at metlife 02 for our customers 03 as an investor 04 for our colleagues 05 for the environment 06 for our communities 07 responsible governance sustainability resource center environmental stewardship social responsibility corporate governance our sustainability aspirations statements, policies, codes & archives disclosures: sustainability frameworks sustainability at metlife faqs metlife foundation our work employee engagement & volunteerism metlife foundation news & media metlife foundation resources who we are policies & codes news & insights research resources stories everything you need to know to protect you and your family, all in one place. learn more insurance tips insurance tips accident & health insurance benefits dental insurance disability insurance identity theft legal insurance life insurance retirement vision insurance life tips life tips personal finance log in to metlife select login type personal account business account broker account whether you purchased your policy on your own or obtained it through your employer, log in to your personal account. benefits through your employer (mybenefits) metlink - access your company's benefits data mybenefits - benefits through your employer sbr - manage executive benefits metlife's online service - life, annuities, disability, long-term care, critical illness, auto, home, total control account (eservice) benefits through your employer (mybenefits) business account type select an option metlink sbr please select a business account type access the metlink section of the website access the digitalsolution section of the website access the mybenefits section of the website access the specialized benefit resources (sbr) section of the website business account purpose my benefits home check your group disability claim check your group disability check your dental claim check your retirement income retirement education please select a business account type broker account type select an option metlink please select a broker account type access the metlink section of the website access the digitalsolution section of the website username to log in, please enter your username password to log in, please enter your password forgot username or password? forgot username or password? forgot your password? first-time user? register now need an account? register first-time user? register now by signing in, i agree to the terms of use go to mybenefits without signing in at metlife, protecting your information is a top priority. you may have seen recent news coverage of customers of financial services companies falling victim to social engineering scams. scammers impersonate a trusted company to convince their targets into revealing or handing over sensitive information such as insurance, banking or login credentials. this scamming can happen via text, email or websites set up to look like the trusted company. read on show other account types hide other account types for businesses metlink mybenefits sbr worldwide benefits ebenefits for metlife retirees retirement plan access for investors metlife securities client view netxinvestor for providers dental professionals account for retirement plan participants mlr.metlife.com online.metlife.com (myaccounts) for employers group benefits administration plan service center (psc) myplans worldwide benefits ebenefits for brokers & consultants metbroker myplans structured settlements broker resources (sbr) worldwide benefits ebenefits for metlife securities inc. representatives brokerage & securities account need an account? register enter your search here auto complete search 0 of 0 search results displaying 10 results 20 results 30 results 10 results 10 results 20 results 30 results grid view list view no results sorry, we couldn't find any results matching please: check the spelling and try again search using fewer terms click here for customer support did you mean ? sorry, we couldn't find any results matching please: check the spelling and try again search using fewer terms click here for customer support of available now! metlife announces partnership with global citizen this powerful partnership helps move people forward and extends our collective impact within communities around the world. join the movement how can we help you? find a dentist pdp pdp plus dental hmo/managed care federal dental (fedvip) don't know your network choose your dental network enter zip, city or state enter zip, city or state find a dentist dental insurance networks the descriptions below may help you identify your dental network. pdp a preferred dental program covers any licensed dentist/specialist, but if you choose an in-network provider, costs are typically lower. pdp plus this preferred dental program is the same as pdp, but with a larger group of in-network dentists/specialists to choose from. dental hmo/managed care a dental health maintenance organization (hmo) or managed care, covers in-network providers only, and you must choose a primary care dentist for all services. available in ca, fl, nj, ny, tx. federal dental (fedvip) this preferred dental program is also the same as pdp, but only available to certain federal government employees. still not sure of your network? log in to mybenefits and we’ll fill it in automatically when you search for a dentist. find a vision provider metlife vision – davis metlife vision – superior metlife vision – vsp choice visionaccess open enrollment contact us mypets login retirement & income solutions show more register online today to access and manage your metlife benefits register for mybenefits access the critical role for disability insurance and paid leave in demonstrating employee care employees are seeking a broader mix of wellness benefits and programs,support about us resources log in search log in search solutions insurance business and brokers metlife investment management retirement & income solutions insurance enhance your health coverage dental vision pet insurance protect your finances accident hospital indemnity critical illness cancer disability and absence safeguard your valuables auto and home insurance identity & fraud protection secure your family's future term life group variable universal life group universal life insurance accidental death & dismemberment legal plans reach your financial goals health savings and spending accounts total control account (tca) employer-sponsored retirement plans more solutions annuity long-term care business and brokers employee benefits group auto & home group dental group accident and health group life group disability and absence group legal services group vision group pet group health savings & spending accounts executive benefits identity & fraud protection upwise small business small business products exceptional service & support small business index specialty business professional employer organization (peo) association union chamber of commerce for brokers small market experience getting appointed broker compensation broker forms why metlife? broker service hr tech integrations metlife benefits bridge metlife worldwide benefits financial wellness workforce insights benefit trends study metlife investment management metlife investment management financing solutions about us insights investment strategies retirement & income solutions retirement & income solutions lifetime income annuities insights employer-sponsored retirement plans pension risk structured settlements longevity reinsurance stable value funding solutions support support and manage quick and easy access to metlife customer support services and resources. learn more customer care customer care contact us find a dentist find a vision provider find an insurance policy beneficiary assistance more support my account my account account log in register for mybenefits find a form file a claim for current customer fraud awareness ethics & fraud helpline about us about metlife careers at metlife investor relations sustainability about metlife corporate profile metlife worldwide company ratings global procurement metlife affiliates corporate governance board of directors our executive leadership team corporate conduct code of conduct artificial intelligence policy our purpose our people our customers our communities our shareholders more about us careers at metlife newsroom awards and recognition metlife foundation real people making real impact series next gen ventures (ngv) careers at metlife investor relations sustainability 2024 sustainability report 01 sustainability at metlife 02 for our customers 03 as an investor 04 for our colleagues 05 for the environment 06 for our communities 07 responsible governance sustainability resource center environmental stewardship social responsibility corporate governance our sustainability aspirations statements, policies, codes & archives disclosures: sustainability frameworks sustainability at metlife faqs metlife foundation our work employee engagement & volunteerism metlife foundation news & media metlife foundation resources who we are policies & codes news & insights research resources stories everything you need to know to protect you and your family, all in one place. learn more insurance tips insurance tips accident & health insurance benefits dental insurance disability insurance identity theft legal insurance life insurance retirement vision insurance life tips life tips personal finance log in to metlife select login type personal account business account broker account whether you purchased your policy on your own or obtained it through your employer, log in to your personal account. benefits through your employer (mybenefits) metlink - access your company's benefits data mybenefits - benefits through your employer sbr - manage executive benefits metlife's online service - life, annuities, disability, long-term care, critical illness, auto, home, total control account (eservice) benefits through your employer (mybenefits) business account type select an option metlink sbr please select a business account type access the metlink section of the website access the digitalsolution section of the website access the mybenefits section of the website access the specialized benefit resources (sbr) section of the website business account purpose my benefits home check your group disability claim check your group disability check your dental claim check your retirement income retirement education","education,health,community",2025-10-22T19:38:52.553162,
Manton Foundation,133636372,New York,NY,,,https://projects.propublica.org/nonprofits/organizations/133636372,foundation,2025-10-17 17:56:47,https://manton.org,info@manton.org,,,,,,not_contacted,no,no,,,,high,estimated,,"info@manton.org,contact@manton.org,hello@manton.org,inquiries@manton.org,development@manton.org,admin@manton.org",5.0,0.0,,,"homepage,/about",,health,2025-10-22T19:39:10.396240,
Alphadyne Foundation,851674725,New York,NY,T20,,https://projects.propublica.org/nonprofits/organizations/851674725,foundation,2025-10-17 17:56:47,,,,,,,,not_contacted,no,no,,,,high,error,,,,0.0,,,,,,2025-10-22T19:39:13.624736,'grant_history'
Woodlawn Foundation,133055729,New Rochelle,NY,X220,,https://projects.propublica.org/nonprofits/organizations/133055729,foundation,2025-10-17 17:56:47,https://woodlawn.com,info@woodlawn.com,,,,,,not_contacted,no,no,,,,high,estimated,,"info@woodlawn.com,contact@woodlawn.com,hello@woodlawn.com,inquiries@woodlawn.com,development@woodlawn.com,admin@woodlawn.com",0.0,0.0,,,"homepage,/about,/about-us,/mission,/vision,/our-mission,/what-we-do,/grants,/impact",,,2025-10-22T19:39:52.525680,
Adirondack Foundation,161535724,Lake Placid,NY,T310,,https://projects.propublica.org/nonprofits/organizations/161535724,foundation,2025-10-17 17:56:47,https://adirondack.org,info@adirondack.org,,,,,,not_contacted,no,no,,,,high,estimated,,"info@adirondack.org,contact@adirondack.org,hello@adirondack.org,inquiries@adirondack.org,development@adirondack.org,admin@adirondack.org",5.0,15.0,,"[{""category"": ""primary"", ""keywords_found"": [""accessibility""], ""category_score"": 7}, {""category"": ""disability_support"", ""keywords_found"": [""accessibility""], ""category_score"": 8}, {""category"": ""primary"", ""keywords_found"": [""accessibility""], ""category_score"": 7}, {""category"": ""disability_support"", ""keywords_found"": [""accessibility""], ""category_score"": 8}]","homepage,/about",,"community,accessibility,inclusion,cultural,accessibility,inclusion",2025-10-22T19:40:16.750028,
Mulago Foundation,946182697,New York,NY,T20,,https://projects.propublica.org/nonprofits/organizations/946182697,foundation,2025-10-17 17:56:47,https://mulago.com,info@mulago.com,,,,,,not_contacted,no,no,,,,high,estimated,,"info@mulago.com,contact@mulago.com,hello@mulago.com,inquiries@mulago.com,development@mulago.com,admin@mulago.com",0.0,0.0,,,,,,2025-10-22T19:40:31.634474,
Altman Foundation,131623879,New York,NY,,,https://projects.propublica.org/nonprofits/organizations/131623879,foundation,2025-10-17 17:56:47,https://altman.org,info@altman.org,,,,,,not_contacted,no,no,,,,high,harvested,info@altman.org,,5.0,60.5,"is to enrich the quality of life in new york city through support for programs and institutions that advance opportunity and equity for individuals, families, and communities.","[{""category"": ""primary"", ""keywords_found"": [""arts education (partial: 2/2 words)"", ""art education (partial: 2/2 words)"", ""arts program (partial: 2/2 words)"", ""arts access (partial: 2/2 words)""], ""category_score"": 36.0}, {""category"": ""youth_development"", ""keywords_found"": [""youth development"", ""children""], ""category_score"": 15}, {""category"": ""community_education"", ""keywords_found"": [""community school (partial: 2/2 words)"", ""public schools (partial: 2/2 words)"", ""educational access (partial: 2/2 words)"", ""quality education (partial: 2/2 words)"", ""community engagement (partial: 2/2 words)"", ""educational equity (partial: 2/2 words)""], ""category_score"": 44.0}, {""category"": ""primary"", ""keywords_found"": [""arts education (partial: 2/2 words)"", ""art education (partial: 2/2 words)"", ""arts program (partial: 2/2 words)""], ""category_score"": 28.0}, {""category"": ""community_education"", ""keywords_found"": [""quality education (partial: 2/2 words)"", ""community engagement (partial: 2/2 words)""], ""category_score"": 13.0}, {""category"": ""primary"", ""keywords_found"": [""art education (partial: 2/2 words)""], ""category_score"": 10.0}, {""category"": ""youth_development"", ""keywords_found"": [""youth development (partial: 2/2 words)"", ""children"", ""lifelong learning (partial: 2/2 words)""], ""category_score"": 21.0}, {""category"": ""community_education"", ""keywords_found"": [""public schools (partial: 2/2 words)"", ""educational access (partial: 2/2 words)"", ""quality education""], ""category_score"": 22.0}, {""category"": ""primary"", ""keywords_found"": [""art education (partial: 2/2 words)""], ""category_score"": 10.0}, {""category"": ""youth_development"", ""keywords_found"": [""youth development (partial: 2/2 words)"", ""children"", ""lifelong learning (partial: 2/2 words)""], ""category_score"": 21.0}, {""category"": ""community_education"", ""keywords_found"": [""public schools (partial: 2/2 words)"", ""educational access (partial: 2/2 words)"", ""quality education""], ""category_score"": 22.0}]","homepage,/about,/programs,/grants","funding limitations grant portal faqs resources contact login go building vibrant communities learn more increasing access to educational opportunities learn more enriching lives through cultural engagement learn more enhancing health and healthcare learn more serving the not-for-profit sector learn more our mission is to enrich the quality of life in new york city through support for programs,support for programs and institutions that advance opportunity and equity for individuals, families, and communities. our approach application process foundation history recent grants education,support for programs and institutions that advance opportunity and equity for individuals, families, and communities. our approach application process foundation history recent grants educationhealthstrengthening communitiescultural engagementservices to not-for-profitsall recent the city university of new york office of academic affairs $125,000 cuny office of k-16 initiatives $150,000 (over two years) expandedschools $450,000 (over two years) hypothekids inc. $100,000 (over two years) the knowledge house fellowship, inc. $50,000 marcy lab, inc. $100,000 (over two years) the new school/center for new york city affairs $50,000 new york early childhood professional development institute $125,000 power of two, a project of fund for the city of new york, inc. $100,000 springboard collaborative $150,000 (over two years) student/sponsor partnership, inc. $100,000 (over two years) teaching matters, inc. $375,000 (over two years) teaching lab $200,000 uaspire (previously known as access) $175,000 (over two years) full list of education grants airnyc $25,000 (over three months) anthos home inc. $100,000 (over eighteen months) the arab-american family support center, inc. $100,000 brooklyn communities collaborative $150,000 (over fifteen months) brownsville community development corporation (dba bms family health and wellness centers) $110,000 camba, inc. $52,000 the coalition for behavioral health, inc. $135,000 (over twenty months) community health care association of new york state $150,000 legal action center $50,000 the new york community trust (care coordination fund) $400,000 (over two years) primary care development corporation $100,000 (over fifteen months) urban health plan $50,000 (over fifteen months) full list of health grants the association for neighborhood & housing development, inc. $250,000 (over two years) city parks foundation, inc. (nyc green fund) $350,000 (over two years) the fifth avenue committee, inc. $150,000 (over two years) make the road new york $150,000 (over eighteen months) masa-mexed, inc. $130,000 mixteca organization, inc. $100,000 (over two years) natural areas conservancy $75,000 (over eighteen months) neighborhoods first fund for community planning $350,000 (over two years) the new york community trust (new york city workforce development fund) $175,000 per scholas inc. $50,000 phipps neighborhoods, inc. $75,000 van cortlandt park alliance (fka friends of van cortlandt park) $150,000 (over two years) full list of strengthening communities grants the arts,support center for nonprofit management, inc. $35,000 tech nyc foundation $75,000 full list of services to not-for-profits grants about history mission and values trustees and staff financial statements announcements approach overview program areas impact investing grants education,support center, inc. $100,000 brooklyn communities collaborative $150,000 (over fifteen months) brownsville community development corporation (dba bms family health and wellness centers) $110,000 camba, inc. $52,000 the coalition for behavioral health, inc. $135,000 (over twenty months) community health care association of new york state $150,000 legal action center $50,000 the new york community trust (care coordination fund) $400,000 (over two years) primary care development corporation $100,000 (over fifteen months) urban health plan $50,000 (over fifteen months) full list of health grants the association for neighborhood & housing development, inc. $250,000 (over two years) city parks foundation, inc. (nyc green fund) $350,000 (over two years) the fifth avenue committee, inc. $150,000 (over two years) make the road new york $150,000 (over eighteen months) masa-mexed, inc. $130,000 mixteca organization, inc. $100,000 (over two years) natural areas conservancy $75,000 (over eighteen months) neighborhoods first fund for community planning $350,000 (over two years) the new york community trust (new york city workforce development fund) $175,000 per scholas inc. $50,000 phipps neighborhoods, inc. $75,000 van cortlandt park alliance (fka friends of van cortlandt park) $150,000 (over two years) full list of strengthening communities grants the artsconnection, inc. $150,000 (over two years) beam center inc. $140,000 (over two years) bronx children's museum $125,000 (over two years) bronx council on the arts $120,000 (over two years) the brooklyn queens conservatory of music $70,000 (over two years) casita maria inc. $50,000 citysquash $80,000 (over two years) cool culture, inc. $100,000 (over two years) the flea theater inc. $100,000 (over two years) the harlem school of the arts, inc. $125,000 (over two years) harlem stage, inc. fka aaron davis hall, inc. $125,000 (over two years) museum hue, inc. $100,000 (over two years) the noel pointer foundation $100,000 (over two years) soharlem, inc. $50,000 staten island institute of arts and sciences $100,000 (over two years) willie mae rock camp for girls $80,000 (over two years) full list of cultural engagement, youth development, and the arts grants board strong, inc. (fka governance matters, inc.) $80,000 (over two years) civic news company (aka chalkbeat inc.) $50,000 citizens committee for new york city, inc. $75,000 city futures, inc. $70,000 (over two years) city limits $70,000 (over two years) city report, inc. (aka the city) $150,000 (over two years) council of senior centers and services of new york city, inc. dba liveon ny $100,000 (over two years) downtown brooklyn arts alliance, inc. $80,000 (over two years) the education,support programs and institutions that enrich the quality of life in the city, with a particular focus on initiatives that help individuals, families and communities benefit from the services and opportunities that will enable them to achieve their full potential. benjamin altman’s extraordinary tradition of service in his business and to his community continues through the grants the foundation makes. for over 100 years the foundation has been concerned with poverty, immigration, education,support of the community into the modern age. as a result of the tax reform act of 1969, which prohibits the control of businesses by private foundations, the altman foundation relinquished ownership of b. altman & co. in 1985. while there were restrictions in the foundation’s original charter limiting grants to within the state of new york, the trustees have further refined the guidelines to giving within new york city. since 1985, the trustees have refined the foundation’s guidelines in the four areas that were of such concern to altman, education, health, strengthening communities, and arts,support programs and institutions that enrich the quality of life in the city, with a particular focus on initiatives that help individuals, families and communities benefit from the services and opportunities that will enable them to achieve their full potential. benjamin altman’s extraordinary tradition of service in his business and to his community continues through the grants the foundation makes. for over 100 years the foundation has been concerned with poverty, immigration, education, public health and the arts,funding limitations grant portal faqs resources contact login go the history of the altman foundation linkedin twitter facebook the mission of the altman foundation reflects much of the personality and vision of its founder, benjamin altman. altman was born on the lower east side in 1840 to immigrant parents. he was a unique and generous individual whose dry goods store, b. altman & co., founded in 1865 on third avenue at 10th street, became a major department store. altman moved his store from 10th street to 19th street and sixth avenue and finally, in 1906, to the landmark building at 34th street and fifth avenue. altmans reflected the commitment of its founder to service to its customers and generosity to its employees. until its closing in 1989, altmans was beloved by generations of new yorkers. the altman foundation was established in 1913 under benjamin altman’s will “for the benefit of such charitable and educational institutions in the city of new york as said directors shall approve”. his will bequeathed all his capital stock in b. altman & co. to the altman foundation. outright bequests in altman’s will presage the areas that would become major concerns of the foundation. he made bequests to several hospitals, the educational alliance and the national academy of design. he gave his art collection to the metropolitan museum of art. his dedication to the welfare of the people of new york city and his interests in health, education and the arts are his legacy. following altman’s death, colonel michael friedsam, his close relative and colleague, led the business and the foundation until his own death in 1931. friedsam was also an art collector and a philanthropist with a deep interest in new york. the next presidents, john s. burke and his son, john s. burke, jr., carried the altman tradition of service and support of the community into the modern age. as a result of the tax reform act of 1969, which prohibits the control of businesses by private foundations, the altman foundation relinquished ownership of b. altman & co. in 1985. while there were restrictions in the foundation’s original charter limiting grants to within the state of new york, the trustees have further refined the guidelines to giving within new york city. since 1985, the trustees have refined the foundation’s guidelines in the four areas that were of such concern to altman, education, health, strengthening communities, and arts and culture. foundation grants support programs,support of the community into the modern age. as a result of the tax reform act of 1969, which prohibits the control of businesses by private foundations, the altman foundation relinquished ownership of b. altman & co. in 1985. while there were restrictions in the foundation’s original charter limiting grants to within the state of new york, the trustees have further refined the guidelines to giving within new york city. since 1985, the trustees have refined the foundation’s guidelines in the four areas that were of such concern to altman, education","education,arts,health,community,youth,children,cultural,education,arts,health,community,cultural,education,health,youth,children,learning,cultural,education,health,youth,children,learning,cultural",2025-10-22T19:40:55.276947,
Burrows Foundation,223059155,Little Falls,NY,B82,,https://projects.propublica.org/nonprofits/organizations/223059155,foundation,2025-10-17 17:56:47,https://burrows.org,info@burrows.org,,,,,,not_contacted,no,no,,,,high,estimated,,"info@burrows.org,contact@burrows.org,hello@burrows.org,inquiries@burrows.org,development@burrows.org,admin@burrows.org",0.0,0.0,,,homepage,,,2025-10-22T19:41:07.391942,
Moodys Foundation,134200757,New York,NY,T21,,https://projects.propublica.org/nonprofits/organizations/134200757,foundation,2025-10-17 17:56:47,https://moodys.com,info@moodys.com,,,,,,not_contacted,no,no,,,,high,estimated,,"info@moodys.com,contact@moodys.com,hello@moodys.com,inquiries@moodys.com,development@moodys.com,admin@moodys.com",5.0,1.5454545454545454,our mission is to be the leading source of relevant insights on exponential risk.,"[{""category"": ""disability_support"", ""keywords_found"": [""special needs (partial: 2/2 words)""], ""category_score"": 9.0}, {""category"": ""youth_development"", ""keywords_found"": [""creative development (partial: 2/2 words)""], ""category_score"": 8.0}]","homepage,/about,/about-us,/mission,/vision,/our-mission,/what-we-do,/programs,/grants,/giving,/impact","funding source in latin america the region's increasing demand for infrastructure funding and debt restructuring is creating traction for an incipient market, with asset managers stepping in to fill funding gaps. read more research oct 14, 2025 moody's ratings global corporate defaults in september fell to lowest monthly number since january seven rated companies defaulted last month, down from 11 in august. defaults through september this year totaled 91, compared with 108 during the same period last year. read more data story oct 10, 2025 moody's ratings despite homeowners insurance price spike, risk to us rmbs is low for now​ housing damage from natural disasters has led insurers to raise premiums. yet such costs on their own will spur little rmbs risk provided they remain a small share of borrowers’ financial resources.​ read more research oct 09, 2025 moody's ratings multilateral development banks outlook stable as financing capacity expands asset quality, financing and shareholder commitments are supportive for the mdbs, but economic and policy uncertainty may weigh on operations and asset quality in some borrower countries. read more research oct 07, 2025 moody's ratings see how moody’s edf-x exposed iron hill brewery’s credit risk—far ahead of its closure moody’s edf-x flagged iron hill brewery’s severe credit risk as early as september 2023, well before its 2025 closure and bankruptcy, illustrating the power of early warnings in identifying credit risk. read more research oct 06, 2025 moody's ratings top of mind: faq on how macro trends are affecting global corporate sectors our industry experts address the most pressing issues facing major global corporates today ranging from us tariffs to corporate breakups to the increasingly important recommerce market. read more podcast oct 02, 2025 moody's ratings new technologies are reshaping global power dynamics artificial intelligence and new forms of digital cash, such as stablecoins, are becoming tools of geopolitical influence, while rising cyber threats are testing operational resilience across borders. read more article oct 02, 2025 moody's as agentic ai moves from promise into practice — maxsight™ update q3 2025 maxsight™️ unified risk platform evolves with agentic ai—preparing to deploy autonomous screening and reporting agents, further streamlining compliance workflows and delivering explainable risk insights. read more state of nations - global edition november 18, 2025 tune in to our live broadcast to uncover the key forces reshaping sovereign credit in 2026 and gain exclusive insights into the latest shifts across a fragmented global landscape. register maxsight™ for unified risk management moody’s maxsight™ unified risk platform brings together thousands of data points to deliver a holistic picture of risk that can be viewed through different lenses. learn more moody's a bold evolution of the moody's brand for a new era of risk. learn more innovating with purpose discover how moody’s combines cutting-edge technology and world-class talent to drive innovation. learn more work with brilliant minds explore career opportunities at moody’s. join us get in touch speak to our team interested in learning more about our offerings? our solutions specialists are ready to help. get in touch note: moody’s corporation is comprised of separate divisions. moody's ratings publishes credit ratings and provides assessment services on a wide range of debt obligations, programs","learning,creative",2025-10-22T19:41:30.222445,
Tent Foundation,472761733,New York,NY,T20,,https://projects.propublica.org/nonprofits/organizations/472761733,foundation,2025-10-17 17:56:47,,,,,,,,not_contacted,no,no,,,,high,error,,,,0.0,,,,,,2025-10-22T19:41:34.126601,'grant_history'
Underground Foundations,815137417,Saugerties,NY,C60,,https://projects.propublica.org/nonprofits/organizations/815137417,foundations,2025-10-17 17:56:49,,,,,,,,not_contacted,no,no,,,,high,error,,,,0.0,,,,,,2025-10-22T19:41:36.063437,'grant_history'
Jewish Foundations,832669071,Suffern,NY,X30,,https://projects.propublica.org/nonprofits/organizations/832669071,foundations,2025-10-17 17:56:49,https://jewishs.com,info@jewishs.com,,,,,,not_contacted,no,no,,,,high,estimated,,"info@jewishs.com,contact@jewishs.com,hello@jewishs.com,inquiries@jewishs.com,development@jewishs.com,admin@jewishs.com",2.0,0.0,has been received!oops! something went wrong while submitting the form.,,"homepage,/about",,"arts,cultural",2025-10-22T19:41:49.522517,
Ayco Charitable Foundation,141782466,Cohoes,NY,T300,,https://projects.propublica.org/nonprofits/organizations/141782466,charitable foundation,2025-10-17 17:56:50,,,,,,,,not_contacted,no,no,,,,high,error,,,,0.0,,,,,,2025-10-22T19:41:52.070424,'grant_history'
Iag Charitable Foundation,934406877,Albany,NY,T22,,https://projects.propublica.org/nonprofits/organizations/934406877,charitable foundation,2025-10-17 17:56:50,,,,,,,,not_contacted,no,no,,,,high,error,,,,0.0,,,,,,2025-10-22T19:41:54.620220,'grant_history'
Blackstone Charitable Foundation,260462996,New York,NY,T21,,https://projects.propublica.org/nonprofits/organizations/260462996,charitable foundation,2025-10-17 17:56:50,,,,,,,,not_contacted,no,no,,,,high,error,,,,0.0,,,,,,2025-10-22T19:42:05.041852,'grant_history'
Hourglass Charitable Foundation,872162781,New York,NY,T20,,https://projects.propublica.org/nonprofits/organizations/872162781,charitable foundation,2025-10-17 17:56:50,https://hourglass.org,info@hourglass.org,,,,,,not_contacted,no,no,,,,high,estimated,,"info@hourglass.org,contact@hourglass.org,hello@hourglass.org,inquiries@hourglass.org,development@hourglass.org,admin@hourglass.org",0.0,0.0,,,"homepage,/about,/about-us,/mission,/vision,/our-mission,/what-we-do,/programs,/grants,/giving,/impact",,,2025-10-22T19:42:12.504580,
Egl Charitable Foundation,273667312,New York,NY,T20,,https://projects.propublica.org/nonprofits/organizations/273667312,charitable foundation,2025-10-17 17:56:50,https://egl.org,info@egl.org,,,,,,not_contacted,no,no,,,,high,estimated,,"info@egl.org,contact@egl.org,hello@egl.org,inquiries@egl.org,development@egl.org,admin@egl.org",1.0,0.0,(matthew 28:19-20) throughout the world and live the christian life.,,homepage,,education,2025-10-22T19:42:29.263204,
Mindich Charitable Foundation,832781828,New York,NY,T20,,https://projects.propublica.org/nonprofits/organizations/832781828,charitable foundation,2025-10-17 17:56:50,,,,,,,,not_contacted,no,no,,,,high,error,,,,0.0,,,,,,2025-10-22T19:42:31.715079,'grant_history'
Kyndryl Charitable Foundation,920750973,Rye Brook,NY,T20,,https://projects.propublica.org/nonprofits/organizations/920750973,charitable foundation,2025-10-17 17:56:50,https://kyndryl.org,info@kyndryl.org,,,,,,not_contacted,no,no,,,,high,estimated,,"info@kyndryl.org,contact@kyndryl.org,hello@kyndryl.org,inquiries@kyndryl.org,development@kyndryl.org,admin@kyndryl.org",2.0,100.0,"vision purpose values impact areas rfp grantees principles board of directors mission we invest in people, ideas and organizations to build a brighter future for all communities.","[{""category"": ""primary"", ""keywords_found"": [""creative education (partial: 2/2 words)"", ""art education (partial: 2/2 words)"", ""creative pathways (partial: 2/2 words)"", ""creative learning (partial: 2/2 words)""], ""category_score"": 37.0}, {""category"": ""disability_support"", ""keywords_found"": [""disabilities"", ""inclusive education (partial: 2/2 words)"", ""special education (partial: 2/2 words)""], ""category_score"": 25.0}, {""category"": ""youth_development"", ""keywords_found"": [""youth development (partial: 2/2 words)"", ""young minds (partial: 2/2 words)"", ""student empowerment (partial: 2/2 words)"", ""creative development (partial: 2/2 words)""], ""category_score"": 32.0}, {""category"": ""community_education"", ""keywords_found"": [""school partnerships (partial: 2/2 words)"", ""quality education (partial: 2/2 words)""], ""category_score"": 14.0}]",homepage,"support quality access to student-centered and technology-enabled education,support the communities it serves around the world. values our values inform the ways we engage with our partners and communities. we strive to be: inclusive embed inclusion and belonging in everything we do. empathetic serve with trust and transparency. innovative embrace new ideas to drive change. collaborative work together for shared success. bold be unafraid to tackle big challenges. kyndryl foundation's focus for funding organizations will be aligned with our three impact areas. future-forward education we support quality access to student-centered and technology-enabled education, ensuring all learners acquire the skills needed to promote sustainable development. climate action we enable transition to an environmentally sustainable future through innovative technology and mitigating the impacts of climate change by strengthening resilience in the communities most affected. inclusive economy we focus on investing in bold ideas that help to build a representative economy in which all individuals and communities can participate in and benefit from sustained economic and social prosperity. the kyndryl foundation year one impact summary the kyndryl foundation 2025 impact summary reflects the early progress to advance cybersecurity skills and resilience through trust-based grants. through grants to 11 nonprofit organizations across 7 countries, we have helped our grantees provide over 500,000 hours of learning and reach more than 49,000 individuals in the first year. read the full summary request for proposal (rfp) 2025 rfp details and application process rfp focus: growing an inclusive cybersecurity workforce growing an inclusive artificial intelligence workforce application window: september 5 - october 15, 2025 to support future-forward education and inclusive economy, our current initiatives focus on cybersecurity and ai training programs and initiatives. nonprofit organizations can access the application on submittable, the kyndryl foundation’s grants management system. preview application and eligibility criteria multi-year grantees czechitas (czech republic) provides training programs for two tech career paths – security operations center (soc) analyst and information security specialist. the nonprofit will train 100 women in cybersecurity, run cyber awareness initiatives for 50,000 women and educate government officials on cyber resiliency. learn more data security council of india (dsci) will offer two programs. dsci launched the cybervaahini program with an inaugural kyndryl foundation grant to provide cybersecurity training to women in tier two and three cities and help them find job opportunities. they will train 100 women under the cybervaahini program. the nonprofit will also use the fund to establish a state-of-the-art cybersecurity training center in mumbai. learn more girl security (us) will grow its workforce training program – designed to prepare individuals from low-income communities for cybersecurity pathways. the nonprofit aims to create a pipeline of more than 1,000 prepared participants planning to enter the technology sector by 2026. learn more npo sodateage net (japan) enables youth empowerment and economic independence through various employment support programs, awareness activities, career guidance sessions and family support. the nonprofit will provide a cybersecurity skilling program to nearly 1,500 young people and help them with internship and job placement. learn more single-year grantees fundación cibervoluntarios (spain) runs a one-year cybersecurity skilling course. the nonprofit will extend this course to 5,000 young people from underserved communities and depopulated areas. learn more clack (japan) will offer its “be pro cybersecurity” course for 100 students from economically disadvantaged families in tokyo and osaka. the two-day skilling program trains students on the basics of cybersecurity and helps them expand their career choices. learn more generation: you employed (uk) will organize train-and-place boot camps for 230 people facing barriers toward careers in it and cybersecurity. learn more joint economic and development initiative (jedi) (canada) aims to empower indigenous communities through digital literacy and it training, bridging the gap in rural, underrepresented communities. they will support approximately 50 indigenous students from new brunswick. learn more junior achievement (ja) americas (brazil and costa rica) runs the “she is digital” program focused on training and employability in the knowledge economy, specifically in cybersecurity. the nonprofit will deliver cybersecurity and career skills training to 400 women from brazil and costa rica and support them in finding jobs. learn more justice through code (jtc) (us) runs “the flagship,” a 10-month software engineering and professional development program for formerly incarcerated talent. the nonprofit will train 125 people under the flagship program, developing ai skills and supporting them with job placement. learn more mamo pracuj foundation (poland) organizes “the cyber women leaders” program that enables women, including refugees and migrants, to return to the workforce after a career break. the nonprofit will support 40 women with cybersecurity training, career consultation, soft skills sessions and job search guidance. learn more united way hungary offers a modular training program on cybersecurity – “the united for cybersafe youth” – for secondary school students and young adults, with a focus on underserved communities and people with visual disabilities,funding organizations will be aligned with our three impact areas. future-forward education we support quality access to student-centered and technology-enabled education, ensuring all learners acquire the skills needed to promote sustainable development. climate action we enable transition to an environmentally sustainable future through innovative technology and mitigating the impacts of climate change by strengthening resilience in the communities most affected. inclusive economy we focus on investing in bold ideas that help to build a representative economy in which all individuals and communities can participate in and benefit from sustained economic and social prosperity. the kyndryl foundation year one impact summary the kyndryl foundation 2025 impact summary reflects the early progress to advance cybersecurity skills and resilience through trust-based grants. through grants to 11 nonprofit organizations across 7 countries, we have helped our grantees provide over 500,000 hours of learning and reach more than 49,000 individuals in the first year. read the full summary request for proposal (rfp) 2025 rfp details and application process rfp focus: growing an inclusive cybersecurity workforce growing an inclusive artificial intelligence workforce application window: september 5 - october 15, 2025 to support future-forward education and inclusive economy, our current initiatives focus on cybersecurity and ai training programs,support the communities it serves around the world. values our values inform the ways we engage with our partners and communities. we strive to be: inclusive embed inclusion and belonging in everything we do. empathetic serve with trust and transparency. innovative embrace new ideas to drive change. collaborative work together for shared success. bold be unafraid to tackle big challenges. kyndryl foundation's focus for funding organizations will be aligned with our three impact areas. future-forward education,support programs, awareness activities, career guidance sessions and family support. the nonprofit will provide a cybersecurity skilling program to nearly 1,500 young people and help them with internship and job placement. learn more single-year grantees fundación cibervoluntarios (spain) runs a one-year cybersecurity skilling course. the nonprofit will extend this course to 5,000 young people from underserved communities and depopulated areas. learn more clack (japan) will offer its “be pro cybersecurity” course for 100 students from economically disadvantaged families in tokyo and osaka. the two-day skilling program trains students on the basics of cybersecurity and helps them expand their career choices. learn more generation: you employed (uk) will organize train-and-place boot camps for 230 people facing barriers toward careers in it and cybersecurity. learn more joint economic and development initiative (jedi) (canada) aims to empower indigenous communities through digital literacy and it training, bridging the gap in rural, underrepresented communities. they will support approximately 50 indigenous students from new brunswick. learn more junior achievement (ja) americas (brazil and costa rica) runs the “she is digital” program focused on training and employability in the knowledge economy, specifically in cybersecurity. the nonprofit will deliver cybersecurity and career skills training to 400 women from brazil and costa rica and support them in finding jobs. learn more justice through code (jtc) (us) runs “the flagship,” a 10-month software engineering and professional development program for formerly incarcerated talent. the nonprofit will train 125 people under the flagship program, developing ai skills and supporting them with job placement. learn more mamo pracuj foundation (poland) organizes “the cyber women leaders” program that enables women, including refugees and migrants, to return to the workforce after a career break. the nonprofit will support 40 women with cybersecurity training, career consultation, soft skills sessions and job search guidance. learn more united way hungary offers a modular training program on cybersecurity – “the united for cybersafe youth” – for secondary school students and young adults, with a focus on underserved communities and people with visual disabilities. the nonprofit will train 345 people under this program and help them with career development. learn more see previous year's grantees our grantmaking principles these principles guide kyndryl foundation’s grantmaking process balanced partnerships we recognize the value of trust-based philanthropy principles and entering relationships with our grantees as collaborators. we seek to reduce burdens on grantees by streamlining processes and making grants that favor long term impact. forward-thinking mindset we will embrace innovation in our grantmaking process and support new models that promote positive social change. data-forward design we understand that social change is not always easily measurable, but we will seek the benefit of science-based outcomes and creative approaches to measure the impact of our grants. representative grantmaking our grantmaking will be deeply rooted in the communities we fund. we will seek feedback from our grantees and their communities to promote our foundation's mission and to improve our grantmaking process. integrity and transparency our grantmaking process is guided by a commitment to integrity and appropriate transparency, including ensuring that our grantmaking criteria is publicly available. holistic engagement we commit to looking for ways to support our grantees beyond funding, by leveraging our talent, resources, and relationships. kyndryl foundation board and staff martin schroeter kyndryl foundation chairman and director una pulizzi kyndryl foundation president and board member edward sebold kyndryl foundation board member maryjo charbonnier kyndryl foundation board member david wyshner kyndryl foundation board member glen kutler kyndryl foundation secretary victor grado kyndryl foundation treasurer monoswita saha csr and kyndryl foundation advisor frequently asked questions how do i apply for a grant? after following the link to the kyndryl foundation program page, please use the top right hand button to either log in or sign up for an account. once you have created a profile you can then complete your eligibility check and begin your application (both items found in the left sidebar). note: we strongly suggest surveying your organization to see if anyone already has created a profile within wizehive. you can search for organization profiles within the tool when you create your profile, this will help avoid duplicates in our system. do you accept individual applications? no, we only accept applications from nonprofit organizations, those with a 501c3 status or equivalent determination. can i start my application and save progress to finish it later? yes, once you have created a profile you will be able to save all your progress until the next time you log in. can multiple members of my organization contribute to the same application? yes, you can invite other staff into your application once you have created a profile. connect with us let’s talk about how we can build an inclusive, sustainable future together. contact us kyndryl foundation aims to power human progress and positive change by supporting initiatives around future-forward education,support future-forward education","education,youth,disabilities,inclusion,learning,creative,inclusive,empowerment",2025-10-22T19:42:47.701854,
Finistere Charitable Foundation,822856772,New York,NY,T22,,https://projects.propublica.org/nonprofits/organizations/822856772,charitable foundation,2025-10-17 17:56:50,https://finistere.org,abuse@lws.fr,,,,,,not_contacted,no,no,,,,high,harvested,abuse@lws.fr,,1.0,0.0,,,homepage,,,2025-10-22T19:43:01.555517,
Belvedere Charitable Foundation,980509706,New York,NY,T22,,https://projects.propublica.org/nonprofits/organizations/980509706,charitable foundation,2025-10-17 17:56:50,https://belvedere.org,info@belvedere.org,,,,,,not_contacted,no,no,,,,high,estimated,,"info@belvedere.org,contact@belvedere.org,hello@belvedere.org,inquiries@belvedere.org,development@belvedere.org,admin@belvedere.org",0.0,0.0,,,homepage,,community,2025-10-22T19:43:13.743624,
Integrum Charitable Foundation,880585708,New York,NY,T21,,https://projects.propublica.org/nonprofits/organizations/880585708,charitable foundation,2025-10-17 17:56:50,,,,,,,,not_contacted,no,no,,,,high,error,,,,0.0,,,,,,2025-10-22T19:43:16.186371,'grant_history'
Grace Charitable Foundation,383911633,New York,NY,X11,,https://projects.propublica.org/nonprofits/organizations/383911633,charitable foundation,2025-10-17 17:56:50,https://gracecharitablefoundation.org,info@gracecharitablefoundation.org,,,,,,not_contacted,no,no,,,,high,estimated,,"info@gracecharitablefoundation.org,contact@gracecharitablefoundation.org,hello@gracecharitablefoundation.org,inquiries@gracecharitablefoundation.org,development@gracecharitablefoundation.org,admin@gracecharitablefoundation.org",2.0,18.0,"we aim to connect with people interested in supporting the multi-faceted works of the monastic state of mount athos, greece, especially that of the holy great monastery of vatopedi.","[{""category"": ""primary"", ""keywords_found"": [""art education (partial: 2/2 words)""], ""category_score"": 10.0}, {""category"": ""disability_support"", ""keywords_found"": [""special education (partial: 2/2 words)""], ""category_score"": 7.0}, {""category"": ""youth_development"", ""keywords_found"": [""cultural awareness (partial: 2/2 words)""], ""category_score"": 6.0}, {""category"": ""primary"", ""keywords_found"": [""art education (partial: 2/2 words)""], ""category_score"": 10.0}, {""category"": ""primary"", ""keywords_found"": [""art education (partial: 2/2 words)""], ""category_score"": 10.0}, {""category"": ""youth_development"", ""keywords_found"": [""cultural awareness (partial: 2/2 words)""], ""category_score"": 6.0}, {""category"": ""primary"", ""keywords_found"": [""art education (partial: 2/2 words)""], ""category_score"": 10.0}, {""category"": ""disability_support"", ""keywords_found"": [""special education (partial: 2/2 words)""], ""category_score"": 7.0}, {""category"": ""youth_development"", ""keywords_found"": [""cultural awareness (partial: 2/2 words)""], ""category_score"": 6.0}]","homepage,/about-us,/mission,/vision","support for the monastery’s charitable, social, education,support for the reconstruction of the historical athoniada academy (1750 ad) • undertaking of related research and support of numerous academic publications • renovation and restoration of monastery’s anciently renowned buildings • utilization of the priceless resources of the monastery’s abounding library and the digitization of the material therein • promotion of the monastery’s works in art, education","education,cultural,education,cultural,education,cultural,education,cultural",2025-10-22T19:43:35.396916,
Jl Charitable Foundation,842397358,Monroe,NY,T23,,https://projects.propublica.org/nonprofits/organizations/842397358,charitable foundation,2025-10-17 17:56:50,,,,,,,,not_contacted,no,no,,,,high,error,,,,0.0,,,,,,2025-10-22T19:43:38.422567,'grant_history'
Manhattan Charitable Foundation,562290295,New York,NY,T20,,https://projects.propublica.org/nonprofits/organizations/562290295,charitable foundation,2025-10-17 17:56:50,https://manhattan.org,info@manhattan.org,,,,,,not_contacted,no,no,,,,high,estimated,,"info@manhattan.org,contact@manhattan.org,hello@manhattan.org,inquiries@manhattan.org,development@manhattan.org,admin@manhattan.org",5.0,38.0,will be considering a tax incentive tomorrow night that could potentially be the final piece to the puzzle for reinvention of the wareham theater in downtown manhattan.,"[{""category"": ""primary"", ""keywords_found"": [""accessibility""], ""category_score"": 7}, {""category"": ""disability_support"", ""keywords_found"": [""accessibility""], ""category_score"": 8}, {""category"": ""youth_development"", ""keywords_found"": [""youth development (partial: 2/2 words)""], ""category_score"": 8.0}, {""category"": ""community_education"", ""keywords_found"": [""community school (partial: 2/2 words)"", ""community engagement (partial: 2/2 words)""], ""category_score"": 15.0}]",homepage,,"health,community,youth,accessibility,cultural",2025-10-22T19:43:55.411444,
Landegger Charitable Foundation,510180544,Rye Brook,NY,,,https://projects.propublica.org/nonprofits/organizations/510180544,charitable foundation,2025-10-17 17:56:50,,,,,,,,not_contacted,no,no,,,,high,error,,,,0.0,,,,,,2025-10-22T19:43:58.630140,'grant_history'
Wayen Charitable Foundation,133466312,Forest Hills,NY,,,https://projects.propublica.org/nonprofits/organizations/133466312,charitable foundation,2025-10-17 17:56:50,,,,,,,,not_contacted,no,no,,,,high,error,,,,0.0,,,,,,2025-10-22T19:43:58.864629,'grant_history'
Ebg Charitable Foundation,822512506,Monsey,NY,T30,,https://projects.propublica.org/nonprofits/organizations/822512506,charitable foundation,2025-10-17 17:56:50,,,,,,,,not_contacted,no,no,,,,high,error,,,,0.0,,,,,,2025-10-22T19:43:59.422464,'grant_history'
Harjen Charitable Foundation,260276553,New York,NY,T20,,https://projects.propublica.org/nonprofits/organizations/260276553,charitable foundation,2025-10-17 17:56:50,,,,,,,,not_contacted,no,no,,,,high,error,,,,0.0,,,,,,2025-10-22T19:43:59.672414,'grant_history'
Arf Charitable Foundation,832786566,New York,NY,T21,,https://projects.propublica.org/nonprofits/organizations/832786566,charitable foundation,2025-10-17 17:56:50,https://arf.org,info@arf.org,,,,,,not_contacted,no,no,,,,high,estimated,,"info@arf.org,contact@arf.org,hello@arf.org,inquiries@arf.org,development@arf.org,admin@arf.org",0.0,0.0,,,"homepage,/about,/about-us,/mission,/vision,/our-mission,/what-we-do,/programs,/grants,/giving,/impact",,,2025-10-22T19:44:06.474436,
Jeffrey Charitable Foundation,814615729,Monsey,NY,T20,,https://projects.propublica.org/nonprofits/organizations/814615729,charitable foundation,2025-10-17 17:56:50,,,,,,,,not_contacted,no,no,,,,high,error,,,,0.0,,,,,,2025-10-22T19:44:19.456365,'grant_history'
Nexstar Charitable Foundation,136161525,New York,NY,,,https://projects.propublica.org/nonprofits/organizations/136161525,charitable foundation,2025-10-17 17:56:50,,,,,,,,not_contacted,no,no,,,,high,error,,,,0.0,,,,,,2025-10-22T19:44:20.014062,'grant_history'
Mfk Charitable Foundation,264457852,Brooklyn,NY,T22,,https://projects.propublica.org/nonprofits/organizations/264457852,charitable foundation,2025-10-17 17:56:50,,,,,,,,not_contacted,no,no,,,,high,error,,,,0.0,,,,,,2025-10-22T19:44:23.593505,'grant_history'
Segal Charitable Foundation,113412302,Brooklyn,NY,T90Z,,https://projects.propublica.org/nonprofits/organizations/113412302,charitable foundation,2025-10-17 17:56:50,https://segal.org,contactyyyy@segal.org,,,,,,not_contacted,no,no,,,,high,harvested,contactyyyy@segal.org,,3.0,0.0,,,homepage,,"arts,learning",2025-10-22T19:44:34.649022,
Evercore Charitable Foundation,863977771,New York,NY,T21,,https://projects.propublica.org/nonprofits/organizations/863977771,charitable foundation,2025-10-17 17:56:50,https://evercore.org,info@evercore.org,,,,,,not_contacted,no,no,,,,high,estimated,,"info@evercore.org,contact@evercore.org,hello@evercore.org,inquiries@evercore.org,development@evercore.org,admin@evercore.org",5.0,0.0,,,"homepage,/about",,,2025-10-22T19:44:56.148278,
Marelda Charitable Foundation,455510047,New York,NY,T20,,https://projects.propublica.org/nonprofits/organizations/455510047,charitable foundation,2025-10-17 17:56:50,,,,,,,,not_contacted,no,no,,,,high,error,,,,0.0,,,,,,2025-10-22T19:44:58.640215,'grant_history'
Kw Charitable Foundation,113366771,Brooklyn,NY,T31J,,https://projects.propublica.org/nonprofits/organizations/113366771,charitable foundation,2025-10-17 17:56:50,,,,,,,,not_contacted,no,no,,,,high,error,,,,0.0,,,,,,2025-10-22T19:45:00.365911,'grant_history'
Overdeck Family Foundation,264377643,New York,NY,T22,,https://projects.propublica.org/nonprofits/organizations/264377643,family foundation,2025-10-17 17:56:51,https://overdeck.org,info@overdeck.org,,,,,,not_contacted,no,no,,,,high,estimated,,"info@overdeck.org,contact@overdeck.org,hello@overdeck.org,inquiries@overdeck.org,development@overdeck.org,admin@overdeck.org",5.0,35.0,measurably enhance education inside and outside the classroom.,"[{""category"": ""primary"", ""keywords_found"": [""art education (partial: 2/2 words)""], ""category_score"": 10.0}, {""category"": ""youth_development"", ""keywords_found"": [""children"", ""young minds""], ""category_score"": 15}, {""category"": ""community_education"", ""keywords_found"": [""school partnerships"", ""quality education (partial: 2/2 words)""], ""category_score"": 14.0}, {""category"": ""primary"", ""keywords_found"": [""art education (partial: 2/2 words)""], ""category_score"": 10.0}, {""category"": ""youth_development"", ""keywords_found"": [""children""], ""category_score"": 7}, {""category"": ""community_education"", ""keywords_found"": [""community school (partial: 2/2 words)"", ""school partnerships (partial: 2/2 words)""], ""category_score"": 16.0}, {""category"": ""primary"", ""keywords_found"": [""art education (partial: 2/2 words)""], ""category_score"": 10.0}, {""category"": ""youth_development"", ""keywords_found"": [""children""], ""category_score"": 7}, {""category"": ""community_education"", ""keywords_found"": [""community school (partial: 2/2 words)"", ""school partnerships (partial: 2/2 words)""], ""category_score"": 16.0}]","homepage,/about,/about-us","support focus on unlocking innovation, evidence, and growth opportunities, clearing the path to scale for organizations and researchers that are committed to accelerating key academic and socioemotional outcomes for all children. 106 grantees 75 million children 500,000 educators 6 million families unlocking innovation quill.org overdeck family foundation’s funding helped quill.org foster new partnerships with curriculum providers and develop new products to meet diverse student needs. in 2024, quill, which aims to help all students become critical thinkers through the practice of reading and writing, launched content for social studies educators, “building ai knowledge” activities, and enhanced spanish language functionality. since its founding in 2014, approximately 10 million students have written two billion sentences on the platform.read more unlocking innovation talkingpoints since overdeck family foundation began funding talkingpoints in 2020, the organization has continued to innovate on its product while growing its reach tenfold. the nonprofit, which serves as a tech-enabled family engagement solution that empowers educators to build effective family-school partnerships through two-way communication in 150+ languages, also provides coaching for schools and families and actionable data on student progress. with the addition of genai, talkingpoints is experimenting with in-the-moment suggestions and guidance for both teachers and families that can help improve family engagement and student learning.read more unlocking evidence onyourmark utilizing funding from overdeck family foundation, onyourmark, a nonprofit that provides high-impact virtual tutoring to students in kindergarten through second grade, gained insight into the potential impact of virtual tutoring on student learning. the organization worked with stanford university to conduct a randomized controlled trial of onyourmark, which examined over 2,000 students across 12 schools. researchers found that onyourmark tutoring had a positive impact on students’ early literacy skills, as measured with an assessment called the dibels, with the largest effects on kindergarteners’ knowledge of letter sounds and first graders’ decoding skills.read more unlocking growth new jersey tutoring corps, inc. in 2021, overdeck family foundation worked with the new jersey pandemic relief fund to launch the new jersey tutoring corps, a high-dosage, small-group, tutoring program designed to accelerate learning recovery for students impacted by pandemic-related learning losses. in 2024, the tutoring corps prioritized fostering close district partnerships through its in-school tutoring program, increasing the nonprofit’s year-over-year reach by 64 percent, serving almost 4,000 total kindergarten through eighth grade students in 80 school sites across 25 districts. during this time, the organization also saw significant earned revenue growth, demonstrating strong demand for high-impact tutoring across new jersey.read more unlocking growth museum of science (eie) the museum of science in boston, ma used funding from overdeck family foundation to scale its engineering is elementary® (eie) and youth engineering solutions (yes) curricula while providing families with resources to lead engineering and computer science activities at home. in sy 2023-24, over one million students accessed yes and eie’s engineering and computer science units, a 115 percent year-over-year increase primarily fueled by educator demand for high-quality and engaging engineering curricular materials for in-school and out-of-school time programs.read more unlocking growth national inventors hall of fame since 2020, overdeck family foundation’s funding has helped the national inventors hall of fame expand access to stem enrichment programs including camp invention®, club invention®, and invention project®. during the covid-19 pandemic, the team capitalized on federal stimulus dollars by spearheading new partnerships with school districts that led to growth of 22 percent year over year. at the same time, the organization saw notable growth in its out-of-school time programs, with camp invention averaging approximately 83 campers per camp, the largest in the organization’s history. in 2023, the national inventors hall of fame grew total students served by 37 percent.read more 1/5 meet our grantees we fund organizations that measurably enhance education,funding areas overdeck family foundation focuses exclusively on education, providing funding across four focus areas that encompass the whole child from birth through high school both inside and outside the classroom. early_impact created with sketch. early impactcreating strong foundations for early learning.learn more exceptional_educators created with sketch. exceptional educatorsmaking the educator role more effective and sustainable.learn more innovative_schools created with sketch. innovative schoolssupporting student-centered learning environments.learn more inspired_minds created with sketch. inspired mindsinspiring young minds through hands-on stem learning.learn more data_action created with sketch. data for actionconverting data into insights and outcomes.read morefoundation news you've paid for tutoring. here's how to make sure it works.read more spotlight on evidence: reimagining the teaching role by investing in strategic staffingread more perspectives: esser deadline puts out-of-school programs,funding has helped the national inventors hall of fame expand access to stem enrichment programs,funding criteria capacity-building support our grantees grantee portal news & resources our blog research repository grantmaking & impact reports about leadership team careers contact popular search terms: grants perspectives grantee portal 2022 updates covid news overdeck family foundation awards $10.6 million in grants in q3 2025 read more perspectives science scores are down. but we know what would improve them. read more perspectives missing key to student engagement: teachers’ time read more research what we’re learning from our investments in reducing chronic absenteeism read more perspectives the science of reading and play go hand-in-hand. schools must make it happen read more read more 1/5 our mission: measurably enhance education inside and outside the classroom. our grantmaking and strategic support focus on unlocking innovation, evidence, and growth opportunities, clearing the path to scale for organizations and researchers that are committed to accelerating key academic and socioemotional outcomes for all children. 106 grantees 75 million children 500,000 educators 6 million families unlocking innovation quill.org overdeck family foundation’s funding helped quill.org foster new partnerships with curriculum providers and develop new products to meet diverse student needs. in 2024, quill, which aims to help all students become critical thinkers through the practice of reading and writing, launched content for social studies educators, “building ai knowledge” activities, and enhanced spanish language functionality. since its founding in 2014, approximately 10 million students have written two billion sentences on the platform.read more unlocking innovation talkingpoints since overdeck family foundation began funding talkingpoints in 2020, the organization has continued to innovate on its product while growing its reach tenfold. the nonprofit, which serves as a tech-enabled family engagement solution that empowers educators to build effective family-school partnerships through two-way communication in 150+ languages, also provides coaching for schools and families and actionable data on student progress. with the addition of genai, talkingpoints is experimenting with in-the-moment suggestions and guidance for both teachers and families that can help improve family engagement and student learning.read more unlocking evidence onyourmark utilizing funding from overdeck family foundation, onyourmark, a nonprofit that provides high-impact virtual tutoring to students in kindergarten through second grade, gained insight into the potential impact of virtual tutoring on student learning. the organization worked with stanford university to conduct a randomized controlled trial of onyourmark, which examined over 2,000 students across 12 schools. researchers found that onyourmark tutoring had a positive impact on students’ early literacy skills, as measured with an assessment called the dibels, with the largest effects on kindergarteners’ knowledge of letter sounds and first graders’ decoding skills.read more unlocking growth new jersey tutoring corps, inc. in 2021, overdeck family foundation worked with the new jersey pandemic relief fund to launch the new jersey tutoring corps, a high-dosage, small-group, tutoring program designed to accelerate learning recovery for students impacted by pandemic-related learning losses. in 2024, the tutoring corps prioritized fostering close district partnerships through its in-school tutoring program, increasing the nonprofit’s year-over-year reach by 64 percent, serving almost 4,000 total kindergarten through eighth grade students in 80 school sites across 25 districts. during this time, the organization also saw significant earned revenue growth, demonstrating strong demand for high-impact tutoring across new jersey.read more unlocking growth museum of science (eie) the museum of science in boston, ma used funding from overdeck family foundation to scale its engineering is elementary® (eie) and youth engineering solutions (yes) curricula while providing families with resources to lead engineering and computer science activities at home. in sy 2023-24, over one million students accessed yes and eie’s engineering and computer science units, a 115 percent year-over-year increase primarily fueled by educator demand for high-quality and engaging engineering curricular materials for in-school and out-of-school time programs,support our grantees grantee portal news & resources our blog research repository grantmaking & impact reports about leadership team careers contact popular search terms: grants perspectives grantee portal 2022 updates covid news overdeck family foundation awards $10.6 million in grants in q3 2025 read more perspectives science scores are down. but we know what would improve them. read more perspectives missing key to student engagement: teachers’ time read more research what we’re learning from our investments in reducing chronic absenteeism read more perspectives the science of reading and play go hand-in-hand. schools must make it happen read more read more 1/5 our mission: measurably enhance education,funding criteria capacity-building support our grantees grantee portal news & resources our blog research repository grantmaking & impact reports about leadership team careers contact popular search terms: grants perspectives grantee portal 2022 updates covid overdeck family foundationproviding all children the opportunity to unlock their potential. about usoverdeck family foundation was founded in 2011 by john and laura overdeck with the goal of providing all children the opportunity to unlock their potential. we focus exclusively on enhancing education, funding efforts both inside and outside of school in the areas of early childhood, hands-on stem education, and k-9 programs,support our grantees grantee portal news & resources our blog research repository grantmaking & impact reports about leadership team careers contact popular search terms: grants perspectives grantee portal 2022 updates covid overdeck family foundationproviding all children the opportunity to unlock their potential. about usoverdeck family foundation was founded in 2011 by john and laura overdeck with the goal of providing all children the opportunity to unlock their potential. we focus exclusively on enhancing education,funding criteria capacity-building support our grantees grantee portal news & resources our blog research repository grantmaking & impact reports about leadership team careers contact popular search terms: grants perspectives grantee portal 2022 updates covid overdeck family foundationproviding all children the opportunity to unlock their potential. about usoverdeck family foundation was founded in 2011 by john and laura overdeck with the goal of providing all children the opportunity to unlock their potential. we focus exclusively on enhancing education, funding efforts both inside and outside of school in the areas of early childhood, hands-on stem education, and k-9 programs,support our grantees grantee portal news & resources our blog research repository grantmaking & impact reports about leadership team careers contact popular search terms: grants perspectives grantee portal 2022 updates covid overdeck family foundationproviding all children the opportunity to unlock their potential. about usoverdeck family foundation was founded in 2011 by john and laura overdeck with the goal of providing all children the opportunity to unlock their potential. we focus exclusively on enhancing education","education,youth,children,learning,education,community,children,learning,education,community,children,learning",2025-10-22T19:45:34.353175,
Blavatnik Family Foundation,812444350,New York,NY,T20,,https://projects.propublica.org/nonprofits/organizations/812444350,family foundation,2025-10-17 17:56:51,,,,,,,,not_contacted,no,no,,,,high,error,,,,0.0,,,,,,2025-10-22T19:45:39.600935,'grant_history'
Hao Family Foundation,473853918,Saratoga Spgs,NY,T20,,https://projects.propublica.org/nonprofits/organizations/473853918,family foundation,2025-10-17 17:56:51,,,,,,,,not_contacted,no,no,,,,high,error,,,,0.0,,,,,,2025-10-22T19:45:41.105466,'grant_history'
Banga Family Foundation,931621605,New York,NY,T20,,https://projects.propublica.org/nonprofits/organizations/931621605,family foundation,2025-10-17 17:56:51,,,,,,,,not_contacted,no,no,,,,high,error,,,,0.0,,,,,,2025-10-22T19:45:42.495769,'grant_history'
Stanley Family Foundation,61157888,Briarcliff,NY,,,https://projects.propublica.org/nonprofits/organizations/61157888,family foundation,2025-10-17 17:56:51,https://stanleyfamily.org,info@stanleyfamily.org,,,,,,not_contacted,no,no,,,,high,estimated,,"info@stanleyfamily.org,contact@stanleyfamily.org,hello@stanleyfamily.org,inquiries@stanleyfamily.org,development@stanleyfamily.org,admin@stanleyfamily.org",0.0,0.0,,,,,,2025-10-22T19:45:56.313601,
Sundheim Family Foundation,831563495,New York,NY,T20,,https://projects.propublica.org/nonprofits/organizations/831563495,family foundation,2025-10-17 17:56:51,,,,,,,,not_contacted,no,no,,,,high,error,,,,0.0,,,,,,2025-10-22T19:45:59.253304,'grant_history'
Gong Family Foundation,850778984,North Salem,NY,T22,,https://projects.propublica.org/nonprofits/organizations/850778984,family foundation,2025-10-17 17:56:51,,,,,,,,not_contacted,no,no,,,,high,error,,,,0.0,,,,,,2025-10-22T19:46:09.448723,'grant_history'
Paulson Family Foundation,263922995,New York,NY,T22,,https://projects.propublica.org/nonprofits/organizations/263922995,family foundation,2025-10-17 17:56:51,,,,,,,,not_contacted,no,no,,,,high,error,,,,0.0,,,,,,2025-10-22T19:46:11.076186,'grant_history'
Treehouse Family Foundation,854230020,New York,NY,T20,,https://projects.propublica.org/nonprofits/organizations/854230020,family foundation,2025-10-17 17:56:51,https://treehousefamily.org,info@treehousefamily.org,,,,,,not_contacted,no,no,,,,high,estimated,,"info@treehousefamily.org,contact@treehousefamily.org,hello@treehousefamily.org,inquiries@treehousefamily.org,development@treehousefamily.org,admin@treehousefamily.org",0.0,0.0,,,homepage,,,2025-10-22T19:46:17.771011,
Lubetzky Family Foundation,821648087,New York,NY,W70,,https://projects.propublica.org/nonprofits/organizations/821648087,family foundation,2025-10-17 17:56:51,https://lubetzkyfamilyfoundation.org,info@lubetzky.org,,,,,,not_contacted,no,no,,,,high,harvested,"info@lubetzky.org,info@lubetzky.orglubetzky",,0.0,0.0,"statementfostering empathy and critical thinking to build resilient democracies and safeguard humanity​values statementrabbi hillel said “in a place where there is no humanity, strive thou to be human.",,homepage,,"community,learning",2025-10-22T19:46:28.243793,
Timashev Family Foundation,821674572,New York,NY,P20,,https://projects.propublica.org/nonprofits/organizations/821674572,family foundation,2025-10-17 17:56:51,https://timashevfamilyfoundation.org,info@timashevfamilyfoundation.org,,,,,,not_contacted,no,no,,,,high,estimated,,"info@timashevfamilyfoundation.org,contact@timashevfamilyfoundation.org,hello@timashevfamilyfoundation.org,inquiries@timashevfamilyfoundation.org,development@timashevfamilyfoundation.org,admin@timashevfamilyfoundation.org",3.0,78.5,providing cutting-edge education for the next generation.,"[{""category"": ""primary"", ""keywords_found"": [""arts education (partial: 2/2 words)"", ""art education (partial: 2/2 words)"", ""arts program (partial: 2/2 words)"", ""arts access (partial: 2/2 words)"", ""accessibility""], ""category_score"": 43.0}, {""category"": ""disability_support"", ""keywords_found"": [""accessibility""], ""category_score"": 8}, {""category"": ""youth_development"", ""keywords_found"": [""student empowerment (partial: 2/2 words)""], ""category_score"": 8.0}, {""category"": ""community_education"", ""keywords_found"": [""community school (partial: 2/2 words)"", ""school partnerships (partial: 2/2 words)"", ""educational access (partial: 2/2 words)"", ""empowering students (partial: 2/2 words)""], ""category_score"": 31.0}, {""category"": ""primary"", ""keywords_found"": [""arts education (partial: 2/2 words)"", ""art education (partial: 2/2 words)"", ""arts program (partial: 2/2 words)"", ""arts access (partial: 2/2 words)""], ""category_score"": 36.0}, {""category"": ""youth_development"", ""keywords_found"": [""student empowerment (partial: 2/2 words)""], ""category_score"": 8.0}, {""category"": ""community_education"", ""keywords_found"": [""community school (partial: 2/2 words)"", ""school partnerships (partial: 2/2 words)"", ""empowering students (partial: 2/2 words)""], ""category_score"": 23.0}]","homepage,/about","funding faculty programs,support university initiatives and the timashev family music building—one of the nation’s most advanced music facilities. in recognition of their contributions, ratmir and angela received ohio state’s distinguished service award.angela, an avid art supporter, serves on the board of the bruce museum in greenwich, connecticut, which showcases art, science, and natural history. the foundation also supports dallas contemporary, a museum dedicated to emerging and established artists.during the pandemic, the foundation helped revitalize in-person cultural events, becoming a key supporter of the 2022 smithsonian folklife festival. its sponsorship of the gifts we carry: sounds of migration and memory, a concert led by yo-yo ma, celebrated resilience and cultural diversity through music.community empowermentthe timashev family foundation is dedicated to strengthening communities through humanitarian aid, climate resilience, and essential services.in response to global crises, the foundation has supported refugee and humanitarian efforts in afghanistan and ukraine. in 2022, it helped the aleph institute deliver medical supplies and life-saving treatments to communities in afghanistan. following the invasion of ukraine, it partnered with world central kitchen, helping provide hundreds of thousands of warm meals to those affected by the war. the foundation also supports israaid, a global leader in disaster relief, and the mighty oaks foundation, which provides resiliency and recovery programs for u.s. veterans.the foundation is committed to environmental conservation and proudly supports the wild salmon center in its efforts to protect critical salmon ecosystems. in 2024, the organization recognized ratmir for his contributions to preserving these habitats. stay updateddiscover our latest impactexplore the latest stories highlighting our partners and how the timashev family foundation is driving change through innovation, education, and the arts,support university initiatives and the timashev family music building—one of the nation’s most advanced music facilities. in recognition of their contributions, ratmir and angela received ohio state’s distinguished service award.angela, an avid art supporter, serves on the board of the bruce museum in greenwich, connecticut, which showcases art, science, and natural history. the foundation also supports dallas contemporary, a museum dedicated to emerging and established artists.during the pandemic, the foundation helped revitalize in-person cultural events, becoming a key supporter of the 2022 smithsonian folklife festival. its sponsorship of the gifts we carry: sounds of migration and memory, a concert led by yo-yo ma, celebrated resilience and cultural diversity through music.community empowermentthe timashev family foundation is dedicated to strengthening communities through humanitarian aid, climate resilience, and essential services.in response to global crises, the foundation has supported refugee and humanitarian efforts in afghanistan and ukraine. in 2022, it helped the aleph institute deliver medical supplies and life-saving treatments to communities in afghanistan. following the invasion of ukraine, it partnered with world central kitchen, helping provide hundreds of thousands of warm meals to those affected by the war. the foundation also supports israaid, a global leader in disaster relief, and the mighty oaks foundation, which provides resiliency and recovery programs for u.s. veterans.the foundation is committed to environmental conservation and proudly supports the wild salmon center in its efforts to protect critical salmon ecosystems. in 2024, the organization recognized ratmir for his contributions to preserving these habitats. stay updateddiscover our latest impactexplore the latest stories highlighting our partners and how the timashev family foundation is driving change through innovation, education","education,arts,community,accessibility,cultural,empowerment,education,arts,community,learning,cultural,empowerment",2025-10-22T19:46:45.027234,
Higgins Family Foundation,384152217,New York,NY,T22,,https://projects.propublica.org/nonprofits/organizations/384152217,family foundation,2025-10-17 17:56:51,https://higgins.org,you@higgins.org,,,,,,not_contacted,no,no,,,,high,harvested,you@higgins.org,,0.0,0.0,,,"homepage,/about,/about-us,/mission,/vision,/our-mission,/what-we-do,/programs,/grants,/giving,/impact",,,2025-10-22T19:47:18.558152,
Patterson Family Foundation,356975288,New York,NY,T20,,https://projects.propublica.org/nonprofits/organizations/356975288,family foundation,2025-10-17 17:56:51,https://pattersonfamilyfoundation.org,info@pffkc.org,,,,,,not_contacted,no,no,,,,high,harvested,"christy@kansascfs.org,info@pffkc.org,emily@pffkc.org,support@pffkc.org",,4.0,4.181818181818182,that thriving rural communities aren’t just about the numbers—they’re about the people who choose to live there.,"[{""category"": ""primary"", ""keywords_found"": [""art education (partial: 2/2 words)"", ""accessibility""], ""category_score"": 17.0}, {""category"": ""disability_support"", ""keywords_found"": [""accessibility""], ""category_score"": 8}, {""category"": ""community_education"", ""keywords_found"": [""educational access (partial: 2/2 words)"", ""quality education"", ""community engagement""], ""category_score"": 21.0}]","homepage,/about,/about-us,/mission,/vision,/our-mission,/what-we-do,/programs,/grants,/giving,/impact",,"education,health,community,accessibility,learning",2025-10-22T19:47:38.297227,
Quad Family Foundation,463835222,Cohoes,NY,T20,,https://projects.propublica.org/nonprofits/organizations/463835222,family foundation,2025-10-17 17:56:51,,,,,,,,not_contacted,no,no,,,,high,error,,,,0.0,,,,,,2025-10-22T19:47:40.779925,'grant_history'
Mai Family Foundation,133915987,New York,NY,T20J,,https://projects.propublica.org/nonprofits/organizations/133915987,family foundation,2025-10-17 17:56:51,,,,,,,,not_contacted,no,no,,,,high,error,,,,0.0,,,,,,2025-10-22T19:47:43.490617,'grant_history'
Daftuar Family Foundation,474685449,New York,NY,G99,,https://projects.propublica.org/nonprofits/organizations/474685449,family foundation,2025-10-17 17:56:51,,,,,,,,not_contacted,no,no,,,,high,error,,,,0.0,,,,,,2025-10-22T19:47:44.514978,'grant_history'
Erie Family Foundation,522339484,New York,NY,T22,,https://projects.propublica.org/nonprofits/organizations/522339484,family foundation,2025-10-17 17:56:51,,,,,,,,not_contacted,no,no,,,,high,error,,,,0.0,,,,,,2025-10-22T19:47:45.123815,'grant_history'
Mucci Family Foundation,922880400,Rochester,NY,T22,,https://projects.propublica.org/nonprofits/organizations/922880400,family foundation,2025-10-17 17:56:51,,,,,,,,not_contacted,no,no,,,,high,error,,,,0.0,,,,,,2025-10-22T19:47:46.318001,'grant_history'
Fuhrman Family Foundation,461579112,New York,NY,T22,,https://projects.propublica.org/nonprofits/organizations/461579112,family foundation,2025-10-17 17:56:51,https://fuhrmanfamilyfoundation.org,info@fuhrmanfamilyfoundation.org,,,,,,not_contacted,no,no,,,,high,estimated,,"info@fuhrmanfamilyfoundation.org,contact@fuhrmanfamilyfoundation.org,hello@fuhrmanfamilyfoundation.org,inquiries@fuhrmanfamilyfoundation.org,development@fuhrmanfamilyfoundation.org,admin@fuhrmanfamilyfoundation.org",2.0,41.0,,"[{""category"": ""primary"", ""keywords_found"": [""arts education"", ""creative education (partial: 2/2 words)"", ""art education (partial: 2/2 words)""], ""category_score"": 29.0}, {""category"": ""primary"", ""keywords_found"": [""arts education"", ""creative education (partial: 2/2 words)"", ""art education (partial: 2/2 words)"", ""arts program (partial: 2/2 words)""], ""category_score"": 37.0}, {""category"": ""disability_support"", ""keywords_found"": [""special education (partial: 2/2 words)""], ""category_score"": 7.0}, {""category"": ""community_education"", ""keywords_found"": [""community school (partial: 2/2 words)""], ""category_score"": 9.0}]","homepage,/about","support individuals’ artistic and educational pursuits, and their physical, emotional and spiritual well-being. visual arts,support individuals’ artistic and education,support individuals’ artistic and education,support individuals’ artistic and educational pursuits, and their physical, emotional and spiritual well-being. through grants in the visual arts","education,arts,health,community,creative,education,arts,health,community,creative",2025-10-22T19:47:59.698292,
Gerstner Family Foundation,208559135,Armonk,NY,T22,,https://projects.propublica.org/nonprofits/organizations/208559135,family foundation,2025-10-17 17:56:51,,,,,,,,not_contacted,no,no,,,,high,error,,,,0.0,,,,,,2025-10-22T19:48:02.466318,'grant_history'
Baratta Family Foundation,830767499,Saratoga Spgs,NY,T22,,https://projects.propublica.org/nonprofits/organizations/830767499,family foundation,2025-10-17 17:56:51,,,,,,,,not_contacted,no,no,,,,high,error,,,,0.0,,,,,,2025-10-22T19:48:03.036572,'grant_history'
Fascitelli Family Foundation,133748071,New York,NY,,,https://projects.propublica.org/nonprofits/organizations/133748071,family foundation,2025-10-17 17:56:51,,,,,,,,not_contacted,no,no,,,,high,error,,,,0.0,,,,,,2025-10-22T19:48:03.212286,'grant_history'
Marsal Family Foundation,841367157,New York,NY,T20Z,,https://projects.propublica.org/nonprofits/organizations/841367157,family foundation,2025-10-17 17:56:51,https://marsal.org,info@marsal.org,,,,,,not_contacted,no,no,,,,high,estimated,,"info@marsal.org,contact@marsal.org,hello@marsal.org,inquiries@marsal.org,development@marsal.org,admin@marsal.org",1.0,7.0,,"[{""category"": ""youth_development"", ""keywords_found"": [""children""], ""category_score"": 7}]",homepage,,"education,children",2025-10-22T19:48:18.241393,
Kaye Family Foundation,134092284,Albany,NY,T20,,https://projects.propublica.org/nonprofits/organizations/134092284,family foundation,2025-10-17 17:56:51,,,,,,,,not_contacted,no,no,,,,high,error,,,,0.0,,,,,,2025-10-22T19:48:21.867792,'grant_history'
Sundell Family Foundation,475028854,New York,NY,,,https://projects.propublica.org/nonprofits/organizations/475028854,family foundation,2025-10-17 17:56:51,https://sundellfamily.com,info@sundellfamily.com,,,,,,not_contacted,no,no,,,,high,estimated,,"info@sundellfamily.com,contact@sundellfamily.com,hello@sundellfamily.com,inquiries@sundellfamily.com,development@sundellfamily.com,admin@sundellfamily.com",0.0,0.0,,,homepage,,,2025-10-22T19:48:28.573129,
Brooklyn Community Foundation,113422729,Brooklyn,NY,T21,,https://projects.propublica.org/nonprofits/organizations/113422729,community foundation,2025-10-17 17:56:52,,,,,,,,not_contacted,no,no,,,,high,error,,,,0.0,,,,,,2025-10-22T19:48:31.134046,'grant_history'
Rome Community Foundation,161574338,Rome,NY,T31,,https://projects.propublica.org/nonprofits/organizations/161574338,community foundation,2025-10-17 17:56:52,,,,,,,,not_contacted,no,no,,,,high,error,,,,0.0,,,,,,2025-10-22T19:48:41.726206,'grant_history'
Pcsb Community Foundation,821223618,Yorktown Heights,NY,T22,,https://projects.propublica.org/nonprofits/organizations/821223618,community foundation,2025-10-17 17:56:52,,,,,,,,not_contacted,no,no,,,,high,error,,,,0.0,,,,,,2025-10-22T19:48:52.000890,'grant_history'
Cortland Community Foundation,161561037,Cortland,NY,T31,,https://projects.propublica.org/nonprofits/organizations/161561037,community foundation,2025-10-17 17:56:52,https://cortland.org,info@cortland.org,,,,,,not_contacted,no,no,,,,high,estimated,,"info@cortland.org,contact@cortland.org,hello@cortland.org,inquiries@cortland.org,development@cortland.org,admin@cortland.org",1.0,15.0,,"[{""category"": ""primary"", ""keywords_found"": [""accessibility""], ""category_score"": 7}, {""category"": ""disability_support"", ""keywords_found"": [""accessibility""], ""category_score"": 8}]",homepage,,"community,youth,accessibility",2025-10-22T19:49:04.451401,
Athens Community Foundation,371419086,Athens,NY,T20,,https://projects.propublica.org/nonprofits/organizations/371419086,community foundation,2025-10-17 17:56:52,,,,,,,,not_contacted,no,no,,,,high,error,,,,0.0,,,,,,2025-10-22T19:49:17.265196,'grant_history'
Pawling Community Foundation,141748758,Pawling,NY,,,https://projects.propublica.org/nonprofits/organizations/141748758,community foundation,2025-10-17 17:56:52,,,,,,,,not_contacted,no,no,,,,high,error,,,,0.0,,,,,,2025-10-22T19:49:17.898659,'grant_history'
Community Solutions Foundation,463772911,Buffalo,NY,P19,,https://projects.propublica.org/nonprofits/organizations/463772911,community foundation,2025-10-17 17:56:52,,,,,,,,not_contacted,no,no,,,,high,error,,,,0.0,,,,,,2025-10-22T19:49:18.358170,'grant_history'
Brookmeade Community Foundation,454813106,Rhinebeck,NY,T99,,https://projects.propublica.org/nonprofits/organizations/454813106,community foundation,2025-10-17 17:56:52,,,,,,,,not_contacted,no,no,,,,high,error,,,,0.0,,,,,,2025-10-22T19:49:18.571520,'grant_history'
Community Concern Foundation,161447801,Derby,NY,,,https://projects.propublica.org/nonprofits/organizations/161447801,community foundation,2025-10-17 17:56:52,,,,,,,,not_contacted,no,no,,,,high,error,,,,0.0,,,,,,2025-10-22T19:49:19.017309,'grant_history'
Cooperstown Community Foundation,166090548,Cooperstown,NY,,,https://projects.propublica.org/nonprofits/organizations/166090548,community foundation,2025-10-17 17:56:52,https://cooperstown.org,info@cooperstown.org,,,,,,not_contacted,no,no,,,,high,estimated,,"info@cooperstown.org,contact@cooperstown.org,hello@cooperstown.org,inquiries@cooperstown.org,development@cooperstown.org,admin@cooperstown.org",0.0,0.0,,,homepage,,,2025-10-22T19:49:28.164767,
World Community Foundation,133612343,New York,NY,,,https://projects.propublica.org/nonprofits/organizations/133612343,community foundation,2025-10-17 17:56:52,https://world.org,discord.@worldcoinfndworld.org,,,,,,not_contacted,no,no,,,,high,harvested,discord.@worldcoinfndworld.org,,2.0,0.0,"developing meaningful, high-impact applications on world chain, an ecosystem that already connects more than 12 million world id users in more than 160 countries.",,"homepage,/about,/grants",,"community,inclusive,community,inclusive,community,inclusion,inclusive",2025-10-22T19:49:49.060846,
Bethpage Community Foundation,113578002,Bethpage,NY,T31,,https://projects.propublica.org/nonprofits/organizations/113578002,community foundation,2025-10-17 17:56:52,https://bethpage.org,press@fourleaffcu.com,,,,,,not_contacted,no,no,,,,high,harvested,press@fourleaffcu.com,,5.0,0.0,,,"homepage,/about,/about-us,/mission,/vision,/our-mission,/what-we-do,/programs,/grants,/giving,/impact",,"community,learning,inclusive,community,learning,inclusive,community,learning,inclusive,community,learning,inclusive,community,learning,inclusive,community,learning,inclusive,community,learning,inclusive,community,learning,inclusive,community,learning,inclusive,community,learning,inclusive,community,learning,inclusive",2025-10-22T19:50:20.392205,
Boma Community Foundation,834716640,New York,NY,S20,,https://projects.propublica.org/nonprofits/organizations/834716640,community foundation,2025-10-17 17:56:52,,,,,,,,not_contacted,no,no,,,,high,error,,,,0.0,,,,,,2025-10-22T19:50:23.481170,'grant_history'
Community Exchange Foundation,271641810,Glens Falls,NY,T99,,https://projects.propublica.org/nonprofits/organizations/271641810,community foundation,2025-10-17 17:56:52,,,,,,,,not_contacted,no,no,,,,high,error,,,,0.0,,,,,,2025-10-22T19:50:24.134259,'grant_history'
Community Hope Foundation,853783524,Sprngfld Gdns,NY,P20,,https://projects.propublica.org/nonprofits/organizations/853783524,community foundation,2025-10-17 17:56:52,,,,,,,,not_contacted,no,no,,,,high,error,,,,0.0,,,,,,2025-10-22T19:50:26.446876,'grant_history'
Cornwall Community Foundation,463121192,New Windsor,NY,T12,,https://projects.propublica.org/nonprofits/organizations/463121192,community foundation,2025-10-17 17:56:52,,,,,,,,not_contacted,no,no,,,,high,error,,,,0.0,,,,,,2025-10-22T19:50:27.741863,'grant_history'
Duryee Community Foundation,844110882,Schenectady,NY,S20,,https://projects.propublica.org/nonprofits/organizations/844110882,community foundation,2025-10-17 17:56:52,https://duryee.org,office@duryeememorial.org,,,,,,not_contacted,no,no,,,,high,harvested,"office@duryeememorial.org,office@duryeememorial.orgmission",,5.0,0.0,"love christ, live christ, serve christ  ep 2:10 [nkjv] ​for we are his workmanship, created in christ jesus for good works, which god prepared beforehand that we should walk in them.",,"homepage,/about-us",,"community,community",2025-10-22T19:50:52.322751,
Esopus Community Foundation,862568195,Port Ewen,NY,W99,,https://projects.propublica.org/nonprofits/organizations/862568195,community foundation,2025-10-17 17:56:52,https://esopus.org,info@esopus.org,,,,,,not_contacted,no,no,,,,high,estimated,,"info@esopus.org,contact@esopus.org,hello@esopus.org,inquiries@esopus.org,development@esopus.org,admin@esopus.org",2.0,0.0,"of providing an unmediated space through which artists, writers, musicians, and other creative professionals could connect directly with the general public.",,homepage,,"arts,creative",2025-10-22T19:51:05.741212,
Leaveners Community Foundation,481172029,Essex,NY,P58,,https://projects.propublica.org/nonprofits/organizations/481172029,community foundation,2025-10-17 17:56:52,https://leaveners.org,info@leaveners.org,,,,,,not_contacted,no,no,,,,high,estimated,,"info@leaveners.org,contact@leaveners.org,hello@leaveners.org,inquiries@leaveners.org,development@leaveners.org,admin@leaveners.org",0.0,0.0,,,homepage,,,2025-10-22T19:51:35.411404,
New Community Foundation,464343865,Bronx,NY,S20,,https://projects.propublica.org/nonprofits/organizations/464343865,community foundation,2025-10-17 17:56:52,https://new.org,info@new.org,,,,,,not_contacted,no,no,,,,high,harvested,info@new.org,,5.0,0.0,,,"homepage,/about,/about-us,/mission,/vision,/our-mission,/what-we-do,/programs,/grants,/giving,/impact",,,2025-10-22T19:51:56.966165,
Sephardic Community Foundation,861748882,Brooklyn,NY,A23,,https://projects.propublica.org/nonprofits/organizations/861748882,community foundation,2025-10-17 17:56:52,https://sephardic.org,info@sephardic.org,,,,,,not_contacted,no,no,,,,high,estimated,,"info@sephardic.org,contact@sephardic.org,hello@sephardic.org,inquiries@sephardic.org,development@sephardic.org,admin@sephardic.org",2.0,10.636363636363637,,"[{""category"": ""primary"", ""keywords_found"": [""art education (partial: 2/2 words)""], ""category_score"": 10.0}, {""category"": ""disability_support"", ""keywords_found"": [""special education (partial: 2/2 words)""], ""category_score"": 7.0}, {""category"": ""primary"", ""keywords_found"": [""art education (partial: 2/2 words)""], ""category_score"": 10.0}, {""category"": ""primary"", ""keywords_found"": [""art education (partial: 2/2 words)""], ""category_score"": 10.0}, {""category"": ""primary"", ""keywords_found"": [""art education (partial: 2/2 words)""], ""category_score"": 10.0}, {""category"": ""primary"", ""keywords_found"": [""art education (partial: 2/2 words)""], ""category_score"": 10.0}, {""category"": ""primary"", ""keywords_found"": [""art education (partial: 2/2 words)""], ""category_score"": 10.0}, {""category"": ""primary"", ""keywords_found"": [""art education (partial: 2/2 words)""], ""category_score"": 10.0}, {""category"": ""primary"", ""keywords_found"": [""art education (partial: 2/2 words)""], ""category_score"": 10.0}, {""category"": ""primary"", ""keywords_found"": [""art education (partial: 2/2 words)""], ""category_score"": 10.0}, {""category"": ""primary"", ""keywords_found"": [""art education (partial: 2/2 words)""], ""category_score"": 10.0}, {""category"": ""primary"", ""keywords_found"": [""art education (partial: 2/2 words)""], ""category_score"": 10.0}]","homepage,/about,/about-us,/mission,/vision,/our-mission,/what-we-do,/programs,/grants,/giving,/impact",,"education,health,community,learning,education,health,community,education,health,community,education,health,community,education,health,community,education,health,community,education,health,community,education,health,community,education,health,community,education,health,community,education,health,community",2025-10-22T19:52:13.615582,
Andujar Foundation Community,824911984,Buffalo,NY,O50,,https://projects.propublica.org/nonprofits/organizations/824911984,community foundation,2025-10-17 17:56:52,,,,,,,,not_contacted,no,no,,,,high,error,,,,0.0,,,,,,2025-10-22T19:52:19.218407,'grant_history'
Community Kollel Foundation,990765557,Far Rockaway,NY,X30,,https://projects.propublica.org/nonprofits/organizations/990765557,community foundation,2025-10-17 17:56:52,,,,,,,,not_contacted,no,no,,,,high,error,,,,0.0,,,,,,2025-10-22T19:52:19.633553,'grant_history'
Elevate Community Foundation,844976587,Rochester,NY,Z99,,https://projects.propublica.org/nonprofits/organizations/844976587,community foundation,2025-10-17 17:56:52,,,,,,,,not_contacted,no,no,,,,high,error,,,,0.0,,,,,,2025-10-22T19:52:20.658476,'grant_history'
Plmbc Community Foundation,824450245,Buffalo,NY,O50,,https://projects.propublica.org/nonprofits/organizations/824450245,community foundation,2025-10-17 17:56:52,https://plmbc.org,usemailoffice@promiselandmbconline.orgphone,,,,,,not_contacted,no,no,,,,high,harvested,usemailoffice@promiselandmbconline.orgphone,,3.0,10.0,are you interested in why we are called promise land? are you interested in what we believe? click here contact usemailoffice@promiselandmbconline.,"[{""category"": ""youth_development"", ""keywords_found"": [""children""], ""category_score"": 7}, {""category"": ""youth_development"", ""keywords_found"": [""children""], ""category_score"": 7}, {""category"": ""community_education"", ""keywords_found"": [""community school (partial: 2/2 words)""], ""category_score"": 9.0}, {""category"": ""youth_development"", ""keywords_found"": [""children""], ""category_score"": 7}]","homepage,/about,/giving",,"children,community,children,children",2025-10-22T19:52:34.316359,
Nhrg Private Foundation,273949845,Greenlawn,NY,T22,,https://projects.propublica.org/nonprofits/organizations/273949845,private foundation,2025-10-17 17:56:54,https://nhrg.org,info@nhrg.org,,,,,,not_contacted,no,no,,,,high,estimated,,"info@nhrg.org,contact@nhrg.org,hello@nhrg.org,inquiries@nhrg.org,development@nhrg.org,admin@nhrg.org",0.0,0.0,,,homepage,,,2025-10-22T19:52:48.675378,
Bitcoin Private Foundation,831305957,New York,NY,U99,,https://projects.propublica.org/nonprofits/organizations/831305957,private foundation,2025-10-17 17:56:54,https://bitcoin.org,info@bitcoin.org,,,,,,not_contacted,no,no,,,,high,estimated,,"info@bitcoin.org,contact@bitcoin.org,hello@bitcoin.org,inquiries@bitcoin.org,development@bitcoin.org,admin@bitcoin.org",2.0,0.0,,,"homepage,/about,/about-us,/mission,/vision,/our-mission,/what-we-do,/programs,/grants,/giving,/impact",,"community,community,community,community,community,community,community,community,community,community,community",2025-10-22T19:53:00.966065,
Mae Private Foundation,815246407,New York,NY,T50,,https://projects.propublica.org/nonprofits/organizations/815246407,private foundation,2025-10-17 17:56:54,,,,,,,,not_contacted,no,no,,,,high,error,,,,0.0,,,,,,2025-10-22T19:53:03.737807,'grant_history'
Allan Patchett Private Foundation,550760574,Amherst,NY,T20,,https://projects.propublica.org/nonprofits/organizations/550760574,private foundation,2025-10-17 17:56:54,https://allan.org,info@allan.org,,,,,,not_contacted,no,no,,,,high,estimated,,"info@allan.org,contact@allan.org,hello@allan.org,inquiries@allan.org,development@allan.org,admin@allan.org",0.0,0.0,,,homepage,,,2025-10-22T19:53:15.512275,
Douglas Cramer Private Foundation,311705313,Woodbury,NY,T22,,https://projects.propublica.org/nonprofits/organizations/311705313,private foundation,2025-10-17 17:56:54,,,,,,,,not_contacted,no,no,,,,high,error,,,,0.0,,,,,,2025-10-22T19:53:21.459506,'grant_history'
Private Tutor Foundation Inc,611620448,White Plains,NY,B90,,https://projects.propublica.org/nonprofits/organizations/611620448,private foundation,2025-10-17 17:56:54,https://privatetutor.com,info@privatetutor.com,,,,,,not_contacted,no,no,,,,high,estimated,,"info@privatetutor.com,contact@privatetutor.com,hello@privatetutor.com,inquiries@privatetutor.com,development@privatetutor.com,admin@privatetutor.com",1.0,29.0,"connecting students with skilled tutors who inspire confidence, unlock potential, and make learning an enjoyable journey.","[{""category"": ""primary"", ""keywords_found"": [""art education (partial: 2/2 words)"", ""accessibility""], ""category_score"": 17.0}, {""category"": ""disability_support"", ""keywords_found"": [""special needs (partial: 2/2 words)"", ""special education (partial: 2/2 words)"", ""accessibility""], ""category_score"": 24.0}, {""category"": ""community_education"", ""keywords_found"": [""community school (partial: 2/2 words)"", ""quality education (partial: 2/2 words)""], ""category_score"": 16.0}, {""category"": ""primary"", ""keywords_found"": [""accessibility""], ""category_score"": 7}, {""category"": ""disability_support"", ""keywords_found"": [""accessibility""], ""category_score"": 8}, {""category"": ""primary"", ""keywords_found"": [""accessibility""], ""category_score"": 7}, {""category"": ""disability_support"", ""keywords_found"": [""accessibility""], ""category_score"": 8}]","homepage,/about-us,/programs","support your success every step of the way. our platform brings together a community of highly qualified tutors with expertise across a wide range of subjects and grade levels. each tutor represents a high level of professionalism, knowledge, and passion for teaching. why teach at  privatetutor.com? customized learning plans: personalized strategies to meet your specific needs and objectives. flexible scheduling: teach at your pace, anytime, anywhere. top-quality tutors: work among experts who care about your progress and are dedicated to your professional growth. proven results: help students achieve academic excellence and gain confidence. at privatetutor.com, we believe education","education,community,accessibility,learning,accessibility,accessibility",2025-10-22T19:54:02.368476,
Public Private Alliance Foundation,711016293,Hastings Hdsn,NY,Q01,,https://projects.propublica.org/nonprofits/organizations/711016293,private foundation,2025-10-17 17:56:54,https://publicprivatealliance.com,hello@publicprivatealliance.com,,,,,,not_contacted,no,no,,,,high,harvested,hello@publicprivatealliance.com,,2.0,17.333333333333332,to design and deliver impactful public–private partnerships.,"[{""category"": ""primary"", ""keywords_found"": [""art education (partial: 2/2 words)""], ""category_score"": 10.0}, {""category"": ""disability_support"", ""keywords_found"": [""inclusive education (partial: 2/2 words)""], ""category_score"": 8.0}, {""category"": ""youth_development"", ""keywords_found"": [""youth development (partial: 2/2 words)""], ""category_score"": 8.0}, {""category"": ""primary"", ""keywords_found"": [""art education (partial: 2/2 words)""], ""category_score"": 10.0}, {""category"": ""disability_support"", ""keywords_found"": [""inclusive education (partial: 2/2 words)""], ""category_score"": 8.0}, {""category"": ""youth_development"", ""keywords_found"": [""youth development (partial: 2/2 words)""], ""category_score"": 8.0}]","homepage,/about,/about-us","support inclusive or high-risk initiatives agri co-ops & agritech advance food security, smart farming, and rural value chains export credit agencies facilitate cross-border finance, infrastructure exports tourism boards promote sustainable tourism ppps tied to local economies, heritage, and conservation defense & space agencies collaborate on dual-use technology deployment, infrastructure resilience, and r&d ppps youth councils & leadership co-create platforms for youth policy input, civic innovation, and workforce activation. insurance providers design risk-pooling, climate insurance, and health coverage mechanisms for public programs. enabling transformative impact by 2040 power sustainable economies drive the global shift to net-zero through renewable energy ppps that expand clean infrastructure and reduce emissions. ensure food & water security promote climate-smart agriculture and integrated water systems to secure sustainable access for growing populations. bridge the technology divide localize ai, quantum, and biotech capabilities across emerging economies to build inclusive digital and innovation ecosystems. uplift communities develop smart, inclusive cities and rural infrastructure that close equity gaps and empower underserved populations. advance human potential -scale education,support inclusive or high-risk initiatives agri co-ops & agritech advance food security, smart farming, and rural value chains export credit agencies facilitate cross-border finance, infrastructure exports tourism boards promote sustainable tourism ppps tied to local economies, heritage, and conservation defense & space agencies collaborate on dual-use technology deployment, infrastructure resilience, and r&d ppps youth councils & leadership co-create platforms for youth policy input, civic innovation, and workforce activation. insurance providers design risk-pooling, climate insurance, and health coverage mechanisms for public programs. enabling transformative impact by 2040 power sustainable economies drive the global shift to net-zero through renewable energy ppps that expand clean infrastructure and reduce emissions. ensure food & water security promote climate-smart agriculture and integrated water systems to secure sustainable access for growing populations. bridge the technology divide localize ai, quantum, and biotech capabilities across emerging economies to build inclusive digital and innovation ecosystems. uplift communities develop smart, inclusive cities and rural infrastructure that close equity gaps and empower underserved populations. advance human potential -scale education","health,education,health,youth,inclusion,cultural,inclusive,education,health,youth,inclusion,cultural,inclusive",2025-10-22T19:54:18.429140,
Rodel Private Charitable Foundation,261512186,Woodbury,NY,T20,,https://projects.propublica.org/nonprofits/organizations/261512186,private foundation,2025-10-17 17:56:54,https://rodel.org,info@rodel.org,,,,,,not_contacted,no,no,,,,high,estimated,,"info@rodel.org,contact@rodel.org,hello@rodel.org,inquiries@rodel.org,development@rodel.org,admin@rodel.org",1.0,24.0,,"[{""category"": ""primary"", ""keywords_found"": [""art education (partial: 2/2 words)""], ""category_score"": 10.0}, {""category"": ""disability_support"", ""keywords_found"": [""special education (partial: 2/2 words)""], ""category_score"": 7.0}, {""category"": ""community_education"", ""keywords_found"": [""quality education (partial: 2/2 words)""], ""category_score"": 7.0}]",homepage,"support a healthy democracy by improving the quality of public leadership in the u.s.  our clean energy work focuses on the advancement of nuclear energy because our current technologies (particularly wind, solar and hydro power) will not produce enough energy supply to significantly reduce the use of fossil fuel sources.  we also invest in programs that support emotional health and wellness, and we fund high quality research. our history bill, don and susan budinger formed the rodel initiatives, originally as the rodel foundations, in 1999 when rodel inc. was sold to a multibillion-dollar chemical company. rodel inc. was founded in the late 1960s by bill budinger in delaware and don budinger in arizona. susan budinger subsequently joined the company in the early 1990’s. although rodel’s first products were for the printing industry, the company made specialty textiles and chemicals used for a variety of surface preparation applications. ultimately, variants of those products were developed for use in critical stages of semiconductor manufacturing, which fueled much of the company’s tremendous growth. rodel inc. had become global in the early 1980’s, through a joint venture in japan, called rodel nitta, as well as the establishment of operations in europe and elsewhere in asia. it now operates as a division of the dupont companies. rodel delaware in delaware, rodel connects people, ideas and resources with the objective of helping delaware become a global leader in educating each of its students to contribute and thrive. we work with educators, corporations, community leaders and government to make things happen from concept to execution. improving the complex, interconnected system of education,funding and equity, early childhood education, social and emotional learning, and pathways to postsecondary success. other areas of continuing work include: educator support and development, standards and assessment, english language learning, and generating and reporting education data. rodel delaware is a supporting organization of the delaware community foundation. rodelde.org rodel clean energy project reliable and abundant energy is essential to a modern economy.  unfortunately, most of our energy still comes from coal, oil, and gas.  transitioning the us economy from polluting fossil fuels to clean energy will require fundamental changes and increased public and private sector investments in clean energy production.  rodel supports polices that build complete energy systems and technologies that can provide abundant, reliable, affordable and clean energy with the least harmful environmental impacts.  an effective system with these attributes must include 24/7 dispatchable, “baseload power,” which can only be provided by fossil fuels combined with technologies that remove their pollutants or nuclear energy. because removing pollutants from fossil fuels remains impractical, and wind and solar energy sources cannot provide firm baseload power, we are focused on removing the barriers to rapid deployment of nuclear energy. rodel clean energy project rodel institute the rodel institute is a nonpartisan, independent nonprofit devoted to strengthening american democracy and improving the quality of public leadership in the united states. a center for leadership learning and intellectual development, rodel helps america’s most promising leaders: 1) deepen their commitment to democracy and the rule of law, 2) become more effective public servants, and 3) work together across party lines to address some of our nation’s most important challenges. rodel’s programs,support and development, standards and assessment, english language learning, and generating and reporting education","education,health,community,learning",2025-10-22T19:54:31.422859,
Thomas Cramer Private Foundation,311705322,Woodbury,NY,T22,,https://projects.propublica.org/nonprofits/organizations/311705322,private foundation,2025-10-17 17:56:54,,,,,,,,not_contacted,no,no,,,,high,error,,,,0.0,,,,,,2025-10-22T19:54:34.497290,'grant_history'
Charna Radbell Private Foundation,226887924,Lawrence,NY,T20,,https://projects.propublica.org/nonprofits/organizations/226887924,private foundation,2025-10-17 17:56:54,,,,,,,,not_contacted,no,no,,,,high,error,,,,0.0,,,,,,2025-10-22T19:54:35.235596,'grant_history'
Rafferty Family Private Foundation,276590504,Mamaroneck,NY,T22,,https://projects.propublica.org/nonprofits/organizations/276590504,private foundation,2025-10-17 17:56:54,,,,,,,,not_contacted,no,no,,,,high,error,,,,0.0,,,,,,2025-10-22T19:54:36.768312,'grant_history'
James R Shields Private Foundation,300609473,New York,NY,T20,,https://projects.propublica.org/nonprofits/organizations/300609473,private foundation,2025-10-17 17:56:54,,,,,,,,not_contacted,no,no,,,,high,error,,,,0.0,,,,,,2025-10-22T19:54:37.369960,'grant_history'
A L Borg Private Foundation,112944989,New York,NY,,,https://projects.propublica.org/nonprofits/organizations/112944989,private foundation,2025-10-17 17:56:54,https://a.org,info@a.org,,,,,,not_contacted,no,no,,,,high,estimated,,"info@a.org,contact@a.org,hello@a.org,inquiries@a.org,development@a.org,admin@a.org",0.0,0.0,,,homepage,,arts,2025-10-22T19:54:47.870656,
Robert Keleher Private Foundation Inc,830773547,East Islip,NY,B82,,https://projects.propublica.org/nonprofits/organizations/830773547,private foundation,2025-10-17 17:56:54,,,,,,,,not_contacted,no,no,,,,high,error,,,,0.0,,,,,,2025-10-22T19:54:51.119084,'grant_history'
Private Equity Foundation I Inc,432116245,New York,NY,T12,,https://projects.propublica.org/nonprofits/organizations/432116245,private foundation,2025-10-17 17:56:54,,,,,,,,not_contacted,no,no,,,,high,error,,,,0.0,,,,,,2025-10-22T19:55:01.317685,'grant_history'
Jerome E Toffler Private Foundation,357012223,New York,NY,T22,,https://projects.propublica.org/nonprofits/organizations/357012223,private foundation,2025-10-17 17:56:54,,,,,,,,not_contacted,no,no,,,,high,error,,,,0.0,,,,,,2025-10-22T19:55:01.830099,'grant_history'
Della Calce Private Foundation Inc,204702349,Vly Cottage,NY,T20,,https://projects.propublica.org/nonprofits/organizations/204702349,private foundation,2025-10-17 17:56:54,,,,,,,,not_contacted,no,no,,,,high,error,,,,0.0,,,,,,2025-10-22T19:55:04.074720,'grant_history'
Kimberly Cramer Germ Private Foundation,311705318,Woodbury,NY,T22,,https://projects.propublica.org/nonprofits/organizations/311705318,private foundation,2025-10-17 17:56:54,,,,,,,,not_contacted,no,no,,,,high,error,,,,0.0,,,,,,2025-10-22T19:55:05.107837,'grant_history'
Elkie Rosen Private Foundation Inc,863568842,Woodbury,NY,T50,,https://projects.propublica.org/nonprofits/organizations/863568842,private foundation,2025-10-17 17:56:54,,,,,,,,not_contacted,no,no,,,,high,error,,,,0.0,,,,,,2025-10-22T19:55:05.294494,'grant_history'
Lauren Cramer Fexy Private Foundation,311705315,Woodbury,NY,T22,,https://projects.propublica.org/nonprofits/organizations/311705315,private foundation,2025-10-17 17:56:54,,,,,,,,not_contacted,no,no,,,,high,error,,,,0.0,,,,,,2025-10-22T19:55:06.390188,'grant_history'
Prem & Poonam Private Foundation Inc,473888176,East Elmhurst,NY,K30,,https://projects.propublica.org/nonprofits/organizations/473888176,private foundation,2025-10-17 17:56:54,https://prem.org,staff@membersupport.org,,,,,,not_contacted,no,no,,,,high,harvested,staff@membersupport.org,,2.0,0.0,,,homepage,,community,2025-10-22T19:55:17.645973,
Lucille A Napoli Private Foundation,993635996,Bronx,NY,D20,,https://projects.propublica.org/nonprofits/organizations/993635996,private foundation,2025-10-17 17:56:54,,,,,,,,not_contacted,no,no,,,,high,error,,,,0.0,,,,,,2025-10-22T19:55:25.205425,'grant_history'
Schwartz Family Private Foundation Inc,934627346,Brooklyn,NY,B12,,https://projects.propublica.org/nonprofits/organizations/934627346,private foundation,2025-10-17 17:56:54,,,,,,,,not_contacted,no,no,,,,high,error,,,,0.0,,,,,,2025-10-22T19:55:26.176732,'grant_history'
Lakhani Family Private Charitable Foundation,836795215,Fresh Meadows,NY,T22,,https://projects.propublica.org/nonprofits/organizations/836795215,private foundation,2025-10-17 17:56:54,,,,,,,,not_contacted,no,no,,,,high,error,,,,0.0,,,,,,2025-10-22T19:55:27.194214,'grant_history'
Thomas And Jeanne Elmezzi Private Foundation,113343740,Astoria,NY,,,https://projects.propublica.org/nonprofits/organizations/113343740,private foundation,2025-10-17 17:56:54,,,,,,,,not_contacted,no,no,,,,high,error,,,,0.0,,,,,,2025-10-22T19:55:28.765280,'grant_history'
The Ralph Lauren Corporate Foundation,522316766,New York,NY,T22,,https://projects.propublica.org/nonprofits/organizations/522316766,corporate foundation,2025-10-17 17:56:55,https://the.org,info@the.org,,,,,,not_contacted,no,no,,,,high,estimated,,"info@the.org,contact@the.org,hello@the.org,inquiries@the.org,development@the.org,admin@the.org",0.0,0.0,,,,,,2025-10-22T19:55:42.550320,
North American Jaat Heritage Foundation A Nj Nonprofit Corporat,854194350,Jericho,NY,A23,,https://projects.propublica.org/nonprofits/organizations/854194350,corporate foundation,2025-10-17 17:56:55,,,,,,,,not_contacted,no,no,,,,high,error,,,,0.0,,,,,,2025-10-22T19:55:47.666708,'grant_history'
Foundation For Bedford Central Schools A Not For Profit Corporati,461741040,Bedford Hills,NY,B122,,https://projects.propublica.org/nonprofits/organizations/461741040,corporate foundation,2025-10-17 17:56:55,,,,,,,,not_contacted,no,no,,,,high,error,,,,0.0,,,,,,2025-10-22T19:55:57.916738,'grant_history'
Artis Contemporary Israeli Art Fund Inc,264184988,New York,NY,A23,,https://projects.propublica.org/nonprofits/organizations/264184988,arts,2025-10-17 17:56:56,,,,,,,,not_contacted,no,no,,,,high,error,,,,0.0,,,,,,2025-10-22T19:55:58.774041,'grant_history'
Magnum Cultural Foundation,450573269,New York,NY,A40,,https://projects.propublica.org/nonprofits/organizations/450573269,cultural,2025-10-17 17:56:57,,,,,,,,not_contacted,no,no,,,,high,error,,,,0.0,,,,,,2025-10-22T19:55:59.430607,'grant_history'
Cultural Resources Foundation,262993649,Brooklyn,NY,A99,,https://projects.propublica.org/nonprofits/organizations/262993649,cultural,2025-10-17 17:56:57,,,,,,,,not_contacted,no,no,,,,high,error,,,,0.0,,,,,,2025-10-22T19:56:00.696874,'grant_history'
Moun Cultural Foundation,392761036,Floral Park,NY,A23,,https://projects.propublica.org/nonprofits/organizations/392761036,cultural,2025-10-17 17:56:57,,,,,,,,not_contacted,no,no,,,,high,error,,,,0.0,,,,,,2025-10-22T19:56:04.528061,'grant_history'
Daniels Music Foundation,320156199,New York,NY,A68,,https://projects.propublica.org/nonprofits/organizations/320156199,music,2025-10-17 17:56:58,https://danielsmusic.org,usinfo@danielsmusic.org,,,,,,not_contacted,no,no,,,,high,harvested,usinfo@danielsmusic.org,,2.0,24.0,,"[{""category"": ""primary"", ""keywords_found"": [""accessibility""], ""category_score"": 7}, {""category"": ""disability_support"", ""keywords_found"": [""accessibility""], ""category_score"": 8}, {""category"": ""community_education"", ""keywords_found"": [""community school (partial: 2/2 words)""], ""category_score"": 9.0}]",homepage,,"community,accessibility,creative",2025-10-22T19:56:17.247525,
Visual Arts Foundation Inc,136261474,New York,NY,A900,,https://projects.propublica.org/nonprofits/organizations/136261474,visual arts,2025-10-17 17:57:02,https://visualartsfoundation.org,info@visualartsfoundation.org,,,,,,not_contacted,no,no,,,,high,estimated,,"info@visualartsfoundation.org,contact@visualartsfoundation.org,hello@visualartsfoundation.org,inquiries@visualartsfoundation.org,development@visualartsfoundation.org,admin@visualartsfoundation.org",2.0,0.0,,,homepage,"support of these efforts a number of scholarship funds have been established in memory of former faculty and students, with contributions from colleagues, family and friends. over the years the foundation has received support from such professional associations as the advertising club of new york, the new york art directors club, the one club, aquent and the society of illustrators. funding for scholarships and special projects has been provided by jp morgan chase & company, philip morris companies, eastman kodak, disney, merrill lynch, travelers, sony, con edison and the coyne family foundation. you can find a listing of the current vaf scholarships and awards here. for further information on how to establish or contribute to a scholarship fund, please contact the visual arts,supports exhibitions, conferences, and competitions and promotes the study and improvement of the arts,support creativity the visual arts",arts,2025-10-22T19:56:33.341997,
Goldfinger Foundation For The Visual Arts,134009859,Waccabuc,NY,T20,,https://projects.propublica.org/nonprofits/organizations/134009859,visual arts,2025-10-17 17:57:02,,,,,,,,not_contacted,no,no,,,,high,error,,,,0.0,,,,,,2025-10-22T19:56:36.123578,'grant_history'
Dorothy Dehner Foundation For The Visual Arts,133830526,New York,NY,T20Z,,https://projects.propublica.org/nonprofits/organizations/133830526,visual arts,2025-10-17 17:57:02,,,,,,,,not_contacted,no,no,,,,high,error,,,,0.0,,,,,,2025-10-22T19:56:37.723782,'grant_history'
Buffalo Academy For Visual And Performing Arts Foundation,271423111,Buffalo,NY,B112,,https://projects.propublica.org/nonprofits/organizations/271423111,visual arts,2025-10-17 17:57:02,https://buffalo.org,info@buffalo.org,,,,,,not_contacted,no,no,,,,high,estimated,,"info@buffalo.org,contact@buffalo.org,hello@buffalo.org,inquiries@buffalo.org,development@buffalo.org,admin@buffalo.org",1.0,0.0,,,"homepage,/about",,,2025-10-22T19:56:47.453763,
Matthew Troyan Foundation For The Visual Arts Ltd,454392048,Brookhaven,NY,B12,,https://projects.propublica.org/nonprofits/organizations/454392048,visual arts,2025-10-17 17:57:02,,,,,,,,not_contacted,no,no,,,,high,error,,,,0.0,,,,,,2025-10-22T19:56:52.537416,'grant_history'
Ashford Hollow Foundation For The Visual Performing Arts,160958993,Buffalo,NY,,,https://projects.propublica.org/nonprofits/organizations/160958993,visual arts,2025-10-17 17:57:02,,,,,,,,not_contacted,no,no,,,,high,error,,,,0.0,,,,,,2025-10-22T19:56:53.811554,'grant_history'
The Andy Warhol Foundation For The Visual Arts Inc,133410749,New York,NY,,,https://projects.propublica.org/nonprofits/organizations/133410749,visual arts,2025-10-17 17:57:02,https://the.org,info@the.org,,,,,,not_contacted,no,no,,,,high,estimated,,"info@the.org,contact@the.org,hello@the.org,inquiries@the.org,development@the.org,admin@the.org",0.0,0.0,,,,,,2025-10-22T19:57:07.219137,
Foundation Of Arts Music And Education,133707599,Bedford Hills,NY,B64Z,,https://projects.propublica.org/nonprofits/organizations/133707599,arts education,2025-10-17 17:57:03,,,,,,,,not_contacted,no,no,,,,high,error,,,,0.0,,,,,,2025-10-22T19:57:19.798277,'grant_history'
Pia Nys Graphic Arts Education Foundation Inc,223149570,Amherst,NY,,,https://projects.propublica.org/nonprofits/organizations/223149570,arts education,2025-10-17 17:57:03,https://pia.org,pia@pia.org,,,,,,not_contacted,no,no,,,,high,harvested,pia@pia.org,,1.0,33.0,building the future for insurance professionals everywhere.,"[{""category"": ""primary"", ""keywords_found"": [""art education (partial: 2/2 words)""], ""category_score"": 10.0}, {""category"": ""disability_support"", ""keywords_found"": [""special needs (partial: 2/2 words)"", ""special education (partial: 2/2 words)""], ""category_score"": 16.0}, {""category"": ""community_education"", ""keywords_found"": [""quality education (partial: 2/2 words)""], ""category_score"": 7.0}]",homepage,"support as well as carrier and coverage selection. it’s yet another way to let the association you already trust work for you. current offerings can include: group medical group dental group term life group long-term disability workers’ comp. markets for your clients pia’s numberone comp program get a quote the professional insurance agents associations of new york, new jersey, connecticut, new hampshire and vermont have been helping members place their monoline workers’ compensation business for nearly two decades. pia offers a broad range of workers’ comp markets for your clients from top-rated carriers, with flexible billing and payment plans. pia’s programs have a simple, fivestep submission process to get you started. pia’s dedicated staff helps our members provide outstanding alternative markets for their clients. important features include: a simple submission process quick turnaround upon complete submission competitive commissions multiple markets no volume commitments pay-as-you-go options no minimum premiums hundreds of classes, including some artisan classes pia northeast news & media pia northeast news & media is a blog site maintained by the professional insurance agents of connecticut, new hampshire, new jersey, new york and vermont. it highlights information and issues that are important to insurance professionals. it offers easy access to news, infographics, videos, pia northeast weekly dispatch, pia magazine and more. learn more press resources do you want to see what’s happening with the association, including recent news from pia northeast? are you interested in speaking to an insurance expert for a news story? learn more about pia professional insurance agents is a voluntary, membership-based trade association representing professional, independent property/casualty insurance agents. the challenges facing today’s insurance professionals are many, and too frequently, allies are few and far between. pia is dedicated to building the future for insurance professionals everywhere. we are unrivaled in our ability to meet members’ needs, providing a focused legislative voice, information, education","education,health,learning",2025-10-22T19:57:29.597937,
Pearl Mae Watson Arts Education Foundation Inc,932519224,Brooklyn,NY,A12,,https://projects.propublica.org/nonprofits/organizations/932519224,arts education,2025-10-17 17:57:03,,,,,,,,not_contacted,no,no,,,,high,error,,,,0.0,,,,,,2025-10-22T19:57:42.172552,'grant_history'
Caribbean Arts & Culture Foundation,993236975,Buffalo,NY,A23,,https://projects.propublica.org/nonprofits/organizations/993236975,cultural arts,2025-10-17 17:57:04,https://caribbean.org,info@caribbean.org,,,,,,not_contacted,no,no,,,,high,estimated,,"info@caribbean.org,contact@caribbean.org,hello@caribbean.org,inquiries@caribbean.org,development@caribbean.org,admin@caribbean.org",0.0,0.5454545454545454,,"[{""category"": ""community_education"", ""keywords_found"": [""community engagement (partial: 2/2 words)""], ""category_score"": 6.0}]","homepage,/about,/about-us,/mission,/vision,/our-mission,/what-we-do,/programs,/grants,/giving,/impact",,"community,cultural",2025-10-22T19:57:51.512727,
Asase Yaa Cultural Arts Foundation Inc,352381871,Brooklyn,NY,B99,,https://projects.propublica.org/nonprofits/organizations/352381871,cultural arts,2025-10-17 17:57:04,https://asase.org,85info@asase.org,,,,,,not_contacted,no,no,,,,high,harvested,85info@asase.org,,2.0,10.0,,"[{""category"": ""primary"", ""keywords_found"": [""art education (partial: 2/2 words)""], ""category_score"": 10.0}]",homepage,,education,2025-10-22T19:58:15.236517,
Empower Performing Arts Foundation,994570117,Oswego,NY,A12,,https://projects.propublica.org/nonprofits/organizations/994570117,performing arts,2025-10-17 17:57:06,https://empowerperformingarts.org,info@empowerperformingarts.org,,,,,,not_contacted,no,no,,,,high,estimated,,"info@empowerperformingarts.org,contact@empowerperformingarts.org,hello@empowerperformingarts.org,inquiries@empowerperformingarts.org,development@empowerperformingarts.org,admin@empowerperformingarts.org",0.0,0.0,,,homepage,,arts,2025-10-22T19:58:23.966469,
Supermajority Education Fund,843745987,New York,NY,R24,,https://projects.propublica.org/nonprofits/organizations/843745987,education,2025-10-17 17:57:07,,,,,,,,not_contacted,no,no,,,,high,error,,,,0.0,,,,,,2025-10-22T19:58:29.759406,'grant_history'
Food Education Fund,263497284,New York,NY,B82,,https://projects.propublica.org/nonprofits/organizations/263497284,education,2025-10-17 17:57:07,https://foodeducation.com,info@foodeducation.com,,,,,,not_contacted,no,no,,,,high,estimated,,"info@foodeducation.com,contact@foodeducation.com,hello@foodeducation.com,inquiries@foodeducation.com,development@foodeducation.com,admin@foodeducation.com",0.0,0.0,,,"homepage,/about,/about-us,/mission,/vision,/our-mission,/what-we-do,/programs,/grants,/giving,/impact",,"education,education,education,education,education,education,education,education,education,education,education",2025-10-22T19:58:37.868132,
Kenya Education Fund,542056227,New York,NY,P80,,https://projects.propublica.org/nonprofits/organizations/542056227,education,2025-10-17 17:57:07,https://kenyaeducationfund.org,info@kenyaeducationfund.org,,,,,,not_contacted,no,no,,,,high,harvested,info@kenyaeducationfund.org,,3.0,91.0,to give access to quality education and keep these students in school.,"[{""category"": ""primary"", ""keywords_found"": [""arts education (partial: 2/2 words)"", ""art education (partial: 2/2 words)"", ""arts access (partial: 2/2 words)"", ""accessibility""], ""category_score"": 35.0}, {""category"": ""disability_support"", ""keywords_found"": [""accessibility""], ""category_score"": 8}, {""category"": ""youth_development"", ""keywords_found"": [""children""], ""category_score"": 7}, {""category"": ""community_education"", ""keywords_found"": [""educational pathways (partial: 2/2 words)"", ""school partnerships (partial: 2/2 words)"", ""educational access (partial: 2/2 words)"", ""quality education"", ""transforming lives"", ""empowering students"", ""educational equity (partial: 2/2 words)""], ""category_score"": 52.0}, {""category"": ""primary"", ""keywords_found"": [""arts education (partial: 2/2 words)"", ""art education (partial: 2/2 words)"", ""arts program (partial: 2/2 words)"", ""arts access (partial: 2/2 words)"", ""accessibility""], ""category_score"": 43.0}, {""category"": ""disability_support"", ""keywords_found"": [""accessibility""], ""category_score"": 8}, {""category"": ""youth_development"", ""keywords_found"": [""children""], ""category_score"": 7}, {""category"": ""community_education"", ""keywords_found"": [""community school (partial: 2/2 words)"", ""empowering students (partial: 2/2 words)"", ""community engagement (partial: 2/2 words)""], ""category_score"": 22.0}]","homepage,/what-we-do","support students who are financially underprivileged, many of whom will not go to school without financial support, successfully transitioning 98% of them from high school to university. kef serves all people; regardless of religion, race, ethnicity, or gender. our impact 18+ years of giving 4600+ scholarships provided 650 active scholarships 153 partner schools 99% transition rate kef alumni kef graduates kef graduates bridget kendi bachelor of education,support students who are financially underprivileged, many of whom will not go to school without financial support, successfully transitioning 98% of them from high school to university. kef serves all people; regardless of religion, race, ethnicity, or gender. our impact 18+ years of giving 4600+ scholarships provided 650 active scholarships 153 partner schools 99% transition rate kef alumni kef graduates kef graduates bridget kendi bachelor of education (science)university of nairobi judith khasiala bachelor of education (arts,support scholarships, resources, and mentorship for our students.we’re committed to transparency, sustainability, and excellence in every step of our work—from collaborating with local partners to providing mentorship and support for students from high school through to university. kef upholds rigorous standards, ensuring that each contribution creates lasting change. together, we’re transforming lives and shaping a brighter future for kenya. get involved how you can help donate any individual contribution can go a long way and is highly appreciated. donate now gift in securities making a gift of securities to the kef is an easy way to contribute to our mission while enjoying some financial benefits gift now partner with a student get matched with an incoming form 1 student, write letters to each other and build a beautiful & unforgettable relationship! partner now become a kef ambassador join the global movement to increase access to education,support to disadvantaged students across kenya. since 2006, we have helped thousands of young people access quality secondary education,support their education,support students' academic and personal growth. step four kef alumni association the kenya education,supports the education,support kef programs, and contribute to their success. with a vision of creating empowered individuals who drive positive change in their communities, the association strives to build a thriving network of independent, impactful change-makers. step five bridge scholarships to university the kenya education,support for scholars as they take the next step in their academic and professional journeys. currently, kef transition rate is 100%!! stay connected. get to know the current news and updates from kef email address sign up thank you! “i do what i do because i love to see the children transforming their homes to look like what they've always desired growing up.” eveline airo accounts assistant kenya education","education,arts,youth,children,accessibility,learning,cultural,education,arts,health,community,children,accessibility,mental health",2025-10-22T19:59:02.277440,
Polar Education Foundation,205853356,New York,NY,C60,,https://projects.propublica.org/nonprofits/organizations/205853356,education,2025-10-17 17:57:07,https://polareducationfoundation.org,directortammy@polareducationfoundation.org,,,,,,not_contacted,no,no,,,,high,harvested,directortammy@polareducationfoundation.org,,1.0,38.0,is to provide immersive learning journeys that educate and empower youth as positive change agents.,"[{""category"": ""primary"", ""keywords_found"": [""art education (partial: 2/2 words)""], ""category_score"": 10.0}, {""category"": ""disability_support"", ""keywords_found"": [""special education (partial: 2/2 words)""], ""category_score"": 7.0}, {""category"": ""youth_development"", ""keywords_found"": [""youth development (partial: 2/2 words)"", ""cultural awareness (partial: 2/2 words)""], ""category_score"": 14.0}, {""category"": ""community_education"", ""keywords_found"": [""empowering students (partial: 2/2 words)""], ""category_score"": 7.0}]",homepage,"support these globally unique education,support youth with these unique, experiential learning opportunities. these journeys cultivate a profound understanding of the polar regions and the global ecosystem. through our programs, young people learn about culture, engage in arctic policy, embrace environmental stewardship, and explore sustainability concepts, while examining global challenges and solutions. we are committed to inspiring the next generation and promoting sustainable practices through education,support youth in their journey from expedition to employment, creating a global network of changemakers committed to building healthy communities and a sustainable future. learn about soi’s expedition programming partnership questions? tammy quinn, executive directortammy@polareducation","education,health,youth,learning,cultural",2025-10-22T19:59:19.213524,
Advertising Educational Foundation,133228986,New York,NY,,,https://projects.propublica.org/nonprofits/organizations/133228986,educational,2025-10-17 17:57:08,https://advertising.org,info@advertising.org,,,,,,not_contacted,no,no,,,,high,estimated,,"info@advertising.org,contact@advertising.org,hello@advertising.org,inquiries@advertising.org,development@advertising.org,admin@advertising.org",0.0,0.7272727272727273,,"[{""category"": ""youth_development"", ""keywords_found"": [""creative development (partial: 2/2 words)""], ""category_score"": 8.0}]","homepage,/about,/about-us,/mission,/vision,/our-mission,/what-we-do,/programs,/grants,/giving,/impact",,creative,2025-10-22T19:59:30.494742,
Bnos Educational Trust,872475274,Brooklyn,NY,X30,,https://projects.propublica.org/nonprofits/organizations/872475274,educational,2025-10-17 17:57:08,,,,,,,,not_contacted,no,no,,,,high,error,,,,0.0,,,,,,2025-10-22T19:59:33.473544,'grant_history'
Kaplan Educational Foundation,200495155,New York,NY,T20,,https://projects.propublica.org/nonprofits/organizations/200495155,educational,2025-10-17 17:57:08,,,,,,,,not_contacted,no,no,,,,high,error,,,,0.0,,,,,,2025-10-22T19:59:45.936457,'grant_history'
Map Educational Fund,453265404,New York,NY,G40,,https://projects.propublica.org/nonprofits/organizations/453265404,educational,2025-10-17 17:57:08,https://map.org,map@map.org,,,,,,not_contacted,no,no,,,,high,harvested,"map@map.org,media@map.org",,5.0,17.0,is simple yet impactful: to provide essential medicines and health supplies to those in need so they can live life to the fullest.,"[{""category"": ""youth_development"", ""keywords_found"": [""children""], ""category_score"": 7}, {""category"": ""primary"", ""keywords_found"": [""arts program (partial: 2/2 words)"", ""arts access (partial: 2/2 words)""], ""category_score"": 16.0}, {""category"": ""youth_development"", ""keywords_found"": [""children""], ""category_score"": 7}, {""category"": ""community_education"", ""keywords_found"": [""transforming lives (partial: 2/2 words)""], ""category_score"": 8.0}, {""category"": ""primary"", ""keywords_found"": [""arts program (partial: 2/2 words)"", ""arts access (partial: 2/2 words)""], ""category_score"": 16.0}, {""category"": ""youth_development"", ""keywords_found"": [""children""], ""category_score"": 7}, {""category"": ""youth_development"", ""keywords_found"": [""children""], ""category_score"": 7}]","homepage,/about,/vision,/giving","support maternal and fetal health. we also provided over 119,000 oral rehydration salts, totaling nearly 3 million sachets, to 45 countries to help prevent dehydration. additionally, we administered over 1.8 million deworming medications to patients in 15 countries and provided over 800,000 antibiotics to individuals in 57 countries. through our bringing children health (bch) program, we were able to reach over 324,000 children – an increase of over 243,000 from the previous year. by targeting our efforts where they’re needed most, we can make a real impact and improve the health and wellbeing of children around the world. thanks to our dedicated team and generous supporters, we’re able to make a real difference in the lives of those who need it most. join us in our mission to create a healthier, more equitable world today. read our annual report news corporate partnerships order meds for mission trips more ways to give on-the-ground partnerships more results... generic selectors exact matches only search in title search in content post type selectors about us history & mission financials & credentials leadership careers contact us why medicine? our work how we work domestic impact emergency response how you can help ways to give volunteer corporate engagement health fellowship program ways to give there are many ways to make a difference! corporate engagement map corporate partners drive our work. give give monthly menu home/about us about us map international is a global health organization bringing lifesaving medicine and health supplies to people all over the world. the need was widespread and heartbreaking mission hospitals and clinics all over the world lacked the medicines and supplies they needed to treat their patients. while missionary doctors did their best with what they had, the medical supplies and medicine they knew were available in the us were seemingly impossible to find in remote parts,support one time per calendar year. map international policy does not allow for transport of product to any u.s. embargoed country or ones subject to economic sanctions. eligibility applicants must be licensed physicians. physicians who practice outside the usa must submit additional documents so that map international can verify your credentials: a. a copy of your current medical license. b. one of these two documents: • an official letter on local hospital letterhead confirming you are authorized to perform surgeries there. • an official letter from the government of the country where you practice medicine confirming your license is valid and active. physicians must be participating in non-profit charitable work with a u.s. based 501(c)(3) or equivalent tax exempt charitable organization. further eligibility will be determined based on completed eligibility forms. it is required for all individuals who receive products from a j&j vision mission shipment to submit a completed survey when they return from their trip. please keep this survey in mind when traveling. view the medical mission feedback form global impact of 2022 at map international, we believe that everyone deserves access to quality healthcare, no matter where they live. that’s why we’re committed to providing life-changing patient treatments to people in need around the world. our efforts have enabled us to provide critical medicines and health supplies to millions of people in 86 countries around the world. we’re also pleased to report that we increased our medicine delivery by $119 million from the previous year, totaling $745,372,921. additionally, we provided $37,549,164 in disaster relief – a $24 million increase from 2021. our mission is simple yet impactful: to provide essential medicines and health supplies to those in need so they can live life to the fullest. in the fiscal year 2022 alone, we delivered over 16 million prenatal vitamins to 49 countries to support maternal and fetal health. we also provided over 119,000 oral rehydration salts, totaling nearly 3 million sachets, to 45 countries to help prevent dehydration. additionally, we administered over 1.8 million deworming medications to patients in 15 countries and provided over 800,000 antibiotics to individuals in 57 countries. through our bringing children health (bch) program, we were able to reach over 324,000 children – an increase of over 243,000 from the previous year. by targeting our efforts where they’re needed most, we can make a real impact and improve the health and wellbeing of children around the world. thanks to our dedicated team and generous supporters, we’re able to make a real difference in the lives of those who need it most. join us in our mission to create a healthier, more equitable world today. read our annual report johnson & johnson medtech partners with map international to bring its medical products to people in need all over the world. sight elevates life’s joys — empowering us to experience more treasured moments. yet poor eye health has reached monumental proportions – more than two billion people around the world suffer from visual impairment – and access to regular care remains difficult for many parts","health,children,arts,health,children,arts,health,children,inclusion,health,children",2025-10-22T20:00:09.391160,
Nesca Educational Foundation,831276077,Albany,NY,B82,,https://projects.propublica.org/nonprofits/organizations/831276077,educational,2025-10-17 17:57:08,,,,,,,,not_contacted,no,no,,,,high,error,,,,0.0,,,,,,2025-10-22T20:00:12.261823,'grant_history'
Cannon Educational Fund,526223026,Buffalo,NY,T70,,https://projects.propublica.org/nonprofits/organizations/526223026,educational,2025-10-17 17:57:08,,,,,,,,not_contacted,no,no,,,,high,error,,,,0.0,,,,,,2025-10-22T20:00:14.893690,'grant_history'
Hauppauge Educational Foundation,311625943,Hauppauge,NY,B123,,https://projects.propublica.org/nonprofits/organizations/311625943,educational,2025-10-17 17:57:08,https://hauppauge.org,info@hauppauge.org,,,,,,not_contacted,no,no,,,,high,estimated,,"info@hauppauge.org,contact@hauppauge.org,hello@hauppauge.org,inquiries@hauppauge.org,development@hauppauge.org,admin@hauppauge.org",0.0,0.0,,,,,,2025-10-22T20:00:28.544732,
Catskill Educational Foundation,203123424,Catskill,NY,B99,,https://projects.propublica.org/nonprofits/organizations/203123424,educational,2025-10-17 17:57:08,,,,,,,,not_contacted,no,no,,,,high,error,,,,0.0,,,,,,2025-10-22T20:00:31.380536,'grant_history'
Gescheidt Educational Fund,131739900,Pleasantville,NY,,,https://projects.propublica.org/nonprofits/organizations/131739900,educational,2025-10-17 17:57:08,,,,,,,,not_contacted,no,no,,,,high,error,,,,0.0,,,,,,2025-10-22T20:00:31.587528,'grant_history'
Highland Educational Foundation,474154232,Highland,NY,B12,,https://projects.propublica.org/nonprofits/organizations/474154232,educational,2025-10-17 17:57:08,https://highland.org,info@highland.org,,,,,,not_contacted,no,no,,,,high,harvested,"info@highland.org,293-8000info@highland.org",,2.0,0.0,,,,,,2025-10-22T20:51:41.378534,
Menglan Educational Foundation,454574583,Scarsdale,NY,B82,,https://projects.propublica.org/nonprofits/organizations/454574583,educational,2025-10-17 17:57:08,https://menglan.org,info@menglan.org,,,,,,not_contacted,no,no,,,,high,estimated,,"info@menglan.org,contact@menglan.org,hello@menglan.org,inquiries@menglan.org,development@menglan.org,admin@menglan.org",0.0,0.0,,,homepage,,,2025-10-22T20:51:55.066446,
Outram Educational Foundation,113575425,Brooklyn,NY,B99,,https://projects.propublica.org/nonprofits/organizations/113575425,educational,2025-10-17 17:57:08,https://outrameducationalfoundation.org,info@outrameducationalfoundation.org,,,,,,not_contacted,no,no,,,,high,estimated,,"info@outrameducationalfoundation.org,contact@outrameducationalfoundation.org,hello@outrameducationalfoundation.org,inquiries@outrameducationalfoundation.org,development@outrameducationalfoundation.org,admin@outrameducationalfoundation.org",5.0,28.0,"our mission is to improve the quality of life for residents in the community by promoting academics, improving character, developing leadership skills, and building confidence,  motivation, and self-care proficiency.","[{""category"": ""primary"", ""keywords_found"": [""art education (partial: 2/2 words)""], ""category_score"": 10.0}, {""category"": ""youth_development"", ""keywords_found"": [""imagination""], ""category_score"": 6}, {""category"": ""community_education"", ""keywords_found"": [""community school (partial: 2/2 words)"", ""school partnerships (partial: 2/2 words)""], ""category_score"": 16.0}, {""category"": ""primary"", ""keywords_found"": [""art education (partial: 2/2 words)""], ""category_score"": 10.0}, {""category"": ""community_education"", ""keywords_found"": [""quality education (partial: 2/2 words)"", ""educational equity (partial: 2/2 words)""], ""category_score"": 14.0}]","homepage,/about","support grade schools students in a warm, relaxing, comfortable and safe environment. the organization focuses on tutoring, coaching and mentoring. adults participate in computer literacy and job readiness seminars. tutoring, coaching and mentoring are significant programs to all community residents at an affordable cost or no cost. services academic tutoring career preparation mentoring coaching self-care courses academic writing computer literacy comprehensive reading program for seniors stay updated get the latest news and updates delivered straight to your inbox. sign up now to stay in the loop! education,support of the organization’s mission and strive to bring about a community of skilled individuals. oef is a nonprofit corporation servicing many new york communities. the program was founded based on the voices of the multiple communities in brooklyn. oef offers computer literacy; academic writing; career preparation; comprehensive reading; academic tutoring; mentoring; coaching, and a free program for senior citizens. our mentorship and coaching programs support community members of all ages to build self-image and character, become motivated and accomplish goals, dreams, and desires. services, courses, and self-care program are also offered online. our mission our mission is to improve the quality of life for residents in the community by promoting academics, improving character, developing leadership skills, and building confidence,  motivation, and self-care proficiency. our goals r improve learners’ reading, writing, and research skills. r advanced academics via tutoring r build character and leadership via mentorship. r identify goals, dreams, and desires and develop actions through coaching. r enhance self-care. r expand learners’ skills technological skills through basic computer training, powerpoint and photoshop r assist in career placement. r improve adults’ computer literacy and job readiness skills. r senior citizens explore new skills or improve old skills. education","education,community,education,community,learning",2025-10-22T20:52:16.361069,
Tep Educational Foundation,991516530,Troy,NY,C60,,https://projects.propublica.org/nonprofits/organizations/991516530,educational,2025-10-17 17:57:08,https://tep.org,tsmith@tep.org,,,,,,not_contacted,no,no,,,,high,harvested,tsmith@tep.org,,5.0,27.0,"is to  empower military children by funding sports, arts and other enrichment activities when their parents are deployed overseas with the national guard or reserves, or recovering from severe injuries sustained in a post-9/11 overseas mission.","[{""category"": ""primary"", ""keywords_found"": [""arts education (partial: 2/2 words)"", ""art education (partial: 2/2 words)"", ""arts program (partial: 2/2 words)""], ""category_score"": 28.0}, {""category"": ""youth_development"", ""keywords_found"": [""children""], ""category_score"": 7}, {""category"": ""primary"", ""keywords_found"": [""art education (partial: 2/2 words)""], ""category_score"": 10.0}, {""category"": ""primary"", ""keywords_found"": [""arts education (partial: 2/2 words)"", ""art education (partial: 2/2 words)"", ""arts program (partial: 2/2 words)""], ""category_score"": 28.0}, {""category"": ""youth_development"", ""keywords_found"": [""young minds (partial: 2/2 words)""], ""category_score"": 8.0}]","homepage,/about,/mission","support a new national philanthropy after not having one for an extended period of time. we are excited to share that the grand council choose to partner with our military kids, inc. our military kids mission is to  empower military children by funding sports, arts","education,arts,health,children,inclusion,education,health,inclusion,education,arts,health,community,inclusion",2025-10-22T20:52:48.916405,
Tonbridge Educational Foundation,205556499,New York,NY,B82,,https://projects.propublica.org/nonprofits/organizations/205556499,educational,2025-10-17 17:57:08,,,,,,,,not_contacted,no,no,,,,high,error,,,,0.0,,,,,,2025-10-22T20:52:51.655208,'grant_history'
Corinth Educational Foundation,333171331,Corinth,NY,B12,,https://projects.propublica.org/nonprofits/organizations/333171331,educational,2025-10-17 17:57:08,,,,,,,,not_contacted,no,no,,,,high,error,,,,0.0,,,,,,2025-10-22T20:52:54.381852,'grant_history'
Protected Schools Foundation,992490472,Sayville,NY,B90,,https://projects.propublica.org/nonprofits/organizations/992490472,schools,2025-10-17 17:57:10,,,,,,,,not_contacted,no,no,,,,high,error,,,,0.0,,,,,,2025-10-22T20:53:08.794427,'grant_history'
Higher Learning Foundation,473440389,Laurelton,NY,B90,,https://projects.propublica.org/nonprofits/organizations/473440389,learning,2025-10-17 17:57:14,https://higherlearningfoundation.org,info@higherlearningfoundation.org,,,,,,not_contacted,no,no,,,,high,harvested,info@higherlearningfoundation.org,,3.0,31.0,"create inclusive communities and empower families by ensuring they have access to safe and sustainable homes, fostering dignity and independence.","[{""category"": ""primary"", ""keywords_found"": [""creative education (partial: 2/2 words)"", ""art education (partial: 2/2 words)"", ""creative learning (partial: 2/2 words)""], ""category_score"": 27.0}, {""category"": ""primary"", ""keywords_found"": [""creative education (partial: 2/2 words)"", ""creative learning (partial: 2/2 words)""], ""category_score"": 17.0}, {""category"": ""disability_support"", ""keywords_found"": [""inclusive education (partial: 2/2 words)""], ""category_score"": 8.0}, {""category"": ""community_education"", ""keywords_found"": [""educational access (partial: 2/2 words)""], ""category_score"": 8.0}, {""category"": ""primary"", ""keywords_found"": [""creative education (partial: 2/2 words)"", ""creative learning (partial: 2/2 words)""], ""category_score"": 17.0}, {""category"": ""disability_support"", ""keywords_found"": [""inclusive education (partial: 2/2 words)""], ""category_score"": 8.0}, {""category"": ""community_education"", ""keywords_found"": [""educational access (partial: 2/2 words)""], ""category_score"": 8.0}]","homepage,/about,/about-us","support housing options designed to provide safe, stable living environments learn more make dreams come true we are able to provide not just houses, but hope, security, and the chance for a better life. through your donations, we fund housing projects, offer financial assistance, and provide necessary resources to those in need. together, we are building stronger communities, one home at a tim contact us now are you planning to buy a home? from understanding your unique preferences to finding the perfect property, we handle every detail. your dream home is just a step away with us. trust us to turn your dream into reality. let’s embark on this exciting journey together! find out more we take care of every detail, from understanding your needs to finding the perfect property we understand your unique home-buying needs. we find the perfect property for you. we handle all the details from start to finish. let’s make it happen! latest services maecenas interdum lorem eleifend orci aliquam mollis aliquam non rhoncus magna suspendisse aliquet tincidunt enim. may 20, 2022tips for first time home buyerstips for first-time home buyers: your guide to a smart purchase buying a home… may 19, 2022understanding reverse mortgagesunderstanding reverse mortgages: a simple guide for many older homeowners, a reverse mortgage is… may 19, 2022what mortgages are assumable?what mortgages are assumable? a simple guide to taking over a home loan if… got any questions in mind? if you need our services or need any help contact us now contact us we aim to secure funding to build affordable homes, provide essential resources, and offer education,support we provide support at every step of your journey of home ownership satisfaction guaranted gain the knowledge you need to become a confident homeowner. mortage lending unlock homeownership with our flexible mortgage lending solutions. got any questions in mind? contact us if you need any help or have any questions in mind contact us we aim to secure funding to build affordable homes, provide essential resources, and offer education,support we provide support at every step of your journey of home ownership satisfaction guaranted gain the knowledge you need to become a confident homeowner. mortage lending unlock homeownership with our flexible mortgage lending solutions. got any questions in mind? contact us if you need any help or have any questions in mind contact us we aim to secure funding to build affordable homes, provide essential resources, and offer education","education,community,learning,creative,education,learning,creative,inclusive,education,learning,creative,inclusive",2025-10-22T20:53:30.418843,
Fsl Scholarship Foundation,232618766,New York,NY,,,https://projects.propublica.org/nonprofits/organizations/232618766,scholarship,2025-10-17 17:57:15,,,,,,,,not_contacted,no,no,,,,high,error,,,,0.0,,,,,,2025-10-22T20:53:33.454169,'grant_history'
Sba Scholarship Fund,542184059,New York,NY,B82,,https://projects.propublica.org/nonprofits/organizations/542184059,scholarship,2025-10-17 17:57:15,https://sba.org,info@sba.org,,,,,,not_contacted,no,no,,,,high,estimated,,"info@sba.org,contact@sba.org,hello@sba.org,inquiries@sba.org,development@sba.org,admin@sba.org",0.0,0.0,,,homepage,,,2025-10-22T20:53:43.273935,
Sawyer Scholarship Foundation,136113938,Obernburg,NY,,,https://projects.propublica.org/nonprofits/organizations/136113938,scholarship,2025-10-17 17:57:15,,,,,,,,not_contacted,no,no,,,,high,error,,,,0.0,,,,,,2025-10-22T20:53:46.326731,'grant_history'
Avery Scholarship Foundation,141798357,Roscoe,NY,T22,,https://projects.propublica.org/nonprofits/organizations/141798357,scholarship,2025-10-17 17:57:15,,,,,,,,not_contacted,no,no,,,,high,error,,,,0.0,,,,,,2025-10-22T20:53:46.844334,'grant_history'
Adb Scholarship Fund,880849655,Binghamton,NY,B82,,https://projects.propublica.org/nonprofits/organizations/880849655,scholarship,2025-10-17 17:57:15,https://adbscholarship.org,info@adbscholarship.org,,,,,,not_contacted,no,no,,,,high,estimated,,"info@adbscholarship.org,contact@adbscholarship.org,hello@adbscholarship.org,inquiries@adbscholarship.org,development@adbscholarship.org,admin@adbscholarship.org",1.0,58.0,,"[{""category"": ""primary"", ""keywords_found"": [""arts education (partial: 2/2 words)"", ""art education (partial: 2/2 words)"", ""arts program""], ""category_score"": 28.0}, {""category"": ""disability_support"", ""keywords_found"": [""special education (partial: 2/2 words)""], ""category_score"": 7.0}, {""category"": ""youth_development"", ""keywords_found"": [""children""], ""category_score"": 7}, {""category"": ""community_education"", ""keywords_found"": [""community school (partial: 2/2 words)"", ""public schools (partial: 2/2 words)""], ""category_score"": 16.0}]",homepage,,"education,arts,community,children",2025-10-22T20:53:54.774700,
Asum Scholarship Fund,465377060,Bronx,NY,B82,,https://projects.propublica.org/nonprofits/organizations/465377060,scholarship,2025-10-17 17:57:15,,,,,,,,not_contacted,no,no,,,,high,error,,,,0.0,,,,,,2025-10-22T20:53:58.050993,'grant_history'
Beatitude Scholarship Fund,933352162,Sprngfld Gdns,NY,O55,,https://projects.propublica.org/nonprofits/organizations/933352162,scholarship,2025-10-17 17:57:15,,,,,,,,not_contacted,no,no,,,,high,error,,,,0.0,,,,,,2025-10-22T20:54:09.027310,'grant_history'
Flavin Scholarship Fund,161603208,Rochester,NY,B82,,https://projects.propublica.org/nonprofits/organizations/161603208,scholarship,2025-10-17 17:57:15,,,,,,,,not_contacted,no,no,,,,high,error,,,,0.0,,,,,,2025-10-22T20:54:09.298635,'grant_history'
Life Scholarship Foundation,473207733,E Northport,NY,B82,,https://projects.propublica.org/nonprofits/organizations/473207733,scholarship,2025-10-17 17:57:15,https://lifescholarshipfoundation.org,info@lifescholarshipfoundation.org,,,,,,not_contacted,no,no,,,,high,harvested,info@lifescholarshipfoundation.org,,2.0,15.5,"and work learn more get involved learn how you can make a difference and support the cause learn more get to know us making a difference for those impacted by cancer life scholarship foundation, inc.","[{""category"": ""primary"", ""keywords_found"": [""art education (partial: 2/2 words)""], ""category_score"": 10.0}, {""category"": ""primary"", ""keywords_found"": [""art education (partial: 2/2 words)""], ""category_score"": 10.0}, {""category"": ""disability_support"", ""keywords_found"": [""special education (partial: 2/2 words)""], ""category_score"": 7.0}, {""category"": ""community_education"", ""keywords_found"": [""community school (partial: 2/2 words)""], ""category_score"": 9.0}, {""category"": ""primary"", ""keywords_found"": [""art education (partial: 2/2 words)""], ""category_score"": 10.0}, {""category"": ""disability_support"", ""keywords_found"": [""special education (partial: 2/2 words)""], ""category_score"": 7.0}, {""category"": ""community_education"", ""keywords_found"": [""community school (partial: 2/2 words)""], ""category_score"": 9.0}]","homepage,/about,/about-us,/programs","support to attend accredited colleges and universities within the united states of america. learn more donate programs get to know our programs and services. 2025 scholarship application is now available the purpose of the scholarship program is to create higher education,2,500,support to attend accredited colleges and universities within the united states of america. under the 2025 program, each scholarship winner will be awarded $2,500 toward their higher education,support from hundreds of generous households, local businesses, and corporations. volunteer we all can do our part in building a strong support system for cancer patients, survivors and their families, and then sharing those experiences with others contact us become part of our team we would love to see passionate leaders join our board to support life’s mission and create even more awareness and opportunities in our community. spread the word! share life scholarship opportunities and resources with others facebook instagram join our upcoming events stay tuned! subscribe to our newsletter for more updates below! stay connected & inspired! subscribe to newsletter creating education,support the cause learn more get to know us making a difference for those impacted by cancer life scholarship foundation, inc. is a registered 501(c)(3) non-profit organization that creates higher education,support to attend accredited colleges and universities within the united states; to educate local communities on the importance of a healthy lifestyle and the value of financial literacy to help individuals make informed decisions in these vital aspects of their lives; to inspire and empower young adults to make a difference in other people’s lives by participating in community service and volunteering for local organizations. our story about the team natallia diliberti and rhett kikuyama met in 2008 in nyc, while attending baruch college (cuny). over the next few years, their friendship grew tremendously as they had both witnessed the tragic effects of cancer on their loved ones. in february 2015, through their experiences and passion for giving back to the community and helping out those in need, natallia and rhett became the founders of life scholarship foundation, inc. today, natallia continues to carry on the mission of the organization with the help of marina moiseyeva, the original board member and the vice president of life scholarship foundation. meet the team natallia dilibertinatallia diliberti was born and raised in belarus and immigrated to the united states in 2003. she has been in the banking industry for over twelve years, providing lending assistance to those seeking the american dream to own a home. natallia has always had a passion to educate others and share her knowledge and experiences with them. she holds a bachelor degree in finance and masters degree in administration of higher education,support to attend accredited colleges and universities within the united states; to educate local communities on the importance of a healthy lifestyle and the value of financial literacy to help individuals make informed decisions in these vital aspects of their lives; to inspire and empower young adults to make a difference in other people’s lives by participating in community service and volunteering for local organizations. our story about the team natallia diliberti and rhett kikuyama met in 2008 in nyc, while attending baruch college (cuny). over the next few years, their friendship grew tremendously as they had both witnessed the tragic effects of cancer on their loved ones. in february 2015, through their experiences and passion for giving back to the community and helping out those in need, natallia and rhett became the founders of life scholarship foundation, inc. today, natallia continues to carry on the mission of the organization with the help of marina moiseyeva, the original board member and the vice president of life scholarship foundation. meet the team natallia dilibertinatallia diliberti was born and raised in belarus and immigrated to the united states in 2003. she has been in the banking industry for over twelve years, providing lending assistance to those seeking the american dream to own a home. natallia has always had a passion to educate others and share her knowledge and experiences with them. she holds a bachelor degree in finance and masters degree in administration of higher education,support to attend accredited colleges and universities within the united states. under the 2025 program, each scholarship winner will be awarded $2,500 toward their higher education,2,500","education,community,education,health,community,therapeutic,education,health,community,therapeutic,education,health,community",2025-10-22T20:54:33.893245,
Oceanside Scholarship Fund,116038132,Oceanside,NY,,,https://projects.propublica.org/nonprofits/organizations/116038132,scholarship,2025-10-17 17:57:15,,,,,,,,not_contacted,no,no,,,,high,error,,,,0.0,,,,,,2025-10-22T20:54:36.875339,'grant_history'
Pulaski Scholarship Foundation,113085480,Maspeth,NY,T21Z,,https://projects.propublica.org/nonprofits/organizations/113085480,scholarship,2025-10-17 17:57:15,,,,,,,,not_contacted,no,no,,,,high,error,,,,0.0,,,,,,2025-10-22T20:54:47.147037,'grant_history'
Humanitas Scholarship Trust,133123849,Bronx,NY,B90,,https://projects.propublica.org/nonprofits/organizations/133123849,scholarship,2025-10-17 17:57:15,https://humanitas.org,info@humanitas.org,,,,,,not_contacted,no,no,,,,high,estimated,,"info@humanitas.org,contact@humanitas.org,hello@humanitas.org,inquiries@humanitas.org,development@humanitas.org,admin@humanitas.org",4.0,24.0,,"[{""category"": ""primary"", ""keywords_found"": [""art education (partial: 2/2 words)""], ""category_score"": 10.0}, {""category"": ""youth_development"", ""keywords_found"": [""young minds (partial: 2/2 words)"", ""imagination""], ""category_score"": 14.0}]",homepage,,"education,youth,learning",2025-10-22T20:55:03.085475,
Student Arts Foundation,454120223,Rochester,NY,B99,,https://projects.propublica.org/nonprofits/organizations/454120223,student,2025-10-17 17:57:17,https://studentartsfoundation.org,contact@studentartsfoundation.org,,,,,,not_contacted,no,no,,,,high,harvested,"contact@studentartsfoundation.org,b.torbitt@studentartsfoundation.org,needhelp@oxpitan.com",,5.0,100.0,"to advance equity in the arts by empowering youth from under-resourced communities with opportunities, resources, and mentorship that foster creativity, cultural engagement, and professional growth.","[{""category"": ""primary"", ""keywords_found"": [""arts education (partial: 2/2 words)"", ""creative education (partial: 2/2 words)"", ""art education (partial: 2/2 words)"", ""arts program (partial: 2/2 words)"", ""arts access (partial: 2/2 words)""], ""category_score"": 45.0}, {""category"": ""youth_development"", ""keywords_found"": [""youth development (partial: 2/2 words)"", ""children"", ""self-expression"", ""creative development (partial: 2/2 words)"", ""imagination""], ""category_score"": 36.0}, {""category"": ""community_education"", ""keywords_found"": [""community school (partial: 2/2 words)"", ""educational access (partial: 2/2 words)"", ""empowering students (partial: 2/2 words)"", ""community engagement"", ""educational equity (partial: 2/2 words)""], ""category_score"": 37.0}, {""category"": ""primary"", ""keywords_found"": [""arts education (partial: 2/2 words)"", ""creative education (partial: 2/2 words)"", ""art education (partial: 2/2 words)"", ""arts program (partial: 2/2 words)"", ""creative pathways (partial: 2/2 words)"", ""creative learning (partial: 2/2 words)"", ""arts access (partial: 2/2 words)""], ""category_score"": 63.0}, {""category"": ""disability_support"", ""keywords_found"": [""special needs (partial: 2/2 words)"", ""special education (partial: 2/2 words)""], ""category_score"": 16.0}, {""category"": ""youth_development"", ""keywords_found"": [""youth development (partial: 2/2 words)"", ""children"", ""creative development (partial: 2/2 words)"", ""cultural awareness (partial: 2/2 words)""], ""category_score"": 29.0}, {""category"": ""community_education"", ""keywords_found"": [""community school (partial: 2/2 words)"", ""educational pathways (partial: 2/2 words)"", ""public schools"", ""educational access (partial: 2/2 words)"", ""community engagement"", ""educational equity (partial: 2/2 words)""], ""category_score"": 45.0}]","homepage,/about","support donate we recognize the need to build equity within the arts,support our mission. because every child deserves an artisticchance learn about our services student arts,support our mission. because every child deserves an artisticchance learn about our services student arts foundation giving students the tools and resources to be creative learn about our commitment student arts foundation our mission to advance equity in the arts by empowering youth from under-resourced communities with opportunities, resources, and mentorship that foster creativity, cultural engagement, and professional growth. to accomplish this, the student arts foundation (saf) gives local youths an outlet for creative self-expression, development, and access to tools and partners that help to improve, showcase, and foster their talents. explore the arts view programs attend events view events show your support donate we recognize the need to build equity within the arts from an early age, with a particular focus on empowering and uplifting students from traditionally underrepresented communities in our city. . student arts foundation community arts initiatives student arts foundation partners with local organizations to inspire, and empower youth through artistic expression, team work, and public service. we work to spark the creative passion in young adults, and transition it towards realistic achievable goals, key to their success. mentoring student arts foundation provides mentoring to students making the transition from high school to college on a career path within the arts, by providing them with realistic jobs and education,support the education,support how we help the student arts,support is especially critical for families from low-income households who may struggle to afford tuition, art supplies, or reliable transportation. by working closely with partners such as the memorial art gallery, hochstein music & dance, flower city arts,support how we help the student arts foundation’s community art subsidy program and scholarships are at the heart of our efforts to remove financial and access barriers that prevent many rochester youth from pursuing the arts. through our scholarship program, we provide direct financial support to students seeking to deepen their artistic studies, whether through school programs, specialized training, or post-secondary opportunities. complementing this, our community art subsidy program offers flexible funding that covers partial or full costs for arts camps, classes, performances, and workshops provided by local cultural institutions. this support is especially critical for families from low-income households who may struggle to afford tuition, art supplies, or reliable transportation. by working closely with partners such as the memorial art gallery, hochstein music & dance, flower city arts center, geva theatre center, and rocmusic collaborative, saf ensures that the awareness and excitement sparked during events like arts day can translate into real, sustained participation. through both financial assistance and mentorship, we create pathways for youth to access meaningful arts opportunities, develop their skills, and connect with future education,support the educational and artistic advancement of all students. we provide resourceful guidance and aid to students that are passionate about the arts,support to students seeking to deepen their artistic studies, whether through school programs, specialized training, or post-secondary opportunities. complementing this, our community art subsidy program offers flexible funding that covers partial or full costs for arts,support us our vision arts","education,arts,health,community,youth,children,creative,cultural,education,arts,community,youth,children,learning,creative,cultural",2025-10-22T20:55:33.052664,
Rize Student Foundation,874292354,New York,NY,B82,,https://projects.propublica.org/nonprofits/organizations/874292354,student,2025-10-17 17:57:17,https://rize.org,info@rize.org,,,,,,not_contacted,no,no,,,,high,estimated,,"info@rize.org,contact@rize.org,hello@rize.org,inquiries@rize.org,development@rize.org,admin@rize.org",0.0,0.0,,,homepage,,,2025-10-22T20:55:47.552633,
Student Agencies Foundation Inc,150461439,Ithaca,NY,,,https://projects.propublica.org/nonprofits/organizations/150461439,student,2025-10-17 17:57:17,https://studentagencies.com,president@studentagencies.com,,,,,,not_contacted,no,no,,,,high,harvested,"president@studentagencies.com,793-9202frontdesk@studentagencies.com,editorinchief@studentagencies.com,dkarlin@studentagencies.com,melina.kohilakis@studentagencies.com,jude.coe@studentagencies.com,sam.tsao@studentagencies.com,tarneet.singh@studentagencies.com,kieran.shulman@studentagencies.com,524-3130brss@studentagencies.comhired,max.klein@studentagencies.com,tamara.kasikovic@studentagencies.com,riley.mcguire@studentagencies.com,thomas.bailey@studentagencies.com,524-3151sat@studentagencies.comcornell,yearbookcornellian@studentagencies.comstudent,anna.foote@studentagencies.com,mark.lee@studentagencies.com,elena.centeno@studentagencies.com,524-3148realestate@studentagencies.com,391-2266biggerbeds@studentagencies.comcampus,645-2143cp@studentagencies.comstudent,rory.grant@studentagencies.com,george.weinstein@studentagencies.com,willie.yao@studentagencies.com,524-3150hiredhands@studentagencies.comstudent,naakai.mcdonald@studentagencies.com",,3.0,10.0,,"[{""category"": ""primary"", ""keywords_found"": [""art education (partial: 2/2 words)""], ""category_score"": 10.0}, {""category"": ""primary"", ""keywords_found"": [""art education (partial: 2/2 words)""], ""category_score"": 10.0}]","homepage,/about",,"education,community,education,community,learning",2025-10-22T20:56:05.043277,
Social Register Foundation,821049144,New York,NY,W99,,https://projects.propublica.org/nonprofits/organizations/821049144,social,2025-10-17 17:57:19,,,,,,,,not_contacted,no,no,,,,high,error,,,,0.0,,,,,,2025-10-22T20:56:18.333629,'grant_history'
Social Cinema Foundation,823221699,New York,NY,A25,,https://projects.propublica.org/nonprofits/organizations/823221699,social,2025-10-17 17:57:19,https://socialcinemafoundation.org,info@socialcinemafoundation.org,,,,,,not_contacted,no,no,,,,high,estimated,,"info@socialcinemafoundation.org,contact@socialcinemafoundation.org,hello@socialcinemafoundation.org,inquiries@socialcinemafoundation.org,development@socialcinemafoundation.org,admin@socialcinemafoundation.org",2.0,93.0,is to empower young adults to share their personal stories and struggles as a pathway to healing and mental well-being.,"[{""category"": ""primary"", ""keywords_found"": [""arts education (partial: 2/2 words)"", ""creative education (partial: 2/2 words)"", ""art education (partial: 2/2 words)"", ""arts program"", ""creative pathways (partial: 2/2 words)"", ""arts access""], ""category_score"": 55.0}, {""category"": ""disability_support"", ""keywords_found"": [""special education (partial: 2/2 words)""], ""category_score"": 7.0}, {""category"": ""community_education"", ""keywords_found"": [""community school (partial: 2/2 words)"", ""educational pathways (partial: 2/2 words)"", ""educational access (partial: 2/2 words)"", ""community engagement (partial: 2/2 words)""], ""category_score"": 31.0}]",homepage,,"education,arts,health,community,youth,creative,mental health",2025-10-22T20:56:33.401970,
Civic Initiatives Foundation,454110216,New York,NY,A82,,https://projects.propublica.org/nonprofits/organizations/454110216,civic,2025-10-17 17:57:20,https://civicinitiatives.com,info@civicinitiatives.com,,,,,,not_contacted,no,no,,,,high,estimated,,"info@civicinitiatives.com,contact@civicinitiatives.com,hello@civicinitiatives.com,inquiries@civicinitiatives.com,development@civicinitiatives.com,admin@civicinitiatives.com",4.0,0.0,,,"homepage,/about-us","support servicesnaspo eprocurement solutions & servicese&i cooperative servicestxshare cooperative contractother key state level contractsclientsabout usteamcareersfaqscontact usprocurementagent.aihomeservicesinsightspublic procurement operations insightsstrategic procurement capabilitiesprocurement automation successpublic procurement leader profilescontractsnaspo acquisition support servicesnaspo eprocurement solutions & servicese&i cooperative servicestxshare cooperative contractother key state level contractsclientsabout usteamcareersfaqscontact usprocurementagent.ai trusted by procurement officers across government, education,support servicesnaspo valuepoint eprocurement solutions & servicese&i cooperative servicestxshare cooperative contractother key state level contractsclientsabout usteamcareersfaqscontact usprocurementagent.aihomeservicesinsightspublic procurement operations insightsstrategic procurement capabilitiesprocurement automation successpublic procurement leader profilescontractsnaspo valuepoint acquisition support servicesnaspo valuepoint eprocurement solutions & servicese&i cooperative servicestxshare cooperative contractother key state level contractsclientsabout usteamcareersfaqscontact usprocurementagent.ai about civic initiativescreated by public procurement professionals for public procurement professionalswho we arecivic initiatives is a nationally recognized leader in public sector procurement review and transformation support, with a focus on helping procurement officers across the nation create a strategic procurement office. we make public procurement a strategic asset.incorporated in 2010, civic initiatives has supported over 110 public procurement transformation projects in 35+ states, including local governments, k-12, and institutions of higher education","education,education",2025-10-22T20:56:58.691931,
Civic Involvement Fund,852665963,Brooklyn,NY,,,https://projects.propublica.org/nonprofits/organizations/852665963,civic,2025-10-17 17:57:20,,,,,,,,not_contacted,no,no,,,,high,error,,,,0.0,,,,,,2025-10-22T20:57:01.236651,'grant_history'
Public Employees Federation Public Employees Benefits Fund,237357996,Albany,NY,,,https://projects.propublica.org/nonprofits/organizations/237357996,public,2025-10-17 17:57:21,,,,,,,,not_contacted,no,no,,,,high,error,,,,0.0,,,,,,2025-10-22T20:57:01.800839,'grant_history'
Nonprofit Finance Fund,133238657,New York,NY,S500,,https://projects.propublica.org/nonprofits/organizations/133238657,nonprofit,2025-10-17 17:57:23,https://nonprofit.org,info@nonprofit.org,,,,,,not_contacted,no,no,,,,high,estimated,,"info@nonprofit.org,contact@nonprofit.org,hello@nonprofit.org,inquiries@nonprofit.org,development@nonprofit.org,admin@nonprofit.org",0.0,0.0,,,homepage,,,2025-10-22T20:57:29.877304,
First Nonprofit Foundation,611452994,New York,NY,T20,,https://projects.propublica.org/nonprofits/organizations/611452994,nonprofit,2025-10-17 17:57:23,https://firstnonprofit.com,info@firstnonprofit.com,,,,,,not_contacted,no,no,,,,high,estimated,,"info@firstnonprofit.com,contact@firstnonprofit.com,hello@firstnonprofit.com,inquiries@firstnonprofit.com,development@firstnonprofit.com,admin@firstnonprofit.com",5.0,33.0,"over 2,300 nonprofit, governmental, and tribal organizations and their 710,000 employees rely on first nonprofit for unique opportunities to reduce their unemployment insurance costs while maintaining peace-of-mind.","[{""category"": ""primary"", ""keywords_found"": [""art education (partial: 2/2 words)""], ""category_score"": 10.0}, {""category"": ""community_education"", ""keywords_found"": [""community school (partial: 2/2 words)"", ""public schools"", ""quality education (partial: 2/2 words)""], ""category_score"": 23.0}, {""category"": ""primary"", ""keywords_found"": [""art education (partial: 2/2 words)""], ""category_score"": 10.0}, {""category"": ""community_education"", ""keywords_found"": [""community school (partial: 2/2 words)"", ""public schools"", ""quality education (partial: 2/2 words)""], ""category_score"": 23.0}, {""category"": ""primary"", ""keywords_found"": [""art education (partial: 2/2 words)""], ""category_score"": 10.0}, {""category"": ""community_education"", ""keywords_found"": [""community school (partial: 2/2 words)"", ""public schools"", ""quality education (partial: 2/2 words)""], ""category_score"": 23.0}]","homepage,/about,/about-us","funding or program closures that can lead to layoffs. a well-thought-out strategic plan should accompany the decision to change unemployment financing on how to pay for future unemployment claims and limit claim liability. note: 501(c)(3) nonprofit, governmental, and tribal entities are all exempt from paying federal unemployment taxes (futa). that’s where we come in. major benefits to all first nonprofit customers include vital security, greater efficiency and cost effectiveness. our services are individually insured and we partner with third-party claims administrators who insure state compliance, accuracy of benefit charging, and complete satisfaction. 12.8 million refunded or waived fees totaling $12.8 million over the last year 98 percent customer retention rate 2.0 million dollars in recovered excess loss claims since 2010 30 percent average employer tax savings since 2015 testimonials working with marshal whittey at first nonprofit has been a great experience. he handles our request as a priority and goes above and beyond to resolve any issues we have in a timely manner. marshall follows through to the end and ensures our needs are met. he has been a great resource for lsc and our “go to” for any tax questions we may have. with lsc transitioning several facilities into one federal tax identification number, first nonprofit was able to assist and provide guidance with best practices resolving claims to each entity. additionally first nonprofit provided knowledge (information materials) and one on one training to hrs group with best practices to handle claims state adjudicated, fraudulent claims, and appeals. and processing information in the first nonprofit [unemployment claims] system allows for timely information can be collected. lutheran services carolinas, salisbury, nc we first started using first nonprofit’s unemployment savings program when we were a small startup nonprofit.  we didn’t have an hr department and needed expertise in the event that an unemployment claim was made.  we knew we were eligible to be a reimbursing employer, but weren’t sure how to navigate that process.  they made it easy to set things up, plan for, and then manage claims when they came at a very reasonable cost. the amount of time and stress they’ve saved us dealing with all this has been worth way more than the cost.  we’ve now grown to a large nonprofit and do have an hr department but have no plans to stop using their services.  i highly recommend them to every nonprofit i come into contact with! crosspurpose, denver, co ccsct was approached by first nonprofit to discuss its unemployment savings program and ways the program could significantly reduce the amount of unemployment taxes we were paying. at the time, our agency was paying approximately $80,000 per year. first nonprofit conducted an analysis to determine if making the switch would be in our best interest, and it clearly was based on our circumstances. the first year on the program, ccsct saw a 70% reduction in its unemployment costs and each year, continues to experience further reductions as a result of having minimal claims. some additional benefits of the program including having a fixed annual cost, an interest-baring reserve account, professional unemployment claims management and representation at all unemployment hearings. this has been one of the best decisions we have made. community council of south central texas, inc., seguin, tx we’ve been a member of first nonprofit’s unemployment savings program since 2011 and highly recommend joining. the program is terrific and allows us to earn interest on our own funds while still meeting the state’s requirements on unemployment payments. in addition, the staff are great and always helpful sorting out any questions we may have. thank you all! nc conservation network, raleigh, nc i am loving the mineral platform. it has been a lifesaver for someone like me leading a small not-for-profit without a dedicated hr person. caelynn prylo, ballston area community center, ballston spa, ny throughout our membership in the unemployment savings program, first nonprofit understood our demands, community dynamics, and the importance of seamless services; that allowed us to serve our constituents better. prevent blindness america, chicago, il because incs advocates for the operating conditions that allow charter public schools to provide high quality public education, partnering with first nonprofit was an easy decision. first nonprofit’s unemployment programs,funding or program closures that can lead to layoffs. a well-thought-out strategic plan should accompany the decision to change unemployment financing on how to pay for future unemployment claims and limit claim liability. note: 501(c)(3) nonprofit, governmental, and tribal entities are all exempt from paying federal unemployment taxes (futa). that’s where we come in. major benefits to all first nonprofit customers include vital security, greater efficiency and cost effectiveness. our services are individually insured and we partner with third-party claims administrators who insure state compliance, accuracy of benefit charging, and complete satisfaction. 12.8 million refunded or waived fees totaling $12.8 million over the last year 98 percent customer retention rate 2.0 million dollars in recovered excess loss claims since 2010 30 percent average employer tax savings since 2015 testimonials working with marshal whittey at first nonprofit has been a great experience. he handles our request as a priority and goes above and beyond to resolve any issues we have in a timely manner. marshall follows through to the end and ensures our needs are met. he has been a great resource for lsc and our “go to” for any tax questions we may have. with lsc transitioning several facilities into one federal tax identification number, first nonprofit was able to assist and provide guidance with best practices resolving claims to each entity. additionally first nonprofit provided knowledge (information materials) and one on one training to hrs group with best practices to handle claims state adjudicated, fraudulent claims, and appeals. and processing information in the first nonprofit [unemployment claims] system allows for timely information can be collected. lutheran services carolinas, salisbury, nc we first started using first nonprofit’s unemployment savings program when we were a small startup nonprofit.  we didn’t have an hr department and needed expertise in the event that an unemployment claim was made.  we knew we were eligible to be a reimbursing employer, but weren’t sure how to navigate that process.  they made it easy to set things up, plan for, and then manage claims when they came at a very reasonable cost. the amount of time and stress they’ve saved us dealing with all this has been worth way more than the cost.  we’ve now grown to a large nonprofit and do have an hr department but have no plans to stop using their services.  i highly recommend them to every nonprofit i come into contact with! crosspurpose, denver, co ccsct was approached by first nonprofit to discuss its unemployment savings program and ways the program could significantly reduce the amount of unemployment taxes we were paying. at the time, our agency was paying approximately $80,000 per year. first nonprofit conducted an analysis to determine if making the switch would be in our best interest, and it clearly was based on our circumstances. the first year on the program, ccsct saw a 70% reduction in its unemployment costs and each year, continues to experience further reductions as a result of having minimal claims. some additional benefits of the program including having a fixed annual cost, an interest-baring reserve account, professional unemployment claims management and representation at all unemployment hearings. this has been one of the best decisions we have made. community council of south central texas, inc., seguin, tx we’ve been a member of first nonprofit’s unemployment savings program since 2011 and highly recommend joining. the program is terrific and allows us to earn interest on our own funds while still meeting the state’s requirements on unemployment payments. in addition, the staff are great and always helpful sorting out any questions we may have. thank you all! nc conservation network, raleigh, nc i am loving the mineral platform. it has been a lifesaver for someone like me leading a small not-for-profit without a dedicated hr person. caelynn prylo, ballston area community center, ballston spa, ny throughout our membership in the unemployment savings program, first nonprofit understood our demands, community dynamics, and the importance of seamless services; that allowed us to serve our constituents better. prevent blindness america, chicago, il because incs advocates for the operating conditions that allow charter public schools to provide high quality public education, partnering with first nonprofit was an easy decision. first nonprofit’s unemployment programs","education,community,education,community,education,community",2025-10-22T20:57:55.688445,
Nonprofit Collective Foundation Inc,821032203,New York,NY,B02,,https://projects.propublica.org/nonprofits/organizations/821032203,nonprofit,2025-10-17 17:57:23,https://nonprofit.org,info@nonprofit.org,,,,,,not_contacted,no,no,,,,high,estimated,,"info@nonprofit.org,contact@nonprofit.org,hello@nonprofit.org,inquiries@nonprofit.org,development@nonprofit.org,admin@nonprofit.org",0.0,0.0,,,homepage,,,2025-10-22T20:58:07.674441,
Demetrius Foundation Nonprofit Corporation,851872576,Goshen,NY,F12,,https://projects.propublica.org/nonprofits/organizations/851872576,nonprofit,2025-10-17 17:57:23,,,,,,,,not_contacted,no,no,,,,high,error,,,,0.0,,,,,,2025-10-22T20:58:20.340135,'grant_history'
Nonprofit Resource Hub Foundation Inc,334109774,Bohemia,NY,B99,,https://projects.propublica.org/nonprofits/organizations/334109774,nonprofit,2025-10-17 17:57:23,https://nonprofitresourcehub.org,info@nonprofitresourcehub.org,,,,,,not_contacted,no,no,,,,high,estimated,,"info@nonprofitresourcehub.org,contact@nonprofitresourcehub.org,hello@nonprofitresourcehub.org,inquiries@nonprofitresourcehub.org,development@nonprofitresourcehub.org,admin@nonprofitresourcehub.org",5.0,0.0,,,"homepage,/about,/about-us,/mission,/vision,/our-mission,/what-we-do,/programs,/grants,/giving,/impact",,,2025-10-22T20:58:51.962515,
Bunting Charity Lodge Charity Fund Inc,133280088,New York,NY,,,https://projects.propublica.org/nonprofits/organizations/133280088,charity,2025-10-17 17:57:24,,,,,,,,not_contacted,no,no,,,,high,error,,,,0.0,,,,,,2025-10-22T20:58:54.803886,'grant_history'
Bolla Charity Foundation,464054300,Garden City,NY,Z99,,https://projects.propublica.org/nonprofits/organizations/464054300,charity,2025-10-17 17:57:24,https://bolla.org,info@bolla.org,,,,,,not_contacted,no,no,,,,high,estimated,,"info@bolla.org,contact@bolla.org,hello@bolla.org,inquiries@bolla.org,development@bolla.org,admin@bolla.org",0.0,0.0,,,homepage,,,2025-10-22T20:59:02.578047,
Sunshine Charity Foundation,364884766,Brooklyn,NY,T22,,https://projects.propublica.org/nonprofits/organizations/364884766,charity,2025-10-17 17:57:24,https://sunshinecharity.org,info@sunshinecharity.org,,,,,,not_contacted,no,no,,,,high,harvested,"rsporange@gmail.com,sharadha.desaram@gmail.com,ishviyan.desaram@gmail.com,tdesaram@gmail.com,info@sunshinecharity.org,rperies@intracen.org,mukunthankamini@yahoo.com",,3.0,35.0,"and the agency for public information, government of jamaica, west indies.","[{""category"": ""primary"", ""keywords_found"": [""arts education (partial: 2/2 words)"", ""creative education (partial: 2/2 words)"", ""art education (partial: 2/2 words)"", ""arts program (partial: 2/2 words)"", ""creative learning (partial: 2/2 words)""], ""category_score"": 45.0}, {""category"": ""disability_support"", ""keywords_found"": [""art therapy""], ""category_score"": 7}, {""category"": ""youth_development"", ""keywords_found"": [""children""], ""category_score"": 7}, {""category"": ""youth_development"", ""keywords_found"": [""youth development (partial: 2/2 words)"", ""children"", ""creative development (partial: 2/2 words)""], ""category_score"": 23.0}, {""category"": ""youth_development"", ""keywords_found"": [""youth development (partial: 2/2 words)"", ""children"", ""creative development (partial: 2/2 words)""], ""category_score"": 23.0}]","homepage,/about,/about-us",,"education,arts,health,children,learning,creative,cultural,health,youth,children,creative,cultural,health,youth,children,creative,cultural",2025-10-22T20:59:47.309361,
Landmark Charity Foundation,202074411,Brooklyn,NY,T50,,https://projects.propublica.org/nonprofits/organizations/202074411,charity,2025-10-17 17:57:24,,,,,,,,not_contacted,no,no,,,,high,error,,,,0.0,,,,,,2025-10-22T20:59:50.158924,'grant_history'
Rosenberg Charity Foundation,113577334,Brooklyn,NY,T21,,https://projects.propublica.org/nonprofits/organizations/113577334,charity,2025-10-17 17:57:24,,,,,,,,not_contacted,no,no,,,,high,error,,,,0.0,,,,,,2025-10-22T20:59:53.316951,'grant_history'
Wellspring Charity Fund,133994337,Brooklyn,NY,T20Z,,https://projects.propublica.org/nonprofits/organizations/133994337,charity,2025-10-17 17:57:24,https://wellspringcharity.org,wellspringcharity@hotmail.com,,,,,,not_contacted,no,no,,,,high,harvested,wellspringcharity@hotmail.com,,1.0,10.0,,"[{""category"": ""primary"", ""keywords_found"": [""art education (partial: 2/2 words)""], ""category_score"": 10.0}]",homepage,,"education,community",2025-10-22T21:00:05.250933,
Eygf Charity Foundation,921316240,Brooklyn,NY,T20,,https://projects.propublica.org/nonprofits/organizations/921316240,charity,2025-10-17 17:57:24,,,,,,,,not_contacted,no,no,,,,high,error,,,,0.0,,,,,,2025-10-22T21:00:08.308088,'grant_history'
Bjls Charity Fund,465586809,Suffern,NY,T22,,https://projects.propublica.org/nonprofits/organizations/465586809,charity,2025-10-17 17:57:24,,,,,,,,not_contacted,no,no,,,,high,error,,,,0.0,,,,,,2025-10-22T21:00:08.559148,'grant_history'
Charleigh Charitable Trust,463376803,Mineola,NY,T22,,https://projects.propublica.org/nonprofits/organizations/463376803,charitable,2025-10-17 17:57:25,,,,,,,,not_contacted,no,no,,,,high,error,,,,0.0,,,,,,2025-10-22T21:00:08.748665,'grant_history'
Howind Charitable Trust,464550482,Melville,NY,T20,,https://projects.propublica.org/nonprofits/organizations/464550482,charitable,2025-10-17 17:57:25,,,,,,,,not_contacted,no,no,,,,high,error,,,,0.0,,,,,,2025-10-22T21:00:10.591707,'grant_history'
Crosby Charitable Trust,811669605,Norwich,NY,T12,,https://projects.propublica.org/nonprofits/organizations/811669605,charitable,2025-10-17 17:57:25,,,,,,,,not_contacted,no,no,,,,high,error,,,,0.0,,,,,,2025-10-22T21:00:11.467293,'grant_history'
Lorber Charitable Fund,113375574,Jericho,NY,T20Z,,https://projects.propublica.org/nonprofits/organizations/113375574,charitable,2025-10-17 17:57:25,,,,,,,,not_contacted,no,no,,,,high,error,,,,0.0,,,,,,2025-10-22T21:00:14.593622,'grant_history'
Philanthropic Foundation,471704039,New York,NY,T50,,https://projects.propublica.org/nonprofits/organizations/471704039,philanthropy,2025-10-17 17:57:26,https://philanthropic.com,info@philanthropic.com,,,,,,not_contacted,no,no,,,,high,estimated,,"info@philanthropic.com,contact@philanthropic.com,hello@philanthropic.com,inquiries@philanthropic.com,development@philanthropic.com,admin@philanthropic.com",0.0,0.0,,,"homepage,/about,/about-us,/mission,/vision,/our-mission,/what-we-do,/programs,/grants,/giving,/impact",,,2025-10-22T21:00:21.666200,
Turkish Philanthropy Funds Inc,208392006,New York,NY,Q12,,https://projects.propublica.org/nonprofits/organizations/208392006,philanthropy,2025-10-17 17:57:26,,,,,,,,not_contacted,no,no,,,,high,error,,,,0.0,,,,,,2025-10-22T21:00:24.280834,'grant_history'
Grapevine Giving Foundation,872389502,New York,NY,T50,,https://projects.propublica.org/nonprofits/organizations/872389502,giving,2025-10-17 17:57:28,,,,,,,,not_contacted,no,no,,,,high,error,,,,0.0,,,,,,2025-10-22T21:00:27.619126,'grant_history'
Ananta Giving Foundation,844762582,New York,NY,T30,,https://projects.propublica.org/nonprofits/organizations/844762582,giving,2025-10-17 17:57:28,,,,,,,,not_contacted,no,no,,,,high,error,,,,0.0,,,,,,2025-10-22T21:00:29.014787,'grant_history'
Giving Back Foundation,273143272,New York,NY,T22,,https://projects.propublica.org/nonprofits/organizations/273143272,giving,2025-10-17 17:57:28,https://givingback.org,info@foundationfundamentals.org,,,,,,not_contacted,no,no,,,,high,harvested,"02109info@givingback.org,info@foundationfundamentals.org,info@givingback.org",,4.0,0.0,our mission is to improve lives by expanding the number of people and the amount of resources dedicated to giving.,,"homepage,/about-us",,"health,community,learning",2025-10-22T21:00:43.859178,
Charitable Giving Trust,861324189,New York,NY,A12,,https://projects.propublica.org/nonprofits/organizations/861324189,giving,2025-10-17 17:57:28,https://charitable.org,info@charitable.org,,,,,,not_contacted,no,no,,,,high,estimated,,"info@charitable.org,contact@charitable.org,hello@charitable.org,inquiries@charitable.org,development@charitable.org,admin@charitable.org",0.0,0.0,,,homepage,,,2025-10-22T21:00:54.876274,
Giving Tree Philanthropy Fund,872882740,Corning,NY,T12,,https://projects.propublica.org/nonprofits/organizations/872882740,giving,2025-10-17 17:57:28,,,,,,,,not_contacted,no,no,,,,high,error,,,,0.0,,,,,,2025-10-22T21:01:07.515267,'grant_history'
Mbd Compass One A Housing Development Fund Company Inc,464020203,Bronx,NY,L20,,https://projects.propublica.org/nonprofits/organizations/464020203,company,2025-10-17 17:57:31,,,,,,,,not_contacted,no,no,,,,high,error,,,,0.0,,,,,,2025-10-22T21:01:08.131097,'grant_history'
Mbd Compass One B Housing Development Fund Company Inc,464051731,Bronx,NY,L20,,https://projects.propublica.org/nonprofits/organizations/464051731,company,2025-10-17 17:57:31,,,,,,,,not_contacted,no,no,,,,high,error,,,,0.0,,,,,,2025-10-22T21:01:08.344732,'grant_history'
Inch Foundation Inc,992613594,New York,NY,A20,,https://projects.propublica.org/nonprofits/organizations/992613594,inc,2025-10-17 17:57:32,https://hfoundation.org,info@hfoundation.orgaddress,,,,,,not_contacted,no,no,,,,high,harvested,info@hfoundation.orgaddress,,3.0,0.0,,,"homepage,/about,/about-us,/mission,/vision,/our-mission,/what-we-do,/programs,/grants,/giving,/impact","support from the h foundation! the h foundation is proud to have provided part of the funding for a promising new study on dealing with treatment-resistant cancer cells.published in the proceedings of the national academy of sciences, the study describes a treatment approach that exploits… read morefebruary 10, 2025 donate in honor of melissa gilden - 2024 guiding light award 2024 rick wiedemer guiding light award recipient bill gildin, president, satco products, inc.  read full 2024 press release join bill gildin, president of satco, in the fight against cancer in honor of wife melissa gildin cancer is indeed personal for bill gildin and… read moreour supporters* *info@hfoundation.org60 s. la grange road, la grange, illinois 60525708-352-5240our storyguiding light awardhearts","arts,arts,arts,arts,arts,arts,arts,arts,arts,arts,arts",2025-10-22T21:01:26.962715,
Heart And Health Educationfoundation Inc,203919579,Briarcliff Manor,NY,G430,,https://projects.propublica.org/nonprofits/organizations/203919579,health,2025-10-17 17:57:39,,,,,,,,not_contacted,no,no,,,,high,error,,,,0.0,,,,,,2025-10-22T21:01:30.346055,'grant_history'
Health Quest Veba Health Savings Trust,274847462,La Grangeville,NY,Y43,,https://projects.propublica.org/nonprofits/organizations/274847462,health,2025-10-17 17:57:39,,,,,,,,not_contacted,no,no,,,,high,error,,,,0.0,,,,,,2025-10-22T21:01:40.683480,'grant_history'
Heart And Health Educational Foundation Inc,873296905,Dix Hills,NY,E70,,https://projects.propublica.org/nonprofits/organizations/873296905,health,2025-10-17 17:57:39,,,,,,,,not_contacted,no,no,,,,high,error,,,,0.0,,,,,,2025-10-22T21:01:41.664768,'grant_history'
Health Research Inc Postretirement Health Benefits Trust,464309365,Menands,NY,Y43,,https://projects.propublica.org/nonprofits/organizations/464309365,health,2025-10-17 17:57:39,,,,,,,,not_contacted,no,no,,,,high,error,,,,0.0,,,,,,2025-10-22T21:01:51.824718,'grant_history'
Israel Healthcare Foundation,273649987,New York,NY,E12,,https://projects.propublica.org/nonprofits/organizations/273649987,healthcare,2025-10-17 17:57:40,,,,,,,,not_contacted,no,no,,,,high,error,,,,0.0,,,,,,2025-10-22T21:01:53.764464,'grant_history'
Healthcare Impact Foundation,823038867,New York,NY,E19,,https://projects.propublica.org/nonprofits/organizations/823038867,healthcare,2025-10-17 17:57:40,https://healthcare.org,info@healthcare.org,,,,,,not_contacted,no,no,,,,high,estimated,,"info@healthcare.org,contact@healthcare.org,hello@healthcare.org,inquiries@healthcare.org,development@healthcare.org,admin@healthcare.org",0.0,0.0,,,,,,2025-10-22T21:02:10.760779,
Labor Management Healthcare Fund,200422657,Cheektowaga,NY,Y43,,https://projects.propublica.org/nonprofits/organizations/200422657,healthcare,2025-10-17 17:57:40,,,,,,,,not_contacted,no,no,,,,high,error,,,,0.0,,,,,,2025-10-22T21:02:13.519172,'grant_history'
Medical Excellence Foundation,873870324,Nissequogue,NY,T20,,https://projects.propublica.org/nonprofits/organizations/873870324,medical,2025-10-17 17:57:41,,,,,,,,not_contacted,no,no,,,,high,error,,,,0.0,,,,,,2025-10-22T21:02:14.574907,'grant_history'
Wellness Foundation,203265442,Sag Harbor,NY,,,https://projects.propublica.org/nonprofits/organizations/203265442,wellness,2025-10-17 17:57:43,https://wellness.com,legal@wellness.com,,,,,,not_contacted,no,no,,,,high,harvested,"legal@wellness.com,media@wellness.com,support@wellness.com",,4.0,7.0,,"[{""category"": ""disability_support"", ""keywords_found"": [""art therapy (partial: 2/2 words)""], ""category_score"": 7.0}]",homepage,,"health,community,mental health",2025-10-22T21:02:41.427339,
Wellness Alliance Foundation,810747267,New York,NY,P20,,https://projects.propublica.org/nonprofits/organizations/810747267,wellness,2025-10-17 17:57:43,https://wellnessalliance.org,info@wellnessalliance.org,,,,,,not_contacted,no,no,,,,high,estimated,,"info@wellnessalliance.org,contact@wellnessalliance.org,hello@wellnessalliance.org,inquiries@wellnessalliance.org,development@wellnessalliance.org,admin@wellnessalliance.org",5.0,21.0,,"[{""category"": ""primary"", ""keywords_found"": [""art education (partial: 2/2 words)""], ""category_score"": 10.0}, {""category"": ""disability_support"", ""keywords_found"": [""special needs (partial: 2/2 words)"", ""special education (partial: 2/2 words)""], ""category_score"": 16.0}, {""category"": ""community_education"", ""keywords_found"": [""community engagement (partial: 2/2 words)""], ""category_score"": 6.0}, {""category"": ""primary"", ""keywords_found"": [""art education (partial: 2/2 words)""], ""category_score"": 10.0}]","homepage,/about-us",,"education,health,community,learning,mental health,education,health,community,learning",2025-10-22T21:03:04.350042,
Malta Human Services Foundation,133623325,New York,NY,Q330,,https://projects.propublica.org/nonprofits/organizations/133623325,human services,2025-10-17 17:57:44,https://maltahumanservices.org,info@maltahumanservices.org,,,,,,not_contacted,no,no,,,,high,estimated,,"info@maltahumanservices.org,contact@maltahumanservices.org,hello@maltahumanservices.org,inquiries@maltahumanservices.org,development@maltahumanservices.org,admin@maltahumanservices.org",0.0,0.0,,,homepage,,,2025-10-22T21:03:13.113152,
Spectrum Human Services Foundation Inc,222832638,Orchard Park,NY,P28Z,,https://projects.propublica.org/nonprofits/organizations/222832638,human services,2025-10-17 17:57:44,https://spectrum.org,info@spectrum.org,,,,,,not_contacted,no,no,,,,high,estimated,,"info@spectrum.org,contact@spectrum.org,hello@spectrum.org,inquiries@spectrum.org,development@spectrum.org,admin@spectrum.org",4.0,22.666666666666668,,"[{""category"": ""primary"", ""keywords_found"": [""creative education (partial: 2/2 words)"", ""art education (partial: 2/2 words)"", ""creative learning (partial: 2/2 words)""], ""category_score"": 27.0}, {""category"": ""community_education"", ""keywords_found"": [""quality education (partial: 2/2 words)""], ""category_score"": 7.0}, {""category"": ""primary"", ""keywords_found"": [""creative education (partial: 2/2 words)"", ""art education (partial: 2/2 words)"", ""creative learning (partial: 2/2 words)""], ""category_score"": 27.0}, {""category"": ""community_education"", ""keywords_found"": [""quality education (partial: 2/2 words)""], ""category_score"": 7.0}]","homepage,/about,/about-us",,"creative,education,community,learning,creative,education,community,learning,creative",2025-10-22T21:03:32.815611,
Abba Human Services Foundation Inc,843805419,New City,NY,E92,,https://projects.propublica.org/nonprofits/organizations/843805419,human services,2025-10-17 17:57:44,https://abbahumanservices.org,mercedes.rios@abbahumanservices.org,,,,,,not_contacted,no,no,,,,high,harvested,"mercedes.rios@abbahumanservices.org,jim.harlow@abbahumanservices.org",,4.0,6.666666666666667,"at abba human services foundation, our mission is to empower individuals and enrich communities.","[{""category"": ""disability_support"", ""keywords_found"": [""disabilities""], ""category_score"": 10}, {""category"": ""disability_support"", ""keywords_found"": [""disabilities""], ""category_score"": 10}]","homepage,/about,/about-us","supports and services. our mission advocate for health and human services including, case management/service coordination, for individuals and their families with physical and mental health disabilities,supports and services. our mission advocate for health and human services including, case management/service coordination, for individuals and their families with physical and mental health disabilities","health,community,social services,health,community,disabilities,mental health,health,community,disabilities,mental health",2025-10-22T21:03:51.140380,
Foundation For Human Services Inc,141792786,Loch Sheldrke,NY,T20J,,https://projects.propublica.org/nonprofits/organizations/141792786,human services,2025-10-17 17:57:44,,,,,,,,not_contacted,no,no,,,,high,error,,,,0.0,,,,,,2025-10-22T21:04:03.747695,'grant_history'
Youth Renewal Fund,133641489,New York,NY,B25I,,https://projects.propublica.org/nonprofits/organizations/133641489,youth,2025-10-17 17:57:47,https://youthrenewal.org,info@youthrenewal.org,,,,,,not_contacted,no,no,,,,high,estimated,,"info@youthrenewal.org,contact@youthrenewal.org,hello@youthrenewal.org,inquiries@youthrenewal.org,development@youthrenewal.org,admin@youthrenewal.org",1.0,0.0,,,homepage,,"health,youth",2025-10-22T21:04:20.560302,
Youth Foundation Inc,136093036,New York,NY,,,https://projects.propublica.org/nonprofits/organizations/136093036,youth,2025-10-17 17:57:47,,,,,,,,not_contacted,no,no,,,,high,error,,,,0.0,,,,,,2025-10-22T21:04:47.030976,'grant_history'
Swieca Children Foundation,464310665,New York,NY,T30,,https://projects.propublica.org/nonprofits/organizations/464310665,children,2025-10-17 17:57:48,,,,,,,,not_contacted,no,no,,,,high,error,,,,0.0,,,,,,2025-10-22T21:04:47.233302,'grant_history'
Albanian Children Fund,133964543,Staten Island,NY,,,https://projects.propublica.org/nonprofits/organizations/133964543,children,2025-10-17 17:57:48,https://albanianchildren.org,info@albanianchildren.org,,,,,,not_contacted,no,no,,,,high,harvested,info@albanianchildren.org,,1.0,15.2,"is to create humanitarian opportunities for a healthy growing of sick children, those with special physical and social needs, orphans; help the elderly, families in needs and parents with many children, contributing to sustainable solutions to their problems for a better future.","[{""category"": ""youth_development"", ""keywords_found"": [""children""], ""category_score"": 7}, {""category"": ""youth_development"", ""keywords_found"": [""children""], ""category_score"": 7}, {""category"": ""youth_development"", ""keywords_found"": [""children""], ""category_score"": 7}, {""category"": ""disability_support"", ""keywords_found"": [""disabilities"", ""special needs (partial: 2/2 words)"", ""special education (partial: 2/2 words)""], ""category_score"": 26.0}, {""category"": ""youth_development"", ""keywords_found"": [""children""], ""category_score"": 7}, {""category"": ""community_education"", ""keywords_found"": [""educational access (partial: 2/2 words)"", ""quality education (partial: 2/2 words)""], ""category_score"": 15.0}, {""category"": ""youth_development"", ""keywords_found"": [""children""], ""category_score"": 7}]","homepage,/about,/about-us,/mission,/what-we-do","support education,support education campaigns publications acf magazine media press releases video gallery photo gallery volunteering contact us donate now search menu menu you are here: home1 / mission mission albanian children foundation is a non-governmental, non-profit and independent organization, which mission is to create humanitarian opportunities for a healthy growing of sick children, those with special physical and social needs, orphans; help the elderly, families in needs and parents with many children, contributing to sustainable solutions to their problems for a better future. the focus of our work is: – the future of children with autism spectrum disorder who struggle every day; – supporting children with thalassemia; helping sick children with severe diagnosis and incurable in our country; – supporting the education for children with social problems; – solidarity to help mothers with many children and stratum in need such as persons with disabilities,support them. we are committed to fulfill goals such as: 1 -assessing, diagnosing, defining and implementing contemporary methods for children affected by autism spectrum disorder and assist their families according to their child’s needs. this is to improve the quality of life of children and make them independent in the future. 2 – supporting by all means the improvement of the quality of life for children suffering with thalassemia through improving the quality of their clinical treatment, awareness campaigns for voluntary blood donation and mediation with international hospitals to introduce the best experience in terms of curing and treatment of blood diseases. 3 – financially supporting sick children with severe diagnosis and financial impossibilities, for specialized interventions abroad, undertaking: a- the coordination with private clinics or hospitals for the intervention; b-surgical intervention, c-treatment after the intervention and d-purchasing medicaments. 4 – supporting, facilitating and solving social problems of the most vulnerable categories of albanian society such as children, families with many children, families with economic difficulties and the elderly by assisting financially and supplies (food and clothing). the assistance includes children with disabilities,support education,support them. we are committed to fulfill goals such as: 1 -assessing, diagnosing, defining and implementing contemporary methods for children affected by autism spectrum disorder and assist their families according to their child’s needs. this is to improve the quality of life of children and make them independent in the future. 2 – supporting by all means the improvement of the quality of life for children suffering with thalassemia through improving the quality of their clinical treatment, awareness campaigns for voluntary blood donation and mediation with international hospitals to introduce the best experience in terms of curing and treatment of blood diseases. 3 – financially supporting sick children with severe diagnosis and financial impossibilities, for specialized interventions abroad, undertaking: a- the coordination with private clinics or hospitals for the intervention; b-surgical intervention, c-treatment after the intervention and d-purchasing medicaments. 4 – supporting, facilitating and solving social problems of the most vulnerable categories of albanian society such as children, families with many children, families with economic difficulties and the elderly by assisting financially and supplies (food and clothing). the assistance includes children with disabilities by providing their movement vehicles; includes those sheltered at the houses of children; elderly in asylums and young patients hospitalized in the country hospitals. 5 – providing or mediating support through free scholarships for orphans, those policemen who lost their life in the line of duty, or children in economic difficulties. facilitating the education,support education","health,children,children,education,health,children,education,health,community,children,disabilities,learning,education,health,children",2025-10-22T21:05:17.637487,
Bertas Children Foundation,824200867,Bronx,NY,Q33,,https://projects.propublica.org/nonprofits/organizations/824200867,children,2025-10-17 17:57:48,,,,,,,,not_contacted,no,no,,,,high,error,,,,0.0,,,,,,2025-10-22T21:05:20.089003,'grant_history'
New York Foundation,135626345,New York,NY,,,https://projects.propublica.org/nonprofits/organizations/135626345,new york,2025-10-17 17:57:49,https://newyork.org,info@newyork.org,,,,,,not_contacted,no,no,,,,high,estimated,,"info@newyork.org,contact@newyork.org,hello@newyork.org,inquiries@newyork.org,development@newyork.org,admin@newyork.org",0.0,0.0,,,"homepage,/about",,,2025-10-22T21:05:36.633079,
Wine Spectator California Scholarship Foundation,133129027,New York,NY,,,https://projects.propublica.org/nonprofits/organizations/133129027,california,2025-10-17 17:57:50,https://wine.org,info@wine.org,,,,,,not_contacted,no,no,,,,high,estimated,,"info@wine.org,contact@wine.org,hello@wine.org,inquiries@wine.org,development@wine.org,admin@wine.org",0.0,0.0,,,homepage,,,2025-10-22T21:19:06.525844,
National Currency Foundation,452547457,New York,NY,A80,,https://projects.propublica.org/nonprofits/organizations/452547457,national,2025-10-17 17:57:52,,,,,,,,not_contacted,no,no,,,,high,error,,,,0.0,,,,,,2025-10-22T21:20:00.401764,'grant_history'
American Cancer Foundation Of America Inc,833979648,Staten Island,NY,G30,,https://projects.propublica.org/nonprofits/organizations/833979648,american,2025-10-17 17:57:53,https://american.org,info@american.org,,,,,,not_contacted,no,no,,,,high,estimated,,"info@american.org,contact@american.org,hello@american.org,inquiries@american.org,development@american.org,admin@american.org",0.0,0.0,,,homepage,,,2025-10-22T21:20:06.844958,
United States Fund For Unicef,131760110,New York,NY,Q420,,https://projects.propublica.org/nonprofits/organizations/131760110,united states,2025-10-17 17:57:54,,,,,,,,not_contacted,no,no,,,,high,error,,,,0.0,,,,,,2025-10-22T21:20:12.086064,'grant_history'
Maia United States Foundation,854292493,New York,NY,Q30,,https://projects.propublica.org/nonprofits/organizations/854292493,united states,2025-10-17 17:57:54,,,,,,,,not_contacted,no,no,,,,high,error,,,,0.0,,,,,,2025-10-22T21:20:23.396049,'grant_history'
United States Go Foundation,133621764,New York,NY,Z99Z,,https://projects.propublica.org/nonprofits/organizations/133621764,united states,2025-10-17 17:57:54,,,,,,,,not_contacted,no,no,,,,high,error,,,,0.0,,,,,,2025-10-22T21:20:25.215420,'grant_history'
Foundation Foundation,475374786,Lytle Creek,CA,P32,,https://projects.propublica.org/nonprofits/organizations/475374786,foundation,2025-10-17 17:57:55,https://fund.org,donorcare@humaneaction.org,,,,,,not_contacted,no,no,,,,high,harvested,donorcare@humaneaction.org,,4.0,0.0,,,"homepage,/about,/about-us",,,2025-10-22T21:20:50.808340,
Springwell Foundationi,932444083,Walnut Creek,CA,W70,,https://projects.propublica.org/nonprofits/organizations/932444083,foundation,2025-10-17 17:57:55,https://springwell.org,info@springwell.org,,,,,,not_contacted,no,no,,,,high,harvested,info@springwell.org,,5.0,0.0,& values faqs springwell staffconnect next gen celebrate recovery growth groups serving membershipwatch watch live messagesevents baptism missionsgiveresources pastoral care bible reading plan prayer request about us our values we hold a few things near and dear to our hearts.,,"homepage,/about,/mission",,"community,arts,community,community",2025-10-22T21:21:14.802914,
Armanino Foundation,812649898,San Ramon,CA,T23,,https://projects.propublica.org/nonprofits/organizations/812649898,foundation,2025-10-17 17:57:55,https://armanino.com,info@armanino.com,,,,,,not_contacted,no,no,,,,high,estimated,,"info@armanino.com,contact@armanino.com,hello@armanino.com,inquiries@armanino.com,development@armanino.com,admin@armanino.com",5.0,20.0,"confusion, meet clarity you’ve got a vision of where you want to go, and you’re ready to make it happen.","[{""category"": ""primary"", ""keywords_found"": [""art education (partial: 2/2 words)""], ""category_score"": 10.0}, {""category"": ""disability_support"", ""keywords_found"": [""special needs (partial: 2/2 words)"", ""special education (partial: 2/2 words)""], ""category_score"": 16.0}, {""category"": ""primary"", ""keywords_found"": [""art education (partial: 2/2 words)""], ""category_score"": 10.0}, {""category"": ""disability_support"", ""keywords_found"": [""special education (partial: 2/2 words)""], ""category_score"": 7.0}, {""category"": ""primary"", ""keywords_found"": [""art education (partial: 2/2 words)""], ""category_score"": 10.0}, {""category"": ""disability_support"", ""keywords_found"": [""special education (partial: 2/2 words)""], ""category_score"": 7.0}]","homepage,/about,/about-us",,"education,health,adaptive,education,health,community,education,health,community",2025-10-22T21:21:45.091496,
Seenfire Foundation,474734762,San Marino,CA,A02,,https://projects.propublica.org/nonprofits/organizations/474734762,foundation,2025-10-17 17:57:55,https://seenfire.org,info@seenfire.org,,,,,,not_contacted,no,no,,,,high,estimated,,"info@seenfire.org,contact@seenfire.org,hello@seenfire.org,inquiries@seenfire.org,development@seenfire.org,admin@seenfire.org",1.0,40.5,to build a better world through video with one minute academy.,"[{""category"": ""primary"", ""keywords_found"": [""arts education (partial: 2/2 words)"", ""art education (partial: 2/2 words)"", ""arts program (partial: 2/2 words)""], ""category_score"": 28.0}, {""category"": ""youth_development"", ""keywords_found"": [""student empowerment (partial: 2/2 words)""], ""category_score"": 8.0}, {""category"": ""community_education"", ""keywords_found"": [""community school (partial: 2/2 words)"", ""public schools (partial: 2/2 words)"", ""school partnerships (partial: 2/2 words)""], ""category_score"": 23.0}, {""category"": ""youth_development"", ""keywords_found"": [""student empowerment (partial: 2/2 words)"", ""creative development (partial: 2/2 words)""], ""category_score"": 16.0}, {""category"": ""community_education"", ""keywords_found"": [""community engagement""], ""category_score"": 6}]","homepage,/about",,"education,arts,health,community,learning,empowerment,community,creative,empowerment",2025-10-22T21:22:02.823417,
Ujimaa Foundation,270549307,Oakland,CA,B80,,https://projects.propublica.org/nonprofits/organizations/270549307,foundation,2025-10-17 17:57:55,https://ujimaafoundation.org,lazear@ujimaafoundation.orgphone,,,,,,not_contacted,no,no,,,,high,harvested,"lazear@ujimaafoundation.orgphone,cox@ujimaafoundation.orgphone",,3.0,22.0,will level the playing field for children and youth as they build their capacity to succeed in school and beyond.,"[{""category"": ""youth_development"", ""keywords_found"": [""children""], ""category_score"": 7}, {""category"": ""community_education"", ""keywords_found"": [""community school (partial: 2/2 words)""], ""category_score"": 9.0}, {""category"": ""primary"", ""keywords_found"": [""arts education (partial: 2/2 words)"", ""art education (partial: 2/2 words)"", ""arts program (partial: 2/2 words)""], ""category_score"": 28.0}, {""category"": ""youth_development"", ""keywords_found"": [""children"", ""cultural awareness (partial: 2/2 words)""], ""category_score"": 13.0}, {""category"": ""community_education"", ""keywords_found"": [""community school (partial: 2/2 words)""], ""category_score"": 9.0}]","homepage,/about-us,/programs",,"health,health,community,youth,children,learning,education,arts,health,community,youth,children,cultural",2025-10-22T21:22:24.564260,
Napipa Foundation,821406941,San Jose,CA,B03,,https://projects.propublica.org/nonprofits/organizations/821406941,foundation,2025-10-17 17:57:55,https://napipa.org,napipa@napipa.org,,,,,,not_contacted,no,no,,,,high,harvested,napipa@napipa.org,,5.0,4.666666666666667,statement the national asian pacific islander prosecutors association (napipa) is a professional organization dedicated to promoting justice and to advancing the interests of prosecutors of asian and pacific islander (api) heritage.,"[{""category"": ""community_education"", ""keywords_found"": [""quality education (partial: 2/2 words)""], ""category_score"": 7.0}, {""category"": ""community_education"", ""keywords_found"": [""quality education (partial: 2/2 words)""], ""category_score"": 7.0}]","homepage,/about,/about-us","support api law students and attorneys interested in pursuing careers in law enforcementto provide training, both academic and practical, concerning a wide variety of law enforcement-related topics of interestto educate the api community regarding the criminal justice system and provide a forum for communicating the community’s needs and concernsto promote, strengthen and support the roles of api in all aspects of law enforcement regional chapters justice equality trust napipa currently consists of eight regional chapters:northern californiasouthern californiachicagonew yorksan diegogeorgiaminnesotapacific northwestthe regional chapters exist in order to better serve their respective local api communities. each regional chapter has its own president and these regional chapter presidents form the national executive board.of course, members are welcome from anywhere in the united states.if a member would like to form a regional chapter from his or her area, he or she may petition the national executive board once he or she obtains 10 voting members in his or her region. all regional boards 65+ professional lawyers co-founder’s message in 2010, a group of local, state, and federal asian pacific islander (api) prosecutors from the san francisco bay and silicon valley area met for dinner. we discussed our common experiences, triumphs, and struggles. it was apparent that we all shared a deep passion for our profession and the pursuit of justice. we also discussed the importance of our shared heritage and belief in contributing to our respective communities.to more fully realize this ideal, we discussed establishing a professional organization of api prosecutors that would: (1) assist api prosecutors through training, mentorship, and positive encouragement and support; (2) provide opportunities for api prosecutors to meet and discuss issues of shared significance; and (3) provide outreach and education,support api law students and attorneys interested in pursuing careers in law enforcementto provide training, both academic and practical, concerning a wide variety of law enforcement-related topics of interestto educate the api community regarding the criminal justice system and provide a forum for communicating the community’s needs and concernsto promote, strengthen and support the roles of api in all aspects of law enforcement regional chapters justice equality trust napipa currently consists of eight regional chapters:northern californiasouthern californiachicagonew yorksan diegogeorgiaminnesotapacific northwestthe regional chapters exist in order to better serve their respective local api communities. each regional chapter has its own president and these regional chapter presidents form the national executive board.of course, members are welcome from anywhere in the united states.if a member would like to form a regional chapter from his or her area, he or she may petition the national executive board once he or she obtains 10 voting members in his or her region. all regional boards 65+ professional lawyers co-founder’s message in 2010, a group of local, state, and federal asian pacific islander (api) prosecutors from the san francisco bay and silicon valley area met for dinner. we discussed our common experiences, triumphs, and struggles. it was apparent that we all shared a deep passion for our profession and the pursuit of justice. we also discussed the importance of our shared heritage and belief in contributing to our respective communities.to more fully realize this ideal, we discussed establishing a professional organization of api prosecutors that would: (1) assist api prosecutors through training, mentorship, and positive encouragement and support; (2) provide opportunities for api prosecutors to meet and discuss issues of shared significance; and (3) provide outreach and education","community,education,community,education,community",2025-10-22T21:23:11.752360,
Seaoc Foundation,680363273,Sacramento,CA,U42,,https://projects.propublica.org/nonprofits/organizations/680363273,foundation,2025-10-17 17:57:55,https://seaoc.org,seaoc@seaoc.org,,,,,,not_contacted,no,no,,,,high,harvested,seaoc@seaoc.org,,4.0,10.0,serving members and to helping communities by promoting safer structures wherever people live or work.,"[{""category"": ""primary"", ""keywords_found"": [""art education (partial: 2/2 words)""], ""category_score"": 10.0}, {""category"": ""primary"", ""keywords_found"": [""art education (partial: 2/2 words)""], ""category_score"": 10.0}, {""category"": ""primary"", ""keywords_found"": [""art education (partial: 2/2 words)""], ""category_score"": 10.0}, {""category"": ""primary"", ""keywords_found"": [""art education (partial: 2/2 words)""], ""category_score"": 10.0}, {""category"": ""primary"", ""keywords_found"": [""art education (partial: 2/2 words)""], ""category_score"": 10.0}, {""category"": ""primary"", ""keywords_found"": [""art education (partial: 2/2 words)""], ""category_score"": 10.0}, {""category"": ""primary"", ""keywords_found"": [""art education (partial: 2/2 words)""], ""category_score"": 10.0}, {""category"": ""primary"", ""keywords_found"": [""art education (partial: 2/2 words)""], ""category_score"": 10.0}, {""category"": ""primary"", ""keywords_found"": [""art education (partial: 2/2 words)""], ""category_score"": 10.0}, {""category"": ""primary"", ""keywords_found"": [""art education (partial: 2/2 words)""], ""category_score"": 10.0}, {""category"": ""primary"", ""keywords_found"": [""art education (partial: 2/2 words)""], ""category_score"": 10.0}]","homepage,/about,/about-us,/mission,/vision,/our-mission,/what-we-do,/programs,/grants,/giving,/impact",,"education,education,education,education,education,education,education,education,education,education,education",2025-10-22T21:23:29.507689,
Transcend Foundation,271261375,Long Beach,CA,N60,,https://projects.propublica.org/nonprofits/organizations/271261375,foundation,2025-10-17 17:57:55,https://transcend.org,info@transform-centre.org,,,,,,not_contacted,no,no,,,,high,harvested,"info@transform-centre.org,peaceservice@transcend.org,rais.boneza@gmail.com,abbas@aroua.com,info@transcend.org,tps@transcend.org,tpc@transcend.org,lorenz@transcend.org,emma@online.com.kh,peaceservice@transcend.orginvite,tri@transcend.org,synove.faldalen@lyse.net,galtung@transcend.org,kent@hawaii.edu,okumoto@wilmina.ac.jp,kramer@iicp.at,antonio@transcend.org",,2.0,100.0,"statement transcend has as its mission: to bring about a more peaceful world by using action, education/training, dissemination and research to transform conflicts nonviolently, with empathy and creativity, for acceptable and sustainable outcomes.","[{""category"": ""primary"", ""keywords_found"": [""arts education (partial: 2/2 words)"", ""creative education (partial: 2/2 words)"", ""art education (partial: 2/2 words)"", ""arts program (partial: 2/2 words)"", ""creative learning (partial: 2/2 words)""], ""category_score"": 45.0}, {""category"": ""disability_support"", ""keywords_found"": [""special needs (partial: 2/2 words)"", ""art therapy (partial: 2/2 words)"", ""special education (partial: 2/2 words)""], ""category_score"": 23.0}, {""category"": ""youth_development"", ""keywords_found"": [""student empowerment (partial: 2/2 words)"", ""creative development (partial: 2/2 words)""], ""category_score"": 16.0}, {""category"": ""community_education"", ""keywords_found"": [""public schools (partial: 2/2 words)"", ""quality education (partial: 2/2 words)"", ""transforming lives (partial: 2/2 words)"", ""educational equity (partial: 2/2 words)""], ""category_score"": 29.0}]",homepage,"support us with a donation, there are two ways:donate to transcend media service. see transcend.org/tms/donate for more information. donate to the galtung-institut. see galtung-institut.de/donate for more information.thank you!beyond monetary donations, we welcome many forms of contribution to our work.in particular you may wish to: spread the word about this website and transcend international's work. write a solution-oriented article and submit it to transcend media service. support us by buying a book from transcend university press. apply for an internship: peaceservice@transcend.orginvite us for workshops at your job, university or school to teach solution oriented conflict analysis. yours sincerely, transcend international transcend peace channel click here to visit the transcend peace channel on youtube the transcend peace channel or tpc, is a recent dimension of transcend international's effort towards serving the public at large with analytical views informed by peace-, conflict- and structure-literacy. currently planned are regular comments by our regional experts on world issues, the situation afghanistan-iraq-east asia; southeast asia; latin america; the arab world, as well as africa. this is an important step towards strengthening the dissemination of solution-oriented journalism. contact tpc@transcend.org to share a story idea or submit specific topics you want our experts to elaborate on. support peace literacy support our work concretely, creatively and constructively: join the transcend peace service join the transcend peace service and support our work. you can contribute intellectually, financially, symbolically, journalistically, artistically, collectively, or individually. which ever way you choose: we encourage you to do it systematically and passionately. either by writing constructive solution oriented articles and proposing them to our media service tms, by acquiring our books and learning to think about what peace is and disseminating your insights, or by taking tpu-courses on our digital campus. we offer various avenues to learn more about peace. prof. galtung is unequivocally recognized as the principal mind that fostered the creation of the academic discipline of peace studies in 1957. join our educational effort by enrolling in our online university you can learn from the best in the field about the foundations, conditions, mechanisms and potentials of concrete, creative, and constructive conflict transformation and positive peace. join one or several of our various courses we offer through our online university and become more knowledgable about the structural and cultural underpinnings of our current international system and how these underpinnings influence our business choices, our understanding of economics, of legitimate violence and warfare, of democratic principles, of journalism, tourism or terrorism for that matter. join our dissemination effort you are invited to join our efforts towards creating a world more knowledgeable about solution oriented conflict analysis and conflict transformation. transcend peace service tps offers discrete assistance to anybody in the world with latent or acute conflict concerns and peace needs. we assist in generating mutually beneficial solutions for every conflict we get to work on. tps offers free of charge service in conflict resolution. for concrete questions, please contact us with an email elaborating your concerns. we will serve you as best we can. contact tps:tps@transcend.org beyond that, transcend peace service (tps) invokes all members and visitors to share their constructive, creative and concrete experiences in peace-building, mediation and conciliation at their convenience. contact us transcend international info@transcend.org antonio carlos da silva rosa, m.a. antonio@transcend.org assistant to prof. johan galtung editor, transcend media service www.transcend.org/tms porto/portugal: +351 226 001 219 (office), +351 914 945 965 (mobile) transcend university press transcend.org/tup shipping and customer care linda-marie lorenz lorenz@transcend.org grenzach-whylen/germany: tel +49 762 491 291 37 too bad ... the page you requested could not be found :( current programmespositive peace. increasing fulfillment through cooperation, harmony and fusion, peace building, development, structural peace, cultural peace and spirituality. key contact: johan galtung galtung@transcend.org sabona (zulu for ""i see you"") is transcend in daily life--schools, couples and family, at work--to help people understand what happens in conflicts, how conflicts can be solved and better relations be built. from experimental schools in norway the program is now expanding. key contact: synove faldalen synove.faldalen@lyse.net generals for peace. during the cold war generals and admirals for peace voiced military arguments against the type of warfare contemplated. the same is needed today. key contact: emma leslie emma@online.com.kh conflict sensitive development. based on deep knowledge of sri lanka, the institute for integrative conflict transformation and peace-building (iicp) in vienna was asked to design a conflict sensitive development program--beyond reconstruction--in one sinhalese, one tamil and one muslim village, as well as a joint peace resource center, after the 2004 tsunami. key contact: gudrun kramer kramer@iicp.at the arab world. 22 countries and more than 300 million, with numerous key conflicts within and without call for the use of action: conflict transformation for iraq, somalia, and others research: a conflict atlas for the arab world, human rights dissemination: peace journalism, also translated into arabic education: transcend peace university, courses in arabic key contact: abbas aroua abbas@aroua.com middle east. the israeli/palestinian conflict has so far defied interventions. transform (the interdisciplinary centre for conflict analysis, political development and world society research) is currently building a network of facilitators for peace in the middle east and is developing a methodology for social transformation in conflict. it is also disseminating transcend's approach of pursuing peace by peaceful means. key contacts: ahmed badawi and ofer zalzberg info@transform-centre.org africa. more than 50 countries and 500 nations call for creative use of peace resources in deep cultures and structures, giving nations prominence in federations and opening up in communities, with focus on the baraza and other peace resources. key contact: rais boneza rais.boneza@gmail.com (north-)east asia. the problem facing a (north-)east asian region with china and taiwan, the two koreas and japan--cooperating with russia far east--is japan, often referred to as the us 51st state. on the other hand, the shanghai cooperation organization includes central and south asia. creative reconciliation and new approaches are needed. key contact: kyoko okumoto okumoto@wilmina.ac.jp the invisible continent. the state system and inter-governmental organizations, playing their often lethal games, are highly visible; less so the millions of human generally living peaceful lives, facing deep conflicts, performing miracles of conflict transformation and peace building. stories pass from generation to generation and groups to groups through griots, to be made more visible. key contacts: naakow grant-hayford and karoline weber peaceservice@transcend.org from state foreign policies to global domestic politics. the state system is yielding to regionalization and globalization. state foreign policies can no longer be based on (dominant) nation interests only but have to be aligned with regional and nature-human-global interests. the program calls for joint efforts in many states, like ministries for peace, solutions for inter-regional conflicts, and global visions for weltinnenpolitik. key contacts: johan galtung galtung@transcend.org and george kent kent@hawaii.edu transcend art and peace network we believe that the creative spirit within all human beings can transcend the forces of contradiction and conflict and that people can achieve peaceful conflict transformation and peacebuilding at the personal, local, and global levels. music and the arts,support us with a donation, there are two ways:donate to transcend media service. see transcend.org/tms/donate for more information. donate to the galtung-institut. see galtung-institut.de/donate for more information.thank you!beyond monetary donations, we welcome many forms of contribution to our work.in particular you may wish to: spread the word about this website and transcend international's work. write a solution-oriented article and submit it to transcend media service. support us by buying a book from transcend university press. apply for an internship: peaceservice@transcend.orginvite us for workshops at your job, university or school to teach solution oriented conflict analysis. yours sincerely, transcend international transcend peace channel click here to visit the transcend peace channel on youtube the transcend peace channel or tpc, is a recent dimension of transcend international's effort towards serving the public at large with analytical views informed by peace-, conflict- and structure-literacy. currently planned are regular comments by our regional experts on world issues, the situation afghanistan-iraq-east asia; southeast asia; latin america; the arab world, as well as africa. this is an important step towards strengthening the dissemination of solution-oriented journalism. contact tpc@transcend.org to share a story idea or submit specific topics you want our experts to elaborate on. support peace literacy support our work concretely, creatively and constructively: join the transcend peace service join the transcend peace service and support our work. you can contribute intellectually, financially, symbolically, journalistically, artistically, collectively, or individually. which ever way you choose: we encourage you to do it systematically and passionately. either by writing constructive solution oriented articles and proposing them to our media service tms, by acquiring our books and learning to think about what peace is and disseminating your insights, or by taking tpu-courses on our digital campus. we offer various avenues to learn more about peace. prof. galtung is unequivocally recognized as the principal mind that fostered the creation of the academic discipline of peace studies in 1957. join our education","education,arts,learning,creative,cultural,empowerment",2025-10-22T21:23:52.507744,
Prism Foundation,273951660,Oakland,CA,R112,,https://projects.propublica.org/nonprofits/organizations/273951660,foundation,2025-10-17 17:57:55,https://prismfoundation.org,info@prismfoundation.org,,,,,,not_contacted,no,no,,,,high,estimated,,"info@prismfoundation.org,contact@prismfoundation.org,hello@prismfoundation.org,inquiries@prismfoundation.org,development@prismfoundation.org,admin@prismfoundation.org",0.0,0.0,,,"homepage,/about,/about-us",,arts,2025-10-22T21:24:22.620602,
Ael Foundation,680370324,Los Altos,CA,T20Z,,https://projects.propublica.org/nonprofits/organizations/680370324,foundation,2025-10-17 17:57:55,https://ael.org,info@ael.org,,,,,,not_contacted,no,no,,,,high,estimated,,"info@ael.org,contact@ael.org,hello@ael.org,inquiries@ael.org,development@ael.org,admin@ael.org",3.0,0.0,,,"homepage,/about,/vision",,,2025-10-22T21:24:39.694100,
Rozellestrong Foundation,474053945,Oakland,CA,H12,,https://projects.propublica.org/nonprofits/organizations/474053945,foundation,2025-10-17 17:57:55,,,,,,,,not_contacted,no,no,,,,high,error,,,,0.0,,,,,,2025-10-22T21:24:43.311074,'grant_history'
Alyden Foundation,462274751,Riverside,CA,E80,,https://projects.propublica.org/nonprofits/organizations/462274751,foundation,2025-10-17 17:57:55,https://alyden.com,info@alyden.com,,,,,,not_contacted,no,no,,,,high,estimated,,"info@alyden.com,contact@alyden.com,hello@alyden.com,inquiries@alyden.com,development@alyden.com,admin@alyden.com",5.0,0.0,"provide the most reliable and efficient plumbing services, without compromising on quality or safety.",,"homepage,/about,/about-us",,,2025-10-22T21:25:08.857422,
Firemouse Foundation,831156190,Menifee,CA,T50,,https://projects.propublica.org/nonprofits/organizations/831156190,foundation,2025-10-17 17:57:55,https://firemouse.com,info@firemouse.com,,,,,,not_contacted,no,no,,,,high,estimated,,"info@firemouse.com,contact@firemouse.com,hello@firemouse.com,inquiries@firemouse.com,development@firemouse.com,admin@firemouse.com",0.0,0.0,,,"homepage,/about,/about-us,/mission,/vision,/our-mission,/what-we-do,/programs,/grants,/giving,/impact",,,2025-10-22T21:25:19.528172,
G3 Foundation,463769137,Costa Mesa,CA,Q99,,https://projects.propublica.org/nonprofits/organizations/463769137,foundation,2025-10-17 17:57:55,https://g3foundation.org,info@g3foundation.org,,,,,,not_contacted,no,no,,,,high,estimated,,"info@g3foundation.org,contact@g3foundation.org,hello@g3foundation.org,inquiries@g3foundation.org,development@g3foundation.org,admin@g3foundation.org",2.0,5.666666666666667,about usvolunteersphotosdonatecontact ushomeour mission about usvolunteersphotosdonatecontact us our passion about usour missionthe g3 foundation is an international non-profit organization dedicated to treating dental disease within indigent populations.,"[{""category"": ""primary"", ""keywords_found"": [""art education (partial: 2/2 words)""], ""category_score"": 10.0}, {""category"": ""disability_support"", ""keywords_found"": [""art therapy (partial: 2/2 words)""], ""category_score"": 7.0}]","homepage,/about-us,/our-mission",,"health,learning,cultural,education,health",2025-10-22T21:25:42.402035,
Jgc Foundation,815073709,Burbank,CA,F20,,https://projects.propublica.org/nonprofits/organizations/815073709,foundation,2025-10-17 17:57:55,https://jgc.org,info@jgc.org,,,,,,not_contacted,no,no,,,,high,estimated,,"info@jgc.org,contact@jgc.org,hello@jgc.org,inquiries@jgc.org,development@jgc.org,admin@jgc.org",1.0,0.0,,,homepage,,,2025-10-22T21:25:54.529665,
Parrot Foundation,273038305,Sacramento,CA,D20,,https://projects.propublica.org/nonprofits/organizations/273038305,foundation,2025-10-17 17:57:55,https://parrot.com,info@parrot.com,,,,,,not_contacted,no,no,,,,high,estimated,,"info@parrot.com,contact@parrot.com,hello@parrot.com,inquiries@parrot.com,development@parrot.com,admin@parrot.com",1.0,0.0,readynews18/09/2025parrot anafi ukr a drone you can trustsee moreall dronespartnershipsnewsroompress roominvestorscareersdeveloperimage menu homepage2025 parrot drones sas.,,"homepage,/about,/about-us,/mission,/vision,/our-mission,/what-we-do,/programs,/grants,/giving,/impact",,,2025-10-22T21:26:11.336336,
Torchbearers Foundation,593820836,Pls Vrds Pnsl,CA,B82,,https://projects.propublica.org/nonprofits/organizations/593820836,foundation,2025-10-17 17:57:55,,,,,,,,not_contacted,no,no,,,,high,error,,,,0.0,,,,,,2025-10-22T21:26:18.006627,'grant_history'
Welsh Foundation,260365905,Moreno Valley,CA,T40,,https://projects.propublica.org/nonprofits/organizations/260365905,foundation,2025-10-17 17:57:55,https://welsh.com,info@welsh.com,,,,,,not_contacted,no,no,,,,high,harvested,info@welsh.com,,2.0,8.5,"providing seamless it services to our downtown clients by sourcing a staff with impeccable credentials, motivated to create the best it support firm in the greater boston area.","[{""category"": ""primary"", ""keywords_found"": [""art education (partial: 2/2 words)""], ""category_score"": 10.0}, {""category"": ""youth_development"", ""keywords_found"": [""children""], ""category_score"": 7}]","homepage,/about","support cybersecurity cloud-based services it planning it projects about company description service areas blog contact free tech consultation 617 695 9800 about us welsh consulting founded in 1984, welsh consulting quickly evolved as a boston area premier it consulting firm, establishing official headquarters in boston in 1991. as time moves on and our company continues to grow, we remain committed to providing seamless it services to our downtown clients by sourcing a staff with impeccable credentials, motivated to create the best it support firm in the greater boston area. keeping up with an ever-changing industry, welsh consulting adopted a unique approach to it services, which allows us to expertly manage and customize networks, giving our clients the ability to focus on running their businesses. in support of our continued growth, our foundation is represented by four core values: serve others bring positive energy find a way keep growing these core values provide a clear purpose and path forward, supporting every aspect of our growing business, including our: client services philosophy partner relationships recruitment process between our consulting, support and administrative teams, everyone at welsh consulting embraces close collaboration in order to deliver strategic and successful solutions to our clients. if we had to choose a mantra, it would be: your success is our mission! empowering our team with the tools and confidence to exceed your expectations in support of your best business is the key to our continued success… and yours. our team charlie ross ceo welsh consulting is led by charlie ross. charlie has been working closely with small businesses for 20+ years to help guide them through the complex maze of technology. with a solid understanding of the workings of a small business and a finance/accounting degree from bryant university, charlie is uniquely positioned to understand the challenges small business owners face, and is able to bring solutions that meet those needs; strategically, economically and efficiently. as president of welsh consulting, charlie has created a culture focused around our company’s core values: bring positive energy, serve others, keep growing and find a way. these values are not just words on a wall, but standards that charlie lives by and demands of all who join our team. these values are applicable in every aspect of life and provide simple guidance for any situation. charlie is actively involved with many industry associations and is on the board of several industry leading organizations. charlie is the immediate past president of hospitality financial technical professionals – new england club chapter (hftp), charlie is the proud father of 4 (almost adult) children and is almost done paying for college! he is looking forward to receiving the big raise the next few years. joe benson director of operations for over 20 years, joe has been immersed in technology. he has worked with complex network environments within the financial services and investment advisor industry, where security is absolutely critical, and down-time is not acceptable. he has managed teams of it professionals to ensure the mission of secure and robust network environments is carried out flawlessly. joe is responsible for the technical teams at welsh consulting and ensures that our clients enjoy the highest standard of network care and attention. dave hebert business development manager dave recently graduated from rhode island college with a bachelor’s degree in finance and a minor in data science. for the past few years, dave has been working to support our clients in their strategy and budgeting process. dave’s education","education,children",2025-10-22T21:26:46.683095,
Dream Foundation,921359756,Stockton,CA,F30,,https://projects.propublica.org/nonprofits/organizations/921359756,foundation,2025-10-17 17:57:55,https://dream.org,press@dream.org,,,,,,not_contacted,no,no,,,,high,harvested,press@dream.org,,3.0,19.0,,"[{""category"": ""primary"", ""keywords_found"": [""arts access (partial: 2/2 words)""], ""category_score"": 8.0}, {""category"": ""primary"", ""keywords_found"": [""arts program (partial: 2/2 words)"", ""creative pathways (partial: 2/2 words)"", ""arts access (partial: 2/2 words)""], ""category_score"": 26.0}, {""category"": ""youth_development"", ""keywords_found"": [""creative development (partial: 2/2 words)""], ""category_score"": 8.0}, {""category"": ""primary"", ""keywords_found"": [""arts program (partial: 2/2 words)"", ""creative pathways (partial: 2/2 words)"", ""arts access (partial: 2/2 words)""], ""category_score"": 26.0}, {""category"": ""youth_development"", ""keywords_found"": [""creative development (partial: 2/2 words)""], ""category_score"": 8.0}]","homepage,/about,/about-us,/impact",,"arts,health,youth,arts,creative,arts,creative,arts",2025-10-22T21:27:06.909913,
Linqfoundation Foundation,335013224,Woodland Hills,CA,U99,,https://projects.propublica.org/nonprofits/organizations/335013224,foundation,2025-10-17 17:57:55,https://linqfoundation.org,info@linqfoundation.org,,,,,,not_contacted,no,no,,,,high,estimated,,"info@linqfoundation.org,contact@linqfoundation.org,hello@linqfoundation.org,inquiries@linqfoundation.org,development@linqfoundation.org,admin@linqfoundation.org",0.0,0.0,,,"homepage,/about,/about-us,/mission,/vision,/our-mission,/what-we-do,/programs,/grants,/giving,/impact",,,2025-10-22T21:27:18.473246,
Krl Foundation,943387536,Los Altos,CA,T20,,https://projects.propublica.org/nonprofits/organizations/943387536,foundation,2025-10-17 17:57:55,https://krl.org,info@krl.org,,,,,,not_contacted,no,no,,,,high,estimated,,"info@krl.org,contact@krl.org,hello@krl.org,inquiries@krl.org,development@krl.org,admin@krl.org",5.0,69.33333333333333,& values library mission inspiring curiosity and connection.,"[{""category"": ""primary"", ""keywords_found"": [""arts program (partial: 2/2 words)"", ""creative learning (partial: 2/2 words)"", ""arts access (partial: 2/2 words)"", ""accessibility""], ""category_score"": 31.0}, {""category"": ""disability_support"", ""keywords_found"": [""accessibility""], ""category_score"": 8}, {""category"": ""youth_development"", ""keywords_found"": [""teens""], ""category_score"": 6}, {""category"": ""community_education"", ""keywords_found"": [""community school (partial: 2/2 words)""], ""category_score"": 9.0}, {""category"": ""primary"", ""keywords_found"": [""arts education (partial: 2/2 words)"", ""art education (partial: 2/2 words)"", ""arts program (partial: 2/2 words)"", ""arts access (partial: 2/2 words)"", ""accessibility""], ""category_score"": 43.0}, {""category"": ""disability_support"", ""keywords_found"": [""special needs (partial: 2/2 words)"", ""special education (partial: 2/2 words)"", ""accessibility""], ""category_score"": 24.0}, {""category"": ""youth_development"", ""keywords_found"": [""children"", ""teens""], ""category_score"": 13}, {""category"": ""community_education"", ""keywords_found"": [""educational access (partial: 2/2 words)"", ""community engagement (partial: 2/2 words)"", ""educational equity (partial: 2/2 words)""], ""category_score"": 21.0}, {""category"": ""primary"", ""keywords_found"": [""arts program (partial: 2/2 words)"", ""arts access (partial: 2/2 words)"", ""accessibility""], ""category_score"": 23.0}, {""category"": ""disability_support"", ""keywords_found"": [""disabilities"", ""accessibility""], ""category_score"": 18}, {""category"": ""youth_development"", ""keywords_found"": [""teens""], ""category_score"": 6}, {""category"": ""community_education"", ""keywords_found"": [""community engagement""], ""category_score"": 6}]","homepage,/about,/impact","support your library location. are you looking for a way to get involved? if so, your friends group needs you! you can help us by: donating your skills and time to help strengthen your library location. serving as a volunteer at special library events. promoting the resources our library brings to the community. volunteering at friends of the library book sales, which raise funds for equipment, materials and other library projects. projects sponsored by friends of the library include: children's reading awards entertaining and education,funding for initiatives that go beyond what tax dollars provide. while property taxes primarily fund the library's core operations, the foundation plays a crucial role in expanding opportunities for learning, engagement, and innovation through private donations and philanthropic support. friends of the library friends of the library groups are organized at most kitsap regional library locations. through fundraising events such as book sales, friends groups raise money for items not in the library's budget. joining a friends of the library group is a wonderful way to support your library location. are you looking for a way to get involved? if so, your friends group needs you! you can help us by: donating your skills and time to help strengthen your library location. serving as a volunteer at special library events. promoting the resources our library brings to the community. volunteering at friends of the library book sales, which raise funds for equipment, materials and other library projects. projects sponsored by friends of the library include: children's reading awards entertaining and educational programs,supports libraries across the nation with funding for workforce development, digital access, early literacy, and community engagement. the washington state library administers numerous projects and services supported by imls funding, including grants for digital learning, public library infrastructure, and services such as the washington state talking book and braille library, a statewide service providing books in alternative formats to individuals—including kitsap residents—with visual or physical disabilities,funding from county property tax revenue, funding that is not affected by this order. however, imls grants have historically supported various projects that have enhanced our services: national leadership grant (2016-2019): supported stem learning initiatives and expanded our internship program. cares act grant (2020): provided emergency funds during the covid-19 pandemic. the america rescue plan act grant (2021): funded the book locker at the poulsbo location, providing 24/7 access to physical materials and allowing the library the opportunity to pilot this access point and explore its potential. most recently, in 2024, the tabletop role-playing games for all initiative was funded by the washington state library using imls grants. this initiative aimed to promote creativity, collaboration, and literacy development through role-playing games. kitsap regional library's collections team partnered with washington state library to add tabletop roleplaying game kits to our collection, providing access to diverse storytelling experiences and fostering social connections among players. read more about the collection here and discover how staff continue to find new ways to connect, collaborate, and adventure together thanks to an imls grant. imls strengthens libraries imls supports libraries across the nation with funding for workforce development, digital access, early literacy, and community engagement. the washington state library administers numerous projects and services supported by imls funding, including grants for digital learning, public library infrastructure, and services such as the washington state talking book and braille library, a statewide service providing books in alternative formats to individuals—including kitsap residents—with visual or physical disabilities. while kitsap regional library does not rely on imls funds for daily operations, these grants have historically provided invaluable opportunities to support our community in innovative and new ways beyond what traditional public funding allows. changes in imls funding will affect library patrons at the county, state, and national levels, particularly for smaller, rural, and tribal libraries. national impact of imls imls supports over 125,000 libraries across the u.s. it provides funding for workforce development, digital access, early literacy, and community engagement programs","arts,health,community,accessibility,learning,creative,education,arts,health,community,children,accessibility,learning,arts,health,community,disabilities,accessibility,learning",2025-10-22T21:27:49.332277,
Aff Foundation,611988533,Arcadia,CA,M24,,https://projects.propublica.org/nonprofits/organizations/611988533,foundation,2025-10-17 17:57:55,https://aff.com,info@aff.com,,,,,,not_contacted,no,no,,,,high,estimated,,"info@aff.com,contact@aff.com,hello@aff.com,inquiries@aff.com,development@aff.com,admin@aff.com",3.0,0.0,,,"homepage,/about,/about-us,/mission,/vision,/our-mission,/what-we-do,/programs,/grants,/giving,/impact",,"community,community,community,community,community,community,community,community,community,community,community",2025-10-22T21:28:24.135580,
Itanner Foundation,462900841,Pacific Plsds,CA,G12,,https://projects.propublica.org/nonprofits/organizations/462900841,foundation,2025-10-17 17:57:55,,,,,,,,not_contacted,no,no,,,,high,error,,,,0.0,,,,,,2025-10-22T21:28:27.786752,'grant_history'
Filrose Foundation,274185200,San Jose,CA,Q33,,https://projects.propublica.org/nonprofits/organizations/274185200,foundation,2025-10-17 17:57:55,,,,,,,,not_contacted,no,no,,,,high,error,,,,0.0,,,,,,2025-10-22T21:28:28.535570,'grant_history'
Chg Foundation,330586911,Chula Vista,CA,E80,,https://projects.propublica.org/nonprofits/organizations/330586911,foundation,2025-10-17 17:57:55,https://chg.org,info@mcenter.com,,,,,,not_contacted,no,no,,,,high,harvested,"stfrancis@chg.org,info@mcenter.com,info@chg.org,immaculate@chg.org,stmary@chg.org,stmartha@chg.org",,2.0,10.666666666666666,"that all people, created in the image and likeness of god, possess an innate dignity and destiny.","[{""category"": ""disability_support"", ""keywords_found"": [""special needs (partial: 2/2 words)"", ""art therapy (partial: 2/2 words)""], ""category_score"": 16.0}, {""category"": ""disability_support"", ""keywords_found"": [""special needs (partial: 2/2 words)"", ""art therapy (partial: 2/2 words)""], ""category_score"": 16.0}]","homepage,/about,/about-us",,"health,therapeutic,health,community,health,community",2025-10-22T21:28:45.594191,
Miracle Foundationsd,824929684,Spring Valley,CA,D99,,https://projects.propublica.org/nonprofits/organizations/824929684,foundations,2025-10-17 17:57:57,https://miracle.org,info@miracle.org,,,,,,not_contacted,no,no,,,,high,estimated,,"info@miracle.org,contact@miracle.org,hello@miracle.org,inquiries@miracle.org,development@miracle.org,admin@miracle.org",0.0,0.0,,,homepage,,,2025-10-22T21:28:54.925419,
Solid Foundations,384135960,Goleta,CA,O50,,https://projects.propublica.org/nonprofits/organizations/384135960,foundations,2025-10-17 17:57:57,https://solids.com,info@solids.com,,,,,,not_contacted,no,no,,,,high,estimated,,"info@solids.com,contact@solids.com,hello@solids.com,inquiries@solids.com,development@solids.com,admin@solids.com",0.0,0.0,,,homepage,,,2025-10-22T21:29:04.394636,
Formosa Foundations,332377871,Cupertino,CA,B12,,https://projects.propublica.org/nonprofits/organizations/332377871,foundations,2025-10-17 17:57:57,,,,,,,,not_contacted,no,no,,,,high,error,,,,0.0,,,,,,2025-10-22T21:29:22.383449,'grant_history'
Sturdy Foundations,871838756,Compton,CA,L41,,https://projects.propublica.org/nonprofits/organizations/871838756,foundations,2025-10-17 17:57:57,,,,,,,,not_contacted,no,no,,,,high,error,,,,0.0,,,,,,2025-10-22T21:29:23.531196,'grant_history'
Brt Charitable Foundation,842541048,San Francisco,CA,T20,,https://projects.propublica.org/nonprofits/organizations/842541048,charitable foundation,2025-10-17 17:57:58,https://brt.org,info@brt.org,,,,,,not_contacted,no,no,,,,high,estimated,,"info@brt.org,contact@brt.org,hello@brt.org,inquiries@brt.org,development@brt.org,admin@brt.org",5.0,3.3636363636363638,expanding rules-based trade and investment to make it easier for u.,"[{""category"": ""primary"", ""keywords_found"": [""art education (partial: 2/2 words)""], ""category_score"": 10.0}, {""category"": ""disability_support"", ""keywords_found"": [""inclusive education (partial: 2/2 words)""], ""category_score"": 8.0}, {""category"": ""community_education"", ""keywords_found"": [""community school (partial: 2/2 words)""], ""category_score"": 9.0}, {""category"": ""primary"", ""keywords_found"": [""art education (partial: 2/2 words)""], ""category_score"": 10.0}]","homepage,/about,/about-us,/mission,/vision,/our-mission,/what-we-do,/programs,/grants,/giving,/impact","support one in four american jobs and almost a quarter of u.s. gdp. through ceo-led policy committees, business roundtable members develop and advocate directly for policies to promote a thriving u.s. economy and expanded opportunity for all americans. start here 1 of 27chairoct 1, 1972 - jun 1, 1973w.b. murphy - campbell soupjun 1, 1973 - jun 1, 1976john harper - alcoajun 1, 1976 - jun 1, 1978irving shapiro - dupontjun 1, 1978 - jun 1, 1989thomas murphy - general motorsjun 1, 1980 - jun 1, 1982clifton garvin - exxonjun 1, 1982 - jun 1, 1984ruben mettler - trwjun 1, 1984 - jun 1, 1986robert beck - the prudentialjun 1, 1986 - jun 1, 1988roger b. smith - general motorsjun 1, 1988 - jun 1, 1990edmund t. pratt, jr. - pfizerjun 1, 1990 - jun 1, 1992drew lewis - union pacificjun 1, 1992 - jun 1, 1994john d. ong - bfgoodrichjun 1, 1994 - jun 1, 1996john w. snow - csxjun 1, 1996 - jun 1, 1998donald v. fites - caterpillar inc.jun 1, 1998 - nov 1, 1999dana g. mead - tenneconov 1, 1999 - jun 1, 2001robert n. burt - fmcjun 1, 2001 - jun 1, 2003john t. dillon - international paperjun 1, 2003 - nov 1, 2003philip m. condit - the boeing companynov 1, 2003 - jul 1, 2006henry a. mckinnell, ph.d. - pfizerjul 1, 2006 - jun 1, 2009harold mcgraw iii - the mcgraw-hill companiesjul 1, 2009 - aug 1, 2011ivan g. seidenberg - verizon communicationssep 1, 2011 - dec 1, 2013w. james mcnerney, jr. - the boeing companyjan 1, 2014 - dec 1, 2015randall l. stephenson - at&t inc.jan 1, 2016 - dec 1, 2016doug oberhelman - caterpillar inc.jan 1, 2017 - dec 1, 2019jamie dimon - jpmorgan chase & co.jan 1, 2020 - dec 1, 2021doug mcmillon - walmartjan 1, 2022 - jan 1, 2024mary barra - general motorsjan 1, 2024 - presentchuck robbins - ciscoboard of directorsthe board develops the priorities of the organization and champions our policy work. chuck robbins, chair and chief executive officer of cisco, is the chair of business roundtable.view the boardmembershipbusiness roundtable members are the ceos of leading u.s. companies. collectively, they represent all sectors and bring an important perspective on policy issues that impact the economy. business roundtable members are pragmatic thought leaders, advocating for policy solutions that foster u.s. economic growth and competitiveness.view all memberspurpose of a corporationlearn more50 years of business roundtable since 1972, business roundtable has served as the voice of america’s leading ceos in washington. members work closely with policymakers from both political parties to find practical solutions to the nation’s challenges. ﻿policy committees & committee chairscorporate governancealan d. schnitzerthe travelers companies, inc.education","education,health,community,mental health,inclusive,education,health",2025-10-22T21:29:42.221001,
Shunpike Charitable Foundation,832004366,Rch Cucamonga,CA,E80,,https://projects.propublica.org/nonprofits/organizations/832004366,charitable foundation,2025-10-17 17:57:58,https://shunpikecharitable.org,donorservices@shunpikecharitable.com,,,,,,not_contacted,no,no,,,,high,harvested,donorservices@shunpikecharitable.com,,3.0,5.0,"our mission is to support charitable organizations which bring aid to individuals, families, and organizations who are in need and providing support to those living with disabilities and suffering with diseases throughout the country.","[{""category"": ""disability_support"", ""keywords_found"": [""disabilities""], ""category_score"": 10}]","homepage,/about","support charitable organizations which aid individuals and families who are dealing with disabilities,support charitable organizations which bring aid to individuals, families, and organizations who are in need and providing support to those living with disabilities","community,disabilities",2025-10-22T21:30:09.986547,
Shekels Charitable Foundation,461614102,Los Angeles,CA,P99,,https://projects.propublica.org/nonprofits/organizations/461614102,charitable foundation,2025-10-17 17:57:58,,,,,,,,not_contacted,no,no,,,,high,error,,,,0.0,,,,,,2025-10-22T21:30:23.609880,'grant_history'
Ares Charitable Foundation,843666714,Los Angeles,CA,T12,,https://projects.propublica.org/nonprofits/organizations/843666714,charitable foundation,2025-10-17 17:57:58,,,,,,,,not_contacted,no,no,,,,high,error,,,,0.0,,,,,,2025-10-22T21:30:24.526378,'grant_history'
Kalmanovitz Charitable Foundation,946760317,Mill Valley,CA,T21,,https://projects.propublica.org/nonprofits/organizations/946760317,charitable foundation,2025-10-17 17:57:58,,,,,,,,not_contacted,no,no,,,,high,error,,,,0.0,,,,,,2025-10-22T21:30:24.795211,'grant_history'
Qualcomm Charitable Foundation,274621444,San Diego,CA,T21,,https://projects.propublica.org/nonprofits/organizations/274621444,charitable foundation,2025-10-17 17:57:58,,,,,,,,not_contacted,no,no,,,,high,error,,,,0.0,,,,,,2025-10-22T21:30:35.090431,'grant_history'
Groundswell Charitable Foundation,871530516,El Segundo,CA,T30,,https://projects.propublica.org/nonprofits/organizations/871530516,charitable foundation,2025-10-17 17:57:58,https://groundswell.org,info@groundswell.org,,,,,,not_contacted,no,no,,,,high,estimated,,"info@groundswell.org,contact@groundswell.org,hello@groundswell.org,inquiries@groundswell.org,development@groundswell.org,admin@groundswell.org",5.0,0.0,"to repeal the complexity tax, the red tape and inefficiency blocking progress and eroding trust in programs that impact 125 million people across 50 million u.",,"homepage,/about,/impact",,"health,community,health,community,community",2025-10-22T21:30:57.083858,
Lu Charitable Foundation,372081596,San Francisco,CA,T20,,https://projects.propublica.org/nonprofits/organizations/372081596,charitable foundation,2025-10-17 17:57:58,,,,,,,,not_contacted,no,no,,,,high,error,,,,0.0,,,,,,2025-10-22T21:31:03.676950,'grant_history'
Douglas Charitable Foundation,956096827,Beverly Hills,CA,,,https://projects.propublica.org/nonprofits/organizations/956096827,charitable foundation,2025-10-17 17:57:58,,,,,,,,not_contacted,no,no,,,,high,error,,,,0.0,,,,,,2025-10-22T21:31:04.768286,'grant_history'
Wadhwani Charitable Foundation,770450893,Los Altos,CA,T30Z,,https://projects.propublica.org/nonprofits/organizations/770450893,charitable foundation,2025-10-17 17:57:58,,,,,,,,not_contacted,no,no,,,,high,error,,,,0.0,,,,,,2025-10-22T21:31:05.740270,'grant_history'
Esb Charitable Foundation,203759208,San Francisco,CA,T22,,https://projects.propublica.org/nonprofits/organizations/203759208,charitable foundation,2025-10-17 17:57:58,https://esb.org,info@esb.org,,,,,,not_contacted,no,no,,,,high,estimated,,"info@esb.org,contact@esb.org,hello@esb.org,inquiries@esb.org,development@esb.org,admin@esb.org",4.0,10.0,"of the garrett-jacobs mansion endowment fund is to preserve and restore the mansion as a national historic landmark and to share the history, architectural and civic legacy of the mansion for the benefit and education of the public.","[{""category"": ""primary"", ""keywords_found"": [""art education (partial: 2/2 words)""], ""category_score"": 10.0}]",homepage,"support systems were moved to the main level. and a new tenant help renovate former servants quarters on the third floor. continue reading 2005 centennial celebration the party began with the 2004 baltimore monument lighting, the celebration and continued right through the 2005 monument lighting. continue reading 2020 pandemic impact & vision for the future with the advent of the covid-19 pandemic, the esb refocuses on the member experience and its roots in the engineering community to ensure its future. continue reading next previous contact us submit first name * last name * email address * i'm interested in... select one membership gjm endowment fund weddings esb council education","education,community",2025-10-22T21:31:28.467807,
Iherb Charitable Foundation,464349259,Irvine,CA,T21,,https://projects.propublica.org/nonprofits/organizations/464349259,charitable foundation,2025-10-17 17:57:58,https://iherb.org,info@iherb.org,,,,,,not_contacted,no,no,,,,high,estimated,,"info@iherb.org,contact@iherb.org,hello@iherb.org,inquiries@iherb.org,development@iherb.org,admin@iherb.org",3.0,13.666666666666666,,"[{""category"": ""community_education"", ""keywords_found"": [""quality education (partial: 2/2 words)""], ""category_score"": 7.0}, {""category"": ""primary"", ""keywords_found"": [""art education (partial: 2/2 words)""], ""category_score"": 10.0}, {""category"": ""disability_support"", ""keywords_found"": [""special education (partial: 2/2 words)""], ""category_score"": 7.0}, {""category"": ""primary"", ""keywords_found"": [""art education (partial: 2/2 words)""], ""category_score"": 10.0}, {""category"": ""disability_support"", ""keywords_found"": [""special education (partial: 2/2 words)""], ""category_score"": 7.0}]","homepage,/about,/about-us","support these individuals by providing quality products and services including information and education,supports its herbal mission through a number of efforts. an herb of the year™ (hoy™) has been selected each year since 1995. each newly selected hoy ™ is featured in the workshops and lectures of the annual conference in the preceding year. simultaneously, the selected herb is studied with resulting articles, recipes, and art which are put together and published in the annual hoy ™ book. conferences also provide the opportunity to learn more about the herb business as well as to meet herbalists from the many varying backgrounds and expertise found in the herbal field. the iha invites you to join our community to share your herbal presence and business experience.goals/objectivesunite herb professionals for growth and education,supports its herbal mission through a number of efforts. an herb of the year™ (hoy™) has been selected each year since 1995. each newly selected hoy ™ is featured in the workshops and lectures of the annual conference in the preceding year. simultaneously, the selected herb is studied with resulting articles, recipes, and art which are put together and published in the annual hoy ™ book. conferences also provide the opportunity to learn more about the herb business as well as to meet herbalists from the many varying backgrounds and expertise found in the herbal field. the iha invites you to join our community to share your herbal presence and business experience.goals/objectivesunite herb professionals for growth and education","education,health,education,community,education,community",2025-10-22T21:32:13.800172,
Beagle Charitable Foundation,770529181,Redwood City,CA,T22,,https://projects.propublica.org/nonprofits/organizations/770529181,charitable foundation,2025-10-17 17:57:58,https://beaglecharitablefoundation.org,info@beaglecharitablefoundation.org,,,,,,not_contacted,no,no,,,,high,harvested,info@beaglecharitablefoundation.org,,1.0,0.0,the beagle charitable foundation supports conservation organizations working in the yellowstone to yukon corridor and the american southeast.,,"homepage,/about",,,2025-10-22T21:32:28.268401,
Hinz Charitable Foundation,853258539,Pasadena,CA,X21,,https://projects.propublica.org/nonprofits/organizations/853258539,charitable foundation,2025-10-17 17:57:58,,,,,,,,not_contacted,no,no,,,,high,error,,,,0.0,,,,,,2025-10-22T21:32:31.253797,'grant_history'
Carrington Charitable Foundation,272073758,Aliso Viejo,CA,T20,,https://projects.propublica.org/nonprofits/organizations/272073758,charitable foundation,2025-10-17 17:57:58,,,,,,,,not_contacted,no,no,,,,high,error,,,,0.0,,,,,,2025-10-22T21:32:32.147387,'grant_history'
Rhf Charitable Foundation,472747112,Long Beach,CA,L11,,https://projects.propublica.org/nonprofits/organizations/472747112,charitable foundation,2025-10-17 17:57:58,https://rhf.org,info@rhf.org,,,,,,not_contacted,no,no,,,,high,harvested,"info@rhf.org,philanthropy@rhf.org,x359info@rhf.org",,5.0,45.5,"is to provide affordable housing and service coordination for persons with limited incomes in an inclusive environment that enhances their quality of life physically, mentally, and spiritually.","[{""category"": ""primary"", ""keywords_found"": [""arts program (partial: 2/2 words)"", ""arts access (partial: 2/2 words)"", ""accessibility"", ""inclusive arts (partial: 2/2 words)""], ""category_score"": 32.0}, {""category"": ""disability_support"", ""keywords_found"": [""disabilities"", ""accessibility""], ""category_score"": 18}, {""category"": ""primary"", ""keywords_found"": [""arts program (partial: 2/2 words)"", ""arts access (partial: 2/2 words)"", ""accessibility""], ""category_score"": 23.0}, {""category"": ""disability_support"", ""keywords_found"": [""disabilities"", ""accessibility""], ""category_score"": 18}]","homepage,/mission","support our residents & programs support our communities rhfcf’s project hearts,support rhf’s work. rhf charitable foundation also works with rhf communities across the country to direct, leverage, and support community development activities. learn more employment opportunities now hiring for multiple positions! come and be a part of an organization that makes a difference in the lives of many families, older adults, seniors, and those with disabilities,support our residents & programs support our communities rhfcf’s project hearts affinity group gifts for rhf kids newsroom learn more our perspective media publications rhf facts press kit executive team press releases resident stories staggering facts about affordable housing ways you can help careers contact select page retirement housing foundation one of the nation’s largest non-profit providers of housing and services find a community contact us our mission is to provide affordable housing and service coordination for persons with limited incomes in an inclusive environment that enhances their quality of life physically, mentally, and spiritually. our vision and values donatethank you for considering a gift to rhf charitable foundation. there are as many ways to support our work as there are needs for your support. every gift to rhf charitable foundation makes a difference. learn more working with usdo you own an affordable community that is in need of refinancing or rehab work? do you have property you would like to see developed into affordable housing? consider working with rhf. learn more donatethank you for considering a gift to rhf charitable foundation. there are as many ways to support our work as there are needs for your support. every gift to rhf charitable foundation makes a difference. learn more working with usretirement housing foundation (rhf) is a non-profit organization of 198 communities in 29 states, washington, d.c., puerto rico, and the u.s. virgin islands. rhf provides housing and services to older adults, low-income families, and persons with disabilities,support our residents & programs support our communities rhfcf’s project hearts","arts,community,disabilities,accessibility,social services,inclusive,arts,community,disabilities,accessibility,social services",2025-10-22T21:33:21.326350,
Vardhamana Charitable Foundation,473397245,La Canada,CA,T20,,https://projects.propublica.org/nonprofits/organizations/473397245,charitable foundation,2025-10-17 17:57:58,https://vardhamanacharitablefoundation.org,info@vardhamanacharitablefoundation.org,,,,,,not_contacted,no,no,,,,high,estimated,,"info@vardhamanacharitablefoundation.org,contact@vardhamanacharitablefoundation.org,hello@vardhamanacharitablefoundation.org,inquiries@vardhamanacharitablefoundation.org,development@vardhamanacharitablefoundation.org,admin@vardhamanacharitablefoundation.org",0.0,0.0,,,"homepage,/about,/about-us,/mission,/vision,/our-mission,/what-we-do,/programs,/grants,/giving,/impact",,,2025-10-22T21:33:42.771490,
Cedar Charitable Foundation,452994986,Newport Beach,CA,B11,,https://projects.propublica.org/nonprofits/organizations/452994986,charitable foundation,2025-10-17 17:57:58,https://cedar.org,contact@cedar.org,,,,,,not_contacted,no,no,,,,high,harvested,contact@cedar.org,,0.0,0.0,,,"homepage,/about,/about-us,/mission,/vision,/our-mission,/what-we-do,/programs,/grants,/giving,/impact",,,2025-10-22T21:33:52.822683,
Mustique Charitable Foundation,263084333,Los Angeles,CA,T30,,https://projects.propublica.org/nonprofits/organizations/263084333,charitable foundation,2025-10-17 17:57:58,https://mustiquecharitablefoundation.org,info@mustiquecharitablefoundation.org,,,,,,not_contacted,no,no,,,,high,estimated,,"info@mustiquecharitablefoundation.org,contact@mustiquecharitablefoundation.org,hello@mustiquecharitablefoundation.org,inquiries@mustiquecharitablefoundation.org,development@mustiquecharitablefoundation.org,admin@mustiquecharitablefoundation.org",0.0,0.0,,,,,,2025-10-22T21:34:04.081202,
Flickr Charitable Foundation,883091608,San Francisco,CA,T31,,https://projects.propublica.org/nonprofits/organizations/883091608,charitable foundation,2025-10-17 17:57:58,https://flickr.org,hello@flickr.org,,,,,,not_contacted,no,no,,,,high,harvested,"hello@flickr.org,flickrfdn@glammr.us",,5.0,18.0,to be re-evaluated and likely rewritten by agreement every 5 years or so.,"[{""category"": ""primary"", ""keywords_found"": [""accessibility""], ""category_score"": 7}, {""category"": ""disability_support"", ""keywords_found"": [""accessibility""], ""category_score"": 8}, {""category"": ""youth_development"", ""keywords_found"": [""children"", ""creative development (partial: 2/2 words)""], ""category_score"": 15.0}, {""category"": ""community_education"", ""keywords_found"": [""community engagement (partial: 2/2 words)""], ""category_score"": 6.0}, {""category"": ""primary"", ""keywords_found"": [""accessibility""], ""category_score"": 7}, {""category"": ""disability_support"", ""keywords_found"": [""accessibility""], ""category_score"": 8}, {""category"": ""youth_development"", ""keywords_found"": [""children"", ""creative development (partial: 2/2 words)""], ""category_score"": 15.0}, {""category"": ""community_education"", ""keywords_found"": [""community engagement (partial: 2/2 words)""], ""category_score"": 6.0}]","homepage,/about,/about-us,/programs",,"community,creative,cultural,community,children,accessibility,creative,cultural,community,children,accessibility,creative,cultural,creative,cultural",2025-10-22T21:34:31.036403,
Armrod Charitable Foundation,680370503,Rocklin,CA,T20Z,,https://projects.propublica.org/nonprofits/organizations/680370503,charitable foundation,2025-10-17 17:57:58,,,,,,,,not_contacted,no,no,,,,high,error,,,,0.0,,,,,,2025-10-22T21:34:33.999476,'grant_history'
Woo Charitable Foundation,332210422,Rch Palos Vrd,CA,T20,,https://projects.propublica.org/nonprofits/organizations/332210422,charitable foundation,2025-10-17 17:57:58,https://woo.org,info@woo.org,,,,,,not_contacted,no,no,,,,high,estimated,,"info@woo.org,contact@woo.org,hello@woo.org,inquiries@woo.org,development@woo.org,admin@woo.org",0.0,0.0,,,homepage,,"community,empowerment",2025-10-22T21:34:42.511604,
Monarch Charitable Foundation,330766046,Torrance,CA,T22Z,,https://projects.propublica.org/nonprofits/organizations/330766046,charitable foundation,2025-10-17 17:57:58,,,,,,,,not_contacted,no,no,,,,high,error,,,,0.0,,,,,,2025-10-22T21:34:45.344489,'grant_history'
Raidy Charitable Foundation,330826574,Monrovia,CA,T20Z,,https://projects.propublica.org/nonprofits/organizations/330826574,charitable foundation,2025-10-17 17:57:58,https://raidy.org,matthew@raidy.org,,,,,,not_contacted,no,no,,,,high,harvested,matthew@raidy.org,,0.0,0.0,,,homepage,,,2025-10-22T21:34:55.782185,
Willette Charitable Foundation,462360622,Irvine,CA,T20,,https://projects.propublica.org/nonprofits/organizations/462360622,charitable foundation,2025-10-17 17:57:58,https://willette.org,info@willette.org,,,,,,not_contacted,no,no,,,,high,estimated,,"info@willette.org,contact@willette.org,hello@willette.org,inquiries@willette.org,development@willette.org,admin@willette.org",0.0,0.0,,,homepage,,,2025-10-22T21:35:05.757876,
Argyros Family Foundation,953421867,Costa Mesa,CA,,,https://projects.propublica.org/nonprofits/organizations/953421867,family foundation,2025-10-17 17:57:59,,,,,,,,not_contacted,no,no,,,,high,error,,,,0.0,,,,,,2025-10-22T21:35:08.476022,'grant_history'
Sobrato Family Foundation,770348912,Mountain View,CA,,,https://projects.propublica.org/nonprofits/organizations/770348912,family foundation,2025-10-17 17:57:59,https://sobrato.org,info@sobrato.org,,,,,,not_contacted,no,no,,,,high,estimated,,"info@sobrato.org,contact@sobrato.org,hello@sobrato.org,inquiries@sobrato.org,development@sobrato.org,admin@sobrato.org",5.0,11.666666666666666,"& values timeline news careers offices about the sobrato organization the sobrato organization or “tso”  is a multi-generational, family-owned firm based in silicon valley.","[{""category"": ""primary"", ""keywords_found"": [""art education (partial: 2/2 words)""], ""category_score"": 10.0}, {""category"": ""community_education"", ""keywords_found"": [""quality education"", ""community engagement (partial: 2/2 words)""], ""category_score"": 13.0}, {""category"": ""primary"", ""keywords_found"": [""art education (partial: 2/2 words)""], ""category_score"": 10.0}, {""category"": ""youth_development"", ""keywords_found"": [""children"", ""teens""], ""category_score"": 13}, {""category"": ""community_education"", ""keywords_found"": [""community school (partial: 2/2 words)"", ""school partnerships (partial: 2/2 words)"", ""educational access (partial: 2/2 words)""], ""category_score"": 24.0}]","homepage,/about,/about-us,/mission,/giving,/impact","support of the sobrato family’s charitable and personal goals and contributing to the local communities in which we work. sobrato capital: sobrato capital leverages tso’s investment expertise, network, capital resources and long-term investment horizon to generate superior investment returns that complement the success of our real estate development operations and build the resources of sobrato philanthropies. sobrato family foundation: the sobrato family foundation advances the sobrato family’s collective philanthropic interest by promoting access to high-quality education,support internship coordinator 1990-1994 and pediatricare, oakland m.a., counseling psychology 1992 support group leader 1992-2005 founding board member 1996 dame of honor inductee 2003 alumna, pipeline angels fellowship 2004 providing opportunities for underrepresented groups in the startup ecosystem forward global, cohort member 2007 (formerly) the philanthropy workshop embarked on first impact investments 2011 co-authored & published “digging deep” 2014 award-winning journaling tool for young people facing health challenges initiation of catalytic impact foundation 2016 launch of shadow’s edge 2017 free game helping young adults deal with mental or emotional challenges launch of ucsf brain tumor survivorship programs 2019 launch of the brain race start-up challenge 2019 challenge to identify and commercialize breakthrough technologies that revolutionize outcomes for brain tumor patients first significant mental health grant: children’s health council 2019 comprehensive and integrated services for learning differences and mental health launch of innovate children’s health challenges i & ii 2020 national competitions launched by cai in ’20 and ’21 to identify and support startups addressing critical gaps in pediatric healthcare acs brightedge founding partner 2022 helped establish the innovation, impact investment, and venture capital arm of the american cancer society endowed scu’s chair in adolescent mental health 2022 a gift to the school of education,supports health care & humanitarian assistance financial inclusion john michael & timi sobrato election reform sustainable food systems sheri sobrato health wellness medical innovation impact media giving timeline john matthew & andie sobrato economic, social, & racial justice reproductive rights & justice education,support for sheri’s impact investing & philanthropic grantmaking network partnerships current starting 2023 starting 2023 starting 2024 cai visionary philanthropy awardee 2025 cai award ceremony at the national institutes of health spotlighted 15 impactful startups that participated in sheri sobrato-supported challenges also in this section john a. & susan sobrato affordable housing, & homelessness prevention education,support and education","education,community,learning,education,health,community,youth,children,inclusion,learning,mental health,health,community,learning",2025-10-22T21:35:27.410629,
Rosenthal Family Foundation,262982710,Los Angeles,CA,T20,,https://projects.propublica.org/nonprofits/organizations/262982710,family foundation,2025-10-17 17:57:59,,,,,,,,not_contacted,no,no,,,,high,error,,,,0.0,,,,,,2025-10-22T21:35:46.212432,'grant_history'
Koum Family Foundation,475446562,Palo Alto,CA,T20,,https://projects.propublica.org/nonprofits/organizations/475446562,family foundation,2025-10-17 17:57:59,https://koum.org,haedang15@hanmail.net,,,,,,not_contacted,no,no,,,,high,harvested,haedang15@hanmail.net,,0.0,0.0,,,homepage,,,2025-10-22T21:36:00.059293,
Baszucki Family Foundation,320660398,San Mateo,CA,T20,,https://projects.propublica.org/nonprofits/organizations/320660398,family foundation,2025-10-17 17:57:59,,,,,,,,not_contacted,no,no,,,,high,error,,,,0.0,,,,,,2025-10-22T21:36:05.231724,'grant_history'
Pichai Family Foundation,832405611,San Francisco,CA,T22,,https://projects.propublica.org/nonprofits/organizations/832405611,family foundation,2025-10-17 17:57:59,,,,,,,,not_contacted,no,no,,,,high,error,,,,0.0,,,,,,2025-10-22T21:36:06.189504,'grant_history'
Biswas Family Foundation,921348652,San Francisco,CA,T20,,https://projects.propublica.org/nonprofits/organizations/921348652,family foundation,2025-10-17 17:57:59,https://biswasfamily.com,info@biswasfamily.com,,,,,,not_contacted,no,no,,,,high,estimated,,"info@biswasfamily.com,contact@biswasfamily.com,hello@biswasfamily.com,inquiries@biswasfamily.com,development@biswasfamily.com,admin@biswasfamily.com",1.0,0.0,,,homepage,,,2025-10-22T21:36:19.945702,
Amin Family Foundation,853990823,Los Angeles,CA,T20,,https://projects.propublica.org/nonprofits/organizations/853990823,family foundation,2025-10-17 17:57:59,,,,,,,,not_contacted,no,no,,,,high,error,,,,0.0,,,,,,2025-10-22T21:36:34.052179,'grant_history'
Breyer Family Foundation,471114091,Palo Alto,CA,T20,,https://projects.propublica.org/nonprofits/organizations/471114091,family foundation,2025-10-17 17:57:59,,,,,,,,not_contacted,no,no,,,,high,error,,,,0.0,,,,,,2025-10-22T21:36:58.698019,'grant_history'
Bicket Family Foundation,921219558,San Francisco,CA,T20,,https://projects.propublica.org/nonprofits/organizations/921219558,family foundation,2025-10-17 17:57:59,,,,,,,,not_contacted,no,no,,,,high,error,,,,0.0,,,,,,2025-10-22T21:37:00.224954,'grant_history'
Lorber Family Foundation,611733138,Redwood City,CA,Z99,,https://projects.propublica.org/nonprofits/organizations/611733138,family foundation,2025-10-17 17:57:59,,,,,,,,not_contacted,no,no,,,,high,error,,,,0.0,,,,,,2025-10-22T21:37:04.335981,'grant_history'
California Family Foundation,770053005,Menlo Park,CA,B24Z,,https://projects.propublica.org/nonprofits/organizations/770053005,family foundation,2025-10-17 17:57:59,https://california.org,info@california.org,,,,,,not_contacted,no,no,,,,high,estimated,,"info@california.org,contact@california.org,hello@california.org,inquiries@california.org,development@california.org,admin@california.org",1.0,0.0,"form also, this site is owned by a collector affiliated with a museum, who wants you to know he likes: ace.",,homepage,,education,2025-10-22T21:37:16.580089,
Bravo Family Foundation,823513069,San Francisco,CA,Q33,,https://projects.propublica.org/nonprofits/organizations/823513069,family foundation,2025-10-17 17:57:59,https://bravofamily.org,info@bravofamily.org,,,,,,not_contacted,no,no,,,,high,estimated,,"info@bravofamily.org,contact@bravofamily.org,hello@bravofamily.org,inquiries@bravofamily.org,development@bravofamily.org,admin@bravofamily.org",0.0,0.0,,,homepage,,,2025-10-22T21:37:27.275298,
Issa Family Foundation,330834068,Vista,CA,T22,,https://projects.propublica.org/nonprofits/organizations/330834068,family foundation,2025-10-17 17:57:59,https://issafamily.org,info@issafamily.org,,,,,,not_contacted,no,no,,,,high,estimated,,"info@issafamily.org,contact@issafamily.org,hello@issafamily.org,inquiries@issafamily.org,development@issafamily.org,admin@issafamily.org",0.0,0.0,,,,,,2025-10-22T21:37:48.880022,
Molina Family Foundation,201479392,Rolling Hills,CA,V30,,https://projects.propublica.org/nonprofits/organizations/201479392,family foundation,2025-10-17 17:57:59,https://molinafamily.org,info@molinafamily.org,,,,,,not_contacted,no,no,,,,high,estimated,,"info@molinafamily.org,contact@molinafamily.org,hello@molinafamily.org,inquiries@molinafamily.org,development@molinafamily.org,admin@molinafamily.org",0.0,0.0,,,homepage,,,2025-10-22T21:38:05.618942,
Rodan Family Foundation,830761600,Orinda,CA,,,https://projects.propublica.org/nonprofits/organizations/830761600,family foundation,2025-10-17 17:57:59,,,,,,,,not_contacted,no,no,,,,high,error,,,,0.0,,,,,,2025-10-22T21:38:09.671243,'grant_history'
Mazursky Family Foundation,954509550,Los Angeles,CA,T99Z,,https://projects.propublica.org/nonprofits/organizations/954509550,family foundation,2025-10-17 17:57:59,,,,,,,,not_contacted,no,no,,,,high,error,,,,0.0,,,,,,2025-10-22T21:38:09.923811,'grant_history'
Simonian Family Foundation,882707665,Beverly Hills,CA,T20,,https://projects.propublica.org/nonprofits/organizations/882707665,family foundation,2025-10-17 17:57:59,,,,,,,,not_contacted,no,no,,,,high,error,,,,0.0,,,,,,2025-10-22T21:38:21.771334,'grant_history'
Hogan Family Foundation,364254944,Newbury Park,CA,T20,,https://projects.propublica.org/nonprofits/organizations/364254944,family foundation,2025-10-17 17:57:59,,,,,,,,not_contacted,no,no,,,,high,error,,,,0.0,,,,,,2025-10-22T21:38:53.009324,'grant_history'
Mangan Family Foundation,934677719,San Diego,CA,T50,,https://projects.propublica.org/nonprofits/organizations/934677719,family foundation,2025-10-17 17:57:59,,,,,,,,not_contacted,no,no,,,,high,error,,,,0.0,,,,,,2025-10-22T21:38:55.743990,'grant_history'
Kissick Family Foundation,954443453,Sherman Oaks,CA,,,https://projects.propublica.org/nonprofits/organizations/954443453,family foundation,2025-10-17 17:57:59,,,,,,,,not_contacted,no,no,,,,high,error,,,,0.0,,,,,,2025-10-22T21:39:00.212863,'grant_history'
Spaht Family Foundation,832183149,San Francisco,CA,T20,,https://projects.propublica.org/nonprofits/organizations/832183149,family foundation,2025-10-17 17:57:59,,,,,,,,not_contacted,no,no,,,,high,error,,,,0.0,,,,,,2025-10-22T21:39:01.243709,'grant_history'
Haque Family Foundation,472482967,Saratoga,CA,T20,,https://projects.propublica.org/nonprofits/organizations/472482967,family foundation,2025-10-17 17:57:59,https://haquefamilyfoundation.org,info@haquefamilyfoundation.org,,,,,,not_contacted,no,no,,,,high,estimated,,"info@haquefamilyfoundation.org,contact@haquefamilyfoundation.org,hello@haquefamilyfoundation.org,inquiries@haquefamilyfoundation.org,development@haquefamilyfoundation.org,admin@haquefamilyfoundation.org",0.0,0.0,,,homepage,,,2025-10-22T21:39:19.171264,
Crabill Family Foundation,832152945,San Francisco,CA,P20,,https://projects.propublica.org/nonprofits/organizations/832152945,family foundation,2025-10-17 17:57:59,https://crabillfamilyfoundation.org,hello@crabillfamilyfoundation.org,,,,,,not_contacted,no,no,,,,high,harvested,"serves.nancy@crabillfamilyfoundation.org,ben@crabillfamilyfoundation.org,organizations.kim@crabillfamilyfoundation.org,hello@crabillfamilyfoundation.org",,2.0,32.5,,"[{""category"": ""primary"", ""keywords_found"": [""arts education (partial: 2/2 words)"", ""art education (partial: 2/2 words)"", ""arts access (partial: 2/2 words)""], ""category_score"": 28.0}, {""category"": ""primary"", ""keywords_found"": [""arts education (partial: 2/2 words)"", ""art education (partial: 2/2 words)"", ""arts access (partial: 2/2 words)""], ""category_score"": 28.0}, {""category"": ""community_education"", ""keywords_found"": [""community school (partial: 2/2 words)""], ""category_score"": 9.0}]","homepage,/about","support selected projects in other communities.to learn more, please see the “about us” page of this website or contact us by email. what we fund health & wellness initiativeseducation,support selected projects in other communities.to learn more, please see the “about us” page of this website or contact us by email. what we fund health & wellness initiativeseducation and enrichment arts","education,arts,health,education,arts,health,community",2025-10-22T21:39:36.799185,
Priem Family Foundation,943340371,Burlingame,CA,T22,,https://projects.propublica.org/nonprofits/organizations/943340371,family foundation,2025-10-17 17:57:59,https://priem.org,info@priem.org,,,,,,not_contacted,no,no,,,,high,estimated,,"info@priem.org,contact@priem.org,hello@priem.org,inquiries@priem.org,development@priem.org,admin@priem.org",1.0,55.0,"and guidelines the priem family foundation unleashes possibilities in education and creativity for people, ensuring that students and adults have the opportunity to achieve bigger dreams for themselves and the world.","[{""category"": ""primary"", ""keywords_found"": [""arts education (partial: 2/2 words)"", ""creative education (partial: 2/2 words)"", ""art education (partial: 2/2 words)"", ""arts program (partial: 2/2 words)""], ""category_score"": 37.0}, {""category"": ""disability_support"", ""keywords_found"": [""disabilities""], ""category_score"": 10}, {""category"": ""youth_development"", ""keywords_found"": [""creative development (partial: 2/2 words)""], ""category_score"": 8.0}]",homepage,"support those in need. earlier in his career, curtis priem designed the groundbreaking ibm professional graphics adapter, marking his role in pioneering graphics processing for personal computers. he is the author of nearly 200 u.s. and international patents. from 1986 to 1992 he served as senior staff engineer at sun microsystems, where he architected and developed the sun gx graphics product line. this invention influenced his 1999 development of the architecture for the graphics processing unit (gpu) while at nvidia corp., where he served as chief technology officer from 1993-2003. since its founding, nvidia has been a pioneer in accelerated computing and a leading manufacturer of graphics and multimedia integrated circuits. “our invention of the gpu in 1999 sparked the growth of the pc gaming market, redefined computer graphics, ignited the era of modern ai, and is fueling the creation of the metaverse,” said priem. “nvidia is now a full-stack computing company with data-center-scale offerings that are reshaping industry.” since its inception, the priem family foundation has contributed significantly to rensselaer polytechnic institute (rpi), priem’s alma mater where he serves as vice chair of the board of trustees. the foundation’s transformative capital campaign gifts established the curtis r. priem ’82 cognitive and immersive systems constellation supporting faculty and students advancing research in cognitive computing, and the curtis r. priem experimental media and performing arts","education,arts,disabilities,creative",2025-10-22T21:39:49.988199,
California Community Foundation,953510055,Los Angeles,CA,T310,,https://projects.propublica.org/nonprofits/organizations/953510055,community foundation,2025-10-17 17:58:00,https://california.org,info@california.org,,,,,,not_contacted,no,no,,,,high,estimated,,"info@california.org,contact@california.org,hello@california.org,inquiries@california.org,development@california.org,admin@california.org",1.0,0.0,"form also, this site is owned by a collector affiliated with a museum, who wants you to know he likes: ace.",,homepage,,education,2025-10-22T21:40:02.316539,
Marin Community Foundation,943007979,Novato,CA,T310,,https://projects.propublica.org/nonprofits/organizations/943007979,community foundation,2025-10-17 17:58:00,,,,,,,,not_contacted,no,no,,,,high,error,,,,0.0,,,,,,2025-10-22T21:40:07.504428,'grant_history'
Brawley Community Foundation,770629281,Brawley,CA,S21,,https://projects.propublica.org/nonprofits/organizations/770629281,community foundation,2025-10-17 17:58:00,,,,,,,,not_contacted,no,no,,,,high,error,,,,0.0,,,,,,2025-10-22T21:40:17.988898,'grant_history'
Latino Community Foundation,810564400,San Francisco,CA,P11,,https://projects.propublica.org/nonprofits/organizations/810564400,community foundation,2025-10-17 17:58:00,,,,,,,,not_contacted,no,no,,,,high,error,,,,0.0,,,,,,2025-10-22T21:40:23.215881,'grant_history'
Pasadena Community Foundation,200253310,Pasadena,CA,T31,,https://projects.propublica.org/nonprofits/organizations/200253310,community foundation,2025-10-17 17:58:00,,,,,,,,not_contacted,no,no,,,,high,error,,,,0.0,,,,,,2025-10-22T21:41:01.949906,'grant_history'
International Community Foundation,330457858,National City,CA,T31,,https://projects.propublica.org/nonprofits/organizations/330457858,community foundation,2025-10-17 17:58:00,,,,,,,,not_contacted,no,no,,,,high,error,,,,0.0,,,,,,2025-10-22T21:41:04.689682,'grant_history'
Desert Community Foundation,954725924,Palm Desert,CA,T31,,https://projects.propublica.org/nonprofits/organizations/954725924,community foundation,2025-10-17 17:58:00,https://desert.org,director@desert.org,,,,,,not_contacted,no,no,,,,high,harvested,director@desert.org,,3.0,15.0,conserving the south okanagan’s rich biodiversity for future generations.,"[{""category"": ""community_education"", ""keywords_found"": [""community school (partial: 2/2 words)""], ""category_score"": 9.0}, {""category"": ""primary"", ""keywords_found"": [""art education (partial: 2/2 words)""], ""category_score"": 10.0}, {""category"": ""disability_support"", ""keywords_found"": [""special education (partial: 2/2 words)""], ""category_score"": 7.0}, {""category"": ""primary"", ""keywords_found"": [""art education (partial: 2/2 words)""], ""category_score"": 10.0}, {""category"": ""community_education"", ""keywords_found"": [""community school (partial: 2/2 words)""], ""category_score"": 9.0}]","homepage,/about-us,/what-we-do","support usour supporterswork with usvisit usvisit usfrequently asked questionswhat we doconservationrestorationresearcheducation,support of the south okanagan’s natural spaces and species, the society opened a nature interpretive facility - the osoyoos desert centre.visit us here what we dothe south okanagan is home to one of the highest concentrations of rare and at-risk species in all of canada. through its conservation, restoration and education,support usour supporterswork with usvisit usvisit usfrequently asked questionswhat we doconservationrestorationresearcheducation,support usour supporterswork with usvisit usvisit usfrequently asked questionswhat we doconservationrestorationresearcheducation","education,health,community,education,education,health,community",2025-10-22T21:41:22.395414,
Stanislaus Community Foundation,680483054,Modesto,CA,T31,,https://projects.propublica.org/nonprofits/organizations/680483054,community foundation,2025-10-17 17:58:00,https://stanislaus.org,info@stanislaus.org,,,,,,not_contacted,no,no,,,,high,estimated,,"info@stanislaus.org,contact@stanislaus.org,hello@stanislaus.org,inquiries@stanislaus.org,development@stanislaus.org,admin@stanislaus.org",2.0,4.0,that finding the right assisted living arrangement is a personal journey.,"[{""category"": ""primary"", ""keywords_found"": [""arts access (partial: 2/2 words)""], ""category_score"": 8.0}]","homepage,/about","support make all the difference.your browser does not support the video tag.we are dedicated to making your journey as smooth and worry-free as possible.local expertiseour team is deeply rooted in the community, and we have an extensive network of senior care facilities right at our fingertips. this means we can find the ideal home for you right here in your own backyard.moving asistancerelocating can be a challenging experience, particularly when it concerns a cherished family member. we are ensuring seamless transitions by facilitating the use of our handicapped-accessible van for their move.personalized servicewe believe that finding the right assisted living arrangement is a personal journey. that's why we take the time to get to know you, your unique needs, and your preferences. we don't believe in one-size-fits-all solutions.absolutely freeour services won't cost you a dime. we're passionate about helping residents make the transition to assisted living without any financial burden. from the initial consultation to the final move, we're here for you, and it's all on us.how it worksconsultationcontact us to schedule a free consultation. we'll take the time to understand your unique needs, preferences, and situation. whether you're seeking assisted living for yourself or a loved one, your journey starts","arts,community,community",2025-10-22T21:41:37.011295,
Community Hospice Foundation,770562224,Modesto,CA,P11,,https://projects.propublica.org/nonprofits/organizations/770562224,community foundation,2025-10-17 17:58:00,,,,,,,,not_contacted,no,no,,,,high,error,,,,0.0,,,,,,2025-10-22T21:41:40.680630,'grant_history'
Richmond Community Foundation,943337754,Richmond,CA,T310,,https://projects.propublica.org/nonprofits/organizations/943337754,community foundation,2025-10-17 17:58:00,https://richmond.org,info@richmond.org,,,,,,not_contacted,no,no,,,,high,estimated,,"info@richmond.org,contact@richmond.org,hello@richmond.org,inquiries@richmond.org,development@richmond.org,admin@richmond.org",1.0,0.0,,,homepage,,"creative,cultural",2025-10-22T21:42:06.430203,
Community College Foundation,680016439,Sacramento,CA,B114,,https://projects.propublica.org/nonprofits/organizations/680016439,community foundation,2025-10-17 17:58:00,,,,,,,,not_contacted,no,no,,,,high,error,,,,0.0,,,,,,2025-10-22T21:42:10.136921,'grant_history'
Kern Community Foundation,770555874,Bakersfield,CA,T31,,https://projects.propublica.org/nonprofits/organizations/770555874,community foundation,2025-10-17 17:58:00,https://kern.org,info@kern.org,,,,,,not_contacted,no,no,,,,high,harvested,"chscoggins@kern.org,info@kern.org,kigraham@kern.org,ceyork@kern.org,kyatkin@kern.org",,5.0,98.66666666666667,agenda committee on school district organization agenda partners in education self insured schools of california (sisc) schools legal service (sls) fiscal crisis & management assistance team (fcmat) kern education pledge kern kids california living museum (calm) camp keep contact us 1300 17th st.,"[{""category"": ""primary"", ""keywords_found"": [""arts education (partial: 2/2 words)"", ""art education (partial: 2/2 words)"", ""arts program (partial: 2/2 words)"", ""inclusive arts (partial: 2/2 words)""], ""category_score"": 37.0}, {""category"": ""disability_support"", ""keywords_found"": [""special needs (partial: 2/2 words)"", ""inclusive education (partial: 2/2 words)"", ""special education""], ""category_score"": 24.0}, {""category"": ""youth_development"", ""keywords_found"": [""youth development (partial: 2/2 words)"", ""children""], ""category_score"": 15.0}, {""category"": ""community_education"", ""keywords_found"": [""community school"", ""public schools (partial: 2/2 words)"", ""school partnerships (partial: 2/2 words)"", ""empowering students (partial: 2/2 words)"", ""educational equity (partial: 2/2 words)""], ""category_score"": 37.0}, {""category"": ""primary"", ""keywords_found"": [""arts education (partial: 2/2 words)"", ""art education (partial: 2/2 words)"", ""arts program (partial: 2/2 words)""], ""category_score"": 28.0}, {""category"": ""disability_support"", ""keywords_found"": [""special needs (partial: 2/2 words)"", ""special education""], ""category_score"": 16.0}, {""category"": ""youth_development"", ""keywords_found"": [""youth development (partial: 2/2 words)"", ""children""], ""category_score"": 15.0}, {""category"": ""community_education"", ""keywords_found"": [""community school"", ""public schools (partial: 2/2 words)"", ""school partnerships (partial: 2/2 words)"", ""empowering students (partial: 2/2 words)"", ""educational equity (partial: 2/2 words)""], ""category_score"": 37.0}, {""category"": ""primary"", ""keywords_found"": [""arts education (partial: 2/2 words)"", ""art education (partial: 2/2 words)"", ""arts program (partial: 2/2 words)""], ""category_score"": 28.0}, {""category"": ""disability_support"", ""keywords_found"": [""special education""], ""category_score"": 7}, {""category"": ""youth_development"", ""keywords_found"": [""youth development (partial: 2/2 words)"", ""children""], ""category_score"": 15.0}, {""category"": ""community_education"", ""keywords_found"": [""community school"", ""public schools (partial: 2/2 words)"", ""school partnerships (partial: 2/2 words)"", ""empowering students (partial: 2/2 words)"", ""educational equity (partial: 2/2 words)""], ""category_score"": 37.0}]","homepage,/about,/mission","support through a variety of collaborative programs. special programs the division of special programs consists of numerous departments that support and serve the unique needs of our community. fiscal support the division of fiscal support is the accounting link to kern county’s 46 school districts and local education,support child abuse prevention child welfare & attendance children’s dental network (kccdn) collaboratives college & career programs communications community connection for childcare (cccc) community schools initiative community schools program credential resources credentials curriculum & instruction data quest district advisory services district lcaps district maps district salary schedules do the math dream center early childhood council of kern early childhood education,support the division of student support is dedicated to fostering an inclusive and supportive education,support fiscal support external business services district advisory services student support student support alternative education,support local, regional & statewide support college & career programs school & district leadership support kern education pledge valley to coast collaborative california school leadership academy k-16 regional collaborative social emotional & academic support human resources & staff development human resources & staff development credentials / teaching / substitute teaching educator development human resources local initiatives & innovation local initiatives & innovation camp keep child & family services kern county consortium selpa school-community partnerships special programs special programs california living museum calm communications kern county network for children kern educational television network pre-production, production & web services fiscal support fiscal support external business services district advisory services student support student support alternative education internal special education programs migrant education special education services / district support valley oaks charter school operational support operational support facilities management food & nutrition services kern integrated data system (kids) maintenance & operations technology services transportation services safer schools coalition governmental relations student events board of education kcsos a-z modernization begins at virginia avenue elementary professional learning calendar alternative education community connection for child care job opportunities calm zoo camp keep 2024-25 year in review video @ketntv mon october 13, 2025 | community news valley oaks charter school marks 25 years of innovation, family & growth fri october 10, 2025 | community news small acts, big impact: kcsos launches kindness project thu october 9, 2025 | district news family, opportunity, and hope take root at el tejon schools wed october 8, 2025 | community news steam on the streets returns for second year at new home — the steam yard more news divisions curriculum & instruction the division offers diverse training opportunities in various content areas. we offer a wide range of networks and workshops to equip educators with innovative strategies and resources. local, regional & statewide support the systems of support division provides comprehensive educational services across various programs, including school & district leadership support (management analysts), college & career programs... human resources & staff development the division human resources & staff development strives to ensure a productive and stable workforce and provides guidance and best practices to kern’s 46 school districts. local initiatives & innovation the division of local initiatives & innovation includes several impactful departments that promote educational excellence and community support through a variety of collaborative programs. special programs the division of special programs consists of numerous departments that support and serve the unique needs of our community. fiscal support the division of fiscal support is the accounting link to kern county’s 46 school districts and local education agencies. student support the division of student support is dedicated to fostering an inclusive and supportive educational environment that addresses the diverse needs of students throughout kern county. operational support the division of operational support provides essential services to kcsos and school district partners in the areas of facilities, m&o, transportation, technology, nutrition, student data, and safety initiatives. kcsos webmail kcsos internal kcsos directory sisc webmail disclaimer web policy nondiscrimination policy superintendent materials board agendas kern county board of education agenda selpa executive council agenda personnel commission agenda committee on school district organization agenda partners in education self insured schools of california (sisc) schools legal service (sls) fiscal crisis & management assistance team (fcmat) kern education pledge kern kids california living museum (calm) camp keep contact us 1300 17th st. city centrebakersfield ca 93301-4533 info@kern.org + 1 661 636 4000 2025 © all rights reserved. kern county superintendent of schools - office of john g. mendiburu kcsos a-z kcsos a-z about kcsos administrator credential program advancement via individual determination (avid) alertline alternative education americorps attendance awareness available teaching position in kern become a substitute teacher benefits california open education resources california school leadership academy calm zoo calpers/calstrs services camp keep charter school support child abuse prevention child welfare & attendance children’s dental network (kccdn) collaboratives college & career programs communications community connection for childcare (cccc) community schools initiative community schools program credential resources credentials curriculum & instruction data quest district advisory services district lcaps district maps district salary schedules do the math dream center early childhood council of kern early childhood education early education edconnect news eddata educator development employee recognition employee self service (ess) english language arts,support the systems of support division provides comprehensive education,support human resources & staff development human resources & staff development credentials / teaching / substitute teaching educator development human resources local initiatives & innovation local initiatives & innovation camp keep child & family services kern county consortium selpa school-community partnerships special programs special programs california living museum calm communications kern county network for children kern education,support the division of operational support provides essential services to kcsos and school district partners in the areas of facilities, m&o, transportation, technology, nutrition, student data, and safety initiatives. kcsos webmail kcsos internal kcsos directory sisc webmail disclaimer web policy nondiscrimination policy superintendent materials board agendas kern county board of education,support food services for districts foster youth services governmental relations health & wellness education,support valley oaks charter school operational support operational support facilities management food & nutrition services kern integrated data system (kids) maintenance & operations technology services transportation services safer schools coalition governmental relations student events board of education","education,arts,health,community,youth,children,learning,mental health,inclusive,education,arts,health,community,youth,children,learning,mental health,education,arts,health,community,youth,children,learning,mental health",2025-10-22T21:42:26.897405,
Placer Community Foundation,201485011,Auburn,CA,T31,,https://projects.propublica.org/nonprofits/organizations/201485011,community foundation,2025-10-17 17:58:00,https://placer.org,info@placer.org,,,,,,not_contacted,no,no,,,,high,estimated,,"info@placer.org,contact@placer.org,hello@placer.org,inquiries@placer.org,development@placer.org,admin@placer.org",0.0,0.0,,,"homepage,/about,/about-us,/mission,/vision,/our-mission,/what-we-do,/programs,/grants,/giving,/impact",,,2025-10-22T21:42:36.487939,
Anaheim Community Foundation,330033023,Anahiem,CA,T31Z,,https://projects.propublica.org/nonprofits/organizations/330033023,community foundation,2025-10-17 17:58:00,,,,,,,,not_contacted,no,no,,,,high,error,,,,0.0,,,,,,2025-10-22T21:42:39.558965,'grant_history'
Solano Community Foundation,680354961,Fairfield,CA,T31,,https://projects.propublica.org/nonprofits/organizations/680354961,community foundation,2025-10-17 17:58:00,,,,,,,,not_contacted,no,no,,,,high,error,,,,0.0,,,,,,2025-10-22T21:42:40.723618,'grant_history'
Preserve Community Foundation,264732039,Carmel,CA,B82,,https://projects.propublica.org/nonprofits/organizations/264732039,community foundation,2025-10-17 17:58:00,https://preserve.org,info@preserve.org,,,,,,not_contacted,no,no,,,,high,estimated,,"info@preserve.org,contact@preserve.org,hello@preserve.org,inquiries@preserve.org,development@preserve.org,admin@preserve.org",0.0,0.0,,,homepage,,arts,2025-10-22T21:42:48.204388,
Telosa Community Foundation,874419122,Santa Rosa,CA,V34,,https://projects.propublica.org/nonprofits/organizations/874419122,community foundation,2025-10-17 17:58:00,,,,,,,,not_contacted,no,no,,,,high,error,,,,0.0,,,,,,2025-10-22T21:42:52.099912,'grant_history'
Community Roots Foundation,462630292,Laguna Niguel,CA,B11,,https://projects.propublica.org/nonprofits/organizations/462630292,community foundation,2025-10-17 17:58:00,,,,,,,,not_contacted,no,no,,,,high,error,,,,0.0,,,,,,2025-10-22T21:42:53.252336,'grant_history'
Savusavu Community Foundation,201038213,Villa Park,CA,T31,,https://projects.propublica.org/nonprofits/organizations/201038213,community foundation,2025-10-17 17:58:00,,,,,,,,not_contacted,no,no,,,,high,error,,,,0.0,,,,,,2025-10-22T21:42:53.490328,'grant_history'
Redlands Community Foundation,912143250,Redlands,CA,B11,,https://projects.propublica.org/nonprofits/organizations/912143250,community foundation,2025-10-17 17:58:00,,,,,,,,not_contacted,no,no,,,,high,error,,,,0.0,,,,,,2025-10-22T21:43:12.829243,'grant_history'
Kinecta Community Foundation,954715293,Manhattan Bch,CA,T31,,https://projects.propublica.org/nonprofits/organizations/954715293,community foundation,2025-10-17 17:58:00,https://kinecta.org,info@kinectawealth.org,,,,,,not_contacted,no,no,,,,high,harvested,"loanservicing@kinecta.org,info@kinectawealth.org,businessloanservicing@kinecta.org,pppforgiveness@kinecta.org",,5.0,0.0,,,"homepage,/about,/about-us,/mission,/vision,/our-mission,/what-we-do,/programs,/grants,/giving,/impact",,,2025-10-22T21:44:05.885624,
Crockett Community Foundation,680348673,Crockett,CA,T31,,https://projects.propublica.org/nonprofits/organizations/680348673,community foundation,2025-10-17 17:58:00,,,,,,,,not_contacted,no,no,,,,high,error,,,,0.0,,,,,,2025-10-22T21:44:10.151084,'grant_history'
Coronado Community Foundation,852982760,Coronado,CA,T31,,https://projects.propublica.org/nonprofits/organizations/852982760,community foundation,2025-10-17 17:58:00,,,,,,,,not_contacted,no,no,,,,high,error,,,,0.0,,,,,,2025-10-22T21:44:11.386420,'grant_history'
Open Community Foundation,873982059,San Francisco,CA,W99,,https://projects.propublica.org/nonprofits/organizations/873982059,community foundation,2025-10-17 17:58:00,,,,,,,,not_contacted,no,no,,,,high,error,,,,0.0,,,,,,2025-10-22T21:44:21.722231,'grant_history'
Columbia Community Foundation,821220459,San Diego,CA,S22,,https://projects.propublica.org/nonprofits/organizations/821220459,community foundation,2025-10-17 17:58:00,,,,,,,,not_contacted,no,no,,,,high,error,,,,0.0,,,,,,2025-10-22T21:44:22.914206,'grant_history'
Private Foundation,943303674,San Francisco,CA,T20,,https://projects.propublica.org/nonprofits/organizations/943303674,private foundation,2025-10-17 17:58:02,https://private.com,info@private.com,,,,,,not_contacted,no,no,,,,high,estimated,,"info@private.com,contact@private.com,hello@private.com,inquiries@private.com,development@private.com,admin@private.com",1.0,8.0,,"[{""category"": ""primary"", ""keywords_found"": [""arts access (partial: 2/2 words)""], ""category_score"": 8.0}]",homepage,"support the video tag. 4k sara diamante and audrey reid, a very special massage audrey reid sara diamante 4 +1 your browser does not support the video tag. 4k candie luciani, the gardener and her husband candie luciani 37 +1 your browser does not support the video tag. 4k alexa flexy, amalia davis, fanta sie and eva generosi have no limits alexa flexy amalia davis eva generosi 70 +1 your browser does not support the video tag. 4k the masseurs nicole rae and nicole nixon know exactly how to leave a... nicole nixon nicole rae 41 +1 your browser does not support the video tag. 4k angelique rose learns how to get double the fun, private style. angelique rose 63 +1 your browser does not support the video tag. 4k eliz benson and her two new friends eliz benson 62 +1 your browser does not support the video tag. 4k do you know what happens when britney dutch invites vixi rafi to her pool? britney dutch vixi rafi 85 +1 your browser does not support the video tag. 4k can you imagine a happy ending massage with calita fire and ambar lapiedra? ambar lapiedra calita fire 91 +1 see more join now latest movies venice love stories irresistible beauties vol.10 fantasies vol.15 four-hand massage vol.3 adventures on a desert island barbecue party see more join now top models alexis crystal stella cox angel dark blanche bradburry belle claire ella hughes trick or treat! enjoy 1 year for 99! get access now! private © 2025 pmg entertainment ltd. all rights reserved pmg entertainment ltd., 39 northumberland road, ballsbridge, dublin d04 ed73, ireland languages english español français deutsch nederlands exclusive content movies videos models categories watch video on demand account & services log in retrieve your password support terms and conditions privacy policy cookies policy webmasters report content social instagram 18 u.s.c. 2257 record-keeping requirements compliance statement prvtbilling , epoch , segpay , centrobill and vendo are our authorized reseller agents. restricted to adults +18private.com is an adult website and contains sexually explicit texts, images and videos. by continuing to browse private.com you confirm that you are of legal agecontinue only for members you must be a member in order to access this content. join now we care about your privacy private.com uses cookies and data to give you the best personalized private.com experience possible. we respect your right to privacy and offer you full transparency and control if you prefer not to allow certain types of cookies. you can learn more about different types of cookies and the way we use them in our cookie policy. you can change our default settings at:customize manage cookies essential cookies always active these are cookies that we are required to use in order to operate our website. they include, for example, cookies that help with the website loading and display or enable you to log into secure areas of our website. we are allowed to use these cookies without your prior consent so they are always active. cookie name legal basis / purpose / function duration lbsessionid legitimate interest / avoid asking for passwords on each server / the cookie is necessary to implement sticky sessions, otherwise, authenticated users would be prompted for a password every time they land on a different back-end web server. session agreed18 legitimate interest / makes this popup appear / the cookie is necessary to show an adult warning and cookies selector popup. 30 days pop_price legitimate interest / better price offers when campaign enabled / cookie needed to show promotional prices when having a promotional campaign enabled. 7 days devtype legitimate interest / let us know which device the connection is made from / cookie used to know which kind of device has been used to connect to the site in order to adapt the page to this device. 30 days customlang legitimate interest / lang based on customer preferences / the cookie lets us know which language customers have chosen. 30 days lang legitimate interest / lang based on customer preferences / the cookie lets us know which language customers have chosen. 1 hour calculatedlangfrom legitimate interest / method used to know where we get the language from / the cookie allows us to know if the language has been chosen by the customer, by an existing cookie, by browser language, or by geoip. 30 days limited-offer2 legitimate interest / better price offers when campaign enabled / cookie needed to show promotional prices when having a promotional campaign enabled 30 days personalized_experience summary of user-determined cookie preferences	. 30 days analytical cookies yes no these cookies collect information about the website usage. for example, the number of users on the website, how long they stay, what parts",arts,2025-10-22T21:44:48.825304,
Everlasting Private Foundation,770425562,Cupertino,CA,X20Z,,https://projects.propublica.org/nonprofits/organizations/770425562,private foundation,2025-10-17 17:58:02,,,,,,,,not_contacted,no,no,,,,high,error,,,,0.0,,,,,,2025-10-22T21:44:52.622627,'grant_history'
Kmjm Private Foundation,871519012,Fremont,CA,T22,,https://projects.propublica.org/nonprofits/organizations/871519012,private foundation,2025-10-17 17:58:02,,,,,,,,not_contacted,no,no,,,,high,error,,,,0.0,,,,,,2025-10-22T21:44:53.633655,'grant_history'
Private Redemption Foundation,542195251,Los Angeles,CA,X30,,https://projects.propublica.org/nonprofits/organizations/542195251,private foundation,2025-10-17 17:58:02,https://privateredemption.org,info@privateredemption.orgus,,,,,,not_contacted,no,no,,,,high,harvested,"info@privateredemption.orgus,smattingly@sm-comms.comtel",,2.0,7.0,| private redemption top of pageour new address - 8549 wilshire blvd.,"[{""category"": ""youth_development"", ""keywords_found"": [""children""], ""category_score"": 7}, {""category"": ""youth_development"", ""keywords_found"": [""children""], ""category_score"": 7}]","homepage,/what-we-do",,"children,community,children",2025-10-22T21:45:08.916615,
Klokkevold Private Foundation,932701122,Sacramento,CA,P20,,https://projects.propublica.org/nonprofits/organizations/932701122,private foundation,2025-10-17 17:58:02,,,,,,,,not_contacted,no,no,,,,high,error,,,,0.0,,,,,,2025-10-22T21:45:11.931926,'grant_history'
Olesen Private Foundation,455461459,San Jose,CA,T22,,https://projects.propublica.org/nonprofits/organizations/455461459,private foundation,2025-10-17 17:58:02,,,,,,,,not_contacted,no,no,,,,high,error,,,,0.0,,,,,,2025-10-22T21:45:14.134369,'grant_history'
Henry Private Foundation,475578143,Encinitas,CA,T22,,https://projects.propublica.org/nonprofits/organizations/475578143,private foundation,2025-10-17 17:58:02,,,,,,,,not_contacted,no,no,,,,high,error,,,,0.0,,,,,,2025-10-22T21:45:15.487287,'grant_history'
Birchfield Private Foundation,932220018,Bakersfield,CA,L01,,https://projects.propublica.org/nonprofits/organizations/932220018,private foundation,2025-10-17 17:58:02,,,,,,,,not_contacted,no,no,,,,high,error,,,,0.0,,,,,,2025-10-22T21:45:15.761915,'grant_history'
Lombardy Private Foundation,884320905,Temple City,CA,X20,,https://projects.propublica.org/nonprofits/organizations/884320905,private foundation,2025-10-17 17:58:02,https://lombardy.org,info@lombardy.org,,,,,,not_contacted,no,no,,,,high,estimated,,"info@lombardy.org,contact@lombardy.org,hello@lombardy.org,inquiries@lombardy.org,development@lombardy.org,admin@lombardy.org",0.0,0.0,,,homepage,,,2025-10-22T21:45:32.802219,
Oar Private Foundation,861834686,Irvine,CA,X99,,https://projects.propublica.org/nonprofits/organizations/861834686,private foundation,2025-10-17 17:58:02,,,,,,,,not_contacted,no,no,,,,high,error,,,,0.0,,,,,,2025-10-22T21:45:37.720554,'grant_history'
Pen Private Foundation,621528968,Los Angeles,CA,,,https://projects.propublica.org/nonprofits/organizations/621528968,private foundation,2025-10-17 17:58:02,https://penprivate.com,info@penprivate.com,,,,,,not_contacted,no,no,,,,high,estimated,,"info@penprivate.com,contact@penprivate.com,hello@penprivate.com,inquiries@penprivate.com,development@penprivate.com,admin@penprivate.com",0.0,0.0,,,homepage,,,2025-10-22T21:45:47.278200,
Cornerstone Private Foundation,921987060,Irvine,CA,T22,,https://projects.propublica.org/nonprofits/organizations/921987060,private foundation,2025-10-17 17:58:02,,,,,,,,not_contacted,no,no,,,,high,error,,,,0.0,,,,,,2025-10-22T21:45:50.866743,'grant_history'
Noah Private Foundation,900781709,Cupertino,CA,T20,,https://projects.propublica.org/nonprofits/organizations/900781709,private foundation,2025-10-17 17:58:02,https://noah.org,info@noah.org,,,,,,not_contacted,no,no,,,,high,estimated,,"info@noah.org,contact@noah.org,hello@noah.org,inquiries@noah.org,development@noah.org,admin@noah.org",0.0,0.0,,,homepage,,,2025-10-22T21:46:00.385211,
Orbys Private Foundation,861294008,Gilroy,CA,T20,,https://projects.propublica.org/nonprofits/organizations/861294008,private foundation,2025-10-17 17:58:02,,,,,,,,not_contacted,no,no,,,,high,error,,,,0.0,,,,,,2025-10-22T21:46:04.476131,'grant_history'
Lighthouse Private Foundation,846446282,Antelope,CA,T50,,https://projects.propublica.org/nonprofits/organizations/846446282,private foundation,2025-10-17 17:58:02,,,,,,,,not_contacted,no,no,,,,high,error,,,,0.0,,,,,,2025-10-22T21:46:16.069711,'grant_history'
Williams Family Private Foundation,272203213,Palo Alto,CA,T20,,https://projects.propublica.org/nonprofits/organizations/272203213,private foundation,2025-10-17 17:58:02,,,,,,,,not_contacted,no,no,,,,high,error,,,,0.0,,,,,,2025-10-22T21:46:16.448773,'grant_history'
Mary Pickford Private Foundation,811171385,Murrieta,CA,T20,,https://projects.propublica.org/nonprofits/organizations/811171385,private foundation,2025-10-17 17:58:02,https://mary.org,info@mary.org,,,,,,not_contacted,no,no,,,,high,estimated,,"info@mary.org,contact@mary.org,hello@mary.org,inquiries@mary.org,development@mary.org,admin@mary.org",1.0,36.5,collection: congregation of the holy spirit | the basilica of saint mary skip to content livestreamgivemass timesprayer request search search close learn more the basilica of saint mary welcomes each of us with open doors.,"[{""category"": ""primary"", ""keywords_found"": [""art education (partial: 2/2 words)"", ""accessibility""], ""category_score"": 17.0}, {""category"": ""disability_support"", ""keywords_found"": [""accessibility""], ""category_score"": 8}, {""category"": ""youth_development"", ""keywords_found"": [""children""], ""category_score"": 7}, {""category"": ""primary"", ""keywords_found"": [""art education (partial: 2/2 words)"", ""accessibility""], ""category_score"": 17.0}, {""category"": ""disability_support"", ""keywords_found"": [""accessibility""], ""category_score"": 8}, {""category"": ""community_education"", ""keywords_found"": [""community school (partial: 2/2 words)"", ""school partnerships (partial: 2/2 words)""], ""category_score"": 16.0}]","homepage,/mission","support charity & service liturgical ministries becoming catholic mentoring criminal justice ministry faith formation justice refugee/immigration ministry spirituality saint phoebe’s footsteps creation justice basilica young adults (bya)liturgical celebrations music devotions prayer all souls prayer request request a mass intention liturgical seasons funeralssacraments baptism confirmation eucharist marriage marriage preparation quinceañeras holy orders reconciliation anointing of the sickart & history art architecture history basilica archivesgive ways to give donate online planned giving the basilica fund st. vincent de paul donor log-in visit our facebook page visit our instagram page visit our vimeo page visit our youtube page search search menu mission collection: congregation of the holy spirit january 12, 2024 please welcome reverend david cottingham, cssp, to the basilica of saint mary. fr. dave is visiting us this weekend to speak about the spiritans missionary work around the world. cssp stands for the congregation of the holy spirit, also known as the spiritans. an international religious community, the spiritans are engaged in a wide range of missionary activity in over 60 countries throughout the world with a focus on asia, africa, and latin america. in the us, they are dedicated to working with those who are marginalized and in poverty by providing education","education,community,youth,children,accessibility,education,community,accessibility,empowerment",2025-10-22T21:46:40.068848,
Louma G Private Foundation,814820581,Los Angeles,CA,H12,,https://projects.propublica.org/nonprofits/organizations/814820581,private foundation,2025-10-17 17:58:02,,,,,,,,not_contacted,no,no,,,,high,error,,,,0.0,,,,,,2025-10-22T21:46:43.260015,'grant_history'
Dca Chen Private Foundation,473084353,Pasadena,CA,E70,,https://projects.propublica.org/nonprofits/organizations/473084353,private foundation,2025-10-17 17:58:02,,,,,,,,not_contacted,no,no,,,,high,error,,,,0.0,,,,,,2025-10-22T21:46:44.465011,'grant_history'
Van Auken Private Foundation,262931752,Danville,CA,T22,,https://projects.propublica.org/nonprofits/organizations/262931752,private foundation,2025-10-17 17:58:02,https://van.org,lucymosesschool@kaufmanmusiccenter.org,,,,,,not_contacted,no,no,,,,high,harvested,lucymosesschool@kaufmanmusiccenter.org,,5.0,23.0,the advancement of vocal ensemble music in the new york city area.,"[{""category"": ""primary"", ""keywords_found"": [""arts program (partial: 2/2 words)""], ""category_score"": 8.0}, {""category"": ""community_education"", ""keywords_found"": [""community school (partial: 2/2 words)"", ""community engagement""], ""category_score"": 15.0}]",homepage,"support are most welcome. more about van. concerts concert calendar submit listings find a choir choir directory choirs by night choirs by locale choir auditions info exchange links collection archive old news old ""new on van"" advertise support van sustaining membership spread the word van store communicate feedback newsletter submit concert listings e-mail other information about van upcoming concertsclick a listing for full details. green dates indicate open sings. october 23: voices of ascension (choir and orchestra / manhattan) october 23: downtown voices (choir and organ / manhattan) october 23: choir of st. luke in the fields (choir / manhattan) october 24: caritas chamber chorale (chamber choir / new jersey) october 25: caritas chamber chorale (chamber choir / new jersey) october 25: polyhymnia (vocal ensemble / manhattan) october 26: caritas chamber chorale (chamber choir / new jersey) october 26: summit chorale (choir / new jersey) october 26: new choral society (choir with orchestra / westchester) october 26: khorikos (vocal ensemble / manhattan) october 28: ember choral arts","arts,community,cultural",2025-10-22T21:47:11.990395,
Golden Baobab Private Foundation,842540387,San Jose,CA,T20,,https://projects.propublica.org/nonprofits/organizations/842540387,private foundation,2025-10-17 17:58:02,,,,,,,,not_contacted,no,no,,,,high,error,,,,0.0,,,,,,2025-10-22T21:47:15.303886,'grant_history'
Cherith Christian Private Foundation,954222174,Palo Alto,CA,,,https://projects.propublica.org/nonprofits/organizations/954222174,private foundation,2025-10-17 17:58:02,,,,,,,,not_contacted,no,no,,,,high,error,,,,0.0,,,,,,2025-10-22T21:47:16.692221,'grant_history'
Chius Family Private Foundation,831154050,Norwalk,CA,P20,,https://projects.propublica.org/nonprofits/organizations/831154050,private foundation,2025-10-17 17:58:02,,,,,,,,not_contacted,no,no,,,,high,error,,,,0.0,,,,,,2025-10-22T21:47:16.984693,'grant_history'
Helpful Fish Private Foundation,872272719,Santa Ana,CA,T22,,https://projects.propublica.org/nonprofits/organizations/872272719,private foundation,2025-10-17 17:58:02,,,,,,,,not_contacted,no,no,,,,high,error,,,,0.0,,,,,,2025-10-22T21:47:27.311330,'grant_history'
Weaver Family Private Foundation,371423304,Laguna Beach,CA,T22,,https://projects.propublica.org/nonprofits/organizations/371423304,private foundation,2025-10-17 17:58:02,,,,,,,,not_contacted,no,no,,,,high,error,,,,0.0,,,,,,2025-10-22T21:47:28.641388,'grant_history'
Corporate Financial Foundation,923244396,Carmel By The,CA,P20,,https://projects.propublica.org/nonprofits/organizations/923244396,corporate foundation,2025-10-17 17:58:03,,,,,,,,not_contacted,no,no,,,,high,error,,,,0.0,,,,,,2025-10-22T21:47:29.778565,'grant_history'
Thibault Foundation A California Nonprofit Public Benefit Corporati,943347294,Redwood City,CA,T20,,https://projects.propublica.org/nonprofits/organizations/943347294,corporate foundation,2025-10-17 17:58:03,,,,,,,,not_contacted,no,no,,,,high,error,,,,0.0,,,,,,2025-10-22T21:47:32.557530,'grant_history'
The Herman Foundation A California Nonprofit Public Benefit Corporati,352376324,Los Angeles,CA,T22,,https://projects.propublica.org/nonprofits/organizations/352376324,corporate foundation,2025-10-17 17:58:03,https://the.org,info@the.org,,,,,,not_contacted,no,no,,,,high,estimated,,"info@the.org,contact@the.org,hello@the.org,inquiries@the.org,development@the.org,admin@the.org",0.0,0.0,,,,,,2025-10-22T21:47:55.171364,
Chiou Yuh Lee Foundation A California Public Benefit Corporat,843399642,Huntingtn Bch,CA,B82,,https://projects.propublica.org/nonprofits/organizations/843399642,corporate foundation,2025-10-17 17:58:03,,,,,,,,not_contacted,no,no,,,,high,error,,,,0.0,,,,,,2025-10-22T21:47:59.637814,'grant_history'
R C Baker Foundation A California Nonprofit Public Benefit Corporati,453850225,Encinitas,CA,T20,,https://projects.propublica.org/nonprofits/organizations/453850225,corporate foundation,2025-10-17 17:58:03,https://r.org,info@r.org,,,,,,not_contacted,no,no,,,,high,estimated,,"info@r.org,contact@r.org,hello@r.org,inquiries@r.org,development@r.org,admin@r.org",5.0,7.5,delivering professional sports journalism that cuts through the noise to bring you the stories that matter.,"[{""category"": ""youth_development"", ""keywords_found"": [""creative development (partial: 2/2 words)""], ""category_score"": 8.0}, {""category"": ""community_education"", ""keywords_found"": [""school partnerships (partial: 2/2 words)""], ""category_score"": 7.0}]","homepage,/about",,"arts,creative,creative",2025-10-22T21:48:28.544458,
Inside Circle Foundation A California Public Benefit Corpora,680448494,Carmichael,CA,I40,,https://projects.propublica.org/nonprofits/organizations/680448494,corporate foundation,2025-10-17 17:58:03,,,,,,,,not_contacted,no,no,,,,high,error,,,,0.0,,,,,,2025-10-22T21:48:35.064858,'grant_history'
Moonlight Cultural Foundation,237359530,Vista,CA,A650,,https://projects.propublica.org/nonprofits/organizations/237359530,cultural,2025-10-17 17:58:05,,,,,,,,not_contacted,no,no,,,,high,error,,,,0.0,,,,,,2025-10-22T21:48:36.001063,'grant_history'
Armenian Cultural Foundation,930660517,Montrose,CA,A230,,https://projects.propublica.org/nonprofits/organizations/930660517,cultural,2025-10-17 17:58:05,,,,,,,,not_contacted,no,no,,,,high,error,,,,0.0,,,,,,2025-10-22T21:48:38.601570,'grant_history'
Music Center Foundation,237298290,Los Angeles,CA,A120,,https://projects.propublica.org/nonprofits/organizations/237298290,music,2025-10-17 17:58:06,https://musiccenterfoundation.org,customerservice@laopera.org,,,,,,not_contacted,no,no,,,,high,harvested,customerservice@laopera.org,,5.0,36.75,helping lift the performing arts and building a sustainable funding base for the music center and its resident companies in downtown los angeles.,"[{""category"": ""primary"", ""keywords_found"": [""arts program (partial: 2/2 words)""], ""category_score"": 8.0}, {""category"": ""primary"", ""keywords_found"": [""arts education (partial: 2/2 words)"", ""art education (partial: 2/2 words)"", ""arts program (partial: 2/2 words)""], ""category_score"": 28.0}, {""category"": ""primary"", ""keywords_found"": [""arts education (partial: 2/2 words)"", ""art education (partial: 2/2 words)"", ""arts program (partial: 2/2 words)""], ""category_score"": 28.0}, {""category"": ""primary"", ""keywords_found"": [""arts education (partial: 2/2 words)"", ""art education (partial: 2/2 words)"", ""arts program (partial: 2/2 words)"", ""arts access (partial: 2/2 words)""], ""category_score"": 36.0}, {""category"": ""disability_support"", ""keywords_found"": [""special needs (partial: 2/2 words)"", ""special education (partial: 2/2 words)""], ""category_score"": 16.0}, {""category"": ""youth_development"", ""keywords_found"": [""children""], ""category_score"": 7}, {""category"": ""community_education"", ""keywords_found"": [""community school (partial: 2/2 words)"", ""public schools (partial: 2/2 words)"", ""educational access (partial: 2/2 words)""], ""category_score"": 24.0}]","homepage,/about,/about-us,/impact","support los angeles master chorale learn more about our support los angeles opera company learn more about our support los angeles philharmonic association learn more about our support the music center learn more about our support come find your role within the arts,support your legacy in performing arts,support to the music center/performing arts,support to our renowned resident companies. by making a gift through the foundation, you can be a part of lifting up inspirational new work that threads our community together through a vibrant, emotional connection to the performing arts,support 13396 page-template,page-template-full_width,page-template-full_width-php,page,page-id-13396,qode-listing-1.0.1,qode-social-login-1.0,qode-news-1.0.2,qode-quick-links-1.0,qode-restaurant-1.0,ajax_fade,page_not_loaded,,qode_grid_1300,qode_popup_menu_push_text_top,qode-content-sidebar-responsive,qode-child-theme-ver-1.0.0,qode-theme-ver-13.0,qode-theme-bridge,wpb-js-composer js-comp-ver-5.4.4,vc_responsive about us “the cultural life of the city matters not so much for the culture itself, but in what cultural things can do for a community.” – dorothy chandler music center foundation is focused on building the endowment to support performing arts for the resident companies and the music center. ways to give mission the music center foundation was established to provide endowment support to the music center/performing arts center of los angeles county, its education,support 13396 page-template,page-template-full_width,page-template-full_width-php,page,page-id-13396,qode-listing-1.0.1,qode-social-login-1.0,qode-news-1.0.2,qode-quick-links-1.0,qode-restaurant-1.0,ajax_fade,page_not_loaded,,qode_grid_1300,qode_popup_menu_push_text_top,qode-content-sidebar-responsive,qode-child-theme-ver-1.0.0,qode-theme-ver-13.0,qode-theme-bridge,wpb-js-composer js-comp-ver-5.4.4,vc_responsive about us “the cultural life of the city matters not so much for the culture itself, but in what cultural things can do for a community.” – dorothy chandler music center foundation is focused on building the endowment to support performing arts,support for the performing arts,support to the music center/performing arts center of los angeles, its education,support to the music center/performing arts,support to our renowned resident companies. by making a gift through the foundation, you can be a part of lifting up inspirational new work that threads our community together through a vibrant, emotional connection to the performing arts","arts,community,education,arts,community,cultural,education,arts,community,cultural,education,arts,community,children,learning,cultural",2025-10-22T21:49:02.410437,
Stanford Theater Foundation,770197543,Los Altos,CA,,,https://projects.propublica.org/nonprofits/organizations/770197543,theater,2025-10-17 17:58:08,,,,,,,,not_contacted,no,no,,,,high,error,,,,0.0,,,,,,2025-10-22T21:49:06.822610,'grant_history'
Fox Theater Foundation,770306813,Bakersfield,CA,Z99Z,,https://projects.propublica.org/nonprofits/organizations/770306813,theater,2025-10-17 17:58:08,,,,,,,,not_contacted,no,no,,,,high,error,,,,0.0,,,,,,2025-10-22T21:49:07.144753,'grant_history'
Park Theater Trust,843216944,Lafayette,CA,A65,,https://projects.propublica.org/nonprofits/organizations/843216944,theater,2025-10-17 17:58:08,https://park.org,info@park.org,,,,,,not_contacted,no,no,,,,high,estimated,,"info@park.org,contact@park.org,hello@park.org,inquiries@park.org,development@park.org,admin@park.org",0.0,0.0,,,homepage,,,2025-10-22T21:49:16.234697,
Dance Fund,203900047,N Hollywood,CA,A600,,https://projects.propublica.org/nonprofits/organizations/203900047,dance,2025-10-17 17:58:09,,,,,,,,not_contacted,no,no,,,,high,error,,,,0.0,,,,,,2025-10-22T21:49:43.834351,'grant_history'
Academy Of Visual And Performing Arts Foundation,203270837,Culver City,CA,A25,,https://projects.propublica.org/nonprofits/organizations/203270837,visual arts,2025-10-17 17:58:10,,,,,,,,not_contacted,no,no,,,,high,error,,,,0.0,,,,,,2025-10-22T21:49:44.124117,'grant_history'
Fletcher Benton Foundation For The Visual Arts,853783802,San Francisco,CA,A20,,https://projects.propublica.org/nonprofits/organizations/853783802,visual arts,2025-10-17 17:58:10,,,,,,,,not_contacted,no,no,,,,high,error,,,,0.0,,,,,,2025-10-22T21:49:46.437071,'grant_history'
Burbank Arts Education Foundation,205128863,Burbank,CA,B122,,https://projects.propublica.org/nonprofits/organizations/205128863,arts education,2025-10-17 17:58:11,https://burbank.org,info@burbank.org,,,,,,not_contacted,no,no,,,,high,estimated,,"info@burbank.org,contact@burbank.org,hello@burbank.org,inquiries@burbank.org,development@burbank.org,admin@burbank.org",0.0,0.0,,,"homepage,/about,/about-us,/mission,/vision,/our-mission,/what-we-do,/programs,/grants,/giving,/impact",,,2025-10-22T21:49:54.977251,
Legacy Education & Arts Foundation,990924945,San Pedro,CA,A25,,https://projects.propublica.org/nonprofits/organizations/990924945,arts education,2025-10-17 17:58:11,,,,,,,,not_contacted,no,no,,,,high,error,,,,0.0,,,,,,2025-10-22T21:49:58.742744,'grant_history'
Natomas Arts And Education Foundation,680475414,Sacramento,CA,B112,,https://projects.propublica.org/nonprofits/organizations/680475414,arts education,2025-10-17 17:58:11,https://natomasartsandeducation.org,boxoffice@benarts.org,,,,,,not_contacted,no,no,,,,high,harvested,boxoffice@benarts.org,,4.0,68.0,"is to promote and support the arts in natomas and surrounding areas by providing youth and adults access to culturally enriching opportunities, while supporting a variety of local public education needs for grades k-12.","[{""category"": ""primary"", ""keywords_found"": [""arts education (partial: 2/2 words)"", ""art education (partial: 2/2 words)"", ""arts program (partial: 2/2 words)"", ""arts access (partial: 2/2 words)""], ""category_score"": 36.0}, {""category"": ""primary"", ""keywords_found"": [""arts education (partial: 2/2 words)"", ""art education (partial: 2/2 words)"", ""arts program (partial: 2/2 words)"", ""arts access (partial: 2/2 words)""], ""category_score"": 36.0}, {""category"": ""disability_support"", ""keywords_found"": [""special needs (partial: 2/2 words)"", ""special education (partial: 2/2 words)""], ""category_score"": 16.0}, {""category"": ""community_education"", ""keywords_found"": [""community school (partial: 2/2 words)"", ""educational access (partial: 2/2 words)""], ""category_score"": 17.0}, {""category"": ""primary"", ""keywords_found"": [""arts education (partial: 2/2 words)"", ""art education (partial: 2/2 words)"", ""arts program (partial: 2/2 words)"", ""arts access (partial: 2/2 words)""], ""category_score"": 36.0}, {""category"": ""disability_support"", ""keywords_found"": [""special needs (partial: 2/2 words)"", ""special education""], ""category_score"": 16.0}, {""category"": ""community_education"", ""keywords_found"": [""community school (partial: 2/2 words)""], ""category_score"": 9.0}, {""category"": ""primary"", ""keywords_found"": [""arts education"", ""creative education"", ""art education (partial: 2/2 words)"", ""arts program (partial: 2/2 words)"", ""creative learning (partial: 2/2 words)"", ""arts access (partial: 2/2 words)""], ""category_score"": 53.0}, {""category"": ""disability_support"", ""keywords_found"": [""special needs (partial: 2/2 words)"", ""special education""], ""category_score"": 16.0}, {""category"": ""youth_development"", ""keywords_found"": [""cultural awareness (partial: 2/2 words)""], ""category_score"": 6.0}, {""category"": ""community_education"", ""keywords_found"": [""community school (partial: 2/2 words)"", ""public schools (partial: 2/2 words)"", ""school partnerships (partial: 2/2 words)"", ""educational access (partial: 2/2 words)""], ""category_score"": 31.0}]","homepage,/about,/programs,/grants","support the arts,support naef programs & events naef supporters natomas arts & education,support the arts grantsproviding funding for arts and education,support naef programs & events naef supporters natomas arts,support the arts in natomas and surrounding areas by providing youth and adults access to culturally enriching opportunities, while supporting a variety of local public education,funding for arts and education-related projects communitybringing national and international performances to sacramento enhancing lives through education and the arts the ben benvenuti performing arts center 4600 blackrock drive, sacramento,ca 95843 boxoffice@benarts.org (916) 491-1028 host your next event at the ben name email date time number message book now follow us online promoting the arts through culturally enriching opportunities facebook twitter instagram youtube about the natomas arts and education foundation (naef) mission is to promote and support the arts in natomas and surrounding areas by providing youth and adults access to culturally enriching opportunities, while supporting a variety of local public education needs for grades k-12. more… services supporting arts and education benvenuti performing arts center international community programs,support of a broad range of education,support of a broad range of education opportunities to enhance the lives of youth and adults in the natomas and surrounding community. naef now funds arts,support naef would not be possible without the hard work of our volunteers, educators and students that dedicate their time and knowledge. thousands of students have benefited from the support of naef and the generosity of those who have contributed to our organization in some capacity.  financial support of naef provides students and adults throughout the area with a plethora of unique arts experiences and opportunities, including residencies, workshops and special performances by professionals in their field. programs we have sponsored​ subscribe to our newsletter don't miss new updates in your email subscribe follow us online promoting the arts through culturally enriching opportunities facebook twitter instagram youtube about the natomas arts and education,support naef programs & events naef supporters about us board of directors daniel spohr-grimespresidenteze uzosikevice presidentjessica lutzkertreasurermichael wangsecretarygene lee sarah winterdirector established 2002 the natomas arts and education","education,arts,community,youth,cultural,education,arts,community,youth,cultural,education,arts,community,youth,cultural,education,arts,community,youth,learning,creative,cultural",2025-10-22T21:50:38.204618,
Foundation For Promoting Arts Education,680590047,Redding,CA,B112,,https://projects.propublica.org/nonprofits/organizations/680590047,arts education,2025-10-17 17:58:11,,,,,,,,not_contacted,no,no,,,,high,error,,,,0.0,,,,,,2025-10-22T21:50:52.727102,'grant_history'
Emerson Arts And Education Foundation,263286259,Los Angeles,CA,A20,,https://projects.propublica.org/nonprofits/organizations/263286259,arts education,2025-10-17 17:58:11,,,,,,,,not_contacted,no,no,,,,high,error,,,,0.0,,,,,,2025-10-22T21:51:03.017412,'grant_history'
East Whittier Arts Education Foundation,272105790,Whittier,CA,A12,,https://projects.propublica.org/nonprofits/organizations/272105790,arts education,2025-10-17 17:58:11,,,,,,,,not_contacted,no,no,,,,high,error,,,,0.0,,,,,,2025-10-22T21:51:05.866344,'grant_history'
Global Variety Arts Education Foundation,933984683,Newport Beach,CA,B12,,https://projects.propublica.org/nonprofits/organizations/933984683,arts education,2025-10-17 17:58:11,https://global.org,global.orghelp@global.org,,,,,,not_contacted,no,no,,,,high,harvested,global.orghelp@global.org,,0.0,18.0,,"[{""category"": ""primary"", ""keywords_found"": [""art education (partial: 2/2 words)""], ""category_score"": 10.0}, {""category"": ""disability_support"", ""keywords_found"": [""inclusive education (partial: 2/2 words)""], ""category_score"": 8.0}]",homepage,,"education,health,inclusive",2025-10-22T21:51:24.416775,
Cultural Arts Rotary Foundation,770467599,Fresno,CA,P58,,https://projects.propublica.org/nonprofits/organizations/770467599,cultural arts,2025-10-17 17:58:12,,,,,,,,not_contacted,no,no,,,,high,error,,,,0.0,,,,,,2025-10-22T21:51:30.135616,'grant_history'
Artsakh Arts & Cultural Foundation,821391892,Glendale,CA,A12,,https://projects.propublica.org/nonprofits/organizations/821391892,cultural arts,2025-10-17 17:58:12,,,,,,,,not_contacted,no,no,,,,high,error,,,,0.0,,,,,,2025-10-22T21:51:30.417989,'grant_history'
Oceanside Cultural Arts Foundation,330357137,Oceanside,CA,A20,,https://projects.propublica.org/nonprofits/organizations/330357137,cultural arts,2025-10-17 17:58:12,,,,,,,,not_contacted,no,no,,,,high,error,,,,0.0,,,,,,2025-10-22T21:51:32.197063,'grant_history'
Tulare Cultural Arts Foundation,770470854,Tulare,CA,A120,,https://projects.propublica.org/nonprofits/organizations/770470854,cultural arts,2025-10-17 17:58:12,https://tulare.org,info@tulare.org,,,,,,not_contacted,no,no,,,,high,estimated,,"info@tulare.org,contact@tulare.org,hello@tulare.org,inquiries@tulare.org,development@tulare.org,admin@tulare.org",0.0,0.0,,,"homepage,/about,/about-us,/mission,/vision,/our-mission,/what-we-do,/programs,/grants,/giving,/impact",,,2025-10-22T21:51:44.420254,
Youth Cultural Arts Foundation,911906431,Buena Park,CA,P80,,https://projects.propublica.org/nonprofits/organizations/911906431,cultural arts,2025-10-17 17:58:12,,,,,,,,not_contacted,no,no,,,,high,error,,,,0.0,,,,,,2025-10-22T21:51:57.552544,'grant_history'
Torrance Cultural Arts Center Foundation,330625499,Torrance,CA,A51Z,,https://projects.propublica.org/nonprofits/organizations/330625499,cultural arts,2025-10-17 17:58:12,,,,,,,,not_contacted,no,no,,,,high,error,,,,0.0,,,,,,2025-10-22T21:51:58.737118,'grant_history'
Arts And Beyond Cultural Foundation,934566686,Los Angeles,CA,,,https://projects.propublica.org/nonprofits/organizations/934566686,cultural arts,2025-10-17 17:58:12,,,,,,,,not_contacted,no,no,,,,high,error,,,,0.0,,,,,,2025-10-22T21:52:02.670012,'grant_history'
San Joaquin County Office Of Education Educational Foundation,680342748,Stockton,CA,B122,,https://projects.propublica.org/nonprofits/organizations/680342748,education,2025-10-17 17:58:15,,,,,,,,not_contacted,no,no,,,,high,error,,,,0.0,,,,,,2025-10-22T21:52:04.193633,'grant_history'
Viewpoint Educational Foundation,952242261,Calabasas,CA,,,https://projects.propublica.org/nonprofits/organizations/952242261,educational,2025-10-17 17:58:16,https://viewpoint.org,christy.salcido@viewpoint.org,,,,,,not_contacted,no,no,,,,high,harvested,christy.salcido@viewpoint.org,,5.0,78.66666666666667,"let's begin the journey together welcome to the start of an extraordinary education! take the first step with us as our dedicated team guides you through the admissions process, ensuring a warm, supportive experience tailored just for you.","[{""category"": ""primary"", ""keywords_found"": [""arts education (partial: 2/2 words)"", ""creative education (partial: 2/2 words)"", ""art education (partial: 2/2 words)"", ""arts program (partial: 2/2 words)""], ""category_score"": 37.0}, {""category"": ""youth_development"", ""keywords_found"": [""self-expression"", ""imagination""], ""category_score"": 13}, {""category"": ""community_education"", ""keywords_found"": [""community school (partial: 2/2 words)"", ""school partnerships (partial: 2/2 words)""], ""category_score"": 16.0}, {""category"": ""primary"", ""keywords_found"": [""arts education (partial: 2/2 words)"", ""creative education (partial: 2/2 words)"", ""art education (partial: 2/2 words)"", ""arts program (partial: 2/2 words)""], ""category_score"": 37.0}, {""category"": ""youth_development"", ""keywords_found"": [""children"", ""self-expression"", ""imagination""], ""category_score"": 20}, {""category"": ""community_education"", ""keywords_found"": [""community school (partial: 2/2 words)"", ""school partnerships (partial: 2/2 words)""], ""category_score"": 16.0}, {""category"": ""primary"", ""keywords_found"": [""arts education"", ""creative education (partial: 2/2 words)"", ""art education (partial: 2/2 words)"", ""arts program (partial: 2/2 words)"", ""creative learning (partial: 2/2 words)""], ""category_score"": 45.0}, {""category"": ""disability_support"", ""keywords_found"": [""special education (partial: 2/2 words)""], ""category_score"": 7.0}, {""category"": ""youth_development"", ""keywords_found"": [""children"", ""self-expression"", ""creative development (partial: 2/2 words)""], ""category_score"": 22.0}, {""category"": ""community_education"", ""keywords_found"": [""community school (partial: 2/2 words)"", ""school partnerships (partial: 2/2 words)"", ""empowering students (partial: 2/2 words)""], ""category_score"": 23.0}]","homepage,/about,/giving","support the <video> tag. we create exceptional readiness for extraordinary futures. at viewpoint, we are committed to our students and their families. together, we foster an environment that cultivates the critical skill set, instills a courageous mindset, and nurtures a resilient identity in each individual student. request info › apply today › primary school transitional kindergarten - second grade little learners, huge possibilities. learn more › lower school third - fifth grade leaders among their peers. learn more › middle school sixth - eighth grade leveling up for upper school. learn more › upper school ninth - twelfth grade this is world ready. learn more › arts,support of the viewpoint fund is one way all of us can ensure we are able to deliver world-class programs with incredible faculty. give today › viewpoint fundannual benefitways to givehow you make a differencefy24 impact report(opens in new window/tab)meet the teammake a gift!myviewpoint(opens in new window/tab)calendar searchclearsearch abouthead of school welcomemission, vision, & valuescommunity lifeleadershippublications(opens in new window/tab)media relations & brand guidelinescareersadmissiondiscover viewpointadmission processvisit ustuitionfinancial aidfaqstransportationapply(opens in new window/tab)academicsprimary school (tk-2)lower school (3-5)middle school (6-8)upper school (9-12)tk-12 curriculum guidecollege counselingscholar programs & honor societieslibrariesarts,support of the viewpoint fund is one way all of us can ensure we are able to deliver world-class programs with incredible faculty. give today › viewpoint fundannual benefitways to givehow you make a differencefy24 impact report(opens in new window/tab)meet the teammake a gift!myviewpoint(opens in new window/tab)calendar searchclearsearch abouthead of school welcomemission, vision, & valuescommunity lifeleadershippublications(opens in new window/tab)media relations & brand guidelinescareersadmissiondiscover viewpointadmission processvisit ustuitionfinancial aidfaqstransportationapply(opens in new window/tab)academicsprimary school (tk-2)lower school (3-5)middle school (6-8)upper school (9-12)tk-12 curriculum guidecollege counselingscholar programs & honor societieslibrariesartsdanceinstrumental musicfilmtheatrevisual artsvocal musicupcoming and past eventsathleticsathletic programour teamsgame calendar & informationathletic successathletic store(opens in new window/tab)life at viewpointschool spotlights𝘖𝘯 𝘗𝘰𝘪𝘯𝘵 podcast series(opens in new window/tab)wellnessparent partnershipsalumnisummer at viewpoint(opens in new window/tab)givingviewpoint fundannual benefitways to givehow you make a differencefy24 impact report(opens in new window/tab)meet the teammake a gift!myviewpoint(opens in new window/tab)calendar searchclearsearch apply today › love • honor • excellence • imagination • optimism request info › apply today › your web browser does not support the <video> tag. we create exceptional readiness for extraordinary futures. at viewpoint, we are committed to our students and their families. together, we foster an environment that cultivates the critical skill set, instills a courageous mindset, and nurtures a resilient identity in each individual student. request info › apply today › primary school transitional kindergarten - second grade little learners, huge possibilities. learn more › lower school third - fifth grade leaders among their peers. learn more › middle school sixth - eighth grade leveling up for upper school. learn more › upper school ninth - twelfth grade this is world ready. learn more › arts discover. express. achieve. learn more › athletics teamwork. peak performance. championships. learn more › celebration of world cultures and parent partners potluck bring together our vibrant community through global food, music, and art read more › about celebration of world cultures and parent partners potluck bring together our vibrant community through global food, music, and art connection and culture shine at the mid-autumn moon festival at the calabasas country club connection and culture • the mid-autumn moon festival at the calabasas country club read more › about connection and culture shine at the mid-autumn moon festival at the calabasas country club annual hidden hills fiesta parade features a salute to viewpoint’s senior class of 2026 and a record turnout of student participants community • hidden hills fiesta parade features a salute to viewpoint’s senior class of 2026 read more › about annual hidden hills fiesta parade features a salute to viewpoint’s senior class of 2026 and a record turnout of student participants viewpoint school's senior administrators and admission team show up strong at the enrollment management association’s 2025 conference admission • senior administrators and admission team show up strong at the enrollment management association’s 2025 conference read more › about viewpoint school's senior administrators and admission team show up strong at the enrollment management association’s 2025 conference award-winning author kelly yang visits viewpoint for a day of inspiration and storytelling read more › about award-winning author kelly yang visits viewpoint for a day of inspiration and storytelling hispanic heritage month celebration: a day of culture, community, and connection hispanic heritage month • celebration of culture, community, and connection read more › about hispanic heritage month celebration: a day of culture, community, and connection a celebration of leadership and generosity philanthropy • a celebration of leadership and generosity read more › about a celebration of leadership and generosity volleyball patriots rally for a cause spike out cancer girls volleyball night read more › about volleyball dance from stage to studio introducing dance company director justine fink read more › about dance college counseling the power of early decision q&a with viewpoint’s shelley kierman read more › about college counseling college counseling college admissions navigating the noise read more › about college counseling arts employee art show faculty & staff talents on display read more › about arts basketball athletics wesley waddles '25 ranked among socal's top players read more › about basketball carlson family theater music students open the school’s concert season to a sold-out crowd read more › about carlson family theater ready to apply? take the first step towards an extraordinary education,support of the viewpoint fund is one way all of us can ensure we are able to deliver world-class programs with incredible faculty. give today › viewpoint fundannual benefitways to givehow you make a differencefy24 impact report(opens in new window/tab)meet the teammake a gift!myviewpoint(opens in new window/tab)calendar searchclearsearch abouthead of school welcomemission, vision, & valuescommunity lifeleadershippublications(opens in new window/tab)media relations & brand guidelinescareersadmissiondiscover viewpointadmission processvisit ustuitionfinancial aidfaqstransportationapply(opens in new window/tab)academicsprimary school (tk-2)lower school (3-5)middle school (6-8)upper school (9-12)tk-12 curriculum guidecollege counselingscholar programs & honor societieslibrariesarts,funding and support that help the school grow and thrive. they are celebrated each year at the annual leaders’ circle dinner. patriots’ circle: $5,000 our patriots’s circle donors invest in excellence, providing viewpoint with the resources needed to respond nimbly to opportunities and continually enhance the student experience. they are celebrated each year at holiday cheer. friends’ circle: $1,500 our friends’ circle donors strengthen our foundation, equipping viewpoint with essential resources to support and enrich the student experience. they are celebrated each year at the annual leadership celebration. community impact circle: up to $1,499 our community impact circle donors fuel the mission of viewpoint and demonstrate our belief that we have the power to do better, to make change and to see progress. they are celebrated each year at gratitude & cocktails. “there are few things more important than education. support of the viewpoint fund is one way all of us can ensure that viewpoint delivers world-class curricular and extracurricular programs,support provides the essential resources and flexibility needed to drive innovative programs and enriching experiences. click here to view our head of school circle donors. leaders’ circle: $10,000 our leaders' circle donors play a key role in supporting viewpoint, providing crucial funding and support that help the school grow and thrive. they are celebrated each year at the annual leaders’ circle dinner. patriots’ circle: $5,000 our patriots’s circle donors invest in excellence, providing viewpoint with the resources needed to respond nimbly to opportunities and continually enhance the student experience. they are celebrated each year at holiday cheer. friends’ circle: $1,500 our friends’ circle donors strengthen our foundation, equipping viewpoint with essential resources to support and enrich the student experience. they are celebrated each year at the annual leadership celebration. community impact circle: up to $1,499 our community impact circle donors fuel the mission of viewpoint and demonstrate our belief that we have the power to do better, to make change and to see progress. they are celebrated each year at gratitude & cocktails. “there are few things more important than education,support of the viewpoint fund is one way all of us can ensure we are able to deliver world-class programs with incredible faculty. give today › viewpoint fundannual benefitways to givehow you make a differencefy24 impact report(opens in new window/tab)meet the teammake a gift!myviewpoint(opens in new window/tab)calendar searchclearsearch abouthead of school welcomemission, vision, & valuescommunity lifeleadershippublications(opens in new window/tab)media relations & brand guidelinescareersadmissiondiscover viewpointadmission processvisit ustuitionfinancial aidfaqstransportationapply(opens in new window/tab)academicsprimary school (tk-2)lower school (3-5)middle school (6-8)upper school (9-12)tk-12 curriculum guidecollege counselingscholar programs & honor societieslibrariesartsdanceinstrumental musicfilmtheatrevisual artsvocal musicupcoming and past eventsathleticsathletic programour teamsgame calendar & informationathletic successathletic store(opens in new window/tab)life at viewpointschool spotlights𝘖𝘯 𝘗𝘰𝘪𝘯𝘵 podcast series(opens in new window/tab)wellnessparent partnershipsalumnisummer at viewpoint(opens in new window/tab)givingviewpoint fundannual benefitways to givehow you make a differencefy24 impact report(opens in new window/tab)meet the teammake a gift!myviewpoint(opens in new window/tab)calendar searchclearsearch apply today › viewpoint fund home > giving > viewpoint fund the viewpoint fund fuels excellence. our families’ first and most important gift is their gift to the viewpoint fund. all gifts to the fund have the collective power to boost our revenue above and beyond what tuition provides, ensuring the excellence of the viewpoint experience. when parents, grandparents, and alumni give, they provide the margin of excellence that allows viewpoint to create exceptional readiness for extraordinary futures. donate › the power of giving back: building community through philanthropy giving back strengthens our community, inspiring positive actions and reinforcing our values. in education,supports student goals and fosters a positive culture that highlights the power of collective support and growth. where does the viewpoint fund go? all gifts to the viewpoint fund, be they pointed to the general fund or toward the arts,supports student goals and fosters a positive culture that highlights the power of collective support and growth. where does the viewpoint fund go? all gifts to the viewpoint fund, be they pointed to the general fund or toward the arts, athletics, financial aid, faculty development and recognition, or stem programs, provide a tremendous boost to the school’s capacity to do all it strives to do for its students. learn more about philanthropy at viewpoint area of the highest need stem arts financial aid athletics faculty development & recognition stem viewpoint’s academic program is virtually unmatched in the breadth and depth of course work available to students. when you designate a gift to stem education,support of the viewpoint fund is one way all of us can ensure we are able to deliver world-class programs with incredible faculty. give today › viewpoint fundannual benefitways to givehow you make a differencefy24 impact report(opens in new window/tab)meet the teammake a gift!myviewpoint(opens in new window/tab)calendar searchclearsearch abouthead of school welcomemission, vision, & valuescommunity lifeleadershippublications(opens in new window/tab)media relations & brand guidelinescareersadmissiondiscover viewpointadmission processvisit ustuitionfinancial aidfaqstransportationapply(opens in new window/tab)academicsprimary school (tk-2)lower school (3-5)middle school (6-8)upper school (9-12)tk-12 curriculum guidecollege counselingscholar programs & honor societieslibrariesarts","education,arts,community,creative,education,arts,community,children,creative,education,arts,community,children,learning,creative",2025-10-22T21:52:30.029200,
Carlsbad Educational Foundation,953768448,Carlsbad,CA,,,https://projects.propublica.org/nonprofits/organizations/953768448,educational,2025-10-17 17:58:16,https://carlsbad.org,info@carlsbad.org,,,,,,not_contacted,no,no,,,,high,estimated,,"info@carlsbad.org,contact@carlsbad.org,hello@carlsbad.org,inquiries@carlsbad.org,development@carlsbad.org,admin@carlsbad.org",5.0,31.857142857142858,"the carlsbad chamber of commerce acts as a regional economic catalyst, leadership convener and community champion.","[{""category"": ""primary"", ""keywords_found"": [""arts education (partial: 2/2 words)"", ""art education (partial: 2/2 words)"", ""arts program (partial: 2/2 words)"", ""arts access (partial: 2/2 words)""], ""category_score"": 36.0}, {""category"": ""disability_support"", ""keywords_found"": [""special needs (partial: 2/2 words)"", ""special education (partial: 2/2 words)""], ""category_score"": 16.0}, {""category"": ""youth_development"", ""keywords_found"": [""children""], ""category_score"": 7}, {""category"": ""community_education"", ""keywords_found"": [""community school (partial: 2/2 words)"", ""school partnerships (partial: 2/2 words)"", ""educational access (partial: 2/2 words)"", ""quality education (partial: 2/2 words)"", ""community engagement""], ""category_score"": 37.0}, {""category"": ""primary"", ""keywords_found"": [""art education (partial: 2/2 words)""], ""category_score"": 10.0}, {""category"": ""community_education"", ""keywords_found"": [""quality education (partial: 2/2 words)""], ""category_score"": 7.0}, {""category"": ""primary"", ""keywords_found"": [""art education (partial: 2/2 words)""], ""category_score"": 10.0}, {""category"": ""community_education"", ""keywords_found"": [""quality education (partial: 2/2 words)""], ""category_score"": 7.0}, {""category"": ""primary"", ""keywords_found"": [""art education (partial: 2/2 words)""], ""category_score"": 10.0}, {""category"": ""primary"", ""keywords_found"": [""art education (partial: 2/2 words)""], ""category_score"": 10.0}, {""category"": ""primary"", ""keywords_found"": [""arts education (partial: 2/2 words)"", ""art education (partial: 2/2 words)"", ""arts program (partial: 2/2 words)""], ""category_score"": 28.0}, {""category"": ""community_education"", ""keywords_found"": [""community school (partial: 2/2 words)"", ""quality education (partial: 2/2 words)"", ""community engagement (partial: 2/2 words)""], ""category_score"": 22.0}, {""category"": ""primary"", ""keywords_found"": [""art education (partial: 2/2 words)""], ""category_score"": 10.0}, {""category"": ""disability_support"", ""keywords_found"": [""special education (partial: 2/2 words)""], ""category_score"": 7.0}, {""category"": ""community_education"", ""keywords_found"": [""community engagement (partial: 2/2 words)""], ""category_score"": 6.0}]","homepage,/about,/about-us,/mission,/vision,/giving,/impact","support and guidance shared with new and growing businesses is phenomenal.gina aven16:54 25 feb 25ratnesh singh23:51 20 feb 25gazelle parsa21:35 13 feb 25joining the carlsbad chamber of commerce was one of the best decisions i’ve made. their support, kindness, and dedication to helping entrepreneurs succeed are truly incredible. they genuinely want to see you thrive and will do whatever they can to help. i highly recommend becoming a member and am so grateful for all of them!karina martinez22:31 05 feb 25carlsbad selfstorage22:19 05 feb 25adam aarons17:23 28 jan 25amazing people and institution.inlifeveritas marcom18:06 06 jan 25great beach community. the cva helps you feel connected and heard. it’s an opportunity to put names, business with real faces. hands down look forward to the village voices meetings.ruth vento21:18 19 dec 24i have been in sales for 30 years. i have always found that being involved with all types of businesses keeps me on top of changes in the workplace. the carlsbad chamber goes out of their way to keep us very involved in the value of the businesses in our area. they offer several leads groups that focus sharing ideas and providing examples of how we can all work together.matt rubel22:43 17 dec 24amazing members and staff who enable local talent to grow and succeed!guzel lumpkin22:44 10 dec 24love our city and our carlsbad chamber of commerce. their fearless leader bret and the entire team do so much for our local businesses and residents.wendy farris17:08 06 dec 24great networking opportunity! worthwhile programming and time well spent!luis carlos morales20:48 05 dec 24devin c. hughes21:44 06 nov 24best chamber of commerce in the country by far...!! builds community and capacity at levels that i have not ever seen by a chamber of commerce.ronaele muter22:23 03 nov 24verenice garcia19:47 03 nov 24carlsbad city of commerce is doing a great job with their events and connecting local businesses to the community.cheryl riesmeyer18:37 03 nov 24fun booth. i really enjoyed the peoplejeanne terranova17:19 03 nov 24lauren mankus16:53 03 nov 24love all their eventstyler reese20:45 24 oct 24the carlsbad chamber is an incredible organization that has helped me tremendously as a business owner in carlsbad, ca. the combined leadership of bret and kathleen is unparalleled, and if you are looking into having a pro-business partner, this group is the one to do so. sign up to be a member asap!gary heppy21:20 10 oct 24something is always happening here at the carlsbad chamber of commerce. if you need to network? this is the place to do it.james revell22:45 04 oct 24big thanks to the team for planning and hosting carlsbad's city council candidate forum! it was exceptionally well-run, organized, and had a welcoming atmosphere. a great opportunity to engage with the community and hear directly from the candidates. well done!monica rhead18:48 04 oct 24i highly recommend becoming a member or becoming involved with the carlsbad chamber of commerce. amazing group of business professionals from all markets in the carlsbad community. i attended today's first friday breakfast at the westin and the event exceeded my expectations.i met very friendly and professional residents in the business community and made some business and personal connections.thank you to the chamber committee who organized the event .great job. i look forward to attending more events the chamber hosts.carlsbad village music23:29 28 sep 24we are blessed to be a music school and retailer in carlsbad. the chamber makes it a personal mission to know who we are and to support us. we appreciate them so much.... we recommend being a small business in beautiful carlsbad. thank you!janinejulie hand21:28 25 sep 24love love walks on the sand!!melanie kanouse21:26 25 sep 24lynndee porter18:39 22 sep 24happy 100 year anniversary to beautiful and special carlsbad!robert11:34 18 sep 24they silence people and don't want to be recorded.. we expose traitors.we hold everyone accountable.bre millard15:59 17 sep 24love the rising star event!also beautiful facility. friendly staffjoyce “sapphire” lamberth01:08 11 sep 24michelle o'reilly16:18 09 sep 24carlsbad is very fortunate to have such an excellent chamber and staff. the ceo, bret schanzenbach, does an incredible job with an energetic and engaging set of programs. the amazing north county business sector is well networked because of the professionalism of this staff. there is truly something for everyone at this chamber.teri house04:44 07 sep 24i had a wonderful time at the state of the city event this morning. i thought the video was funny and informative. i appreciated brent’s entire program. keep up the good work!don kent20:59 06 sep 24paola richard18:37 06 sep 24always supportive, always helpful, always fun. bret and the entire team are amazing, and they are definitely part of our business success throughout the years with gelatolove. we love the events and we love this community. well done, we are with you!!ken aurigemma17:25 06 sep 24the carlsbad chamber of commerce did a great job with the carlsbad regional community summit!lauren penley17:11 06 sep 24the carlsbad chamber of commerce is wonderful! full of resources and so helpful in getting the community involved in our beautiful city!bennett mann18:10 05 sep 24""this is a great place to connect with people in the local business and non-profit community. the events are well-organized, and there are plenty of options to choose from that suit your specific interests""christa meathe18:42 28 aug 24great organization and proud to be a member.larry parente20:20 23 aug 24kim lombardi - realtor21:23 22 aug 24i love the carlsbad chamber of commerce! i love having regular opportunities to meet other business owners, share knowledge, make connections, and support our community. there are always fun events each month at the chamber and around the community, and getting involved is important - it's the best way to meet people! i highly recommend the carlsbad chamber of commerce! see you there! 🙂senami craft, esq.20:13 22 aug 24the carlsbad chamber of commerce is simply the best chamber i have ever had the chance of being part of. full of resources, wonderful people energy!sean o'neill18:20 21 aug 24ana moya00:53 21 aug 24i love the events that are held in the different areas of carlsbad, i went to the ice cream social and it was a great time networking and meeting my carlsbad neighbors. love carlsbad!kevin shin22:37 20 aug 24best place to network and discover the economic mission of the city. bret, len and all the staff are so accommodating. service above self. and remember to engage yourself. they provide great business mixers!!marcia lee21:34 19 aug 24carrie klewin lawrence06:13 16 aug 24so much great information!glenn domingo15:57 02 aug 24netforce 1 has changed my business networking experience. our agency will be 27 years this october and have embraced the carlsbad chamber for re-kindling my networking efforts for the last third of my career.jill krenkler18:27 11 jul 24everyone is so friendly and helpful and there is a lot going on with this chamber!cordia swanson04:52 29 jun 24the closest i can get is to tell you that i loved in carlsbad for four wonderful years and loved it. it is a beautiful place to live. the domestics are wonderful. thank you.that was in 2001 to 2004. peacegeoffrey stauffer06:12 22 jun 24excellent organization and looking forward to establishing a lasting relationship with them.kevin sharrar15:51 07 jun 24best. chamber. ever!!! as a 17 year member, we have found it to be a great place to meet like-minded business professionals! the chamber staff always deliver with various events, networking & educational opportunities throughout the year!jason mcdonald15:49 07 jun 24enjoyed the first friday breakfast. thanks for getting good people together! go carlsbadelise holmes15:48 07 jun 24gelato love presentation was great!rana pratap06:10 26 may 24rana pratap from headgeo tree19:56 25 may 24the goal here is to attract as many hoity toity big ego, overpaid, godless people here as they can, to fill up the roads, buy poorly-built overpriced stucco houses, and fill up the shopping centers, and pollute our ocean and sky. their goal is to add 200k people a year and make it as congested as la one day.des gallagher00:27 15 may 24a real sense of community!elva aranjo23:33 05 may 24love the city of carlsbad! chris rocks!!!gina23:15 05 may 24the carlsbad chamber is amazing! very involved, helpful and wonderful people and connections made!belle j22:22 05 may 24live laugh lovetheresa hadley22:08 05 may 24great eventlisa ellis20:25 05 may 24fun! fun! fun!matt august16:10 03 may 24great event the carlsbad chamber does an amazing job!lisa molnar16:03 03 may 24loved attending the first friday breakfast, networking and learning more about legoland from kurt stocks. always enjoy my time with the carlsbad chamber events.lisatrue radiance aestheticschelsea adair16:01 03 may 24i’m a new member! excited to be here. just experienced my first friday breakfast and had a great time networking and meeting new friends to help build relationships with and nurture each other’s businessesbella ajs15:59 03 may 24lisa naudi15:59 03 may 24carl schloessman13:51 01 may 24ash04:39 27 apr 24love them they all just amazingjocelyne bloas17:06 26 apr 24well located, quiet, good bedding, small downside regarding cleaning which is a paid option. overall satisfied with my stayjocelyne bloas10:24 25 apr 24ana maltzman07:52 16 apr 24carlsbad & its chamber of commerce rocks!ira rodriguez18:42 12 apr 24love the carlsbad business journalryan fitzpatrick22:44 11 apr 24lynn marden17:36 09 apr 24love carlsbad! would love a 100 year tshirt in xxl for my husband.maddie mackey00:12 09 apr 24recently attended one of their networking events and had a great time. i was invited by another member and was definitely encouraged to join. everyone was very friendly, and the event was very well done. i have my call to learn about joining next week!:)frankie gonzalez21:26 05 apr 24elaine bryan15:55 05 apr 24awesome table talks today at the first friday breakfast and jenny, our speaker today, was so impactful and amazing! thanks again! 🤩🙌🏻derek petersen15:54 05 apr 24carly turbyfill15:54 05 apr 24margaret malek15:53 05 apr 24hank ditto19:28 28 mar 24as a longstanding carlsbad chamber member, we can't say enough positive things about the organization. they truly go to great lengths to support and promote local business. your efforts are sincerely appreciated!gary heppy15:31 14 mar 24i have enjoyed being part of this chamber, lot's of fun. great group of people.lana dumais16:43 01 mar 24i have joint the carlsbad chamber earlier this year and have had a chance to attend several events. i have been very impressed with the level of professionalism of everyone i have interacted so far. the caliber of business professionals is unparalleled. let’s of great opportunities to network and to get involved in the community.jack gates16:41 01 mar 24brian17:16 27 feb 24jared s17:04 23 feb 24ryan bernal (pure barre)02:15 10 feb 24the carlsbad chamber of commerce is organized like no other chamber of commerce, community forward, and available to help!jennie macgoy00:16 10 feb 24thrilled to be a new member of the chamber. staff is knowledgeable, friendly, and supportive. excellent business decision!brooke eastman20:06 09 feb 24the chamber is helping me make connections and build valuable relationships in just the first few months - can't wait to see what the rest of the year brings!b eastman20:04 09 feb 24the chamber has already proven to be a rich resource for making valuable connections within the community - and we're only 3 months in! i'm looking forward to what i can do this year with the relationships being built here!andrew lippman21:12 03 feb 24i'm new to carlsbad so i thought it was a good idea to check out the chamber of commerce. it's been one of the best decisions i've made in a while! plenty of interesting events and opportunities here. the chamber staff are energetic and very helpful. the members are friendly and outgoing making for great networking. this is by far the best chamber of commerce i've ever been affiliated with and i haven't even scratched the surface of their offerings.reese harris16:58 02 feb 24love this chamber of commerce! today’s ‘carlsbad regional community summit’ event was fabulous. the video that highlighted the latest with the city was very informative and entertaining. great job to everyone at the weston, and the city staff, and the chamber for a really well done event.dakotah douglas16:57 02 feb 24should have joined and got involved even sooner than i did! great opportunities for connections.rachel arbuckle01:17 02 feb 24becoming a member of the carlsbad chamber of commerce was a decision i mulled over for a couple of years. last year, i finally took the plunge, and i can't help but wish i hadn't waited so long! the opportunities that the chamber has provided have genuinely amazed and elated me.one of the standout features of the carlsbad chamber is its diverse range of networking and educational events. what truly astounded me is that at every single event, i've had the pleasure of meeting multiple new people. that was a game-changer for me. each networking event brings with it the anticipation of meeting someone new, someone who shares the same passion for business growth.in addition to the general networking events, i also joined one of the netforce networking groups. our weekly meetings have been an eye-opener. i've never encountered such a dedicated and beneficial group of like-minded individuals. the support and inspiration i've gained from my group, the incredibly kind and helpful chamber team, and fellow members have been nothing short of exceptional.the impact of this experience extends not only to my business but to me as a business owner. my photo organizing business, 2000 paces photo organizing, has experienced remarkable growth, and i firmly believe that it's in large part due to the incredible journey i've had at the carlsbad chamber of commerce.to anyone considering joining, don't wait as i did. the carlsbad chamber has proven to be a catalyst for my business's success and personal growth. thank you, carlsbad chamber of commerce, for the tremendous impact you've had on me and my business. i couldn't be more grateful.hunter johnson22:21 01 feb 24alper tetikoglu21:53 01 feb 24lucy kelleher21:53 29 jan 24i have been a proud member of the carlsbad chamber of commerce for over 7 years with my consulting business, keep them loyal.. it has, by far, been the best investment of time and money that i have made for my business. the networking opportunities have been invaluable, allowing me to connect with like-minded entrepreneurs and grow my business network significantly.a key part of the chamber's success is its incredible staff. they are consistently helpful, supportive, and highly professional. their dedication and hard work are evident in every interaction and have significantly contributed to the positive experiences of all members.personally, i've gained immense knowledge through the educational resources and workshops provided, enhancing my business acumen and leadership skills. the impact on my business has been tangible – from increased visibility within the community to meaningful partnerships that have driven business growth.i wholeheartedly recommend the carlsbad chamber of commerce to any business looking to invest in their growth and development. the time and financial investment have been well worth the benefits and support received. a heartfelt thank you to the chamber for their dedication to nurturing the business community in carlsbad.neovision services group02:10 26 jan 24a very engaged chamber. this organization delivers consistent communication via newsletters and events.dan yates22:30 19 jan 24kyung donoso19:11 10 jan 24skip coomber16:53 25 dec 23the carlsbad chamber of commerce is a very active business support organization.judy ramirez20:53 14 dec 23we love our city, its strategic plan for inclusivity, and especially alga norte aquatic center.judy rees20:18 14 dec 23excellent activities including government affairs!hera hub carlsbad04:53 08 dec 23we love the chamber! they are a wonderful resource for local businesses. the staff is all amazing. we have worked with them on several events and it has already been a pleasure and a success. the carlsbad chamber has several smaller working groups to help you connect with other members, in addition to the larger events. everyone is always friendly and there is a diversity of businesses represented there.sam kmety15:13 01 dec 23i spent hundreds of dollars sponsoring many breakfast events and donated thousands of swag items to enhance their events. yet the lack of respect and appreciation was just one of the many reasons i left.chris ryan20:29 30 nov 23i appreciate the fellowship and sense of community i receive from this group of business leaders. i have built my business with the help of this community. i feel loved, and you all inspire me so much. i am forever grateful for these friendships and the business that has come from these valued people in my network.dan sweiger19:19 09 nov 23the carlsbad chamber is very active and adds a lot of value for our business. they've really expanded activities and participation in the senior healthcare sector where my company, brightstar care of carlsbad, provides award-winning home care services.james zhang16:53 05 nov 23these guys are the best. they put on great events, street fairs, and lunches. they truly advocate for the businesses in the community. no wonder carlsbad is the most pro business municipality in san diego county.jules vincent20:24 13 oct 23exceptional support from the carlsbad chamber of commerce! their team is responsive, knowledgeable, and genuinely invested in local businesses. the resources provided have been invaluable, and their commitment to community growth is commendable. highly recommended for anyone seeking a thriving business network in carlsbad!holly zhang16:22 16 aug 23the carlsbad chamber of commerce truly shines as the most remarkable chamber i've come across. i am deeply honored to be part of a community of authentic servant leaders who wholeheartedly exemplify the fundamental values of people, purpose, and impact. serving on the aging service committee as a volunteer lead for aarp north county and as a senior real estate specialist, i have had the privilege of learning from and collaborating with some of the industry's finest leaders. i eagerly anticipate further opportunities to learn, contribute, and develop.bret schanzenbach, along with the board and the entire team, truly deserve a five-star rating in every aspect!david bentley20:26 22 jul 23the carlsbad chamber of commerce is one of the most professional, supportive and successful organizations i’ve had the privilege to be part of during my 40+ year career. the organizational leadership and staff, particularly brent schanzenbach, president/ceo, kathleen mcnary and kathy steffens, inspire success.sean flannery00:24 22 jun 23the carlsbad chamber is a great organization and has helped my small business thrive! their staff is also helpful and friendly. i've been a member for several years now.kidsforpeaceusa19:53 25 apr 23we have been a member of the carlsbad chamber of commerce for over a decade. not only does the carlsbad chamber support our local businesses, nonprofits and community as a whole, the carlsbad chamber of commerce (ccc) is a leader in the kindness movement. the ccc helped launch the inaugural kindness certified company program which honors and recognizes companies that are good to their people, community, planet and world. this visionary chamber has a stellar staff that truly leads with kindness and positivity. kids for peace is honored to be a member of the carlsbad chamber of kindness!!larry layton01:16 31 mar 23the carlsbad chamber of commerce is by far the best chamber i have ever experienced. i am proud to be associated with a cadre of authentic servant leaders that live by their core values of people, purpose, and impact.in a matter of three months, my business, 4wall insights, and i have had the benefit of doing business with a fellow chamber member and have brought other business owners to join the chamber as well. bret schanzenbach, the board, and team deserve 5-stars all the way!holly pobst23:31 24 feb 23the carlsbad chamber of commerce is first rate. what a terrific group of individuals doing great work in the community to support local businesses. wonderful resource for sure!anthony cina00:49 13 feb 23robert h flynn06:53 10 feb 23i joined the carlsbad chamber several months ago and did so in part because of the size and breadth of its membership and activities. since joining i found the chamber staff from top down is enthusiastic and welcoming. and, its netforce referral networking groups are an effective method of growing a business.naila sfeir23:06 19 jan 23i have been a member of the carlsbad chamber for six years now and can confidently say that it has made a positive impact on my business! i truly value all of the wonderful connections i have made over the years not to mention all of the support and encouragement i have received. thank you for being such an amazing chamber and all you do for our community!admin desk00:27 09 dec 22i have really enjoyed being a part of the chamber. being new to the carlsbad area, the chamber of commerce has been an amazing resource to meet new people and connect my business with the community.shane nair23:14 30 nov 22i have been involved with the carlsbad chamber for ten months and met many wonderful people. it has helped me grow my book of business and develop friendships within the community. thanks to the chamber team for creating the opportunities to connect with other business owners.cia marshal03:48 17 nov 22carlsbad chamber of commerce is one of the most open and welcoming chambers i have encountered. accepting of all and they sincerely want to serve their community! excellent staff.james cliame01:17 03 sep 22carlsbad chamber has supported my evangelizing my green efforts in creating growth for small businesses at the same time doing it with maximizing green resources. bret has far exceeded his role as ceo and is a trusted friend and colleague. his humility and professionalism makes him more priceless than diamonds. the staff goes out of their way to truly care about me as i continue to go through rehabilitation. so don’t just “catch the wave, catch the carlsbad chamber of commerce.” !lindsey smith17:37 22 aug 22this is a great chamber! they plan high quality events and host frequent networking opportunities. the staff are friendly and helpful, too. we’re happy to be a part!d di19:21 19 aug 22the state of the community event is always a wonderful experience. the chamber puts together a great event, along with the city’s highlights of the community. carlsbad is an amazing community!karen pearson19:21 19 aug 22amazing presentation on tourism at the carlsbad chamber’s 2022 state of the community luncheon today! i learned so much about the state of our city, regional, state, country and global travel and leisure. very insightful remarks from experts in their respective fields!jessica hornbeck19:19 19 aug 22as a north county based business, we very much appreciate the community and quality programming the carlsbad chamber continues to deliver. love the folks running the chamber and grateful to have made friends with other small businesses as a result. thank you for all that you do and well done recovering from the pandemic disruption!leanne abraham13:45 17 aug 22the carlsbad chamber is exceptional. they are doing a great job bringing together the business community, creating a supportive and collaborative culture, and providing timely and valuable resources and information. also their team is service focused with heart.nerissa zhang15:08 02 aug 22the chamber has been incredible, it was the very first chamber i've joined and the events are fire. lots of fun and they are very focused on collaboration. excited to learn more and attend more events.alesia clark00:39 07 jul 22becoming a member of the carlsbad chamber of commerce was the best decision i made for my business. it is wonderful to be supported by such a great organization that likes to see businesses succeed and to be a part of a community of great business leaders.pam lewko00:09 29 jun 22i am a new chamber member and loving it! they are extremely invested in the community. have fantastic speakers and happy hours. extremely professional and very warm and welcoming.i would highly recommend you visit and join!fully promoted carlsbad21:50 14 jun 22we love being part of the carlsbad chamber. professional people, great events, super friendly staff. we really enjoy participating and meeting new people. thanks carlsbad chamber!laura henderson20:59 16 may 22as a business owner, i checked out all of my local chambers before joining. carlsbad is the best! they truly provide lots of support and resources for local businesses and if you put in the effort you will easily get your moneys worth out of your membership.nicole moersch18:43 16 may 22carlsbad chamber of commerce are champions of promoting local business and community partners! carlsbad unified is so thankful to collaborate with them. thank you for your continued support!obama00:04 10 may 22myoffice, inc has been a member of this chamber for several years and i can honestly say we have earned our roi ten fold. it's a great group of folks to build relationships with.bridget a18:32 09 may 22i went to my first carlsbad chamber event nearly 20 years ago and just went to a networking/learning event this past friday. through the years the chamber has supported my business, from the first event i attended, where i was new, green, and needed help figuring out how to network to now.the carlsbad chamber is the second largest chamber of commerce in san diego county, they have a great mix of long-time and new members, they know everything there is to know about what is happening in north county, and they are a wonderful resource for small or large businesses. through the chamber i have been able to acquire new and long-term clients, learn about city and county resources as well as connect with city leaders & officials. the chamber throughout the years has been an asset for my growing business.tracey spangenberg17:55 06 may 22i am a new member to the chamber and could not have had a more positive experience. the welcome has been warm and genuine. the people are caring, professional and truly want to see you succeed. thank you ccc!alexander willman17:21 06 may 22good to again meet members at this monthly breakfast meeting. now i know why my expressions of ""appreciation"" to my top performer at my last career position, did not ring true! any opportunity to change the start time to 7:30, and limit the speakers to 20 minutes?chris weiner22:21 03 may 22i’ve been a member of the carlsbad chamber for over 2 years now. i joined specifically because i wanted to get more involved in the community, to extend my network of influence, and to grow my book of business. right away i saw a difference. i was able to meet business leaders and influencers, and start getting some referrals, which had a dramatic impact on my sales. the more i got involved, the more i got out of it. i’m extremely grateful for what the carlsbad chamber, their amazing staff, and loyal members, have done for my business.mel l20:37 21 apr 22thanks to roderick and his team’s professionalism and execution!it doesn't get any better than this team----> honesty; great pricing strategy; organized preparation and staging; efficient showings; great working rapport with buyer's agent; follow through in coordinating the repairs after inspection and timeliness & first time accuracy in all of the documents.we accepted an offer way above listing in less than a week and close escrow in less than 30 days. totally enjoyed the experience!monica alvarez21:04 05 apr 22the carlsbad chamber of commerce is an invaluable organization that supports the businesses and prosperity of the carlsbad community. the team is knowledgable and skilled at what they do - and they know how to make a person feel welcomed and seen! i highly recommend joining this chamber if you're in the area.nuspine bressi ranch20:19 25 mar 22the chamber has been a great help and a wonderful resource for us. their monthly happy hours are a great way to network with other businesses and get to know your community.david peer22:02 23 mar 22my firm has been members of the carlsbad chamber of commerce for over a year and i cannot say enough about this group. the members of the chamber are welcoming and the chamber staff are thoughtful and active. carlsbad has a burgeoning small business community and the carlsbad chamber of commerce is at the heart of it all.sandra estrada15:10 16 mar 22i have recently joined the chamber, and i'm very impressed with all the programs they have to support small business owners and companies in general from carlsbad. i feel very excited to be part of it and connect with the community. all the staff members are great people. i'm looking forward to learning more, engaging, and helping as much as possible. thank you very much for all your hard work!cathy ellis16:16 15 feb 22as a small business owner, i cannot tell you how impressed i am with the carlsbad chamber of commerce! the caliber of their team and members is outstanding. don't hesitate to join, it will be the best investment you can do for your business! there's something for everyone!lisa rodman17:18 12 jan 22a worthwhile place to meet many of our business needs. from networking to trusted partnerships the carlsbad chamber really exceeds our expectations. samantha and i enjoyed our podcast experience. bret was a great host.miguel a. de jesus16:39 12 jan 22the ""personality"" of this chamber is warm, receptive, open and engaged. the community engagement, involvement and initiatives are spot on with the needs of the community with effective and ""servant leadership"" at all levels of the organization. you will be well served to speak with any of the chamber members and/or the support superstar staff.rex wilson17:59 21 dec 21the carlsbad chamber of commerce is truly the voice of businesses in carlsbad. members are highly involved and the events they provide for education, networking, and fundraising are top-notch. revel energy is a proud member of this great organization.jeff severson23:49 20 dec 21i can't say enough good things about the carlsbad chamber. bret, the ceo, and his staff are fantastic! the membership is strong and supportive. the events, tools, resources that's provided are terrific. to anyone who is considering becoming a member of the carlsbad chamber, i highly recommend you joining!keith badiner04:21 15 dec 21the carlsbad chamber of commerce is one of the best organization i have ever experienced. the friendly, intelligent, and forward thinking staff continue to grow great opportunities for all of the members. i can directly attribute referred business, special opportunities, and value recognize by clients to my involvement to this chamber. if you have any questions, ""just ask"" me; i'm sure you'll appreciate what the carlsbad chamber of commerce can do for you.haley peterson17:31 11 dec 21the carlsbad chamber is a great way to get involved in your community and connect with other businesses. i have been involved with various committees and events for years and it is always a rewarding experience! the government affairs committee always offers an inside look into what is happening in our region and a comfortable way to ask questions and learn more. bret and his whole team are incredible and full of so many resources.ram s17:25 10 dec 21i have been a member of the chamber for the past 3 years. it was a wonderful experience for me. i am on the tech advisory committee as well.the office staff is so friendly to work with. at every event, i was able to make all new connections. i can't think of a better place to launch my new saas business. looking forward to more active participation at future chamber events.nikki kay16:35 05 dec 21what’s not to love about the carlsbad chamber of commerce?! they are an outstanding organization that puts relationships first and are very well integrated in the local business community. the chamber is brilliantly led by brett s, who has an equally fabulous team supporting him. they are forward thinking and fun, and always ready to push the boundaries for the good of its members and the local community it supports. i highly recommend.katelin scanlan20:00 29 nov 21the chamber continues to be a fantastic resource for carlsbad and the surrounding region. they track public policy that impacts businesses and their members, provide opportunities to network and connect with community leaders and put on events that foster community engagement and support local businesses. if you aren't a member already, consider joining so you can access all the wonderful benefits being offered!jani jackson21:46 09 nov 21fantastic organization! i really appreciate the carlsbad chamber's philosophy of building relationships first, and business will follow. the carlsbad chamber has been invaluable to me in growing my business. excellent workshops, speakers, networking opportunities, and community.kathleen mcnary17:51 09 nov 21i was a member in 2014, and am so grateful for the opportunity i got to work here here 7 years ago. the entire community comes together to help each other here, and i get to participate.john o'reilly16:40 05 nov 21cool chamber. put on an incredible hybrid (virtual + in-person) meeting! great sense of community and camaraderie. excellent govt affairs committee!marcy browe15:55 05 nov 21very high level professional organization. i’ve given and received business multiple times. i’m a huge fan of the chamber and their staff. keep up the great work!janine burke20:36 08 oct 21i am so grateful for the carlsbad chamber of commerce! i have met wonderful people, and my business would not be as successful without the chamber! the chamber is constantly working to advocate for businesses in the community. the events are positive and celebrate the local businesses and small business entrepreneurs. it is a ""must join"" for carlsbad businesses! experience your local chamber upcoming events member directory join chamber latest blog posts: october is national arts,support and promote local business. your efforts are sincerely appreciated!gary heppy15:31 14 mar 24i have enjoyed being part of this chamber, lot's of fun. great group of people.lana dumais16:43 01 mar 24i have joint the carlsbad chamber earlier this year and have had a chance to attend several events. i have been very impressed with the level of professionalism of everyone i have interacted so far. the caliber of business professionals is unparalleled. let’s of great opportunities to network and to get involved in the community.jack gates16:41 01 mar 24brian17:16 27 feb 24jared s17:04 23 feb 24ryan bernal (pure barre)02:15 10 feb 24the carlsbad chamber of commerce is organized like no other chamber of commerce, community forward, and available to help!jennie macgoy00:16 10 feb 24thrilled to be a new member of the chamber. staff is knowledgeable, friendly, and supportive. excellent business decision!brooke eastman20:06 09 feb 24the chamber is helping me make connections and build valuable relationships in just the first few months - can't wait to see what the rest of the year brings!b eastman20:04 09 feb 24the chamber has already proven to be a rich resource for making valuable connections within the community - and we're only 3 months in! i'm looking forward to what i can do this year with the relationships being built here!andrew lippman21:12 03 feb 24i'm new to carlsbad so i thought it was a good idea to check out the chamber of commerce. it's been one of the best decisions i've made in a while! plenty of interesting events and opportunities here. the chamber staff are energetic and very helpful. the members are friendly and outgoing making for great networking. this is by far the best chamber of commerce i've ever been affiliated with and i haven't even scratched the surface of their offerings.reese harris16:58 02 feb 24love this chamber of commerce! today’s ‘carlsbad regional community summit’ event was fabulous. the video that highlighted the latest with the city was very informative and entertaining. great job to everyone at the weston, and the city staff, and the chamber for a really well done event.dakotah douglas16:57 02 feb 24should have joined and got involved even sooner than i did! great opportunities for connections.rachel arbuckle01:17 02 feb 24becoming a member of the carlsbad chamber of commerce was a decision i mulled over for a couple of years. last year, i finally took the plunge, and i can't help but wish i hadn't waited so long! the opportunities that the chamber has provided have genuinely amazed and elated me.one of the standout features of the carlsbad chamber is its diverse range of networking and education,support received. a heartfelt thank you to the chamber for their dedication to nurturing the business community in carlsbad.neovision services group02:10 26 jan 24a very engaged chamber. this organization delivers consistent communication via newsletters and events.dan yates22:30 19 jan 24kyung donoso19:11 10 jan 24skip coomber16:53 25 dec 23the carlsbad chamber of commerce is a very active business support organization.judy ramirez20:53 14 dec 23we love our city, its strategic plan for inclusivity, and especially alga norte aquatic center.judy rees20:18 14 dec 23excellent activities including government affairs!hera hub carlsbad04:53 08 dec 23we love the chamber! they are a wonderful resource for local businesses. the staff is all amazing. we have worked with them on several events and it has already been a pleasure and a success. the carlsbad chamber has several smaller working groups to help you connect with other members, in addition to the larger events. everyone is always friendly and there is a diversity of businesses represented there.sam kmety15:13 01 dec 23i spent hundreds of dollars sponsoring many breakfast events and donated thousands of swag items to enhance their events. yet the lack of respect and appreciation was just one of the many reasons i left.chris ryan20:29 30 nov 23i appreciate the fellowship and sense of community i receive from this group of business leaders. i have built my business with the help of this community. i feel loved, and you all inspire me so much. i am forever grateful for these friendships and the business that has come from these valued people in my network.dan sweiger19:19 09 nov 23the carlsbad chamber is very active and adds a lot of value for our business. they've really expanded activities and participation in the senior healthcare sector where my company, brightstar care of carlsbad, provides award-winning home care services.james zhang16:53 05 nov 23these guys are the best. they put on great events, street fairs, and lunches. they truly advocate for the businesses in the community. no wonder carlsbad is the most pro business municipality in san diego county.jules vincent20:24 13 oct 23exceptional support from the carlsbad chamber of commerce! their team is responsive, knowledgeable, and genuinely invested in local businesses. the resources provided have been invaluable, and their commitment to community growth is commendable. highly recommended for anyone seeking a thriving business network in carlsbad!holly zhang16:22 16 aug 23the carlsbad chamber of commerce truly shines as the most remarkable chamber i've come across. i am deeply honored to be part of a community of authentic servant leaders who wholeheartedly exemplify the fundamental values of people, purpose, and impact. serving on the aging service committee as a volunteer lead for aarp north county and as a senior real estate specialist, i have had the privilege of learning from and collaborating with some of the industry's finest leaders. i eagerly anticipate further opportunities to learn, contribute, and develop.bret schanzenbach, along with the board and the entire team, truly deserve a five-star rating in every aspect!david bentley20:26 22 jul 23the carlsbad chamber of commerce is one of the most professional, supportive and successful organizations i’ve had the privilege to be part of during my 40+ year career. the organizational leadership and staff, particularly brent schanzenbach, president/ceo, kathleen mcnary and kathy steffens, inspire success.sean flannery00:24 22 jun 23the carlsbad chamber is a great organization and has helped my small business thrive! their staff is also helpful and friendly. i've been a member for several years now.kidsforpeaceusa19:53 25 apr 23we have been a member of the carlsbad chamber of commerce for over a decade. not only does the carlsbad chamber support our local businesses, nonprofits and community as a whole, the carlsbad chamber of commerce (ccc) is a leader in the kindness movement. the ccc helped launch the inaugural kindness certified company program which honors and recognizes companies that are good to their people, community, planet and world. this visionary chamber has a stellar staff that truly leads with kindness and positivity. kids for peace is honored to be a member of the carlsbad chamber of kindness!!larry layton01:16 31 mar 23the carlsbad chamber of commerce is by far the best chamber i have ever experienced. i am proud to be associated with a cadre of authentic servant leaders that live by their core values of people, purpose, and impact.in a matter of three months, my business, 4wall insights, and i have had the benefit of doing business with a fellow chamber member and have brought other business owners to join the chamber as well. bret schanzenbach, the board, and team deserve 5-stars all the way!holly pobst23:31 24 feb 23the carlsbad chamber of commerce is first rate. what a terrific group of individuals doing great work in the community to support local businesses. wonderful resource for sure!anthony cina00:49 13 feb 23robert h flynn06:53 10 feb 23i joined the carlsbad chamber several months ago and did so in part because of the size and breadth of its membership and activities. since joining i found the chamber staff from top down is enthusiastic and welcoming. and, its netforce referral networking groups are an effective method of growing a business.naila sfeir23:06 19 jan 23i have been a member of the carlsbad chamber for six years now and can confidently say that it has made a positive impact on my business! i truly value all of the wonderful connections i have made over the years not to mention all of the support and encouragement i have received. thank you for being such an amazing chamber and all you do for our community!admin desk00:27 09 dec 22i have really enjoyed being a part of the chamber. being new to the carlsbad area, the chamber of commerce has been an amazing resource to meet new people and connect my business with the community.shane nair23:14 30 nov 22i have been involved with the carlsbad chamber for ten months and met many wonderful people. it has helped me grow my book of business and develop friendships within the community. thanks to the chamber team for creating the opportunities to connect with other business owners.cia marshal03:48 17 nov 22carlsbad chamber of commerce is one of the most open and welcoming chambers i have encountered. accepting of all and they sincerely want to serve their community! excellent staff.james cliame01:17 03 sep 22carlsbad chamber has supported my evangelizing my green efforts in creating growth for small businesses at the same time doing it with maximizing green resources. bret has far exceeded his role as ceo and is a trusted friend and colleague. his humility and professionalism makes him more priceless than diamonds. the staff goes out of their way to truly care about me as i continue to go through rehabilitation. so don’t just “catch the wave, catch the carlsbad chamber of commerce.” !lindsey smith17:37 22 aug 22this is a great chamber! they plan high quality events and host frequent networking opportunities. the staff are friendly and helpful, too. we’re happy to be a part!d di19:21 19 aug 22the state of the community event is always a wonderful experience. the chamber puts together a great event, along with the city’s highlights of the community. carlsbad is an amazing community!karen pearson19:21 19 aug 22amazing presentation on tourism at the carlsbad chamber’s 2022 state of the community luncheon today! i learned so much about the state of our city, regional, state, country and global travel and leisure. very insightful remarks from experts in their respective fields!jessica hornbeck19:19 19 aug 22as a north county based business, we very much appreciate the community and quality programming the carlsbad chamber continues to deliver. love the folks running the chamber and grateful to have made friends with other small businesses as a result. thank you for all that you do and well done recovering from the pandemic disruption!leanne abraham13:45 17 aug 22the carlsbad chamber is exceptional. they are doing a great job bringing together the business community, creating a supportive and collaborative culture, and providing timely and valuable resources and information. also their team is service focused with heart.nerissa zhang15:08 02 aug 22the chamber has been incredible, it was the very first chamber i've joined and the events are fire. lots of fun and they are very focused on collaboration. excited to learn more and attend more events.alesia clark00:39 07 jul 22becoming a member of the carlsbad chamber of commerce was the best decision i made for my business. it is wonderful to be supported by such a great organization that likes to see businesses succeed and to be a part of a community of great business leaders.pam lewko00:09 29 jun 22i am a new chamber member and loving it! they are extremely invested in the community. have fantastic speakers and happy hours. extremely professional and very warm and welcoming.i would highly recommend you visit and join!fully promoted carlsbad21:50 14 jun 22we love being part of the carlsbad chamber. professional people, great events, super friendly staff. we really enjoy participating and meeting new people. thanks carlsbad chamber!laura henderson20:59 16 may 22as a business owner, i checked out all of my local chambers before joining. carlsbad is the best! they truly provide lots of support and resources for local businesses and if you put in the effort you will easily get your moneys worth out of your membership.nicole moersch18:43 16 may 22carlsbad chamber of commerce are champions of promoting local business and community partners! carlsbad unified is so thankful to collaborate with them. thank you for your continued support!obama00:04 10 may 22myoffice, inc has been a member of this chamber for several years and i can honestly say we have earned our roi ten fold. it's a great group of folks to build relationships with.bridget a18:32 09 may 22i went to my first carlsbad chamber event nearly 20 years ago and just went to a networking/learning event this past friday. through the years the chamber has supported my business, from the first event i attended, where i was new, green, and needed help figuring out how to network to now.the carlsbad chamber is the second largest chamber of commerce in san diego county, they have a great mix of long-time and new members, they know everything there is to know about what is happening in north county, and they are a wonderful resource for small or large businesses. through the chamber i have been able to acquire new and long-term clients, learn about city and county resources as well as connect with city leaders & officials. the chamber throughout the years has been an asset for my growing business.tracey spangenberg17:55 06 may 22i am a new member to the chamber and could not have had a more positive experience. the welcome has been warm and genuine. the people are caring, professional and truly want to see you succeed. thank you ccc!alexander willman17:21 06 may 22good to again meet members at this monthly breakfast meeting. now i know why my expressions of ""appreciation"" to my top performer at my last career position, did not ring true! any opportunity to change the start time to 7:30, and limit the speakers to 20 minutes?chris weiner22:21 03 may 22i’ve been a member of the carlsbad chamber for over 2 years now. i joined specifically because i wanted to get more involved in the community, to extend my network of influence, and to grow my book of business. right away i saw a difference. i was able to meet business leaders and influencers, and start getting some referrals, which had a dramatic impact on my sales. the more i got involved, the more i got out of it. i’m extremely grateful for what the carlsbad chamber, their amazing staff, and loyal members, have done for my business.mel l20:37 21 apr 22thanks to roderick and his team’s professionalism and execution!it doesn't get any better than this team----> honesty; great pricing strategy; organized preparation and staging; efficient showings; great working rapport with buyer's agent; follow through in coordinating the repairs after inspection and timeliness & first time accuracy in all of the documents.we accepted an offer way above listing in less than a week and close escrow in less than 30 days. totally enjoyed the experience!monica alvarez21:04 05 apr 22the carlsbad chamber of commerce is an invaluable organization that supports the businesses and prosperity of the carlsbad community. the team is knowledgable and skilled at what they do - and they know how to make a person feel welcomed and seen! i highly recommend joining this chamber if you're in the area.nuspine bressi ranch20:19 25 mar 22the chamber has been a great help and a wonderful resource for us. their monthly happy hours are a great way to network with other businesses and get to know your community.david peer22:02 23 mar 22my firm has been members of the carlsbad chamber of commerce for over a year and i cannot say enough about this group. the members of the chamber are welcoming and the chamber staff are thoughtful and active. carlsbad has a burgeoning small business community and the carlsbad chamber of commerce is at the heart of it all.sandra estrada15:10 16 mar 22i have recently joined the chamber, and i'm very impressed with all the programs they have to support small business owners and companies in general from carlsbad. i feel very excited to be part of it and connect with the community. all the staff members are great people. i'm looking forward to learning more, engaging, and helping as much as possible. thank you very much for all your hard work!cathy ellis16:16 15 feb 22as a small business owner, i cannot tell you how impressed i am with the carlsbad chamber of commerce! the caliber of their team and members is outstanding. don't hesitate to join, it will be the best investment you can do for your business! there's something for everyone!lisa rodman17:18 12 jan 22a worthwhile place to meet many of our business needs. from networking to trusted partnerships the carlsbad chamber really exceeds our expectations. samantha and i enjoyed our podcast experience. bret was a great host.miguel a. de jesus16:39 12 jan 22the ""personality"" of this chamber is warm, receptive, open and engaged. the community engagement, involvement and initiatives are spot on with the needs of the community with effective and ""servant leadership"" at all levels of the organization. you will be well served to speak with any of the chamber members and/or the support superstar staff.rex wilson17:59 21 dec 21the carlsbad chamber of commerce is truly the voice of businesses in carlsbad. members are highly involved and the events they provide for education,support and inspiration i've gained from my group, the incredibly kind and helpful chamber team, and fellow members have been nothing short of exceptional.the impact of this experience extends not only to my business but to me as a business owner. my photo organizing business, 2000 paces photo organizing, has experienced remarkable growth, and i firmly believe that it's in large part due to the incredible journey i've had at the carlsbad chamber of commerce.to anyone considering joining, don't wait as i did. the carlsbad chamber has proven to be a catalyst for my business's success and personal growth. thank you, carlsbad chamber of commerce, for the tremendous impact you've had on me and my business. i couldn't be more grateful.hunter johnson22:21 01 feb 24alper tetikoglu21:53 01 feb 24lucy kelleher21:53 29 jan 24i have been a proud member of the carlsbad chamber of commerce for over 7 years with my consulting business, keep them loyal.. it has, by far, been the best investment of time and money that i have made for my business. the networking opportunities have been invaluable, allowing me to connect with like-minded entrepreneurs and grow my business network significantly.a key part of the chamber's success is its incredible staff. they are consistently helpful, supportive, and highly professional. their dedication and hard work are evident in every interaction and have significantly contributed to the positive experiences of all members.personally, i've gained immense knowledge through the education,support and guidance shared with new and growing businesses is phenomenal.gina aven16:54 25 feb 25ratnesh singh23:51 20 feb 25gazelle parsa21:35 13 feb 25joining the carlsbad chamber of commerce was one of the best decisions i’ve made. their support, kindness, and dedication to helping entrepreneurs succeed are truly incredible. they genuinely want to see you thrive and will do whatever they can to help. i highly recommend becoming a member and am so grateful for all of them!karina martinez22:31 05 feb 25carlsbad selfstorage22:19 05 feb 25adam aarons17:23 28 jan 25amazing people and institution.inlifeveritas marcom18:06 06 jan 25great beach community. the cva helps you feel connected and heard. it’s an opportunity to put names, business with real faces. hands down look forward to the village voices meetings.ruth vento21:18 19 dec 24i have been in sales for 30 years. i have always found that being involved with all types of businesses keeps me on top of changes in the workplace. the carlsbad chamber goes out of their way to keep us very involved in the value of the businesses in our area. they offer several leads groups that focus sharing ideas and providing examples of how we can all work together.matt rubel22:43 17 dec 24amazing members and staff who enable local talent to grow and succeed!guzel lumpkin22:44 10 dec 24love our city and our carlsbad chamber of commerce. their fearless leader bret and the entire team do so much for our local businesses and residents.wendy farris17:08 06 dec 24great networking opportunity! worthwhile programming and time well spent!luis carlos morales20:48 05 dec 24devin c. hughes21:44 06 nov 24best chamber of commerce in the country by far...!! builds community and capacity at levels that i have not ever seen by a chamber of commerce.ronaele muter22:23 03 nov 24verenice garcia19:47 03 nov 24carlsbad city of commerce is doing a great job with their events and connecting local businesses to the community.cheryl riesmeyer18:37 03 nov 24fun booth. i really enjoyed the peoplejeanne terranova17:19 03 nov 24lauren mankus16:53 03 nov 24love all their eventstyler reese20:45 24 oct 24the carlsbad chamber is an incredible organization that has helped me tremendously as a business owner in carlsbad, ca. the combined leadership of bret and kathleen is unparalleled, and if you are looking into having a pro-business partner, this group is the one to do so. sign up to be a member asap!gary heppy21:20 10 oct 24something is always happening here at the carlsbad chamber of commerce. if you need to network? this is the place to do it.james revell22:45 04 oct 24big thanks to the team for planning and hosting carlsbad's city council candidate forum! it was exceptionally well-run, organized, and had a welcoming atmosphere. a great opportunity to engage with the community and hear directly from the candidates. well done!monica rhead18:48 04 oct 24i highly recommend becoming a member or becoming involved with the carlsbad chamber of commerce. amazing group of business professionals from all markets in the carlsbad community. i attended today's first friday breakfast at the westin and the event exceeded my expectations.i met very friendly and professional residents in the business community and made some business and personal connections.thank you to the chamber committee who organized the event .great job. i look forward to attending more events the chamber hosts.carlsbad village music23:29 28 sep 24we are blessed to be a music school and retailer in carlsbad. the chamber makes it a personal mission to know who we are and to support us. we appreciate them so much.... we recommend being a small business in beautiful carlsbad. thank you!janinejulie hand21:28 25 sep 24love love walks on the sand!!melanie kanouse21:26 25 sep 24lynndee porter18:39 22 sep 24happy 100 year anniversary to beautiful and special carlsbad!robert11:34 18 sep 24they silence people and don't want to be recorded.. we expose traitors.we hold everyone accountable.bre millard15:59 17 sep 24love the rising star event!also beautiful facility. friendly staffjoyce “sapphire” lamberth01:08 11 sep 24michelle o'reilly16:18 09 sep 24carlsbad is very fortunate to have such an excellent chamber and staff. the ceo, bret schanzenbach, does an incredible job with an energetic and engaging set of programs. the amazing north county business sector is well networked because of the professionalism of this staff. there is truly something for everyone at this chamber.teri house04:44 07 sep 24i had a wonderful time at the state of the city event this morning. i thought the video was funny and informative. i appreciated brent’s entire program. keep up the good work!don kent20:59 06 sep 24paola richard18:37 06 sep 24always supportive, always helpful, always fun. bret and the entire team are amazing, and they are definitely part of our business success throughout the years with gelatolove. we love the events and we love this community. well done, we are with you!!ken aurigemma17:25 06 sep 24the carlsbad chamber of commerce did a great job with the carlsbad regional community summit!lauren penley17:11 06 sep 24the carlsbad chamber of commerce is wonderful! full of resources and so helpful in getting the community involved in our beautiful city!bennett mann18:10 05 sep 24""this is a great place to connect with people in the local business and non-profit community. the events are well-organized, and there are plenty of options to choose from that suit your specific interests""christa meathe18:42 28 aug 24great organization and proud to be a member.larry parente20:20 23 aug 24kim lombardi - realtor21:23 22 aug 24i love the carlsbad chamber of commerce! i love having regular opportunities to meet other business owners, share knowledge, make connections, and support our community. there are always fun events each month at the chamber and around the community, and getting involved is important - it's the best way to meet people! i highly recommend the carlsbad chamber of commerce! see you there! 🙂senami craft, esq.20:13 22 aug 24the carlsbad chamber of commerce is simply the best chamber i have ever had the chance of being part of. full of resources, wonderful people energy!sean o'neill18:20 21 aug 24ana moya00:53 21 aug 24i love the events that are held in the different areas of carlsbad, i went to the ice cream social and it was a great time networking and meeting my carlsbad neighbors. love carlsbad!kevin shin22:37 20 aug 24best place to network and discover the economic mission of the city. bret, len and all the staff are so accommodating. service above self. and remember to engage yourself. they provide great business mixers!!marcia lee21:34 19 aug 24carrie klewin lawrence06:13 16 aug 24so much great information!glenn domingo15:57 02 aug 24netforce 1 has changed my business networking experience. our agency will be 27 years this october and have embraced the carlsbad chamber for re-kindling my networking efforts for the last third of my career.jill krenkler18:27 11 jul 24everyone is so friendly and helpful and there is a lot going on with this chamber!cordia swanson04:52 29 jun 24the closest i can get is to tell you that i loved in carlsbad for four wonderful years and loved it. it is a beautiful place to live. the domestics are wonderful. thank you.that was in 2001 to 2004. peacegeoffrey stauffer06:12 22 jun 24excellent organization and looking forward to establishing a lasting relationship with them.kevin sharrar15:51 07 jun 24best. chamber. ever!!! as a 17 year member, we have found it to be a great place to meet like-minded business professionals! the chamber staff always deliver with various events, networking & education,support science and technology and nearly $200,000 for civic society.  the list of recipients over the years reads like a “who’s who” list in carlsbad: carlsbad boys & girls club, aqua hedionda lagoon foundation, carlsbad community theatre, carlsbad music festival, carlsbad unified school district, kids for peace, new village arts","education,arts,health,community,children,learning,education,community,education,community,education,community,education,community,education,arts,health,community,education,community",2025-10-22T21:53:32.112594,
Pasadena Educational Foundation,237149451,Pasadena,CA,T30,,https://projects.propublica.org/nonprofits/organizations/237149451,educational,2025-10-17 17:58:16,,,,,,,,not_contacted,no,no,,,,high,error,,,,0.0,,,,,,2025-10-22T21:54:12.715495,'grant_history'
Piedmont Educational Foundation,946426176,Piedmont,CA,B17J,,https://projects.propublica.org/nonprofits/organizations/946426176,educational,2025-10-17 17:58:16,https://piedmont.org,compliance@piedmont.org,,,,,,not_contacted,no,no,,,,high,harvested,"compliance@piedmont.org,discrimination@piedmont.org",,5.0,0.0,providing care that helps you achieve and maintain better health.,,"homepage,/about,/about-us,/mission,/vision,/our-mission,/what-we-do,/programs,/grants,/giving,/impact",,"health,community,health,community,health,community,health,community,health,community,health,community,health,community,health,community,health,community,health,community,health,community",2025-10-22T21:54:42.439484,
Thornston Educational Fund,522350466,Wrightwood,CA,B12,,https://projects.propublica.org/nonprofits/organizations/522350466,educational,2025-10-17 17:58:16,,,,,,,,not_contacted,no,no,,,,high,error,,,,0.0,,,,,,2025-10-22T21:54:45.336901,'grant_history'
Moraga Educational Foundation,942791659,Moraga,CA,B20,,https://projects.propublica.org/nonprofits/organizations/942791659,educational,2025-10-17 17:58:16,,,,,,,,not_contacted,no,no,,,,high,error,,,,0.0,,,,,,2025-10-22T21:54:46.347835,'grant_history'
Alliant Educational Foundation,542110067,San Diego,CA,B43,,https://projects.propublica.org/nonprofits/organizations/542110067,educational,2025-10-17 17:58:16,,,,,,,,not_contacted,no,no,,,,high,error,,,,0.0,,,,,,2025-10-22T21:54:57.447142,'grant_history'
Hispanic Scholarship Fund,521051044,El Segundo,CA,B820,,https://projects.propublica.org/nonprofits/organizations/521051044,scholarship,2025-10-17 17:58:23,,,,,,,,not_contacted,no,no,,,,high,error,,,,0.0,,,,,,2025-10-22T21:55:13.176944,'grant_history'
Islamic Scholarship Fund,208540050,Berkeley,CA,B82,,https://projects.propublica.org/nonprofits/organizations/208540050,scholarship,2025-10-17 17:58:23,https://islamicscholarship.org,info@islamicscholarship.org,,,,,,not_contacted,no,no,,,,high,harvested,info@islamicscholarship.org,,2.0,0.0,"is to free scholars from their financial shackles, allowing them to be pillars of support for their communities and lamps of guidance for those seeking knowledge.",,"homepage,/about","support for their communities and lamps of guidance for those seeking knowledge. “if i had been called on to buy a single onion, i would not have time to answer a single question” – imam al-shafiʿi donate our vision classically, the inheritors of the tradition of islam – the scholars and the seekers of knowledge – were supported by endowments so that they could better serve their own communities. today, institutional support has vanished, leaving students unwilling to pursue knowledge and scholars handicapped in their attempts to both teach students and make ends meet for their own families. in the face of greater challenges from contemporary discourse and ideologies, these scholars and their students can serve as a barrier, protecting muslims and advancing their interests. our aims we support individuals and programs: – to fund the teaching of traditional courses and curriculums – to fund the development of curriculum material – to fund research and publications – to fund full-time traditional study – to support programs of teaching and study heroes for hajj in our heroes for hajj program, we take the unsung heroes and unrecognized, long-standing volunteers of our communities who lack financial means to the blessed cities of mecca and medina accompanied by notable scholars who teach them before and during their travels. upon return, these heroes present education","education,community,community",2025-10-22T21:55:27.564774,
Desert Scholarship Foundation,812886019,Palm Desert,CA,B82,,https://projects.propublica.org/nonprofits/organizations/812886019,scholarship,2025-10-17 17:58:23,https://desertscholarship.org,info@desertscholarship.org,,,,,,not_contacted,no,no,,,,high,estimated,,"info@desertscholarship.org,contact@desertscholarship.org,hello@desertscholarship.org,inquiries@desertscholarship.org,development@desertscholarship.org,admin@desertscholarship.org",0.0,10.0,,"[{""category"": ""primary"", ""keywords_found"": [""art education (partial: 2/2 words)""], ""category_score"": 10.0}, {""category"": ""primary"", ""keywords_found"": [""art education (partial: 2/2 words)""], ""category_score"": 10.0}, {""category"": ""primary"", ""keywords_found"": [""art education (partial: 2/2 words)""], ""category_score"": 10.0}, {""category"": ""primary"", ""keywords_found"": [""art education (partial: 2/2 words)""], ""category_score"": 10.0}, {""category"": ""primary"", ""keywords_found"": [""art education (partial: 2/2 words)""], ""category_score"": 10.0}, {""category"": ""primary"", ""keywords_found"": [""art education (partial: 2/2 words)""], ""category_score"": 10.0}, {""category"": ""primary"", ""keywords_found"": [""art education (partial: 2/2 words)""], ""category_score"": 10.0}, {""category"": ""primary"", ""keywords_found"": [""art education (partial: 2/2 words)""], ""category_score"": 10.0}, {""category"": ""primary"", ""keywords_found"": [""art education (partial: 2/2 words)""], ""category_score"": 10.0}, {""category"": ""primary"", ""keywords_found"": [""art education (partial: 2/2 words)""], ""category_score"": 10.0}, {""category"": ""primary"", ""keywords_found"": [""art education (partial: 2/2 words)""], ""category_score"": 10.0}]","homepage,/about,/about-us,/mission,/vision,/our-mission,/what-we-do,/programs,/grants,/giving,/impact",,"education,community,education,community,education,community,education,community,education,community,education,community,education,community,education,community,education,community,education,community,education,community",2025-10-22T21:55:50.921607,
Iranian Scholarship Fund,203100594,Menlo Park,CA,B82,,https://projects.propublica.org/nonprofits/organizations/203100594,scholarship,2025-10-17 17:58:23,https://iranian.org,info@iranian.org,,,,,,not_contacted,no,no,,,,high,estimated,,"info@iranian.org,contact@iranian.org,hello@iranian.org,inquiries@iranian.org,development@iranian.org,admin@iranian.org",0.0,0.0,,,,,,2025-10-22T21:56:23.014019,
Rossmoor Scholarship Foundation,946126368,Walnut Creek,CA,B82Z,,https://projects.propublica.org/nonprofits/organizations/946126368,scholarship,2025-10-17 17:58:23,https://rossmoorscholarship.org,info@rossmoorscholarship.org,,,,,,not_contacted,no,no,,,,high,estimated,,"info@rossmoorscholarship.org,contact@rossmoorscholarship.org,hello@rossmoorscholarship.org,inquiries@rossmoorscholarship.org,development@rossmoorscholarship.org,admin@rossmoorscholarship.org",1.0,14.666666666666666,the rossmoor scholarship foundation (rsf) is a volunteer organization of the rossmoor community residents.,"[{""category"": ""primary"", ""keywords_found"": [""art education (partial: 2/2 words)""], ""category_score"": 10.0}, {""category"": ""disability_support"", ""keywords_found"": [""art therapy (partial: 2/2 words)""], ""category_score"": 7.0}, {""category"": ""community_education"", ""keywords_found"": [""community school (partial: 2/2 words)""], ""category_score"": 9.0}, {""category"": ""community_education"", ""keywords_found"": [""community school (partial: 2/2 words)""], ""category_score"": 9.0}, {""category"": ""community_education"", ""keywords_found"": [""community school (partial: 2/2 words)""], ""category_score"": 9.0}]","homepage,/mission,/what-we-do",,"education,community,education,community,community",2025-10-22T21:56:38.212029,
Croatian Scholarship Fund,680231056,San Ramon,CA,,,https://projects.propublica.org/nonprofits/organizations/680231056,scholarship,2025-10-17 17:58:23,https://croatianscholarship.org,info@croatianscholarship.org,,,,,,not_contacted,no,no,,,,high,harvested,info@croatianscholarship.org,,5.0,10.333333333333334,by generous donations or have sponsored one or more students.,"[{""category"": ""primary"", ""keywords_found"": [""art education (partial: 2/2 words)""], ""category_score"": 10.0}, {""category"": ""disability_support"", ""keywords_found"": [""special education (partial: 2/2 words)""], ""category_score"": 7.0}, {""category"": ""disability_support"", ""keywords_found"": [""special education (partial: 2/2 words)""], ""category_score"": 7.0}, {""category"": ""disability_support"", ""keywords_found"": [""special education (partial: 2/2 words)""], ""category_score"": 7.0}]","homepage,/about,/about-us",,"education,cultural,education,community,education,community",2025-10-22T21:57:05.718909,
Scaife Scholarship Foundation,943161402,Oakland,CA,,,https://projects.propublica.org/nonprofits/organizations/943161402,scholarship,2025-10-17 17:58:23,https://scaife.org,info@scaife.org,,,,,,not_contacted,no,no,,,,high,estimated,,"info@scaife.org,contact@scaife.org,hello@scaife.org,inquiries@scaife.org,development@scaife.org,admin@scaife.org",0.0,0.0,,,,,,2025-10-22T21:57:17.038227,
Almanor Scholarship Fund,946066722,Chester,CA,,,https://projects.propublica.org/nonprofits/organizations/946066722,scholarship,2025-10-17 17:58:23,,,,,,,,not_contacted,no,no,,,,high,error,,,,0.0,,,,,,2025-10-22T21:57:20.988608,'grant_history'
Hayfork Scholarship Foundation,237411434,Hayfork,CA,,,https://projects.propublica.org/nonprofits/organizations/237411434,scholarship,2025-10-17 17:58:23,,,,,,,,not_contacted,no,no,,,,high,error,,,,0.0,,,,,,2025-10-22T21:57:21.188781,'grant_history'
Hope Scholarship Foundation,912156704,Los Angeles,CA,B82,,https://projects.propublica.org/nonprofits/organizations/912156704,scholarship,2025-10-17 17:58:23,https://hopescholarship.org,jerishel2@gmail.com,,,,,,not_contacted,no,no,,,,high,harvested,jerishel2@gmail.com,,3.0,15.5,,"[{""category"": ""primary"", ""keywords_found"": [""art education (partial: 2/2 words)""], ""category_score"": 10.0}, {""category"": ""disability_support"", ""keywords_found"": [""special education (partial: 2/2 words)""], ""category_score"": 7.0}, {""category"": ""youth_development"", ""keywords_found"": [""children""], ""category_score"": 7}, {""category"": ""youth_development"", ""keywords_found"": [""children""], ""category_score"": 7}]","homepage,/about",,"education,children,learning,children",2025-10-22T21:57:41.490765,
Paradise Scholarship Foundation,237013007,Paradise,CA,B82Z,,https://projects.propublica.org/nonprofits/organizations/237013007,scholarship,2025-10-17 17:58:23,https://paradise.org,info@paradise.org,,,,,,not_contacted,no,no,,,,high,estimated,,"info@paradise.org,contact@paradise.org,hello@paradise.org,inquiries@paradise.org,development@paradise.org,admin@paradise.org",0.0,0.0,,,homepage,,,2025-10-22T21:57:53.321127,
Smith Scholarship Foundation,271079975,Cerritos,CA,B82,,https://projects.propublica.org/nonprofits/organizations/271079975,scholarship,2025-10-17 17:58:23,,,,,,,,not_contacted,no,no,,,,high,error,,,,0.0,,,,,,2025-10-22T21:57:59.545479,'grant_history'
Anc Scholarship Foundation,204562752,Lake View Ter,CA,B82,,https://projects.propublica.org/nonprofits/organizations/204562752,scholarship,2025-10-17 17:58:23,,,,,,,,not_contacted,no,no,,,,high,error,,,,0.0,,,,,,2025-10-22T21:58:01.093409,'grant_history'
Asus Scholarship Foundation,852889969,Fremont,CA,B12,,https://projects.propublica.org/nonprofits/organizations/852889969,scholarship,2025-10-17 17:58:23,,,,,,,,not_contacted,no,no,,,,high,error,,,,0.0,,,,,,2025-10-22T21:58:02.305474,'grant_history'
Cio Scholarship Fund,200332093,Laguna Beach,CA,B82,,https://projects.propublica.org/nonprofits/organizations/200332093,scholarship,2025-10-17 17:58:23,https://cio.org,info@cio.org,,,,,,not_contacted,no,no,,,,high,estimated,,"info@cio.org,contact@cio.org,hello@cio.org,inquiries@cio.org,development@cio.org,admin@cio.org",4.0,0.0,,,homepage,,community,2025-10-22T21:58:48.356910,
Mariachi Scholarship Foundation,330866851,Bonita,CA,A25,,https://projects.propublica.org/nonprofits/organizations/330866851,scholarship,2025-10-17 17:58:23,https://mariachischolarshipfoundation.org,info@mariachischolarshipfoundation.org,,,,,,not_contacted,no,no,,,,high,estimated,,"info@mariachischolarshipfoundation.org,contact@mariachischolarshipfoundation.org,hello@mariachischolarshipfoundation.org,inquiries@mariachischolarshipfoundation.org,development@mariachischolarshipfoundation.org,admin@mariachischolarshipfoundation.org",3.0,58.333333333333336,"statement ""enhancing education and the community by supporting the study and performance of mariachi music in schoolsand awarding college scholarships to students who graduate from these programs since 1996.","[{""category"": ""primary"", ""keywords_found"": [""art education (partial: 2/2 words)""], ""category_score"": 10.0}, {""category"": ""community_education"", ""keywords_found"": [""community school (partial: 2/2 words)""], ""category_score"": 9.0}, {""category"": ""primary"", ""keywords_found"": [""arts education (partial: 2/2 words)"", ""art education (partial: 2/2 words)"", ""arts program (partial: 2/2 words)""], ""category_score"": 28.0}, {""category"": ""disability_support"", ""keywords_found"": [""special education (partial: 2/2 words)""], ""category_score"": 7.0}, {""category"": ""youth_development"", ""keywords_found"": [""youth development (partial: 2/2 words)"", ""cultural awareness (partial: 2/2 words)""], ""category_score"": 14.0}, {""category"": ""community_education"", ""keywords_found"": [""community school (partial: 2/2 words)"", ""public schools (partial: 2/2 words)"", ""quality education (partial: 2/2 words)"", ""community engagement (partial: 2/2 words)""], ""category_score"": 29.0}, {""category"": ""primary"", ""keywords_found"": [""arts education (partial: 2/2 words)"", ""art education (partial: 2/2 words)"", ""arts program (partial: 2/2 words)""], ""category_score"": 28.0}, {""category"": ""disability_support"", ""keywords_found"": [""special education (partial: 2/2 words)""], ""category_score"": 7.0}, {""category"": ""youth_development"", ""keywords_found"": [""youth development (partial: 2/2 words)"", ""cultural awareness (partial: 2/2 words)""], ""category_score"": 14.0}, {""category"": ""community_education"", ""keywords_found"": [""community school (partial: 2/2 words)"", ""public schools (partial: 2/2 words)"", ""quality education (partial: 2/2 words)"", ""community engagement (partial: 2/2 words)""], ""category_score"": 29.0}]","homepage,/about,/about-us","support college scholarships for students who graduate from programs we support. it is widely known that participation in music adds a powerful dimension to education,support to outside legal counsel when necessary. for the past 21 years, she has served as secretary/treasurer of the mariachi scholarship foundation, a 501(c)3 organization that raises funds for college scholarships for a diverse, low-socio-economic population in the southwestern portion of the united states, and who participate in the mariachi in the schools program in the sweetwater union high school district, where more $500,000 in college scholarships have been presented over the past 22 years. silvia nogales silvia nogales is a 20-year employee of southwestern college. she earned her associate’s degree in business from southwestern college and transferred to san diego state university where she majored in journalism with an emphasis in advertising and minored in marketing. since 2000, she has served as the performing arts coordinator for the school of arts, communication and social sciences. she oversees and coordinates more than 50 artistic events in the performing and visual arts each year. her professional career at southwestern college has expanded beyond the college. ms. nogales has volunteered her time working community events for numerous community organizations such as the chula vista arts council, sweetwater union high school district visual and performing arts (vapa) program and the mariachi scholarship foundation. in 2019, she was appointed to serve on the board of the mariachi scholarship foundation. this appointment holds a special place in her heart as it allows her to remain connected to her mexican culture through the music and folklore of mariachi music. the mariachi scholarship foundation raises money for academic scholarships for students continuing on to higher education,support to outside legal counsel when necessary. for the past 21 years, she has served as secretary/treasurer of the mariachi scholarship foundation, a 501(c)3 organization that raises funds for college scholarships for a diverse, low-socio-economic population in the southwestern portion of the united states, and who participate in the mariachi in the schools program in the sweetwater union high school district, where more $500,000 in college scholarships have been presented over the past 22 years. silvia nogales silvia nogales is a 20-year employee of southwestern college. she earned her associate’s degree in business from southwestern college and transferred to san diego state university where she majored in journalism with an emphasis in advertising and minored in marketing. since 2000, she has served as the performing arts,support of the mariachi scholarship foundation, there are dozens of elementary, middle-school, high-school and college-level programs across the county, including the world’s first college degree in mariachi music that is offered at southwestern college. at any given time, there are approximately 1,000 students studying mariachi in san diego area schools, and countless alumni. the enormous, positive impact the mariachi scholarship foundation has made on students and the community has helped make san diego one of the most vibrant and important centers of mariachi music education,support college scholarships for students who graduate from programs we support. it is widely known that participation in music adds a powerful dimension to education — improving academic performance, self-esteem, graduation rates, and providing positive after-school experiences to keep students inspired, to name just a few. and these benefits increase exponentially within the culturally-relevant and family-oriented world of mariachi music. before 1996, mariachi education did not exist in san diego county schools. today, in great part due to the vision and support of the mariachi scholarship foundation, there are dozens of elementary, middle-school, high-school and college-level programs across the county, including the world’s first college degree in mariachi music that is offered at southwestern college. at any given time, there are approximately 1,000 students studying mariachi in san diego area schools, and countless alumni. the enormous, positive impact the mariachi scholarship foundation has made on students and the community has helped make san diego one of the most vibrant and important centers of mariachi music education in the nation. board of directors bob griego, founder click here for bio jeff nevin, president click here for bio sandi smith, treasurer click here for bio silvia nogales click here for bio bob griego, founder born in mountainair, new mexico . his family are descendants of spaniards that occupied new mexico in 1535. his parents moved to barstow california in 1949, where bob grew up with his four siblings. his joy for mariachi music began at home where his father played the guitar with friends, sang and recorded his music. bob graduated from barstow high school, barstow college aa, san diego state university ba, and ucla, mpa. he served as president and trustee for the sweetwater union high school district. he led the effort to bring the mariachi program to the suhsd. bob incorporated the mariachi scholarship foundation to provide advocacy for mariachi in the schools and to provide scholarships for mariachi students. bob served as a successful public administrator for 35 years, beginning as deputy national director for jobs for progress, a national job training program; then director of a community action agency in los angeles county; city manager for two california cities; general manager for a water utility; deputy chief administrative officer for san diego county; governors appointee to the state mining and geology board, california. he served on the president’s cabinet committee for the spanish speaking, vice president for the international city, county managers association, and he also served in leadership positions for several other professional, and community organizations. bob retired in 2009 and continues to serve as a trustee for the msf. jeff nevin, president jeff nevin, ph.d., is a professional classical trumpet player, mariachi trumpeter and soloist, a conductor specializing in the interpretation of mexican music, and an award-winning composer whose works have been performed by the san diego, colorado, aguascalientes, jalisco, pasadena, san bernardino, key west, east texas, santa rosa, desert, idaho falls, idaho state civic, grand junction, yakima, york, ashgabat (turkmenistan), baja california and la jolla symphonies, as well as mariachi vargas de tecalitlán, sol de méxico, and américa de jesús rodriguez de hijar.  together with mariachi champaña nevin, he has established a reputation for presenting the highest quality classical and mariachi music performed with the mariachi alone, soloing with symphony orchestras, and appearing with world-renown singers including placido domingo, aida cuevas, fernando de la mora, jorge lopez-yañez, josé luíz duval, mónica ábrego, florencia tinoco, rafael jorge negrete and others.  in addition to performing across the us and mexico, he recently returned from performing tours in france (2010, 2012), china (2010), russia (2009, 2012), brazil (2014, 2019), canada (2015), india (2015), germany and the czech republic (2016), belgium (2017), south korea (2017), egypt (2018), kazakhstan (2018) and turkmenistan (2019). dr. nevin earned his bachelor’s, master’s and ph.d. in music theory and composition from the university of illinois, arizona state university and uc san diego respectively. he is currently professor of music and director of mariachi activities at southwestern college in chula vista, ca, where he devised and is now offering the world’s first college degree in mariachi music — and he is the conductor of the southwestern college symphony orchestra. he was a faculty associate at arizona state university in the 2012-13 school year.  in 2011 the mexican government presented him with the first “award for arts,support college scholarships for students who graduate from programs we support. it is widely known that participation in music adds a powerful dimension to education,support to outside legal counsel when necessary. for the past 21 years, she has served as secretary/treasurer of the mariachi scholarship foundation, a 501(c)3 organization that raises funds for college scholarships for a diverse, low-socio-economic population in the southwestern portion of the united states, and who participate in the mariachi in the schools program in the sweetwater union high school district, where more $500,000 in college scholarships have been presented over the past 22 years. silvia nogales silvia nogales is a 20-year employee of southwestern college. she earned her associate’s degree in business from southwestern college and transferred to san diego state university where she majored in journalism with an emphasis in advertising and minored in marketing. since 2000, she has served as the performing arts coordinator for the school of arts, communication and social sciences. she oversees and coordinates more than 50 artistic events in the performing and visual arts each year. her professional career at southwestern college has expanded beyond the college. ms. nogales has volunteered her time working community events for numerous community organizations such as the chula vista arts council, sweetwater union high school district visual and performing arts (vapa) program and the mariachi scholarship foundation. in 2019, she was appointed to serve on the board of the mariachi scholarship foundation. this appointment holds a special place in her heart as it allows her to remain connected to her mexican culture through the music and folklore of mariachi music. the mariachi scholarship foundation raises money for academic scholarships for students continuing on to higher education,support to outside legal counsel when necessary. for the past 21 years, she has served as secretary/treasurer of the mariachi scholarship foundation, a 501(c)3 organization that raises funds for college scholarships for a diverse, low-socio-economic population in the southwestern portion of the united states, and who participate in the mariachi in the schools program in the sweetwater union high school district, where more $500,000 in college scholarships have been presented over the past 22 years. silvia nogales silvia nogales is a 20-year employee of southwestern college. she earned her associate’s degree in business from southwestern college and transferred to san diego state university where she majored in journalism with an emphasis in advertising and minored in marketing. since 2000, she has served as the performing arts,support of the mariachi scholarship foundation, there are dozens of elementary, middle-school, high-school and college-level programs across the county, including the world’s first college degree in mariachi music that is offered at southwestern college. at any given time, there are approximately 1,000 students studying mariachi in san diego area schools, and countless alumni. the enormous, positive impact the mariachi scholarship foundation has made on students and the community has helped make san diego one of the most vibrant and important centers of mariachi music education,support college scholarships for students who graduate from programs we support. it is widely known that participation in music adds a powerful dimension to education — improving academic performance, self-esteem, graduation rates, and providing positive after-school experiences to keep students inspired, to name just a few. and these benefits increase exponentially within the culturally-relevant and family-oriented world of mariachi music. before 1996, mariachi education did not exist in san diego county schools. today, in great part due to the vision and support of the mariachi scholarship foundation, there are dozens of elementary, middle-school, high-school and college-level programs across the county, including the world’s first college degree in mariachi music that is offered at southwestern college. at any given time, there are approximately 1,000 students studying mariachi in san diego area schools, and countless alumni. the enormous, positive impact the mariachi scholarship foundation has made on students and the community has helped make san diego one of the most vibrant and important centers of mariachi music education in the nation. board of directors bob griego, founder click here for bio jeff nevin, president click here for bio sandi smith, treasurer click here for bio silvia nogales click here for bio bob griego, founder born in mountainair, new mexico . his family are descendants of spaniards that occupied new mexico in 1535. his parents moved to barstow california in 1949, where bob grew up with his four siblings. his joy for mariachi music began at home where his father played the guitar with friends, sang and recorded his music. bob graduated from barstow high school, barstow college aa, san diego state university ba, and ucla, mpa. he served as president and trustee for the sweetwater union high school district. he led the effort to bring the mariachi program to the suhsd. bob incorporated the mariachi scholarship foundation to provide advocacy for mariachi in the schools and to provide scholarships for mariachi students. bob served as a successful public administrator for 35 years, beginning as deputy national director for jobs for progress, a national job training program; then director of a community action agency in los angeles county; city manager for two california cities; general manager for a water utility; deputy chief administrative officer for san diego county; governors appointee to the state mining and geology board, california. he served on the president’s cabinet committee for the spanish speaking, vice president for the international city, county managers association, and he also served in leadership positions for several other professional, and community organizations. bob retired in 2009 and continues to serve as a trustee for the msf. jeff nevin, president jeff nevin, ph.d., is a professional classical trumpet player, mariachi trumpeter and soloist, a conductor specializing in the interpretation of mexican music, and an award-winning composer whose works have been performed by the san diego, colorado, aguascalientes, jalisco, pasadena, san bernardino, key west, east texas, santa rosa, desert, idaho falls, idaho state civic, grand junction, yakima, york, ashgabat (turkmenistan), baja california and la jolla symphonies, as well as mariachi vargas de tecalitlán, sol de méxico, and américa de jesús rodriguez de hijar.  together with mariachi champaña nevin, he has established a reputation for presenting the highest quality classical and mariachi music performed with the mariachi alone, soloing with symphony orchestras, and appearing with world-renown singers including placido domingo, aida cuevas, fernando de la mora, jorge lopez-yañez, josé luíz duval, mónica ábrego, florencia tinoco, rafael jorge negrete and others.  in addition to performing across the us and mexico, he recently returned from performing tours in france (2010, 2012), china (2010), russia (2009, 2012), brazil (2014, 2019), canada (2015), india (2015), germany and the czech republic (2016), belgium (2017), south korea (2017), egypt (2018), kazakhstan (2018) and turkmenistan (2019). dr. nevin earned his bachelor’s, master’s and ph.d. in music theory and composition from the university of illinois, arizona state university and uc san diego respectively. he is currently professor of music and director of mariachi activities at southwestern college in chula vista, ca, where he devised and is now offering the world’s first college degree in mariachi music — and he is the conductor of the southwestern college symphony orchestra. he was a faculty associate at arizona state university in the 2012-13 school year.  in 2011 the mexican government presented him with the first “award for arts","education,community,education,arts,community,youth,cultural,education,arts,community,youth,cultural",2025-10-22T21:59:11.488468,
Asher Student Foundation,381690200,San Francisco,CA,B80,,https://projects.propublica.org/nonprofits/organizations/381690200,student,2025-10-17 17:58:25,https://asher.org,info@asher.org,,,,,,not_contacted,no,no,,,,high,estimated,,"info@asher.org,contact@asher.org,hello@asher.org,inquiries@asher.org,development@asher.org,admin@asher.org",0.0,0.0,,,homepage,,,2025-10-22T21:59:23.574307,
Student Athlete Foundation,843262312,Corona,CA,N40,,https://projects.propublica.org/nonprofits/organizations/843262312,student,2025-10-17 17:58:25,https://student.org,info@student.org,,,,,,not_contacted,no,no,,,,high,estimated,,"info@student.org,contact@student.org,hello@student.org,inquiries@student.org,development@student.org,admin@student.org",4.0,0.0,,,homepage,,learning,2025-10-22T21:59:47.996177,
Curious Student Foundation,814649987,Victorville,CA,B90,,https://projects.propublica.org/nonprofits/organizations/814649987,student,2025-10-17 17:58:25,https://curious.org,info@curious.org,,,,,,not_contacted,no,no,,,,high,estimated,,"info@curious.org,contact@curious.org,hello@curious.org,inquiries@curious.org,development@curious.org,admin@curious.org",0.0,0.0,,,homepage,,,2025-10-22T22:00:00.734157,
Student Voice Foundation,823494227,Irvine,CA,,,https://projects.propublica.org/nonprofits/organizations/823494227,student,2025-10-17 17:58:25,https://studentvoice.com,info@studentvoice.com,,,,,,not_contacted,no,no,,,,high,estimated,,"info@studentvoice.com,contact@studentvoice.com,hello@studentvoice.com,inquiries@studentvoice.com,development@studentvoice.com,admin@studentvoice.com",1.0,0.0,,,"homepage,/about,/about-us,/mission,/vision,/our-mission,/what-we-do,/programs,/grants,/giving,/impact",,,2025-10-22T22:00:22.944028,
Social Impact Fund,461820448,Los Angeles,CA,T12,,https://projects.propublica.org/nonprofits/organizations/461820448,social,2025-10-17 17:58:27,https://socialimpact.com,info@socialimpact.com,,,,,,not_contacted,no,no,,,,high,estimated,,"info@socialimpact.com,contact@socialimpact.com,hello@socialimpact.com,inquiries@socialimpact.com,development@socialimpact.com,admin@socialimpact.com",5.0,22.0,is to improve people’s lives by enhancing the effectiveness of government agencies and social sector organizations.,"[{""category"": ""primary"", ""keywords_found"": [""art education (partial: 2/2 words)""], ""category_score"": 10.0}, {""category"": ""community_education"", ""keywords_found"": [""quality education (partial: 2/2 words)"", ""community engagement (partial: 2/2 words)""], ""category_score"": 13.0}, {""category"": ""primary"", ""keywords_found"": [""art education (partial: 2/2 words)""], ""category_score"": 10.0}, {""category"": ""community_education"", ""keywords_found"": [""quality education (partial: 2/2 words)""], ""category_score"": 7.0}, {""category"": ""primary"", ""keywords_found"": [""art education (partial: 2/2 words)""], ""category_score"": 10.0}, {""category"": ""community_education"", ""keywords_found"": [""quality education (partial: 2/2 words)"", ""community engagement (partial: 2/2 words)""], ""category_score"": 13.0}, {""category"": ""primary"", ""keywords_found"": [""art education (partial: 2/2 words)""], ""category_score"": 10.0}, {""category"": ""community_education"", ""keywords_found"": [""quality education (partial: 2/2 words)"", ""community engagement (partial: 2/2 words)""], ""category_score"": 13.0}, {""category"": ""primary"", ""keywords_found"": [""art education (partial: 2/2 words)""], ""category_score"": 10.0}, {""category"": ""community_education"", ""keywords_found"": [""quality education (partial: 2/2 words)"", ""community engagement (partial: 2/2 words)""], ""category_score"": 13.0}, {""category"": ""primary"", ""keywords_found"": [""art education (partial: 2/2 words)""], ""category_score"": 10.0}, {""category"": ""community_education"", ""keywords_found"": [""quality education (partial: 2/2 words)"", ""community engagement (partial: 2/2 words)""], ""category_score"": 13.0}, {""category"": ""primary"", ""keywords_found"": [""art education (partial: 2/2 words)""], ""category_score"": 10.0}, {""category"": ""disability_support"", ""keywords_found"": [""adaptive learning (partial: 2/2 words)""], ""category_score"": 7.0}, {""category"": ""community_education"", ""keywords_found"": [""quality education (partial: 2/2 words)""], ""category_score"": 7.0}, {""category"": ""primary"", ""keywords_found"": [""art education (partial: 2/2 words)""], ""category_score"": 10.0}, {""category"": ""community_education"", ""keywords_found"": [""quality education (partial: 2/2 words)"", ""community engagement (partial: 2/2 words)""], ""category_score"": 13.0}, {""category"": ""primary"", ""keywords_found"": [""art education (partial: 2/2 words)""], ""category_score"": 10.0}, {""category"": ""community_education"", ""keywords_found"": [""quality education (partial: 2/2 words)"", ""community engagement (partial: 2/2 words)""], ""category_score"": 13.0}, {""category"": ""primary"", ""keywords_found"": [""art education (partial: 2/2 words)""], ""category_score"": 10.0}, {""category"": ""community_education"", ""keywords_found"": [""quality education (partial: 2/2 words)"", ""community engagement (partial: 2/2 words)""], ""category_score"": 13.0}, {""category"": ""primary"", ""keywords_found"": [""art education (partial: 2/2 words)""], ""category_score"": 10.0}, {""category"": ""community_education"", ""keywords_found"": [""quality education (partial: 2/2 words)""], ""category_score"": 7.0}]","homepage,/about,/about-us,/mission,/vision,/our-mission,/what-we-do,/programs,/grants,/giving,/impact",,"education,health,community,learning,education,health,community,learning,cultural,education,health,community,learning,education,health,community,learning,education,health,community,learning,education,health,community,learning,education,health,community,learning,adaptive,education,health,community,learning,education,health,community,learning,education,health,community,learning,education,health,community,learning",2025-10-22T22:00:55.532586,
Social Justice Foundation,261135315,Thousand Oaks,CA,B99,,https://projects.propublica.org/nonprofits/organizations/261135315,social,2025-10-17 17:58:27,https://socialjustice.org,office@socialjustice.org,,,,,,not_contacted,no,no,,,,high,harvested,office@socialjustice.org,,1.0,13.0,working for change in partnership with various social movements and recognize that effective change requires the active participation of all sectors of our community.,"[{""category"": ""primary"", ""keywords_found"": [""creative education (partial: 2/2 words)"", ""art education (partial: 2/2 words)""], ""category_score"": 19.0}, {""category"": ""community_education"", ""keywords_found"": [""quality education (partial: 2/2 words)""], ""category_score"": 7.0}]","homepage,/about","supports social movements in the struggle for social justice; offers a non-partisan perspective on political, social and economic issues and uses creative communications to educate canadians about public policies about the centre for social justice the centre for social justice is an advocacy organization that seeks to strengthen the struggle for social justice. we are committed to working for change in partnership with various social movements and recognize that effective change requires the active participation of all sectors of our community. although the centre is based in ontario, our work increasingly takes us across canada and into the international arena. the programmatic content of the centre’s work may change from year to year, but there is an on-going interest in working strategically to narrow the gap between rich and poor, challenging the corporate domination of canadian politics, and pressing for policy changes that promote economic and social justice. the board of directors is drawn from our partnerships with community and faith groups, unions and universities. our history the centre for social justice (csj) was created in 1997 to carry on much of the work of the jesuit centre for social faith and justice. during its 19 years of operation, the jesuit centre had earned widespread respect for its work on central american issues, for its support of refugees, and for its efforts to strengthen social movements here in canada. in an effort to continue this work, a partnership of activists from unions, universities, faith communities and social movements approached the jesuits, who agreed to help them in setting up a new independent centre. in order to guarantee full compliance with canadian charity laws, the board of directors decided to incorporate two entities: the centre for social justice would conduct advocacy campaigns and the csj foundation for research and education","community,education,community,creative,social services",2025-10-22T22:01:34.231618,
Civic Space Foundation,881045135,San Francisco,CA,B99,,https://projects.propublica.org/nonprofits/organizations/881045135,civic,2025-10-17 17:58:28,https://civicspace.org,info@civicspace.org,,,,,,not_contacted,no,no,,,,high,estimated,,"info@civicspace.org,contact@civicspace.org,hello@civicspace.org,inquiries@civicspace.org,development@civicspace.org,admin@civicspace.org",0.0,0.0,,,,,,2025-10-22T22:02:02.132509,
Civic Circle Foundation,562631326,Corona,CA,P330,,https://projects.propublica.org/nonprofits/organizations/562631326,civic,2025-10-17 17:58:28,,,,,,,,not_contacted,no,no,,,,high,error,,,,0.0,,,,,,2025-10-22T22:02:06.908808,'grant_history'
Harbor Civic Foundation,954753398,San Pedro,CA,W24,,https://projects.propublica.org/nonprofits/organizations/954753398,civic,2025-10-17 17:58:28,https://harborcivic.org,info@harborcivic.org,,,,,,not_contacted,no,no,,,,high,estimated,,"info@harborcivic.org,contact@harborcivic.org,hello@harborcivic.org,inquiries@harborcivic.org,development@harborcivic.org,admin@harborcivic.org",0.0,0.0,,,homepage,,,2025-10-22T22:02:14.844106,
Charitysmith Nonprofit Foundation,870636433,Truckee,CA,T31,,https://projects.propublica.org/nonprofits/organizations/870636433,nonprofit,2025-10-17 17:58:31,https://charitysmith.org,info@charitysmith.org,,,,,,not_contacted,no,no,,,,high,harvested,info@charitysmith.org,,4.0,18.25,"statement and history frequently asked questions latest news contact usaddress: 13100 filly lane, truckee, ca 96161 phone: 866.","[{""category"": ""primary"", ""keywords_found"": [""arts education (partial: 2/2 words)"", ""art education (partial: 2/2 words)"", ""arts access (partial: 2/2 words)""], ""category_score"": 28.0}, {""category"": ""primary"", ""keywords_found"": [""creative education (partial: 2/2 words)"", ""art education (partial: 2/2 words)""], ""category_score"": 19.0}, {""category"": ""disability_support"", ""keywords_found"": [""special education (partial: 2/2 words)""], ""category_score"": 7.0}, {""category"": ""community_education"", ""keywords_found"": [""community school (partial: 2/2 words)""], ""category_score"": 9.0}, {""category"": ""primary"", ""keywords_found"": [""art education (partial: 2/2 words)""], ""category_score"": 10.0}]","homepage,/about,/about-us,/giving","support & fundraise for the causes and individuals you choose start a fund now leaving a legacy, the easy way. at charitysmith, we understand that planning for the future encompasses more than just financial arrangements. it’s about ensuring that your legacy continues to make a difference in the lives of those you care about and the causes you hold dear. that’s why we’re excited to introduce our new service: pre-planned memorial funds and scholarships. learn more find guidance & legacy planning support. your legacy – planning for a lasting impact planning for your legacy doesn’t have to be a daunting task. it can be a proactive and empowering process that ensures your values live on long after you’re gone. read the full article end of life planning – a comprehensive guide engaging in end-of-life planning empowers you to take control of your future, ease the burden on your loved ones, and ensure your wishes are honored. read the full article after loss – next steps & funeral planning checklist this checklist offers a clear and organized approach to the steps that should be taken after the loss of a loved one as well as the funeral planning process. download the pdf explore our funds. browse more funds charitysmithnpf 12 open post by charitysmithnpf with id 18127313236344409 open post by charitysmithnpf with id 18092652643415036 open post by charitysmithnpf with id 18002171066159151 your support makes a difference! please visit charitysmith.org to make a contribution. link in bio.#givingtuesday #charitysmith open post by charitysmithnpf with id 17877096080989818 this giving tuesday, we invite you to be a part of something extraordinary. your support means the world to us!#givingtuesday open post by charitysmithnpf with id 18401331367062319 visit charitysmith.org today to start your own nonprofit memorial fund or scholarship. link in bio.#memorialfund #scholarship #charitysmith open post by charitysmithnpf with id 18027447319624237 load more this error message is only visible to wordpress admins error: access token is not valid or has expired. feed will not update. follow us on instagram good lives, well remembered. for almost 30 years, charitysmith has been helping people successfully create and administer memorial funds in full accordance with federal law and tax requirements. with over one million dollars distributed annually in scholarships, grants, medical research and help for families in need, the legacies those memorial funds honor live on. join us, and keep the love alive with a charitysmith memorial fund. learn more why charitysmith? understanding your options there are many online services that allow you to create a memorial in honor of your loved one. as a 501(c)3 public charity, charitysmith stands apart. setting up a fund through charitysmith gives you all of the benefits of creating your own nonprofit.  we do the administrative work, allowing you to get started immediately, and not worry about or be delayed state and federal regulations. good to know when organizing a fund through a crowd funding site, funeral service, or bank it is not a charity and as a founder your are responsible to pay taxes on any money raised. contact us to learn more. contact us new fund spotlight. joan w. barkin memorial fund established to celebrate joan w. barkin, m.d., whose dedication to caring for others improved the lives of her patients, community, friends, and family. we can think of no better way to honor her memory than to enable other young women to follow in her footsteps, pursuing their education in the sciences and healthcare fields. learn more. pam courtney foundation was established to continue her legacy in the bancroft and college glen community. pam’s beacon of light shined on everyone who crossed paths with her. this light must continue and be shared for many future generations. the pam courtney foundation intends to continue her legacy and love of sports and the arts,support & fundraise for the causes and individuals you choose start a fund now leaving a legacy, the easy way. at charitysmith, we understand that planning for the future encompasses more than just financial arrangements. it’s about ensuring that your legacy continues to make a difference in the lives of those you care about and the causes you hold dear. that’s why we’re excited to introduce our new service: pre-planned memorial funds and scholarships. learn more find guidance & legacy planning support. your legacy – planning for a lasting impact planning for your legacy doesn’t have to be a daunting task. it can be a proactive and empowering process that ensures your values live on long after you’re gone. read the full article end of life planning – a comprehensive guide engaging in end-of-life planning empowers you to take control of your future, ease the burden on your loved ones, and ensure your wishes are honored. read the full article after loss – next steps & funeral planning checklist this checklist offers a clear and organized approach to the steps that should be taken after the loss of a loved one as well as the funeral planning process. download the pdf explore our funds. browse more funds charitysmithnpf 12 open post by charitysmithnpf with id 18127313236344409 open post by charitysmithnpf with id 18092652643415036 open post by charitysmithnpf with id 18002171066159151 your support makes a difference! please visit charitysmith.org to make a contribution. link in bio.#givingtuesday #charitysmith open post by charitysmithnpf with id 17877096080989818 this giving tuesday, we invite you to be a part of something extraordinary. your support means the world to us!#givingtuesday open post by charitysmithnpf with id 18401331367062319 visit charitysmith.org today to start your own nonprofit memorial fund or scholarship. link in bio.#memorialfund #scholarship #charitysmith open post by charitysmithnpf with id 18027447319624237 load more this error message is only visible to wordpress admins error: access token is not valid or has expired. feed will not update. follow us on instagram good lives, well remembered. for almost 30 years, charitysmith has been helping people successfully create and administer memorial funds in full accordance with federal law and tax requirements. with over one million dollars distributed annually in scholarships, grants, medical research and help for families in need, the legacies those memorial funds honor live on. join us, and keep the love alive with a charitysmith memorial fund. learn more why charitysmith? understanding your options there are many online services that allow you to create a memorial in honor of your loved one. as a 501(c)3 public charity, charitysmith stands apart. setting up a fund through charitysmith gives you all of the benefits of creating your own nonprofit.  we do the administrative work, allowing you to get started immediately, and not worry about or be delayed state and federal regulations. good to know when organizing a fund through a crowd funding site, funeral service, or bank it is not a charity and as a founder your are responsible to pay taxes on any money raised. contact us to learn more. contact us new fund spotlight. joan w. barkin memorial fund established to celebrate joan w. barkin, m.d., whose dedication to caring for others improved the lives of her patients, community, friends, and family. we can think of no better way to honor her memory than to enable other young women to follow in her footsteps, pursuing their education,support fuels charitysmith’s mission, ensuring that we can continue to provide exceptional services to people looking to create lasting legacies in honor of their loved ones and make a positive difference in the world. make a donation why your contribution matters every dollar you contribute plays a vital role in empowering our work. your generosity enables us to: help others create lasting legacies with your help, we can assist more individuals in creating meaningful memorial funds and scholarships that honor their loved ones while making lasting impacts in their communities. when you support charitysmith, you support everything from advancing medical research to providing essential education","education,arts,health,community,education,community,creative,education",2025-10-22T22:02:48.486994,
Adesso Nonprofit Foundation,844075301,Walnut,CA,T20,,https://projects.propublica.org/nonprofits/organizations/844075301,nonprofit,2025-10-17 17:58:31,https://adesso.org,info@adesso.org,,,,,,not_contacted,no,no,,,,high,estimated,,"info@adesso.org,contact@adesso.org,hello@adesso.org,inquiries@adesso.org,development@adesso.org,admin@adesso.org",0.0,0.0,,,homepage,,,2025-10-22T22:03:01.506478,
Washington Charitable Foundation,883626175,Los Angeles,CA,Q20,,https://projects.propublica.org/nonprofits/organizations/883626175,charitable,2025-10-17 17:58:33,https://washington.org,info@washington.org,,,,,,not_contacted,no,no,,,,high,estimated,,"info@washington.org,contact@washington.org,hello@washington.org,inquiries@washington.org,development@washington.org,admin@washington.org",5.0,73.0,,"[{""category"": ""primary"", ""keywords_found"": [""arts education (partial: 2/2 words)"", ""art education (partial: 2/2 words)"", ""arts program (partial: 2/2 words)"", ""arts access (partial: 2/2 words)"", ""accessibility""], ""category_score"": 43.0}, {""category"": ""disability_support"", ""keywords_found"": [""special education (partial: 2/2 words)"", ""accessibility""], ""category_score"": 15.0}, {""category"": ""community_education"", ""keywords_found"": [""educational access (partial: 2/2 words)"", ""educational equity (partial: 2/2 words)""], ""category_score"": 15.0}]",homepage,,"education,arts,community,accessibility,inclusion,learning,cultural",2025-10-22T22:03:35.543881,
Dpk Charitable Foundation,884378188,San Diego,CA,B12,,https://projects.propublica.org/nonprofits/organizations/884378188,charitable,2025-10-17 17:58:33,https://dpk.org,info@dpk.org,,,,,,not_contacted,no,no,,,,high,estimated,,"info@dpk.org,contact@dpk.org,hello@dpk.org,inquiries@dpk.org,development@dpk.org,admin@dpk.org",0.0,0.0,,,"homepage,/about,/about-us,/mission,/vision,/our-mission,/what-we-do,/programs,/grants,/giving,/impact",,,2025-10-22T22:03:45.670052,
Navigation Charitable Fund,921117448,Berkeley,CA,U05,,https://projects.propublica.org/nonprofits/organizations/921117448,charitable,2025-10-17 17:58:33,https://navigation.org,info@navigation.org,,,,,,not_contacted,no,no,,,,high,estimated,,"info@navigation.org,contact@navigation.org,hello@navigation.org,inquiries@navigation.org,development@navigation.org,admin@navigation.org",5.0,0.0,transforming scientific research by enhancing collaboration and innovation.,,"homepage,/about,/grants",,learning,2025-10-22T22:04:07.986724,
Daffy Charitable Fund,863177440,Los Altos,CA,T30,,https://projects.propublica.org/nonprofits/organizations/863177440,charitable,2025-10-17 17:58:33,https://daffy.org,articlessupport@daffy.org,,,,,,not_contacted,no,no,,,,high,harvested,articlessupport@daffy.org,,4.0,8.333333333333334,"that, with the right combination of technology and design, we can all be more generous.","[{""category"": ""community_education"", ""keywords_found"": [""community school (partial: 2/2 words)""], ""category_score"": 9.0}, {""category"": ""community_education"", ""keywords_found"": [""community school (partial: 2/2 words)"", ""public schools (partial: 2/2 words)""], ""category_score"": 16.0}]","homepage,/about,/giving",,"community,community,community",2025-10-22T22:04:27.443126,
Intrepid Philanthropy Foundation,300527867,San Francisco,CA,T20,,https://projects.propublica.org/nonprofits/organizations/300527867,philanthropy,2025-10-17 17:58:34,https://intrepid.org,info@intrepid.org,,,,,,not_contacted,no,no,,,,high,estimated,,"info@intrepid.org,contact@intrepid.org,hello@intrepid.org,inquiries@intrepid.org,development@intrepid.org,admin@intrepid.org",0.0,0.0,,,"homepage,/about,/about-us,/mission,/vision,/our-mission,/what-we-do,/programs,/grants,/giving,/impact",,,2025-10-22T22:04:47.549434,
Global Philanthropy Foundation,471637839,Santa Monica,CA,T02,,https://projects.propublica.org/nonprofits/organizations/471637839,philanthropy,2025-10-17 17:58:34,https://global.org,global.orghelp@global.org,,,,,,not_contacted,no,no,,,,high,harvested,global.orghelp@global.org,,0.0,18.0,,"[{""category"": ""primary"", ""keywords_found"": [""art education (partial: 2/2 words)""], ""category_score"": 10.0}, {""category"": ""disability_support"", ""keywords_found"": [""inclusive education (partial: 2/2 words)""], ""category_score"": 8.0}]",homepage,,"education,health,inclusive",2025-10-22T22:05:31.714119,
Giving Foundation,810705849,San Diego,CA,P20,,https://projects.propublica.org/nonprofits/organizations/810705849,giving,2025-10-17 17:58:36,https://giving.com,info@giving.com,,,,,,not_contacted,no,no,,,,high,estimated,,"info@giving.com,contact@giving.com,hello@giving.com,inquiries@giving.com,development@giving.com,admin@giving.com",0.0,0.0,,,"homepage,/about,/about-us,/mission,/vision,/our-mission,/what-we-do,/programs,/grants,/giving,/impact",,,2025-10-22T22:05:45.799515,
Corporate Fund For Housing,953935881,Long Beach,CA,L200,,https://projects.propublica.org/nonprofits/organizations/953935881,corporate,2025-10-17 17:58:37,,,,,,,,not_contacted,no,no,,,,high,error,,,,0.0,,,,,,2025-10-22T22:05:50.029248,'grant_history'
Aids Healthcare Foundation,954112121,Los Angeles,CA,P74Z,,https://projects.propublica.org/nonprofits/organizations/954112121,healthcare,2025-10-17 17:58:48,https://aids.org,info@ehsmail.com,,,,,,not_contacted,no,no,,,,high,harvested,info@ehsmail.com,,2.0,3.0,"and prevention of hiv/aids human immunodeficiency virus (hiv) is a virus that attacks the immune system, eventually leading to acquired immunodeficiency syndrome (aids) if left untreated.","[{""category"": ""youth_development"", ""keywords_found"": [""teens""], ""category_score"": 6}]","homepage,/about",,"education,health,health",2025-10-22T22:06:31.913744,
Hoag Hospital Foundation,953222343,Newport Beach,CA,E112,,https://projects.propublica.org/nonprofits/organizations/953222343,hospital,2025-10-17 17:58:50,https://hoaghospitalfoundation.org,info@hoaghospitalfoundation.org,,,,,,not_contacted,no,no,,,,high,estimated,,"info@hoaghospitalfoundation.org,contact@hoaghospitalfoundation.org,hello@hoaghospitalfoundation.org,inquiries@hoaghospitalfoundation.org,development@hoaghospitalfoundation.org,admin@hoaghospitalfoundation.org",5.0,39.0,& vision about hoag faq contact form boldly hoag giving circle 1000 community health digestive health institute gift planning hoag family cancer institute endowed chairs at hoag hoag innovators hoag sun family campus - irvine hoag - newport beach hoag orthopedics jeffrey m.,"[{""category"": ""primary"", ""keywords_found"": [""creative learning (partial: 2/2 words)"", ""accessibility""], ""category_score"": 15.0}, {""category"": ""disability_support"", ""keywords_found"": [""art therapy (partial: 2/2 words)"", ""accessibility""], ""category_score"": 15.0}, {""category"": ""youth_development"", ""keywords_found"": [""creative development (partial: 2/2 words)""], ""category_score"": 8.0}, {""category"": ""community_education"", ""keywords_found"": [""transforming lives (partial: 2/2 words)""], ""category_score"": 8.0}, {""category"": ""primary"", ""keywords_found"": [""art education (partial: 2/2 words)"", ""accessibility""], ""category_score"": 17.0}, {""category"": ""disability_support"", ""keywords_found"": [""accessibility""], ""category_score"": 8}, {""category"": ""youth_development"", ""keywords_found"": [""children""], ""category_score"": 7}]","homepage,/giving","support the hoag family cancer institute. more community health community health with community always in mind more digestive health institute digestive health institute the full spectrum of digestive health care in one location. more gift planning gift planning an estate gift to hoag can help you meet your philanthropic and financial goals. more hoag family cancer institute hoag family cancer institute the most advanced cancer care close to home more endowed chairs at hoag endowed chairs at hoag an honor bestowed upon a physician alongside generous donor funding to support innovative programs, technology, education,funding an endowed chair commitment commitment hoag innovators contribution commitment contribution contribution ten reasons why hoag innovators impact hoag innovators spring 2025 meeting hoag sun family campus - irvine hoag - newport beach your impact - ed hoag orthopedics hoag orthopedics overview learn more about hoag orthopedics our stories jeffrey m. carlton heart & vascular institute your impact - jchvi learn more about the jeffrey m. carlton heart & vascular institute our stories mary and dick allen diabetes center your impact - diabetes learn more about the mary & dick allen diabetes center our stories nursing your impact learn more about nursing at hoag our stories palliative care learn more about hoag's palliative care program our stories pickup family neurosciences institute your impact - pfni learn more about the pickup family neurosciences institute dick pickup $50m center for brain health gift pfni link our stories spiritual life learn more about the spiritual life program at hoag substance use treatment | caremar recovery center ways to give gift planning connect with a development professional make a monthly gift women's health institute your impact learn more about the women's health institute recognition benefactor program hoag heritage society about us board of directors our staff history events news, stories & more mission & vision about hoag faq contact form boldly hoag giving circle 1000 community health digestive health institute gift planning hoag family cancer institute endowed chairs at hoag hoag innovators hoag sun family campus - irvine hoag - newport beach hoag orthopedics jeffrey m. carlton heart & vascular institute mary and dick allen diabetes center nursing palliative care pickup family neurosciences institute spiritual life substance use treatment | caremar recovery center ways to give women's health institute recognition benefactor program hoag heritage society about us board of directors our staff history events news, stories & more mission & vision about hoag faq contact us search events donate scroll down giving opportunities there are many ways for donors to partner with hoag hospital foundation in supporting the exceptional care at hoag. explore specific funding opportunities below. a donation of any amount can be directed to the area at hoag that matches your philanthropic passion. if you would like more information about any of the giving opportunities highlighted on this website, or if you are interested in making a gift, please submit the form below or contact hoag hospital foundation at (949) 764-7217. circle 1000 circle 1000 in 1987, newport beach resident and breast cancer survivor sandy sewell founded circle 1000 to support the hoag family cancer institute. more community health community health with community always in mind more digestive health institute digestive health institute the full spectrum of digestive health care in one location. more gift planning gift planning an estate gift to hoag can help you meet your philanthropic and financial goals. more hoag family cancer institute hoag family cancer institute the most advanced cancer care close to home more endowed chairs at hoag endowed chairs at hoag an honor bestowed upon a physician alongside generous donor funding to support innovative programs","health,community,accessibility,learning,creative,education,health,community,children,accessibility",2025-10-22T22:07:10.488369,
Washington Hospital Foundation,942886219,Fremont,CA,E20I,,https://projects.propublica.org/nonprofits/organizations/942886219,hospital,2025-10-17 17:58:50,https://washington.org,info@washington.org,,,,,,not_contacted,no,no,,,,high,estimated,,"info@washington.org,contact@washington.org,hello@washington.org,inquiries@washington.org,development@washington.org,admin@washington.org",5.0,73.0,,"[{""category"": ""primary"", ""keywords_found"": [""arts education (partial: 2/2 words)"", ""art education (partial: 2/2 words)"", ""arts program (partial: 2/2 words)"", ""arts access (partial: 2/2 words)"", ""accessibility""], ""category_score"": 43.0}, {""category"": ""disability_support"", ""keywords_found"": [""special education (partial: 2/2 words)"", ""accessibility""], ""category_score"": 15.0}, {""category"": ""community_education"", ""keywords_found"": [""educational access (partial: 2/2 words)"", ""educational equity (partial: 2/2 words)""], ""category_score"": 15.0}]",homepage,,"education,arts,community,accessibility,inclusion,learning,cultural",2025-10-22T22:08:05.108753,
Grossmont Hospital Foundation,330124488,San Diego,CA,E22I,,https://projects.propublica.org/nonprofits/organizations/330124488,hospital,2025-10-17 17:58:50,,,,,,,,not_contacted,no,no,,,,high,error,,,,0.0,,,,,,2025-10-22T22:08:09.048892,'grant_history'
Coronado Hospital Foundation,953273985,San Diego,CA,E110,,https://projects.propublica.org/nonprofits/organizations/953273985,hospital,2025-10-17 17:58:50,,,,,,,,not_contacted,no,no,,,,high,error,,,,0.0,,,,,,2025-10-22T22:08:10.773043,'grant_history'
Human Service Foundation,942788195,Alamo,CA,,,https://projects.propublica.org/nonprofits/organizations/942788195,human services,2025-10-17 17:58:53,,,,,,,,not_contacted,no,no,,,,high,error,,,,0.0,,,,,,2025-10-22T22:08:13.294829,'grant_history'
Sierra Quest Human Services Foundation Inc,611602221,Mariposa,CA,P32,,https://projects.propublica.org/nonprofits/organizations/611602221,human services,2025-10-17 17:58:53,,,,,,,,not_contacted,no,no,,,,high,error,,,,0.0,,,,,,2025-10-22T22:08:14.164727,'grant_history'
White Diamond Human Services Foundation Inc,824209709,Carson,CA,F70,,https://projects.propublica.org/nonprofits/organizations/824209709,human services,2025-10-17 17:58:53,https://white.org,info@white.org,,,,,,not_contacted,no,no,,,,high,estimated,,"info@white.org,contact@white.org,hello@white.org,inquiries@white.org,development@white.org,admin@white.org",0.0,0.0,,,,,,2025-10-22T22:08:34.233730,
Olive Children Foundation,271798340,Fremont,CA,B82,,https://projects.propublica.org/nonprofits/organizations/271798340,children,2025-10-17 17:58:57,https://olivechildren.com,info@olivechildren.comfollow.enter,,,,,,not_contacted,no,no,,,,high,harvested,"info@olivechildren.comfollow.enter,info@olivechildren.comemail",,2.0,59.0,"is to provide high quality programming to children in k-12 from the surrounding san francisco bay area, with a focus on those that come from disadvantaged backgrounds or areas.","[{""category"": ""primary"", ""keywords_found"": [""art education (partial: 2/2 words)""], ""category_score"": 10.0}, {""category"": ""disability_support"", ""keywords_found"": [""inclusive education (partial: 2/2 words)""], ""category_score"": 8.0}, {""category"": ""youth_development"", ""keywords_found"": [""children"", ""young minds"", ""lifelong learning (partial: 2/2 words)""], ""category_score"": 21.0}, {""category"": ""community_education"", ""keywords_found"": [""educational access (partial: 2/2 words)"", ""quality education"", ""empowering students (partial: 2/2 words)""], ""category_score"": 22.0}, {""category"": ""primary"", ""keywords_found"": [""arts education (partial: 2/2 words)"", ""art education (partial: 2/2 words)"", ""arts program (partial: 2/2 words)"", ""arts access (partial: 2/2 words)""], ""category_score"": 36.0}, {""category"": ""youth_development"", ""keywords_found"": [""youth development (partial: 2/2 words)"", ""children""], ""category_score"": 15.0}, {""category"": ""community_education"", ""keywords_found"": [""community school (partial: 2/2 words)"", ""educational access (partial: 2/2 words)"", ""quality education""], ""category_score"": 24.0}, {""category"": ""primary"", ""keywords_found"": [""art education (partial: 2/2 words)""], ""category_score"": 10.0}, {""category"": ""youth_development"", ""keywords_found"": [""children""], ""category_score"": 7}, {""category"": ""community_education"", ""keywords_found"": [""community school (partial: 2/2 words)"", ""educational access (partial: 2/2 words)"", ""quality education (partial: 2/2 words)""], ""category_score"": 24.0}]","homepage,/about-us,/our-mission","support from our community partners, sponsors, and individual donors. ​ if you would like to make a gift to olive children foundation to help fund scholarships for underprivileged students, purchase class materials and curriculum for our free summer camps, or to help pay for facilities, field trips, and material costs, we would greatly appreciate a contribution of any amount.donate community service“not all of us can do great things. but we can do small things with great love.” ― mother teresa olive children foundation was founded with the notion that nobody is too small to make an impact, and no action too small to make a difference. and it's this notion that underpins our commitment to community service. over the years, olive has participated in both local and national programs, giving our kids the opportunity to give back. through service, kids learn the importance of giving bak, teamwork, and making a positive impact, laying the foundation for a lifetime of compassionate action. a few of our efforts are listed below: ​ volunteering at the local shelter: we organize volunteer days with local shelters, most recently at abode sunrise village in fremont, ca. our kids discover the value of community contribution through dedicating their time and energy to serving others. homebuilding in mexico: we partner with doxa, an organization that serves tijuana through homebuilding, education, and creating community. since 2014, we have organized numerous trips for bay area families and high school students, building over 30 homes. over 250 people have been involved through our organization. sponsoring children: we have worked with world vision for many years, currently sponsoring over 30+ children all over the world. we hope that our contributions can help reduce global inequities in education. financial aid: we provide thousands of dollars worth of scholarships per year to students from underserved communities so that they can attend our programs. ​getting involvedas a non-profit, we rely on the graciousness of our volunteers to help keep the lights on. we have many flexible opportunities, tailored to fit your schedule. from a summer camp counselor, to meal prep staff, there is a role for everyone. whether you have a few hours on a weekend or an entire day, join us in making a meaningful impact in our community. ​ right now, we're looking for help in the following positions stem assistant: help the teacher facilitate stem activity, eg. with lego robotics math assistant: math homework help, individual and small group assistance arts,support from our community partners, sponsors, and individual donors. ​ if you would like to make a gift to olive children foundation to help fund scholarships for underprivileged students, purchase class materials and curriculum for our free summer camps, or to help pay for facilities, field trips, and material costs, we would greatly appreciate a contribution of any amount.donate community service“not all of us can do great things. but we can do small things with great love.” ― mother teresa olive children foundation was founded with the notion that nobody is too small to make an impact, and no action too small to make a difference. and it's this notion that underpins our commitment to community service. over the years, olive has participated in both local and national programs, giving our kids the opportunity to give back. through service, kids learn the importance of giving bak, teamwork, and making a positive impact, laying the foundation for a lifetime of compassionate action. a few of our efforts are listed below: ​ volunteering at the local shelter: we organize volunteer days with local shelters, most recently at abode sunrise village in fremont, ca. our kids discover the value of community contribution through dedicating their time and energy to serving others. homebuilding in mexico: we partner with doxa, an organization that serves tijuana through homebuilding, education","education,children,learning,inclusive,education,arts,community,youth,children,education,community,youth,children",2025-10-22T22:08:54.433316,
New York Foundation For Leadership,460470325,Glendale,CA,B82,,https://projects.propublica.org/nonprofits/organizations/460470325,new york,2025-10-17 17:58:58,https://new.org,info@new.org,,,,,,not_contacted,no,no,,,,high,harvested,info@new.org,,5.0,0.0,,,"homepage,/about,/about-us,/mission,/vision,/our-mission,/what-we-do,/programs,/grants,/giving,/impact",,,2025-10-22T22:09:18.022807,
Pediatric Cancer Research Foundation New York,273051697,Irvine,CA,G123,,https://projects.propublica.org/nonprofits/organizations/273051697,new york,2025-10-17 17:58:58,,,,,,,,not_contacted,no,no,,,,high,error,,,,0.0,,,,,,2025-10-22T22:09:21.579065,'grant_history'
National City Chamber Foundation,832467397,National City,CA,S30,,https://projects.propublica.org/nonprofits/organizations/832467397,national,2025-10-17 17:59:00,https://nationalcitychamber.org,chair@nationalcitychamber.org,,,,,,not_contacted,no,no,,,,high,harvested,"chair@nationalcitychamber.org,grepe@nationalcitychamber.org,arredondo@nationalcitychamber.org,thechamber@nationalcitychamber.org",,5.0,0.0,"statement empowering our community's economic growth, the national city chamber of commerce is dedicated to fostering vibrant businesses, nurturing entrepreneurship, and cultivating sustainable prosperity.",,"homepage,/about-us",,"health,health,community,learning",2025-10-22T22:09:40.292826,
National City Otnc Foundation,861265012,National City,CA,A20,,https://projects.propublica.org/nonprofits/organizations/861265012,national,2025-10-17 17:59:00,,,,,,,,not_contacted,no,no,,,,high,error,,,,0.0,,,,,,2025-10-22T22:09:53.253004,'grant_history'
701 National City Boulevard Fund,270370274,National City,CA,S99,,https://projects.propublica.org/nonprofits/organizations/270370274,national,2025-10-17 17:59:00,,,,,,,,not_contacted,no,no,,,,high,error,,,,0.0,,,,,,2025-10-22T22:09:54.192946,'grant_history'
National City Public Safety Foundation,562609133,National City,CA,M12,,https://projects.propublica.org/nonprofits/organizations/562609133,national,2025-10-17 17:59:00,,,,,,,,not_contacted,no,no,,,,high,error,,,,0.0,,,,,,2025-10-22T22:10:05.197507,'grant_history'
National City Rotary Club Foundation,330644806,National City,CA,P20,,https://projects.propublica.org/nonprofits/organizations/330644806,national,2025-10-17 17:59:00,,,,,,,,not_contacted,no,no,,,,high,error,,,,0.0,,,,,,2025-10-22T22:10:15.424232,'grant_history'
American Canyon Arts Foundation,680347469,American Cyn,CA,A99Z,,https://projects.propublica.org/nonprofits/organizations/680347469,american,2025-10-17 17:59:01,https://american.org,info@american.org,,,,,,not_contacted,no,no,,,,high,estimated,,"info@american.org,contact@american.org,hello@american.org,inquiries@american.org,development@american.org,admin@american.org",0.0,0.0,,,homepage,,,2025-10-22T22:10:22.636317,
United States Energy Foundation,831740146,San Francisco,CA,T30,,https://projects.propublica.org/nonprofits/organizations/831740146,united states,2025-10-17 17:59:03,,,,,,,,not_contacted,no,no,,,,high,error,,,,0.0,,,,,,2025-10-22T22:10:38.312584,'grant_history'
United States Rugby Foundation,815187776,San Diego,CA,N60,,https://projects.propublica.org/nonprofits/organizations/815187776,united states,2025-10-17 17:59:03,,,,,,,,not_contacted,no,no,,,,high,error,,,,0.0,,,,,,2025-10-22T22:10:40.960584,'grant_history'
United States International Foundation,994429484,Los Angeles,CA,P20,,https://projects.propublica.org/nonprofits/organizations/994429484,united states,2025-10-17 17:59:03,,,,,,,,not_contacted,no,no,,,,high,error,,,,0.0,,,,,,2025-10-22T22:10:45.392902,'grant_history'
United States Lifesaving Foundation,134337152,Laguna Beach,CA,,,https://projects.propublica.org/nonprofits/organizations/134337152,united states,2025-10-17 17:59:03,,,,,,,,not_contacted,no,no,,,,high,error,,,,0.0,,,,,,2025-10-22T22:10:48.108478,'grant_history'
The Foundation,920742101,Austin,TX,B20,,https://projects.propublica.org/nonprofits/organizations/920742101,foundation,2025-10-17 17:59:04,https://fund.org,donorcare@humaneaction.org,,,,,,not_contacted,no,no,,,,high,harvested,donorcare@humaneaction.org,,4.0,0.0,,,"homepage,/about,/about-us",,,2025-10-22T22:11:15.092645,
Minaret Foundation,833372048,Houston,TX,P20,,https://projects.propublica.org/nonprofits/organizations/833372048,foundation,2025-10-17 17:59:04,https://minaret.org,info@minaret.org,,,,,,not_contacted,no,no,,,,high,estimated,,"info@minaret.org,contact@minaret.org,hello@minaret.org,inquiries@minaret.org,development@minaret.org,admin@minaret.org",2.0,17.0,|  personnel  |  activities |  what's new?  |  twitter  |  photos | we are committed to accountability and transparency in both our finances and methodology.,"[{""category"": ""primary"", ""keywords_found"": [""art education (partial: 2/2 words)""], ""category_score"": 10.0}, {""category"": ""disability_support"", ""keywords_found"": [""special education (partial: 2/2 words)""], ""category_score"": 7.0}]",homepage,,"education,health,youth,cultural",2025-10-22T22:11:29.136108,
Ruwawuri Foundation,842657861,Fort Worth,TX,Q30,,https://projects.propublica.org/nonprofits/organizations/842657861,foundation,2025-10-17 17:59:04,,,,,,,,not_contacted,no,no,,,,high,error,,,,0.0,,,,,,2025-10-22T22:11:33.721337,'grant_history'
Pursuit Foundation,742179425,Houston,TX,P820,,https://projects.propublica.org/nonprofits/organizations/742179425,foundation,2025-10-17 17:59:04,https://pursuit.org,info@pursuit.org,,,,,,not_contacted,no,no,,,,high,estimated,,"info@pursuit.org,contact@pursuit.org,hello@pursuit.org,inquiries@pursuit.org,development@pursuit.org,admin@pursuit.org",1.0,8.0,,"[{""category"": ""community_education"", ""keywords_found"": [""transforming lives (partial: 2/2 words)""], ""category_score"": 8.0}]",homepage,"funding to pursuit successfully helping create long-term careers. learn morelearn more about our integrated modelread moreget involvedapply todaybecome ai-native and transform your life.let's godonatedonate to create transformation.let's go→volunteerhelp us train the future tech leaders.let's go→join the pursuit team to make an impact.see careerspress“pursuit,accordingtoitsdonorsandtoworkforceexperts,standsoutforthesizeoftheincomegainsofitsgraduatesanditsexperimentwithakindofbondtofinancegrowth.”“...ifthenext1,000pursuitfellowsfollowanythinglikethetrajectoryofthelast100,itcouldbethestartofapotentiallytransformativenewpathtoupwardmobility.”“it’sremarkabletogofromnotknowingwherei’mgoingtosleep,”[fellowrooksoto]says,“toowningmyownhome.”""[hsu]seestheseprograms",community,2025-10-22T22:11:46.399679,
Longview Foundation,873513657,Longview,TX,T31,,https://projects.propublica.org/nonprofits/organizations/873513657,foundation,2025-10-17 17:59:04,https://longview.org,info@longview.org,,,,,,not_contacted,no,no,,,,high,harvested,info@longview.org,,1.0,12.5,"our grants are high-impact, and how that impact is achieved.","[{""category"": ""primary"", ""keywords_found"": [""art education (partial: 2/2 words)""], ""category_score"": 10.0}, {""category"": ""disability_support"", ""keywords_found"": [""special needs (partial: 2/2 words)""], ""category_score"": 9.0}, {""category"": ""community_education"", ""keywords_found"": [""community engagement (partial: 2/2 words)""], ""category_score"": 6.0}]","homepage,/about","funding recommendations, research and work free-of-charge. while our funders share our mission, they have no influence over any aspect of our work, including our grant recommendations. current funders include open philanthropy, martin crowley, tom crowley, likith govindaiah, justin rockefeller, rafael albert and several private philanthropists and foundations. historical funders include ben delo. these people began warning us of the risk posed by pandemics well before anyone had ever heard of covid. that risk is higher now than it ever has been. to prevent the next pandemic - which could be far more devastating than any we have yet experienced - philanthropists should pay close attention to what the team at longview has to say. michael specter staff writer, the new yorker, and author of denialism where you put your money as a philanthropist matters, and longview philanthropy is excellent at helping donors accomplish as much good as possible with their giving. holden karnofsky co-founder, open philanthropy, and co-founder, givewell longview focuses its deep expertise on bold, pragmatic efforts to reduce catastrophic biological and nuclear weapons threats. the result is high impact. hon. andy weber former u.s. assistant secretary of defense for nuclear, chemical and biological defense programs","education,community,learning,community,learning",2025-10-22T22:12:18.221284,
Sarofim Foundation,237065248,Houston,TX,,,https://projects.propublica.org/nonprofits/organizations/237065248,foundation,2025-10-17 17:59:04,https://sarofim.com,inquiries@sarofim.com,,,,,,not_contacted,no,no,,,,high,harvested,"inquiries@sarofim.com,4ytsarofim@capbp.com,capital-bsarofim@capbp.com",,4.0,0.0,that compounded earnings growth is the single most important factor in equity investing.,,homepage,,community,2025-10-22T22:12:45.344140,
Sarofim Foundation,372090276,Houston,TX,T20,,https://projects.propublica.org/nonprofits/organizations/372090276,foundation,2025-10-17 17:59:04,https://sarofim.com,inquiries@sarofim.com,,,,,,not_contacted,no,no,,,,high,harvested,"inquiries@sarofim.com,4ytsarofim@capbp.com,capital-bsarofim@capbp.com",,4.0,0.0,that compounded earnings growth is the single most important factor in equity investing.,,homepage,,community,2025-10-22T22:13:13.828065,
Moody Foundation,741403105,Galveston,TX,T22,,https://projects.propublica.org/nonprofits/organizations/741403105,foundation,2025-10-17 17:59:04,https://moody.org,besserabesser@moody.orgexecutive,,,,,,not_contacted,no,no,,,,high,harvested,"besserabesser@moody.orgexecutive,haileybhailey@moody.orgdirector,whitsettjwhitsett@moody.orgwedding,smithlsmith@moody.orgmoody,caminadegcaminade@moody.orgbookkeepercourtney,simsweddings@moody.orgadministrative,ferrismferris@moody.orgsociety,cammaranopcammarano@moody.orgdirector,shirktshirk@moody.orgorganistdr,anayalanaya@moody.orgoffice,sargentmsargent@moody.orgmoody,nicholsmnichols@moody.orgfacilitieskevin,sweeneyhsweeney@moody.orgdirector,hodgeslhodges@moody.orglibbie,moorebmoore@moody.orgassociate,anayalanaya@moody.orgdirector,caminadescaminade@moody.orgfacilitiesmike,neffmneff@moody.orgfamily,greency@moody.orgmoody,washingtoncwashington@moody.orgfacilities,blissjbliss@moody.orgnavigationhomeaboutevent,haileychailey@moody.orgaccounting,petersqpeters@moody.orgprogram,clarkcclark@moody.orgdirector,schneider-davissschneiderdavis@moody.orgfront,harrellaharrell@moody.orgdirector,lanierjlanier@moody.orgfront,hufflhuff@moody.orgdirector",,4.0,16.0,"is to help people know jesus christ, grow in faithand serve galveston and the world through love.","[{""category"": ""youth_development"", ""keywords_found"": [""children""], ""category_score"": 7}, {""category"": ""community_education"", ""keywords_found"": [""community school (partial: 2/2 words)""], ""category_score"": 9.0}, {""category"": ""youth_development"", ""keywords_found"": [""children""], ""category_score"": 7}, {""category"": ""community_education"", ""keywords_found"": [""community school (partial: 2/2 words)""], ""category_score"": 9.0}]","homepage,/about-us",,"community,youth,children,community,youth,children",2025-10-22T22:13:34.177373,
Odonnell Foundation,756023326,Dallas,TX,,,https://projects.propublica.org/nonprofits/organizations/756023326,foundation,2025-10-17 17:59:04,https://odonnell.com,sales@odonnell.como,,,,,,not_contacted,no,no,,,,high,harvested,"sales@odonnell.como,mholcomb@odonnell.comlocationo,lberndt@odonnell.comwill,pblackie@odonnell.comsandra,mconley@odonnelll.comlisa,sales@odonnell.com,dking@odonnell.comanthony,jkroetch@odonnell.commark,efong@odonnell.comjim,pagesales@odonnell.comhomeblogproduct,wepich@odonnell.compete,strejo@odonnell.comdonna,sales@odonnell.commark,svarela@odonnell.comemily,afirpo@odonnell.comsherry",,2.0,0.0,be the manufacturers representative that customers look to first for their product designs and requirements.,,"homepage,/about",,,2025-10-22T22:13:59.904814,
Kinder Foundation,760519073,Houston,TX,T20Z,,https://projects.propublica.org/nonprofits/organizations/760519073,foundation,2025-10-17 17:59:04,https://kinder.org,info@kinder.org,,,,,,not_contacted,no,no,,,,high,estimated,,"info@kinder.org,contact@kinder.org,hello@kinder.org,inquiries@kinder.org,development@kinder.org,admin@kinder.org",0.0,0.0,,,homepage,,,2025-10-22T22:14:10.877544,
Trellis Foundation,814714749,Round Rock,TX,P20,,https://projects.propublica.org/nonprofits/organizations/814714749,foundation,2025-10-17 17:59:04,https://trellis.org,support@trellis.org,,,,,,not_contacted,no,no,,,,high,harvested,support@trellis.org,,5.0,0.0,,,"homepage,/about,/about-us,/mission,/vision,/our-mission,/what-we-do,/programs,/grants,/giving,/impact",,,2025-10-22T22:14:37.321750,
Fmh Foundation,272504803,Midland,TX,T22,,https://projects.propublica.org/nonprofits/organizations/272504803,foundation,2025-10-17 17:59:04,https://fmh.org,patientexperience@frederick.health,,,,,,not_contacted,no,no,,,,high,harvested,patientexperience@frederick.health,,5.0,34.5,is to positively impact the well-being of every individual in our community.,"[{""category"": ""primary"", ""keywords_found"": [""arts program (partial: 2/2 words)"", ""arts access (partial: 2/2 words)"", ""accessibility""], ""category_score"": 23.0}, {""category"": ""disability_support"", ""keywords_found"": [""art therapy (partial: 2/2 words)"", ""accessibility""], ""category_score"": 15.0}, {""category"": ""primary"", ""keywords_found"": [""accessibility""], ""category_score"": 7}, {""category"": ""disability_support"", ""keywords_found"": [""special needs (partial: 2/2 words)"", ""art therapy (partial: 2/2 words)"", ""accessibility""], ""category_score"": 24.0}]","homepage,/about",,"arts,health,community,accessibility,health,community,accessibility",2025-10-22T22:15:02.163428,
Philecology Foundation,208987808,Fort Worth,TX,T22,,https://projects.propublica.org/nonprofits/organizations/208987808,foundation,2025-10-17 17:59:04,,,,,,,,not_contacted,no,no,,,,high,error,,,,0.0,,,,,,2025-10-22T22:15:15.203425,'grant_history'
Musk Foundation,770587507,Austin,TX,T21,,https://projects.propublica.org/nonprofits/organizations/770587507,foundation,2025-10-17 17:59:04,https://muskfoundation.org,info@muskfoundation.org,,,,,,not_contacted,no,no,,,,high,estimated,,"info@muskfoundation.org,contact@muskfoundation.org,hello@muskfoundation.org,inquiries@muskfoundation.org,development@muskfoundation.org,admin@muskfoundation.org",0.0,10.0,,"[{""category"": ""primary"", ""keywords_found"": [""art education (partial: 2/2 words)""], ""category_score"": 10.0}]",homepage,support of: - renewable energy research and advocacy - human space exploration research and advocacy - pediatric research - science and engineering education,education,2025-10-22T22:15:35.544522,
Karakin Foundation,752692023,Abilene,TX,T22Z,,https://projects.propublica.org/nonprofits/organizations/752692023,foundation,2025-10-17 17:59:04,,,,,,,,not_contacted,no,no,,,,high,error,,,,0.0,,,,,,2025-10-22T22:15:41.245851,'grant_history'
Buckner Foundation,752125945,Dallas,TX,P12,,https://projects.propublica.org/nonprofits/organizations/752125945,foundation,2025-10-17 17:59:04,https://buckner.org,retirement@buckner.org,,,,,,not_contacted,no,no,,,,high,harvested,"retirement@buckner.org,missions@buckner.org,bucknercommunications@buckner.org,tlong@buckner.org,shoes@buckner.org,mgrych@buckner.org,fostercareadoption@buckner.org",,5.0,16.5,"buckner international transforms the lives of vulnerable children, enriches the lives of senior adults and builds strong families through christ-centered values.","[{""category"": ""primary"", ""keywords_found"": [""art education (partial: 2/2 words)""], ""category_score"": 10.0}, {""category"": ""youth_development"", ""keywords_found"": [""children""], ""category_score"": 7}, {""category"": ""community_education"", ""keywords_found"": [""transforming lives""], ""category_score"": 8}, {""category"": ""youth_development"", ""keywords_found"": [""children""], ""category_score"": 7}, {""category"": ""disability_support"", ""keywords_found"": [""disabilities""], ""category_score"": 10}, {""category"": ""youth_development"", ""keywords_found"": [""children""], ""category_score"": 7}, {""category"": ""primary"", ""keywords_found"": [""art education (partial: 2/2 words)""], ""category_score"": 10.0}, {""category"": ""youth_development"", ""keywords_found"": [""children""], ""category_score"": 7}]","homepage,/about,/about-us,/what-we-do","support them. the results are poverty, lack of education","education,health,children,mental health,children,children,disabilities,education,children,learning",2025-10-22T22:16:04.081349,
Cenikor Foundation,760031861,Houston,TX,,,https://projects.propublica.org/nonprofits/organizations/760031861,foundation,2025-10-17 17:59:04,,,,,,,,not_contacted,no,no,,,,high,error,,,,0.0,,,,,,2025-10-22T22:16:09.735234,'grant_history'
Fondren Foundation,746042565,Houston,TX,,,https://projects.propublica.org/nonprofits/organizations/746042565,foundation,2025-10-17 17:59:04,https://fondren.org,rebecca@fondren.org,,,,,,not_contacted,no,no,,,,high,harvested,"rebecca@fondren.org,622-6555doug@fondren.orgpowered",,4.0,0.0,"statementfondren renaissance foundation promotes the preservation and revitalization of the greater fondren community and empowers people, organizations, and neighborhoods to contribute to the economic growth, stability and quality of life in fondren.",,"homepage,/mission,/programs",,community,2025-10-22T22:16:28.769491,
Impetus Foundation,271602489,San Antonio,TX,T22,,https://projects.propublica.org/nonprofits/organizations/271602489,foundation,2025-10-17 17:59:04,https://impetus.org,info@impetus.org,,,,,,not_contacted,no,no,,,,high,estimated,,"info@impetus.org,contact@impetus.org,hello@impetus.org,inquiries@impetus.org,development@impetus.org,admin@impetus.org",0.0,0.0,,,,,,2025-10-22T22:16:54.643102,
Gardenia Foundation,924001588,Houston,TX,T20,,https://projects.propublica.org/nonprofits/organizations/924001588,foundation,2025-10-17 17:59:04,,,,,,,,not_contacted,no,no,,,,high,error,,,,0.0,,,,,,2025-10-22T22:17:00.086345,'grant_history'
Hildebrand Foundation,760699250,Houston,TX,T21,,https://projects.propublica.org/nonprofits/organizations/760699250,foundation,2025-10-17 17:59:04,https://hildebrandfoundation.org,info@hildebrandfoundation.org,,,,,,not_contacted,no,no,,,,high,estimated,,"info@hildebrandfoundation.org,contact@hildebrandfoundation.org,hello@hildebrandfoundation.org,inquiries@hildebrandfoundation.org,development@hildebrandfoundation.org,admin@hildebrandfoundation.org",2.0,0.0,,,homepage,,,2025-10-22T22:17:15.502334,
1687 Foundation,263772474,Mckinney,TX,T20,,https://projects.propublica.org/nonprofits/organizations/263772474,foundation,2025-10-17 17:59:04,,,,,,,,not_contacted,no,no,,,,high,error,,,,0.0,,,,,,2025-10-22T22:17:20.087852,'grant_history'
Hamill Foundation,237028238,Houston,TX,,,https://projects.propublica.org/nonprofits/organizations/237028238,foundation,2025-10-17 17:59:04,,,,,,,,not_contacted,no,no,,,,high,error,,,,0.0,,,,,,2025-10-22T22:17:24.755370,'grant_history'
Legett Foundation,752696419,Abilene,TX,T50Z,,https://projects.propublica.org/nonprofits/organizations/752696419,foundation,2025-10-17 17:59:04,,,,,,,,not_contacted,no,no,,,,high,error,,,,0.0,,,,,,2025-10-22T22:17:26.119772,'grant_history'
Truchard Foundation,742816894,Austin,TX,T90Z,,https://projects.propublica.org/nonprofits/organizations/742816894,foundation,2025-10-17 17:59:04,,,,,,,,not_contacted,no,no,,,,high,error,,,,0.0,,,,,,2025-10-22T22:17:26.436220,'grant_history'
Foundations Kenya,845023505,Brenham,TX,B12,,https://projects.propublica.org/nonprofits/organizations/845023505,foundations,2025-10-17 17:59:05,,,,,,,,not_contacted,no,no,,,,high,error,,,,0.0,,,,,,2025-10-22T22:17:30.106589,'grant_history'
Altacair Foundations,933696589,Edinburg,TX,E80,,https://projects.propublica.org/nonprofits/organizations/933696589,foundations,2025-10-17 17:59:05,,,,,,,,not_contacted,no,no,,,,high,error,,,,0.0,,,,,,2025-10-22T22:17:30.359996,'grant_history'
Sure Foundations,990323395,Plainview,TX,X21,,https://projects.propublica.org/nonprofits/organizations/990323395,foundations,2025-10-17 17:59:05,https://sures.com,info@sures.com,,,,,,not_contacted,no,no,,,,high,estimated,,"info@sures.com,contact@sures.com,hello@sures.com,inquiries@sures.com,development@sures.com,admin@sures.com",1.0,0.0,,,homepage,,,2025-10-22T22:17:53.451058,
Atg Foundations,453625588,Houston,TX,B80,,https://projects.propublica.org/nonprofits/organizations/453625588,foundations,2025-10-17 17:59:05,https://atgs.org,info@atgs.org,,,,,,not_contacted,no,no,,,,high,estimated,,"info@atgs.org,contact@atgs.org,hello@atgs.org,inquiries@atgs.org,development@atgs.org,admin@atgs.org",1.0,5.0,,"[{""category"": ""primary"", ""keywords_found"": [""art education (partial: 2/2 words)""], ""category_score"": 10.0}]","homepage,/what-we-do",,"education,learning,education,learning",2025-10-22T22:18:06.743604,
Collegiate Foundations,851186824,Houston,TX,T50,,https://projects.propublica.org/nonprofits/organizations/851186824,foundations,2025-10-17 17:59:05,,,,,,,,not_contacted,no,no,,,,high,error,,,,0.0,,,,,,2025-10-22T22:18:10.853711,'grant_history'
Eben Foundations,994456945,Grand Prairie,TX,A25,,https://projects.propublica.org/nonprofits/organizations/994456945,foundations,2025-10-17 17:59:05,https://ebens.org,info@ebens.org,,,,,,not_contacted,no,no,,,,high,estimated,,"info@ebens.org,contact@ebens.org,hello@ebens.org,inquiries@ebens.org,development@ebens.org,admin@ebens.org",0.0,0.0,,,homepage,,,2025-10-22T22:18:27.158768,
Frontier Foundations,472333402,Austin,TX,Q30,,https://projects.propublica.org/nonprofits/organizations/472333402,foundations,2025-10-17 17:59:05,https://frontiers.org,info@frontiers.org,,,,,,not_contacted,no,no,,,,high,estimated,,"info@frontiers.org,contact@frontiers.org,hello@frontiers.org,inquiries@frontiers.org,development@frontiers.org,admin@frontiers.org",0.0,0.0,,,homepage,,,2025-10-22T22:18:39.720620,
Covenant Foundations,332382216,Goliad,TX,,,https://projects.propublica.org/nonprofits/organizations/332382216,foundations,2025-10-17 17:59:05,,,,,,,,not_contacted,no,no,,,,high,error,,,,0.0,,,,,,2025-10-22T22:18:44.049162,'grant_history'
Fast Foundations,332121882,Richmond,TX,P12,,https://projects.propublica.org/nonprofits/organizations/332121882,foundations,2025-10-17 17:59:05,https://fasts.org,info@fasts.org,,,,,,not_contacted,no,no,,,,high,estimated,,"info@fasts.org,contact@fasts.org,hello@fasts.org,inquiries@fasts.org,development@fasts.org,admin@fasts.org",2.0,26.0,,"[{""category"": ""primary"", ""keywords_found"": [""creative education (partial: 2/2 words)"", ""art education (partial: 2/2 words)""], ""category_score"": 19.0}, {""category"": ""disability_support"", ""keywords_found"": [""special education (partial: 2/2 words)""], ""category_score"": 7.0}, {""category"": ""primary"", ""keywords_found"": [""creative education (partial: 2/2 words)"", ""art education (partial: 2/2 words)""], ""category_score"": 19.0}, {""category"": ""disability_support"", ""keywords_found"": [""special education (partial: 2/2 words)""], ""category_score"": 7.0}, {""category"": ""primary"", ""keywords_found"": [""creative education (partial: 2/2 words)"", ""art education (partial: 2/2 words)""], ""category_score"": 19.0}, {""category"": ""disability_support"", ""keywords_found"": [""special education (partial: 2/2 words)""], ""category_score"": 7.0}, {""category"": ""primary"", ""keywords_found"": [""creative education (partial: 2/2 words)"", ""art education (partial: 2/2 words)""], ""category_score"": 19.0}, {""category"": ""disability_support"", ""keywords_found"": [""special education (partial: 2/2 words)""], ""category_score"": 7.0}, {""category"": ""primary"", ""keywords_found"": [""creative education (partial: 2/2 words)"", ""art education (partial: 2/2 words)""], ""category_score"": 19.0}, {""category"": ""disability_support"", ""keywords_found"": [""special education (partial: 2/2 words)""], ""category_score"": 7.0}, {""category"": ""primary"", ""keywords_found"": [""creative education (partial: 2/2 words)"", ""art education (partial: 2/2 words)""], ""category_score"": 19.0}, {""category"": ""disability_support"", ""keywords_found"": [""special education (partial: 2/2 words)""], ""category_score"": 7.0}, {""category"": ""primary"", ""keywords_found"": [""creative education (partial: 2/2 words)"", ""art education (partial: 2/2 words)""], ""category_score"": 19.0}, {""category"": ""disability_support"", ""keywords_found"": [""special education (partial: 2/2 words)""], ""category_score"": 7.0}, {""category"": ""primary"", ""keywords_found"": [""creative education (partial: 2/2 words)"", ""art education (partial: 2/2 words)""], ""category_score"": 19.0}, {""category"": ""disability_support"", ""keywords_found"": [""special education (partial: 2/2 words)""], ""category_score"": 7.0}, {""category"": ""primary"", ""keywords_found"": [""creative education (partial: 2/2 words)"", ""art education (partial: 2/2 words)""], ""category_score"": 19.0}, {""category"": ""disability_support"", ""keywords_found"": [""special education (partial: 2/2 words)""], ""category_score"": 7.0}, {""category"": ""primary"", ""keywords_found"": [""creative education (partial: 2/2 words)"", ""art education (partial: 2/2 words)""], ""category_score"": 19.0}, {""category"": ""disability_support"", ""keywords_found"": [""special education (partial: 2/2 words)""], ""category_score"": 7.0}, {""category"": ""primary"", ""keywords_found"": [""creative education (partial: 2/2 words)"", ""art education (partial: 2/2 words)""], ""category_score"": 19.0}, {""category"": ""disability_support"", ""keywords_found"": [""special education (partial: 2/2 words)""], ""category_score"": 7.0}]","homepage,/about,/about-us,/mission,/vision,/our-mission,/what-we-do,/programs,/grants,/giving,/impact",,"education,health,community,creative,education,health,community,creative,education,health,community,creative,education,health,community,creative,education,health,community,creative,education,health,community,creative,education,health,community,creative,education,health,community,creative,education,health,community,creative,education,health,community,creative,education,health,community,creative",2025-10-22T22:19:37.526821,
Seven Foundations,882377597,Cypress,TX,T22,,https://projects.propublica.org/nonprofits/organizations/882377597,foundations,2025-10-17 17:59:05,,,,,,,,not_contacted,no,no,,,,high,error,,,,0.0,,,,,,2025-10-22T22:20:14.908255,'grant_history'
Altrusa International Foundations Inc,453759162,Richardson,TX,,,https://projects.propublica.org/nonprofits/organizations/453759162,foundations,2025-10-17 17:59:05,https://altrusa.org,tdmabry@yahoo.com,,,,,,not_contacted,no,no,,,,high,harvested,"tdmabry@yahoo.com,leiajh329@gmail.com,h_cleavinger@yahoo.com,nkuenzig@yahoo.com,mabel.acevedo2@gmail.com,altrusa@altrusa.org",,2.0,19.0,that everyone is able to make a positive difference to the world around them.,"[{""category"": ""primary"", ""keywords_found"": [""art education (partial: 2/2 words)""], ""category_score"": 10.0}, {""category"": ""community_education"", ""keywords_found"": [""community school (partial: 2/2 words)""], ""category_score"": 9.0}, {""category"": ""primary"", ""keywords_found"": [""art education (partial: 2/2 words)""], ""category_score"": 10.0}, {""category"": ""community_education"", ""keywords_found"": [""community school (partial: 2/2 words)""], ""category_score"": 9.0}, {""category"": ""primary"", ""keywords_found"": [""art education (partial: 2/2 words)""], ""category_score"": 10.0}, {""category"": ""community_education"", ""keywords_found"": [""community school (partial: 2/2 words)""], ""category_score"": 9.0}, {""category"": ""primary"", ""keywords_found"": [""art education (partial: 2/2 words)""], ""category_score"": 10.0}, {""category"": ""community_education"", ""keywords_found"": [""community school (partial: 2/2 words)""], ""category_score"": 9.0}, {""category"": ""primary"", ""keywords_found"": [""art education (partial: 2/2 words)""], ""category_score"": 10.0}, {""category"": ""community_education"", ""keywords_found"": [""community school (partial: 2/2 words)""], ""category_score"": 9.0}, {""category"": ""primary"", ""keywords_found"": [""art education (partial: 2/2 words)""], ""category_score"": 10.0}, {""category"": ""community_education"", ""keywords_found"": [""community school (partial: 2/2 words)""], ""category_score"": 9.0}, {""category"": ""primary"", ""keywords_found"": [""art education (partial: 2/2 words)""], ""category_score"": 10.0}, {""category"": ""community_education"", ""keywords_found"": [""community school (partial: 2/2 words)""], ""category_score"": 9.0}, {""category"": ""primary"", ""keywords_found"": [""art education (partial: 2/2 words)""], ""category_score"": 10.0}, {""category"": ""community_education"", ""keywords_found"": [""community school (partial: 2/2 words)""], ""category_score"": 9.0}, {""category"": ""primary"", ""keywords_found"": [""art education (partial: 2/2 words)""], ""category_score"": 10.0}, {""category"": ""community_education"", ""keywords_found"": [""community school (partial: 2/2 words)""], ""category_score"": 9.0}, {""category"": ""primary"", ""keywords_found"": [""art education (partial: 2/2 words)""], ""category_score"": 10.0}, {""category"": ""community_education"", ""keywords_found"": [""community school (partial: 2/2 words)""], ""category_score"": 9.0}, {""category"": ""primary"", ""keywords_found"": [""art education (partial: 2/2 words)""], ""category_score"": 10.0}, {""category"": ""community_education"", ""keywords_found"": [""community school (partial: 2/2 words)""], ""category_score"": 9.0}]","homepage,/about,/about-us,/mission,/vision,/our-mission,/what-we-do,/programs,/grants,/giving,/impact",,"education,health,community,education,health,community,education,health,community,education,health,community,education,health,community,education,health,community,education,health,community,education,health,community,education,health,community,education,health,community,education,health,community",2025-10-22T22:20:33.602712,
Cdr Charitable Foundation,832875097,Richmond,TX,O12,,https://projects.propublica.org/nonprofits/organizations/832875097,charitable foundation,2025-10-17 17:59:06,https://cdrcharitablefoundation.org,info@cdrcharitablefoundation.org,,,,,,not_contacted,no,no,,,,high,estimated,,"info@cdrcharitablefoundation.org,contact@cdrcharitablefoundation.org,hello@cdrcharitablefoundation.org,inquiries@cdrcharitablefoundation.org,development@cdrcharitablefoundation.org,admin@cdrcharitablefoundation.org",1.0,7.0,,"[{""category"": ""youth_development"", ""keywords_found"": [""children""], ""category_score"": 7}]",homepage,,children,2025-10-22T22:20:54.201448,
Rainwater Charitable Foundation,800870036,Fort Worth,TX,T20,,https://projects.propublica.org/nonprofits/organizations/800870036,charitable foundation,2025-10-17 17:59:06,,,,,,,,not_contacted,no,no,,,,high,error,,,,0.0,,,,,,2025-10-22T22:20:59.478332,'grant_history'
Warren Charitable Foundation,300490635,Midland,TX,T22,,https://projects.propublica.org/nonprofits/organizations/300490635,charitable foundation,2025-10-17 17:59:06,https://warren.org,twheeler@ybi.org,,,,,,not_contacted,no,no,,,,high,harvested,"twheeler@ybi.org,841-2565mkeys@warren.org,122mario@valleyedp.comindustrial,841-2575llemasters@warren.org,841-2569vwolf@warren.org",,5.0,46.0,,"[{""category"": ""primary"", ""keywords_found"": [""arts access (partial: 2/2 words)"", ""accessibility""], ""category_score"": 15.0}, {""category"": ""disability_support"", ""keywords_found"": [""accessibility""], ""category_score"": 8}, {""category"": ""community_education"", ""keywords_found"": [""community school (partial: 2/2 words)"", ""public schools (partial: 2/2 words)"", ""school partnerships (partial: 2/2 words)""], ""category_score"": 23.0}]",homepage,,"arts,health,community,accessibility",2025-10-22T22:21:14.696512,
Woodforest Charitable Foundation,202516951,The Woodlands,TX,T22,,https://projects.propublica.org/nonprofits/organizations/202516951,charitable foundation,2025-10-17 17:59:06,https://woodforestcharitablefoundation.org,woodf...ation@woodforest.com,,,,,,not_contacted,no,no,,,,high,harvested,"woodf...ation@woodforest.com,woodforestcharitablefoundation@woodforest.com",,1.0,0.0,enriching lives and communities through social and public service programs.,,"homepage,/about,/about-us,/mission,/vision,/our-mission,/what-we-do,/programs,/grants,/giving,/impact","funding and ongoing support are provided by woodforest national bank and its officers, directors, and employees. additionally, individuals, corporations, and other foundations are invited to join in supporting the foundation's mission. tax-deductible donations, whether made in cash, securities, life insurance, or charitable trusts, all help fund impactful programs,funding to qualifying 501(c)(3) charities. wishing to focus primarily on social service programs",community,2025-10-22T22:21:30.531056,
Hamon Charitable Foundation,752734057,Dallas,TX,T20Z,,https://projects.propublica.org/nonprofits/organizations/752734057,charitable foundation,2025-10-17 17:59:06,,,,,,,,not_contacted,no,no,,,,high,error,,,,0.0,,,,,,2025-10-22T22:21:44.588954,'grant_history'
Sankaran Charitable Foundation,934967456,Dallas,TX,T11,,https://projects.propublica.org/nonprofits/organizations/934967456,charitable foundation,2025-10-17 17:59:06,https://sankaran.org,info@sankaran.org,,,,,,not_contacted,no,no,,,,high,estimated,,"info@sankaran.org,contact@sankaran.org,hello@sankaran.org,inquiries@sankaran.org,development@sankaran.org,admin@sankaran.org",0.0,0.0,,,homepage,,,2025-10-22T22:21:55.329505,
Wellmed Charitable Foundation,205087010,San Antonio,TX,B60,,https://projects.propublica.org/nonprofits/organizations/205087010,charitable foundation,2025-10-17 17:59:06,https://wellmedcharitablefoundation.org,evatrevino@wellmed.net,,,,,,not_contacted,no,no,,,,high,harvested,"evatrevino@wellmed.net,dbilla@wellmed.net,chrsmith@wellmed.net,czernial@wellmed.net,wellmedgives@wellmed.net,caregiversos@wellmed.net,bpratt@wellmed.net,lcisneros@wellmed.net",,5.0,5.833333333333333,is to support seniors and their caregivers in our community with a special emphasis on wellness and prevention.,"[{""category"": ""primary"", ""keywords_found"": [""arts education (partial: 2/2 words)"", ""art education (partial: 2/2 words)"", ""arts program (partial: 2/2 words)""], ""category_score"": 28.0}, {""category"": ""disability_support"", ""keywords_found"": [""special education (partial: 2/2 words)""], ""category_score"": 7.0}]","homepage,/about,/about-us,/programs,/grants,/impact","support find a senior center join a hybrid class! virtual senior center caregiver sos caregiver sos caregiver coaching caregiver teleconnection stress-busting programs caregiver sos: on air resources video resources caregiver summit charitable giving about us grants donate donate now supporting older adults and their caregivers in our community we’re a non-profit organization that supports older adults and their caregivers with a special emphasis on wellness and prevention. senior activity centers caregiver support home senior activity centers virtual center caregiver sos caregiver coaching caregiver teleconnection stress-busting programs caregiver sos: on air resources video resources caregiver summit charitable giving about us grants donate privacy policy covid 19 resources blog contact us donate now what's new at wcf news senior center showcase – explore classes, tour the center & view the calendar — come see what’s happening! join us on nov. 6 for our annual caregiver summit, virtual and online! — conferencia en español es el 13 de noviembre. interested in staying active from home? — join a live hybrid class! caregiver teleconnection: one-hour video conference calls on caregiving topics with experts at no cost. view & register for the october calendar here caregiver teleconnection shifting perceptions, steady hearts: a compassionate look at lewy body dementia register > caregiver sos podcast managing caregiver anger and the three fs of flipping out: fear, frustration, and fatigue with elaine sanchez listen > virtual senior center hiit session watch > supporting older adults and family caregivers in our community senior activity centers senior activity centers connect you to a place for exercise, learning and friendship so that you can take steps towards a healthier life. learn more caregiver support offering you the support and education,support find a senior center join a hybrid class! virtual senior center caregiver sos caregiver sos caregiver coaching caregiver teleconnection stress-busting programs caregiver sos: on air resources video resources caregiver summit charitable giving about us grants donate donate now supporting older adults and their caregivers in our community we’re a non-profit organization that supports older adults and their caregivers with a special emphasis on wellness and prevention. senior activity centers caregiver support home senior activity centers virtual center caregiver sos caregiver coaching caregiver teleconnection stress-busting programs caregiver sos: on air resources video resources caregiver summit charitable giving about us grants donate privacy policy covid 19 resources blog contact us donate now what's new at wcf news senior center showcase – explore classes, tour the center & view the calendar — come see what’s happening! join us on nov. 6 for our annual caregiver summit, virtual and online! — conferencia en español es el 13 de noviembre. interested in staying active from home? — join a live hybrid class! caregiver teleconnection: one-hour video conference calls on caregiving topics with experts at no cost. view & register for the october calendar here caregiver teleconnection shifting perceptions, steady hearts,funding comes from business partners and event sponsors who support foundation events throughout the year. center for research the foundation also seeks partnerships with healthcare providers, grant funders, researchers and universities with a common interest to change the face of healthcare for seniors. the wellmed charitable foundation was founded in 2006 by dr. george rapier iii, a noted physician who is also the chairman of the board. the foundation is a non-profit, 501(c)3 organization, and the philanthropic partner of wellmed medical management, headquartered in san antonio, texas. sponsorship opportunities the wellmed charitable foundation organizes signature events each year that are highly attended by seniors and caregivers. sponsoring one or more of these events is a great way to reach your target audience. the course is calling! the golf classic is a great opportunity to support seniors and caregivers while you enjoy a day out on the green. the tournament is held in san antonio each october and has previously been held at the oak hills country club as well as the tpc san antonio course on property with the jw marriott. the annual caregiver summit is a one-day conference provided to caregivers at no cost to connect them with experts from the field of caregiving. if you are interested in a sponsorship, please email wellmedgives@wellmed.net volunteering our #volunteers on wellmedgives official instagram account for the wellmed charitable foundation. halloween is just around the corner - don’t be s cross roads senior center had a fun game of bingo members of austin senior activity center love to k listen as caregiver sos: on air hosts, ron aaron a no better time to come and see what's happening du thank you to caring for miami for paying a visit t take a look at a couple of the events this week, d with just one month to caregiver summit november 6 sun city loves to celebrate its members, happy bir announcing senior center showcase - our special op autumn is officially here! looking to have a cozy we are proud to be selected as a 2025 impact award happy hispanic heritage month! members from harlin members in austin are having a successful week of the wellmed charitable foundation is proud to pres little havana members enjoyed an in-person caregiv recently wellmed employees participated in a natio our cisneros senior activity center had a fun time falls prevention week is here! between sept. 22-26 november is fast approaching and so is our caregiv load more follow on instagram download our annual report 2024 annual report download board of directors george rapier, iii, md chairman bryan grundhoefer president richard manning vice president dr. carlos hernandez board member cj roach secretary and treasurer barbara allen, md board member wellmed charitable foundation staff carol zernial executive director czernial@wellmed.net brittany pratt vice president of social responsibility bpratt@wellmed.net debbie billa grants manager dbilla@wellmed.net laura cisneros vice president of senior community services lcisneros@wellmed.net tina smith director, caregiver programs,funding comes from business partners and event sponsors who support foundation events throughout the year. center for research the foundation also seeks partnerships with healthcare providers, grant funders, researchers and universities with a common interest to change the face of healthcare for seniors. the wellmed charitable foundation was founded in 2006 by dr. george rapier iii, a noted physician who is also the chairman of the board. the foundation is a non-profit, 501(c)3 organization, and the philanthropic partner of wellmed medical management, headquartered in san antonio, texas. sponsorship opportunities the wellmed charitable foundation organizes signature events each year that are highly attended by seniors and caregivers. sponsoring one or more of these events is a great way to reach your target audience. the course is calling! the golf classic is a great opportunity to support seniors and caregivers while you enjoy a day out on the green. the tournament is held in san antonio each october and has previously been held at the oak hills country club as well as the tpc san antonio course on property with the jw marriott. the annual caregiver summit is a one-day conference provided to caregivers at no cost to connect them with experts from the field of caregiving. if you are interested in a sponsorship, please email wellmedgives@wellmed.net volunteering our #volunteers on wellmedgives official instagram account for the wellmed charitable foundation. halloween is just around the corner - don’t be s cross roads senior center had a fun game of bingo members of austin senior activity center love to k listen as caregiver sos: on air hosts, ron aaron a no better time to come and see what's happening du thank you to caring for miami for paying a visit t take a look at a couple of the events this week, d with just one month to caregiver summit november 6 sun city loves to celebrate its members, happy bir announcing senior center showcase - our special op autumn is officially here! looking to have a cozy we are proud to be selected as a 2025 impact award happy hispanic heritage month! members from harlin members in austin are having a successful week of the wellmed charitable foundation is proud to pres little havana members enjoyed an in-person caregiv recently wellmed employees participated in a natio our cisneros senior activity center had a fun time falls prevention week is here! between sept. 22-26 november is fast approaching and so is our caregiv load more follow on instagram download our annual report 2024 annual report download board of directors george rapier, iii, md chairman bryan grundhoefer president richard manning vice president dr. carlos hernandez board member cj roach secretary and treasurer barbara allen, md board member wellmed charitable foundation staff carol zernial executive director czernial@wellmed.net brittany pratt vice president of social responsibility bpratt@wellmed.net debbie billa grants manager dbilla@wellmed.net laura cisneros vice president of senior community services lcisneros@wellmed.net tina smith director, caregiver programs","education,arts,health,community,learning,health,community,health,community,health,community,health,community",2025-10-22T22:22:43.065292,
Halliburton Charitable Foundation,262383244,Houston,TX,T21,,https://projects.propublica.org/nonprofits/organizations/262383244,charitable foundation,2025-10-17 17:59:06,,,,,,,,not_contacted,no,no,,,,high,error,,,,0.0,,,,,,2025-10-22T22:22:46.971638,'grant_history'
Henderson Charitable Foundation,872394863,Webster,TX,B12,,https://projects.propublica.org/nonprofits/organizations/872394863,charitable foundation,2025-10-17 17:59:06,,,,,,,,not_contacted,no,no,,,,high,error,,,,0.0,,,,,,2025-10-22T22:22:47.906527,'grant_history'
Jkj Charitable Foundation,760573833,Houston,TX,T20,,https://projects.propublica.org/nonprofits/organizations/760573833,charitable foundation,2025-10-17 17:59:06,https://jkj.org,info@jkj.org,,,,,,not_contacted,no,no,,,,high,estimated,,"info@jkj.org,contact@jkj.org,hello@jkj.org,inquiries@jkj.org,development@jkj.org,admin@jkj.org",0.0,0.0,,,"homepage,/about,/about-us,/mission,/vision,/our-mission,/what-we-do,/programs,/grants,/giving,/impact",,,2025-10-22T22:23:05.251368,
Specs Charitable Foundation,760488033,Houston,TX,T99Z,,https://projects.propublica.org/nonprofits/organizations/760488033,charitable foundation,2025-10-17 17:59:06,,,,,,,,not_contacted,no,no,,,,high,error,,,,0.0,,,,,,2025-10-22T22:23:08.842711,'grant_history'
Nrj Charitable Foundation,822552424,Irving,TX,T30,,https://projects.propublica.org/nonprofits/organizations/822552424,charitable foundation,2025-10-17 17:59:06,,,,,,,,not_contacted,no,no,,,,high,error,,,,0.0,,,,,,2025-10-22T22:23:09.702666,'grant_history'
Coserv Charitable Foundation,134281766,Corinth,TX,T30,,https://projects.propublica.org/nonprofits/organizations/134281766,charitable foundation,2025-10-17 17:59:06,,,,,,,,not_contacted,no,no,,,,high,error,,,,0.0,,,,,,2025-10-22T22:23:09.963886,'grant_history'
Sparrow Charitable Foundation,200488561,Dallas,TX,T22,,https://projects.propublica.org/nonprofits/organizations/200488561,charitable foundation,2025-10-17 17:59:06,https://sparrow.org,info@sparrow.org,,,,,,not_contacted,no,no,,,,high,estimated,,"info@sparrow.org,contact@sparrow.org,hello@sparrow.org,inquiries@sparrow.org,development@sparrow.org,admin@sparrow.org",5.0,22.333333333333332,"is to improve the health of the people in our communities by providing quality, compassionate care to every patient, every time.","[{""category"": ""primary"", ""keywords_found"": [""accessibility""], ""category_score"": 7}, {""category"": ""disability_support"", ""keywords_found"": [""art therapy (partial: 2/2 words)"", ""accessibility""], ""category_score"": 15.0}, {""category"": ""youth_development"", ""keywords_found"": [""children""], ""category_score"": 7}, {""category"": ""primary"", ""keywords_found"": [""accessibility""], ""category_score"": 7}, {""category"": ""disability_support"", ""keywords_found"": [""special needs (partial: 2/2 words)"", ""art therapy (partial: 2/2 words)"", ""accessibility""], ""category_score"": 24.0}, {""category"": ""youth_development"", ""keywords_found"": [""children""], ""category_score"": 7}]","homepage,/about,/giving",,"health,community,children,accessibility,health,community,children,accessibility,inclusion,inclusive,health",2025-10-22T22:23:38.044485,
Harte Charitable Foundation,450489907,San Antonio,TX,T22,,https://projects.propublica.org/nonprofits/organizations/450489907,charitable foundation,2025-10-17 17:59:06,https://harte.org,employee.relations@tamucc.edu,,,,,,not_contacted,no,no,,,,high,harvested,"employee.relations@tamucc.edu,len.hayward@tamucc.edu,marcom@tamucc.edu,disability.services@tamucc.edu,hri@tamucc.edu,tour@tamucc.edu",,4.0,32.0,to achieve an ecologically and economically sustainable gulf.,"[{""category"": ""primary"", ""keywords_found"": [""art education (partial: 2/2 words)"", ""accessibility""], ""category_score"": 17.0}, {""category"": ""disability_support"", ""keywords_found"": [""accessibility""], ""category_score"": 8}, {""category"": ""community_education"", ""keywords_found"": [""public schools (partial: 2/2 words)"", ""quality education (partial: 2/2 words)""], ""category_score"": 14.0}, {""category"": ""primary"", ""keywords_found"": [""art education (partial: 2/2 words)"", ""accessibility""], ""category_score"": 17.0}, {""category"": ""disability_support"", ""keywords_found"": [""accessibility""], ""category_score"": 8}]","homepage,/about","support main navigation our expertise our work our people news events header actions search support menu our expertise our work our people news events about us contact education,support main navigation our expertise our work our people news events header actions search support menu our expertise our work our people news events about us contact education","education,health,accessibility,education,health,accessibility,mental health",2025-10-22T22:23:58.973741,
Coleman Charitable Foundation,473700583,Georgetown,TX,T90,,https://projects.propublica.org/nonprofits/organizations/473700583,charitable foundation,2025-10-17 17:59:06,,,,,,,,not_contacted,no,no,,,,high,error,,,,0.0,,,,,,2025-10-22T22:24:04.455853,'grant_history'
Winston Charitable Foundation,742877210,Houston,TX,T90,,https://projects.propublica.org/nonprofits/organizations/742877210,charitable foundation,2025-10-17 17:59:06,https://winston.org,info@winston.org,,,,,,not_contacted,no,no,,,,high,estimated,,"info@winston.org,contact@winston.org,hello@winston.org,inquiries@winston.org,development@winston.org,admin@winston.org",0.0,0.0,,,homepage,,,2025-10-22T22:24:13.080899,
Ensworth Charitable Foundation,66026018,Dallas,TX,,,https://projects.propublica.org/nonprofits/organizations/66026018,charitable foundation,2025-10-17 17:59:06,,,,,,,,not_contacted,no,no,,,,high,error,,,,0.0,,,,,,2025-10-22T22:24:17.023387,'grant_history'
Mcdaniel Charitable Foundation,760538313,Hitchcock,TX,T20,,https://projects.propublica.org/nonprofits/organizations/760538313,charitable foundation,2025-10-17 17:59:06,,,,,,,,not_contacted,no,no,,,,high,error,,,,0.0,,,,,,2025-10-22T22:24:18.144869,'grant_history'
Cotton Charitable Foundation,208229692,Houston,TX,T30,,https://projects.propublica.org/nonprofits/organizations/208229692,charitable foundation,2025-10-17 17:59:06,https://cotton.org,info@cotton.org,,,,,,not_contacted,no,no,,,,high,estimated,,"info@cotton.org,contact@cotton.org,hello@cotton.org,inquiries@cotton.org,development@cotton.org,admin@cotton.org",5.0,21.0,"is to ensure the ability of all seven industry segments to compete effectively and profitably in the raw cotton, oilseeds and u.","[{""category"": ""primary"", ""keywords_found"": [""art education (partial: 2/2 words)""], ""category_score"": 10.0}, {""category"": ""community_education"", ""keywords_found"": [""educational access (partial: 2/2 words)"", ""quality education (partial: 2/2 words)""], ""category_score"": 15.0}, {""category"": ""primary"", ""keywords_found"": [""art education (partial: 2/2 words)""], ""category_score"": 10.0}, {""category"": ""community_education"", ""keywords_found"": [""quality education (partial: 2/2 words)""], ""category_score"": 7.0}]","homepage,/about",,"education,health,community,cultural,education,health,community,cultural",2025-10-22T22:24:58.120702,
Dawson Charitable Foundation,934773299,San Antonio,TX,T22,,https://projects.propublica.org/nonprofits/organizations/934773299,charitable foundation,2025-10-17 17:59:06,,,,,,,,not_contacted,no,no,,,,high,error,,,,0.0,,,,,,2025-10-22T22:25:01.525046,'grant_history'
Ghba Charitable Foundation,464656185,Houston,TX,T12,,https://projects.propublica.org/nonprofits/organizations/464656185,charitable foundation,2025-10-17 17:59:06,https://ghba.org,abertrand@ghba.org,,,,,,not_contacted,no,no,,,,high,harvested,abertrand@ghba.org,,5.0,30.333333333333332,creating a positive business environment for the housing industry by addressing the housing issues of the people of texas.,"[{""category"": ""primary"", ""keywords_found"": [""art education (partial: 2/2 words)""], ""category_score"": 10.0}, {""category"": ""youth_development"", ""keywords_found"": [""children""], ""category_score"": 7}, {""category"": ""community_education"", ""keywords_found"": [""quality education (partial: 2/2 words)""], ""category_score"": 7.0}, {""category"": ""primary"", ""keywords_found"": [""arts education (partial: 2/2 words)"", ""art education (partial: 2/2 words)"", ""arts program (partial: 2/2 words)""], ""category_score"": 28.0}, {""category"": ""community_education"", ""keywords_found"": [""quality education (partial: 2/2 words)""], ""category_score"": 7.0}, {""category"": ""primary"", ""keywords_found"": [""art education (partial: 2/2 words)""], ""category_score"": 10.0}, {""category"": ""youth_development"", ""keywords_found"": [""youth development (partial: 2/2 words)"", ""children""], ""category_score"": 15.0}, {""category"": ""community_education"", ""keywords_found"": [""quality education (partial: 2/2 words)""], ""category_score"": 7.0}]","homepage,/about,/giving","supports his local parish and habitat for humanity. he also leads youth groups and youth sports programs, and helps families in need of safe and stable housing or any general repairs. ""giving back to the community is just as important as building within it,"" drew said.🍃 passions: in his free time, drew enjoys spending time with his family and being outdoors.🏡 ghba’s impact: ""being part of ghba has opened the door to relationships i never would have made otherwise. i’ve gained mentors, colleagues and friends who have helped me grow my business and expand my perspective,"" drew said. ""the networking, education","education,community,children,education,arts,community,education,community,youth,children,learning",2025-10-22T22:25:51.874861,
Tvec Charitable Foundation,455548476,Kaufman,TX,P80,,https://projects.propublica.org/nonprofits/organizations/455548476,charitable foundation,2025-10-17 17:59:06,,,,,,,,not_contacted,no,no,,,,high,error,,,,0.0,,,,,,2025-10-22T22:25:55.434032,'grant_history'
Ask Charitable Foundation,810764533,Austin,TX,T20,,https://projects.propublica.org/nonprofits/organizations/810764533,charitable foundation,2025-10-17 17:59:06,,,,,,,,not_contacted,no,no,,,,high,error,,,,0.0,,,,,,2025-10-22T22:25:56.210566,'grant_history'
Gvec Charitable Foundation,453420216,Gonzales,TX,L82,,https://projects.propublica.org/nonprofits/organizations/453420216,charitable foundation,2025-10-17 17:59:06,https://gvec.org,info@gvec.org,,,,,,not_contacted,no,no,,,,high,estimated,,"info@gvec.org,contact@gvec.org,hello@gvec.org,inquiries@gvec.org,development@gvec.org,admin@gvec.org",2.0,22.4,and distribution systems throughout the service area.,"[{""category"": ""primary"", ""keywords_found"": [""creative education (partial: 2/2 words)"", ""art education (partial: 2/2 words)""], ""category_score"": 19.0}, {""category"": ""disability_support"", ""keywords_found"": [""special needs (partial: 2/2 words)"", ""special education (partial: 2/2 words)""], ""category_score"": 16.0}, {""category"": ""youth_development"", ""keywords_found"": [""creative development (partial: 2/2 words)""], ""category_score"": 8.0}, {""category"": ""community_education"", ""keywords_found"": [""quality education (partial: 2/2 words)""], ""category_score"": 7.0}, {""category"": ""primary"", ""keywords_found"": [""art education (partial: 2/2 words)""], ""category_score"": 10.0}, {""category"": ""primary"", ""keywords_found"": [""art education (partial: 2/2 words)""], ""category_score"": 10.0}, {""category"": ""primary"", ""keywords_found"": [""arts education (partial: 2/2 words)"", ""art education (partial: 2/2 words)"", ""arts program (partial: 2/2 words)""], ""category_score"": 28.0}, {""category"": ""disability_support"", ""keywords_found"": [""special education (partial: 2/2 words)""], ""category_score"": 7.0}, {""category"": ""youth_development"", ""keywords_found"": [""children""], ""category_score"": 7}]","homepage,/about,/about-us,/vision,/giving","support future needs and new services. gvec is a cooperative with a bigger purpose than just delivering products and services. we wholeheartedly believe in empowering the people and communities we serve with unbiased information, responsive services, and tangible resources. our scope of work is based on the overall value we can contribute to your home, life, and community combined. the 1938 establishment of the guadalupe valley electric cooperative transformed the quality of life for many rural families through teamwork, vision, and a commitment to empowering the people and communities it served. though our cooperative services and customers are more diverse than ever before, those same values remain rooted in the work of gvec still today. a strong past and vibrant future. in the early 1930s, most of rural america was in the dark. power suppliers did not expand their lines to reach the people living outside of the cities. in 1936, congress created the rural electrification administration (rea) to provide commercial electric companies loans to supply power to rural areas. after the commercial companies neglected to make use of the loans, locally owned cooperatives took charge. the guadalupe valley electric cooperative was founded on december 2, 1938, by a group of rural residents in the cost area who needed electricity for their farms. on april 5, 1939, the rea approved the first loan to the cooperative in the amount of $166,000 to be used in building rural electric lines. construction began in may of 1939, and eight months later, the first gvec lines went into service. approximately 150 members in the monthalia-bebe area of gonzales county were the first to receive electricity from gvec. we helped bring the citizens of our rural areas out of the dark. over the years, the number of gvec members grew rapidly. the management consistently met their needs by expanding and upgrading the transmission and distribution systems throughout the service area. gvec also added various services and constructed new facilities to better serve the membership: a methodology of service still in place today.on january 1, 2002, gvec consolidated with the dewitt electric cooperative. the consolidation added over 1,300 square miles of service territory and several thousand new customers. in 2003, current general manager and ceo darren schauer began serving as gvec’s fifth general manager in the history of the cooperative. credited with a progressive leadership style driven by strategic planning and operations, his passion for good service has led gvec to provide diverse services beyond electricity and build the flexibility it needs to adapt to future challenges. gvec celebrated its 75th anniversary in 2013 by producing a cooperative history book entitled, “your kind of power: a history of the guadalupe valley electric cooperative, 1938-2013.” to order a printed copy of the book, contact us. our story began in 1938 with our pioneering leaders coming together to serve electricity to their local farms and neighbors. over the years, gvec’s offerings have grown more diverse along with our south central texas audience. although we continue to serve electricity, we are not just an electric utility. our products and services go beyond the meter to do more for our customers and communities. serving the south central texas region. our electric service area spans 3,500 square miles over 13 south central texas counties. over the years, we have expanded our high-speed internet, hvac services, solar sales and service, and electrician services to serve members as well as the public residing in the surrounding areas of our electric service territory. progressive services, hometown integrity. as one of the largest and most progressive cooperatives in texas, we specialize in delivering products and services that fulfill the needs of thousands of families and businesses relying on us every day. today, that takes the form of electricity, internet, ac/heating sales & service, solar options and electrician services covering cuero, gonzales, la vernia, schertz, seguin and surrounding areas through: five modern customer service centers two state of the art operations centers fleet of mobile line crews as well as installation and service technicians most importantly, our employees are good people that live and work in the communities they serve. they care about the level of service you receive because you’ll see them at the grocery store, at church, and sharing in everyday community life. at gvec, we are a team of professionals who take pride in our values and providing local service with integrity. a genuine community resource. supporting our communities is a defining characteristic of our cooperative service. among the many community-oriented programs we offer, you’re also likely to see us out actively walking for a cure for cancer, celebrating first responders, and providing resources to our local teachers and chambers.in addition, we also work with local and state organizations to attract new business through a long standing tradition of economic development efforts. why do we do it? because the roots of gvec were planted upon being a trusted resource for our communities, so caring for our neighbors from education","community,education,community,creative,education,community,education,community,education,arts,health,community,children",2025-10-22T22:26:16.446092,
Family Foundation,832501840,Austin,TX,T22,,https://projects.propublica.org/nonprofits/organizations/832501840,family foundation,2025-10-17 17:59:08,https://familyfoundation.org,familyfoundation@familyfoundation.org,,,,,,not_contacted,no,no,,,,high,harvested,familyfoundation@familyfoundation.org,,5.0,20.0,"there is no square inch in all the universe over which god has not claimed “mine,” and that includes the arenas of civil government and public policy where we spend much of our time.","[{""category"": ""community_education"", ""keywords_found"": [""public schools""], ""category_score"": 7}, {""category"": ""primary"", ""keywords_found"": [""art education (partial: 2/2 words)""], ""category_score"": 10.0}, {""category"": ""youth_development"", ""keywords_found"": [""children""], ""category_score"": 7}, {""category"": ""community_education"", ""keywords_found"": [""community school (partial: 2/2 words)"", ""public schools (partial: 2/2 words)""], ""category_score"": 16.0}]","homepage,/about","support me and gave me the tools i needed to understand what i was fighting and have the confidence i needed to do it. … we are virginia families; we are the family foundation!” — watch video now: our visiona commonwealth of strong families guided by faith, protected by a principled government. our missionthe family foundation preserves and promotes the family in virginia as god’s foundation upon which all free and thriving societies are built. we will not stop until we have a commonwealth:where virginians are free to live out their faith in the public square and the marketplace.where every child conceived is recognized as a gift to his or her parents and society.where marriage, as the lifelong union of a man and a woman, is honored by all and defined by commitment, not emotion.where parents are supported by their neighbors, their school administrators, and their government to rear their children well.where government defers to the family, the church, and the private sector whenever possible for the provision of its citizens and steps in efficiently only where constitutionally permissible. core principleshuman life, from fertilization until natural death, is sacred, and the right to life is fundamental to all other rights.marriage, as a lifelong union between one man and one woman, is an institution of god and a foundation for civil society.gender, beautifully expressed as either male or female according to god’s immutable design, is an important biological and social reality that must be respected by all.parents are ultimately responsible for the care and well-being of their children and should therefore be free from intrusive government involvement.the right of conscience and the right to practice faith according to personal convictions are sacred and should not be denied or infringed.the role and jurisdiction of government is clearly prescribed by our constitution and consequently should be restrained from excessive involvement in the lives of citizens.human exploitation, in its various forms, is wrong, and governments have a legitimate and important role in curbing these abuses. what we dotake our shared values to the state legislature and advocate for those values.hold elected officials accountable through recording public hearings, legislative report cards, voter guides, grassroots activism, and more.engage, organize, and empower like-minded virginians to impact culture and public policy, one church and one community at a time.inspire pastors to preach on the whole counsel of the word and speak truth to power.encourage the conservative vote though voter registration and mobilization of pro-family voters.give voice in the media to what hundreds of thousands of virginians believe.train individuals to be thoughtful, biblical worldview champions in their families, schools, neighborhoods, and at the capitol.pray for those in authority and for our culture. strategiesinspire virginians, pastors, and legislators to engage in meaningful conversations and productive actions that advance biblical principles in the public square.incorporate the unique, god-given passions of individuals and organizations into the work, thereby increasing the number of laborers.initiate carefully-chosen political and cultural battles that prompt necessary change in these arenas. donate aboutwho we arestaffjob opportunities capital campaign contact us explore our issueslifemarriageparental authoritygender and human designreligious freedomconstitutional governmenthuman exploitation get involvedsign up for alertschurch ambassador networkspeak up! virginiaprotect every kid initiativesafe zone for lifestudent programsteam timothyeventshelp charlottesville kids mediapress contactblogradiopodcasttff in the newsvideo series tff action aboutvoter guidesreport cardsevent gallery resources#afterroega legislative reportvision for virginiafounding freedoms law centersex education","education,health,education,community,children,cultural",2025-10-22T22:26:41.053277,
My Family The Family Foundation,311703407,Orange,TX,L41,,https://projects.propublica.org/nonprofits/organizations/311703407,family foundation,2025-10-17 17:59:08,,,,,,,,not_contacted,no,no,,,,high,error,,,,0.0,,,,,,2025-10-22T22:26:45.049582,'grant_history'
Family Gifting Foundation,203316295,Grapevine,TX,P20,,https://projects.propublica.org/nonprofits/organizations/203316295,family foundation,2025-10-17 17:59:08,,,,,,,,not_contacted,no,no,,,,high,error,,,,0.0,,,,,,2025-10-22T22:26:49.218449,'grant_history'
Rose Family Foundation,320617032,Dallas,TX,T20,,https://projects.propublica.org/nonprofits/organizations/320617032,family foundation,2025-10-17 17:59:08,https://rose.org,eventcoordinator@rose.org,,,,,,not_contacted,no,no,,,,high,harvested,"eventcoordinator@rose.org,beth@rose.orgext,ars@rose.org,beth@rose.org,ryan@rose.org,membership@rose.org,emily@rose.org,emily@rose.orgext,helge006@gold.tc.umn.edu,becky@rose.orgext",,5.0,66.0,"is to promote the culture, preservation, and appreciation of the rose and to improve its standard of excellence for all people, through education and research.","[{""category"": ""primary"", ""keywords_found"": [""arts education (partial: 2/2 words)"", ""creative education (partial: 2/2 words)"", ""art education (partial: 2/2 words)"", ""arts program (partial: 2/2 words)"", ""creative learning (partial: 2/2 words)""], ""category_score"": 45.0}, {""category"": ""disability_support"", ""keywords_found"": [""special education (partial: 2/2 words)""], ""category_score"": 7.0}, {""category"": ""youth_development"", ""keywords_found"": [""creative development (partial: 2/2 words)""], ""category_score"": 8.0}, {""category"": ""community_education"", ""keywords_found"": [""community school (partial: 2/2 words)"", ""public schools (partial: 2/2 words)"", ""school partnerships (partial: 2/2 words)""], ""category_score"": 23.0}, {""category"": ""primary"", ""keywords_found"": [""creative education (partial: 2/2 words)"", ""art education (partial: 2/2 words)""], ""category_score"": 19.0}, {""category"": ""disability_support"", ""keywords_found"": [""special education (partial: 2/2 words)""], ""category_score"": 7.0}, {""category"": ""community_education"", ""keywords_found"": [""community school (partial: 2/2 words)"", ""public schools (partial: 2/2 words)"", ""school partnerships (partial: 2/2 words)""], ""category_score"": 23.0}]","homepage,/about","support the ars donate planned giving rose shows & judging friends of the gardens partnerships advertise with the ars member resources join & renew ars member resources local rose societies resources rose shows consulting rosarians awards and honors contests webinars fragrant rose sign-up member events events & meetings webinars conventions contact home about roses articles videos find a rose fragrant rose newsletter questions winter protection american rose center american rose center events venue international rose trials friends of the gardens save the ramblers initiative christmas in roseland support the ars donate planned giving rose shows & judging friends of the gardens partnerships advertise with the ars member resources join & renew ars member resources local rose societies resources rose shows consulting rosarians awards and honors contests webinars fragrant rose sign-up member events events & meetings webinars conventions contact 2025 photo contest novice, experienced & master level rose photographers, submit your best shots! deadline november 5th learn more arrangement judging school school and written test for arrangement judge candidates four certification credits for arrangement judges knowledge of guidelines for judging arrangements for exhibitors register & more info new horizons roses 2025 new horizon roses 2025 is now available for purchase in a few different formats from ars and amazon. all proceeds from new horizon roses 2025 are generously donated to the american rose society by the editor, suzanne horn. buy now roses in reviewwe need your help to evalutate new roses! please read all of the rules and guidelines using the link below to review roses worldwide. register your roses fragrant rosethe fragrant rose is an e-newsletter for folks interested in roses chock-full of rose growing tips and information. delivered free to your inbox! get a glimpse of some of the great rose-growing information from the american rose society. free e-membership 2025 photo contest novice, experienced & master level rose photographers, submit your best shots! deadline november 5th learn more webinarsthe american rose society offers numerous education,support the beneficials!july 17, 2024pests & diseases(0)nanette londeree master rosarian, marin county rose society this article is a 2019 award of...read moredestructive critters in the rose gardenjuly 17, 2024pests & diseases(0)james e. armstrong consulting rosarian, san francisco rose society ncnh 2009 award of merit article...read morethe yellow leaves of roses (or early autumn color)july 17, 2024pests & diseases(0)by ed bradley, master rosarian, san antonio rose society this is a 2020 aom winner...read morerose diseases illustratedjuly 17, 2024pests & diseases(0)by jeff wyckoff, ars past president this is a 2020 aom article and was written...read moregarden gladiatorsjuly 17, 2024pests & diseases(0)by rich baer, master rosarian, portland rose society   growing beautiful gardens is always a...read morefragrance in rosesjuly 17, 2024fragrance(0)scent is an incredible potential tool in the repertory of the gardener. fragrance can tease...read moregrowing miniature roses indoorsjune 13, 2024basic rose care(0)by nanette londeree, master rosarian, marin county rose society above: soil covered with a layer...read moreamerican rose society announces award winning rosesjune 28, 2023news(0)  shreveport, la – the american rose society announces six roses have been given three...read moreamerican rose society announces national honors | press releasejune 21, 2023news(0)news release - june 13, 2023 american rose society announces national honors shreveport, la –...read morecome for the roses, stay for the people!may 30, 2023archives(0)fragrant rose editor jason capote visits the national convention hello, my fellow rose growers and...read more2023 award of excellence winnersfebruary 28, 2023news(0)by dr. jim hering christian bedard, jim sproul & chris warner in 1973 the american...read moreright rose – right placejanuary 18, 2023basic rose care(0)by suzanne gilbert   above: 'pretty polly white'   a love of roses comes to...read morea barbershop quintet of ramblersmay 3, 2022types of roses(0)by darrell g.h. schramm it was the turn of a century, 19th into the 20th...read morethe venerable dr. hueydecember 22, 2021archives(0)by stephen hoy this article is a 2017 aom winner          ...read more‘solar flair’ & the legacy of frank benardellaseptember 2, 2021hybridizing and breeders(0)by suzanne horn, master rosarian, pacific rose society this article was first published in the...read morespectacular swim rosesseptember 2, 2021hybridizing and breeders(0)by nanette londeree, master rosarian, marin rose society this is a 2006 aom winner, originally...read moreirrigation water and alkalinity in potted rosesseptember 2, 2021advanced rose growing(0)by carolyn elgar, master rosarian, orange county rose society this is a 2020 aom winner...read moresmart phones, smart cars….why not smart pots? container design effects plant developmentseptember 2, 2021culture(0)by gaye hammond, master rosarian, houston rose society this article is an aom winner  ...read morefungicides – what you need to knowseptember 1, 2021advanced rose growing(0)by carolyn elgar, master rosarian, orange county rose society this is a 2020 aom winner...read moreperpetual lovefebruary 2, 2021types of roses(0)by mirjana toyn, consulting rosarian, connecticut rose society this is a 2014 aom article  ...read morerose classificationsfebruary 2, 2021types of roses(0)by billie flynn, consulting rosarian, central louisiana rose society information from the american rose society...read more‘butter cream’november 28, 2020types of roses(0)by bob martin, ars president 2018-2021 below: 'butter cream', photo by bob martin challenged by...read moreeasy elegance roses: simple, carefree & beautifulnovember 23, 2020types of roses(0)  by angelina chute award of merit 2017 winner i’m a big fan of easy...read morering of fire – rose of the monthnovember 3, 2020types of roses(0)suzanne horn, master rosarian, pacific rose society this is a 2018 award of merit article...read more‘one-derful’ once bloomersnovember 3, 2020types of roses(0)by joan goff, consulting rosarian, marin rose society all photos submitted by joan goff this...read moregrowing roses in pots — winterizing your rosesdecember 4, 2019winter protection(0)by jason capote article from the manhattan rose society newsletter, skyscrapers & roses, october 2018...read morerose classificationsjune 11, 2018types of roses(0)from the 2018 american rose society handbook for selecting roses   classification of roses the...read morewinterizing roses in the north central districtapril 28, 2018winter protection(0)lois ann helgeson, helge006@gold.tc.umn.edu , consulting rosarian, minneapolis/st. paul, mn the american rose society’s north...read morecan i get you a bourbon?april 27, 2018types of roses(0)  rest assured that despite my leading title i am not trying to drive you...read morehere comes winterapril 19, 2018winter protection(0)we have a tendency to baby our roses, and sometimes we forget that mother nature...read morearen’t all roses shrubs?march 20, 2018types of roses(0)well, yeah. sort of. botanically speaking, at least. any plant that arises from the ground...read moredeath of a victorian queenmarch 1, 2011types of roses(0)gone are the heavy victorian furniture, beaded curtains and tiffany lamps of the 18th century...read moreno post found american horticulture society reciprocal garden admission program membership in ars includes participation in the american horticulture society reciprocal garden admission program. clicking on this link will take you to the ahs page where you can search the gardens participating in this program. find a garden i donate to support the ars about the rose society founded in 1892, the american rose society exists to promote the culture, preservation, and appreciation of the rose, and to improve its standard of excellence for all people, through education,support the ars donate planned giving rose shows & judging friends of the gardens partnerships advertise with the ars member resources join & renew ars member resources local rose societies resources rose shows consulting rosarians awards and honors contests webinars fragrant rose sign-up member events events & meetings webinars conventions contact home about roses articles videos find a rose fragrant rose newsletter questions winter protection american rose center american rose center events venue international rose trials friends of the gardens save the ramblers initiative christmas in roseland support the ars donate planned giving rose shows & judging friends of the gardens partnerships advertise with the ars member resources join & renew ars member resources local rose societies resources rose shows consulting rosarians awards and honors contests webinars fragrant rose sign-up member events events & meetings webinars conventions contact 2025 photo contest novice, experienced & master level rose photographers, submit your best shots! deadline november 5th learn more arrangement judging school school and written test for arrangement judge candidates four certification credits for arrangement judges knowledge of guidelines for judging arrangements for exhibitors register & more info new horizons roses 2025 new horizon roses 2025 is now available for purchase in a few different formats from ars and amazon. all proceeds from new horizon roses 2025 are generously donated to the american rose society by the editor, suzanne horn. buy now roses in reviewwe need your help to evalutate new roses! please read all of the rules and guidelines using the link below to review roses worldwide. register your roses fragrant rosethe fragrant rose is an e-newsletter for folks interested in roses chock-full of rose growing tips and information. delivered free to your inbox! get a glimpse of some of the great rose-growing information from the american rose society. free e-membership 2025 photo contest novice, experienced & master level rose photographers, submit your best shots! deadline november 5th learn more webinarsthe american rose society offers numerous educational opportunities including monthly webinars on a variety of topics. pat shanley, chair of the webinar committee, has put together an exciting line up with speakers from around the world. these webinars are provided free of charge for all american rose society members. view webinars give a gift, get a giftour gift to you! rose atlas: creators of roseswith your $150 donation to the 2024 annual fund new member book offer welcome to the american rose society visit the gardencome enjoy the beauty of our newly renovated gardens. learn more about celebrating your next event with us! learn more read up on the latest newsgrow the perfect rose with these tips. learn more welcome to the american rose society est. 1892 the american rose society mission is to promote the culture, preservation, and appreciation of the rose and to improve its standard of excellence for all people, through education and research. today there are over 14k members across the country who enjoy learning and sharing their rose experiences and knowledge with others.  we do that through our local rose societies, rose shows, educational programs, social media, horticulture partners and the rose forum. our headquarters, located in shreveport, la, is situated on 118 acres that includes america’s rose garden.  the garden includes a beautiful rose garden featuring thousands of roses, an international rose trial garden, and the largest collection of rambler roses in the united states.  the gardens and facilities host events and weddings throughout the year. latest news and more! american rose society show alladvanced rose growingarchivesarrangingbasic rose carecultureexhibitingfragrancehybridizing and breedersnew rose introsnewspests & diseasestypes of roseswinter protectionnew horizon roses 2025september 26, 2025basic rose care,culture,hybridizing and breeders(0)suzanne m. horn national editor, new horizon roses 2025 new horizon roses 2025 is now...read moreheat stresses and your rosesaugust 1, 2025advanced rose growing,basic rose care,types of roses(0)heat stresses and your roses shared from mark’s mayhems and maladies by dr mark windham...read morenational rose monthmay 30, 2025advanced rose growing,arranging,basic rose care,culture,fragrance,news,types of roses(0)the rose: our national floral emblem! june is national rose month. what a perfect time...read morenew rose introductions 2024february 25, 2025archives,culture,exhibiting,hybridizing and breeders,new rose intros,news(0)this feature is paid advertising & is not to be considered as an official registration...read moreamerican rose society announces 2025 webinar line-updecember 19, 2024basic rose care,news(0)the american rose society offers numerous educational opportunities including monthly webinars on a variety of...read morenew horizon roses 2024october 4, 2024news(0)suzanne m. horn national editor, new horizon roses 2024 new horizon roses 2024 is now...read moreamerican rose center thanks tubbs hardwareoctober 4, 2024news(0)on or about thursday, sept. 12, two commercial-grade lawnmowers were stolen from the american rose...read morethe miniature moss roseseptember 30, 2024types of roses(0)over fifty years ago, in 1948, ralph moore began a program to breed and develop...read moreabout leaves!september 30, 2024advanced rose growing(0)jolene adams master rosarian, ncnh ars past president this article is a 2009 award of...read morerose downy mildew reviewseptember 7, 2024pests & diseases(0)found in nearly every state across the u.s., rose downy mildew has been a serious...read morefungicides made simpleseptember 7, 2024pests & diseases(0)disease is a major source of plant damage in roses, with the most common rose...read moremeet the beetlesseptember 7, 2024pests & diseases(0)by teresa byington, consulting rosarian, indianapolis rose society a post from teresa byington's “the garden...read morehybrid musksseptember 6, 2024types of roses(0)developed from relatives of the original old musk rose, ‘rosa moschata’, hybrid musks (hmsk) are...read morehybrid kordesiiseptember 6, 2024types of roses(0)by linda kimmel hybrid kordesii roses (hkor), a series of shrub roses developed by kordes...read more‘overnight scentsation’ – the rose that went to space!september 6, 2024types of roses(0)suzanne horn master rosarian, pacific rose society this article is a 2016 award of merit...read moreare you a sustainable rose gardener?september 5, 2024advanced rose growing(0)i embrace all things rose. since becoming a rosarian, these glorious plants have brought countless...read more“soaps” and detergents: should they be used on roses?september 5, 2024advanced rose growing(0)by raymond a. cloyd insecticidal soaps may provide control of a variety of insect and...read moreadvanced in understanding rose replant diseaseseptember 5, 2024advanced rose growing(0)the mysterious ‘rose replant disease’ or ‘rose sickness’ has puzzled rose growers for years. nothing...read more2023 new rose introductionsjuly 24, 2024new rose intros(0)this feature is paid advertising & is not to be considered as an official registration...read more10 tips for long-lasting floral arrangementsjuly 24, 2024arranging(0)1. floral preservative prolong vase life by 50%. have it ready before harvesting blooms so...read morerose exhibiting for beginnersjuly 24, 2024exhibiting(0)so – the rose bug has bit you! you have learned about planting, pruning and...read morehow roses are judgedjuly 24, 2024exhibiting(0)rose shows operating under standards established by the american rose society are judged by ars...read morecreating arrangements using miniature rosesjuly 24, 2024arranging(0)the possibilities for using miniature roses in arrangements are endless. you can use miniature roses...read morethe fragrance of roses, past and presentjuly 17, 2024fragrance(0)..by carolyn elgar, master rosarian, orange county rose society this article received an aom in...read morehow little we know about fragrancejuly 17, 2024fragrance(0)by dick streeper, master rosarian, san diego rose society ‘dainty bess’, a hybrid tea, is...read morehow to choose a rosejuly 17, 2024basic rose care(0)by carol macon, master rosarian, denver rose society, award of merit 2017, photos by rita...read morefungicides made simplejuly 17, 2024basic rose care(0)disease is a major source of plant damage in roses, with the most common rose...read morethe perfect rose holejuly 17, 2024basic rose care(0)by satish prabhu, master rosarian, carolina district rose society   there are many formulae for...read morerose garden lingo, a jocular interpretationjuly 17, 2024basic rose care(0)by douglas witt, master rosarian emeritus, carolina rose society   the hobby of growing roses...read morea little botanyjuly 17, 2024basic rose care(0)by rich baer, master rosarian and botanist, portland rose society this article was originally published...read moretips, tricks & hacks of rose care – tool talk & spring tipsjuly 17, 2024basic rose care(0)this article is from roses & you, march 2019 first thing before gardening season starts,support the ars donate planned giving rose shows & judging friends of the gardens partnerships advertise with the ars member resources join & renew ars member resources local rose societies resources rose shows consulting rosarians awards and honors contests webinars fragrant rose sign-up member events events & meetings webinars conventions contact home about roses articles videos find a rose fragrant rose newsletter questions winter protection american rose center american rose center events venue international rose trials friends of the gardens save the ramblers initiative christmas in roseland support the ars donate planned giving rose shows & judging friends of the gardens partnerships advertise with the ars member resources join & renew ars member resources local rose societies resources rose shows consulting rosarians awards and honors contests webinars fragrant rose sign-up member events events & meetings webinars conventions contact about us home about the landscaping company with decades of experience and true commitment to landscaping solutions veniam quis nostrud exercitation ullamco laboris nisi ut aliquip exa aute irure dolor in reprehenderit in voluptate velit esse cillum dolore nulla par. excepteur sint occaecat. lorem ipsum dolor sit amet, consectetur adipisicing elit sed do eiusmod tempor incididunt ut labore et dolore. magna aliqua. ut enim ad minim veniam, quis nostrud exercitation ullamco laboris nisi ut aliquip ex ea commodo consequat. duis aute irure dolor repreh enderit in voluptate velit esse cillum. n dedicated and knowledgeable professionals n offering all jobs guranteed & neatly done n we provide 24/7 on time services excellent service veniam quis nostrud exercit nisi ut aliquip exa aute. about us clean working veniam quis nostrud exercit nisi ut aliquip exa aute. get a quote expert farmer veniam quis nostrud exercit nisi ut aliquip exa aute. our services e watch the short intro video - how we work and help customers schedule an appointment today quis nostrud exercitation ullamco laboris years of experience projects completed experienced workers the landscaping company our satisfied & happy customers veniam quis nostrud exercitation ullamco labor nisi ut aliquip exa aute irure dolor ind prehenderit in voluptate velit esse cillum dolore. excepteur sint occaecat cupidatat proident, sunt in culpa qui officia mollit anim laborum. sed ut perspic unde omnis iste nats sit. aaron finch manager, lenrui excepteur sint occaecat cupidatat proident, sunt in culpa qui officia mollit anim laborum. sed ut perspic unde omnis iste nats sit. aaron finch manager, lenrui the landscaping company trusted by known partners the landscaping company download our mobile booking app get the app to instantly book any of our service for your residential or commercal areas. h book handyman faster veniam quis nostrud exercitation ullamco laboris nisi ut aliquip exa aute irure dolor. h high standard services veniam quis nostrud exercitation ullamco laboris nisi ut aliquip exa aute irure dolor. h 7 days-a-week availability veniam quis nostrud exercitation ullamco laboris nisi ut aliquip exa aute irure dolor.  available on google play  available on apple store i donate to support the ars about the rose society founded in 1892, the american rose society exists to promote the culture, preservation, and appreciation of the rose, and to improve its standard of excellence for all people, through education","education,arts,community,learning,creative,cultural,education,community,creative",2025-10-22T22:27:51.618780,
Mulva Family Foundation,203221183,Austin,TX,T20,,https://projects.propublica.org/nonprofits/organizations/203221183,family foundation,2025-10-17 17:59:08,,,,,,,,not_contacted,no,no,,,,high,error,,,,0.0,,,,,,2025-10-22T22:27:54.368116,'grant_history'
Mays Family Foundation,742691624,San Antonio,TX,,,https://projects.propublica.org/nonprofits/organizations/742691624,family foundation,2025-10-17 17:59:08,https://maysfamily.org,info@maysfamily.org,,,,,,not_contacted,no,no,,,,high,estimated,,"info@maysfamily.org,contact@maysfamily.org,hello@maysfamily.org,inquiries@maysfamily.org,development@maysfamily.org,admin@maysfamily.org",0.0,0.0,,,"homepage,/about,/about-us,/mission,/vision,/our-mission,/what-we-do,/programs,/grants,/giving,/impact",,,2025-10-22T22:28:02.743113,
Marshall Family Foundation,992718530,Houston,TX,,,https://projects.propublica.org/nonprofits/organizations/992718530,family foundation,2025-10-17 17:59:08,https://marshallfamily.org,info@marshallfamily.org,,,,,,not_contacted,no,no,,,,high,estimated,,"info@marshallfamily.org,contact@marshallfamily.org,hello@marshallfamily.org,inquiries@marshallfamily.org,development@marshallfamily.org,admin@marshallfamily.org",0.0,0.0,,,homepage,,,2025-10-22T22:28:13.028518,
Phillips Family Foundation,750590214,Houston,TX,T22,,https://projects.propublica.org/nonprofits/organizations/750590214,family foundation,2025-10-17 17:59:08,https://phillipsfamilyfund.org,info@phillipsfamilyfund.org,,,,,,not_contacted,no,no,,,,high,estimated,,"info@phillipsfamilyfund.org,contact@phillipsfamilyfund.org,hello@phillipsfamilyfund.org,inquiries@phillipsfamilyfund.org,development@phillipsfamilyfund.org,admin@phillipsfamilyfund.org",1.0,0.0,,,"homepage,/about",,,2025-10-22T22:28:34.028280,
Petersen Family Foundation,814547001,Sugar Land,TX,T20,,https://projects.propublica.org/nonprofits/organizations/814547001,family foundation,2025-10-17 17:59:08,https://petersenfamily.org,info@petersenfamily.org,,,,,,not_contacted,no,no,,,,high,estimated,,"info@petersenfamily.org,contact@petersenfamily.org,hello@petersenfamily.org,inquiries@petersenfamily.org,development@petersenfamily.org,admin@petersenfamily.org",0.0,0.0,,,homepage,,,2025-10-22T22:28:44.268339,
Zorich Family Foundation,760664404,Houston,TX,T20,,https://projects.propublica.org/nonprofits/organizations/760664404,family foundation,2025-10-17 17:59:08,,,,,,,,not_contacted,no,no,,,,high,error,,,,0.0,,,,,,2025-10-22T22:28:47.058265,'grant_history'
Canterbury Family Foundation,934491278,Houston,TX,B12,,https://projects.propublica.org/nonprofits/organizations/934491278,family foundation,2025-10-17 17:59:08,,,,,,,,not_contacted,no,no,,,,high,error,,,,0.0,,,,,,2025-10-22T22:28:57.832517,'grant_history'
Greehey Family Foundation,481308657,San Antonio,TX,T22,,https://projects.propublica.org/nonprofits/organizations/481308657,family foundation,2025-10-17 17:59:08,,,,,,,,not_contacted,no,no,,,,high,error,,,,0.0,,,,,,2025-10-22T22:28:59.096361,'grant_history'
Kozmetsky Family Foundation,472082155,Dallas,TX,T20,,https://projects.propublica.org/nonprofits/organizations/472082155,family foundation,2025-10-17 17:59:08,,,,,,,,not_contacted,no,no,,,,high,error,,,,0.0,,,,,,2025-10-22T22:29:12.902001,'grant_history'
Ksl Family Foundation,921081180,San Antonio,TX,T20,,https://projects.propublica.org/nonprofits/organizations/921081180,family foundation,2025-10-17 17:59:08,,,,,,,,not_contacted,no,no,,,,high,error,,,,0.0,,,,,,2025-10-22T22:29:23.683198,'grant_history'
Bright Family Foundation,921760586,Lewisville,TX,T20,,https://projects.propublica.org/nonprofits/organizations/921760586,family foundation,2025-10-17 17:59:08,https://bright.org,info@bright.org,,,,,,not_contacted,no,no,,,,high,estimated,,"info@bright.org,contact@bright.org,hello@bright.org,inquiries@bright.org,development@bright.org,admin@bright.org",0.0,0.0,,,,,,2025-10-22T22:29:41.126343,
Whitacre Family Foundation,200184488,San Antonio,TX,T21,,https://projects.propublica.org/nonprofits/organizations/200184488,family foundation,2025-10-17 17:59:08,,,,,,,,not_contacted,no,no,,,,high,error,,,,0.0,,,,,,2025-10-22T22:29:44.635889,'grant_history'
Byers Family Foundation,880867120,Austin,TX,,,https://projects.propublica.org/nonprofits/organizations/880867120,family foundation,2025-10-17 17:59:08,,,,,,,,not_contacted,no,no,,,,high,error,,,,0.0,,,,,,2025-10-22T22:29:56.313812,'grant_history'
Marek Family Foundation,746108373,Houston,TX,,,https://projects.propublica.org/nonprofits/organizations/746108373,family foundation,2025-10-17 17:59:08,https://marekfamily.com,info@marekfamily.com,,,,,,not_contacted,no,no,,,,high,estimated,,"info@marekfamily.com,contact@marekfamily.com,hello@marekfamily.com,inquiries@marekfamily.com,development@marekfamily.com,admin@marekfamily.com",0.0,0.0,,,homepage,,,2025-10-22T22:30:04.539824,
Orr Family Foundation,473317225,Austin,TX,T22,,https://projects.propublica.org/nonprofits/organizations/473317225,family foundation,2025-10-17 17:59:08,https://orrfamilyfoundation.org,orrfamilyfoundation@yahoo.com,,,,,,not_contacted,no,no,,,,high,harvested,orrfamilyfoundation@yahoo.com,,2.0,0.0,to make a meaningful impact in the community we care about.,,"homepage,/about",,"health,community,cultural,health,community,cultural",2025-10-22T22:30:22.123430,
Lu Family Foundation,752953588,Plano,TX,T20,,https://projects.propublica.org/nonprofits/organizations/752953588,family foundation,2025-10-17 17:59:08,,,,,,,,not_contacted,no,no,,,,high,error,,,,0.0,,,,,,2025-10-22T22:30:46.513552,'grant_history'
Donovitz Family Foundation,992834508,Westlake,TX,T12,,https://projects.propublica.org/nonprofits/organizations/992834508,family foundation,2025-10-17 17:59:08,,,,,,,,not_contacted,no,no,,,,high,error,,,,0.0,,,,,,2025-10-22T22:30:46.696884,'grant_history'
Blevins Family Foundation,934343104,College Sta,TX,T20,,https://projects.propublica.org/nonprofits/organizations/934343104,family foundation,2025-10-17 17:59:08,,,,,,,,not_contacted,no,no,,,,high,error,,,,0.0,,,,,,2025-10-22T22:30:48.804284,'grant_history'
Aycock Family Foundation,331398716,Houston,TX,X20,,https://projects.propublica.org/nonprofits/organizations/331398716,family foundation,2025-10-17 17:59:08,,,,,,,,not_contacted,no,no,,,,high,error,,,,0.0,,,,,,2025-10-22T22:30:59.074798,'grant_history'
Markham Family Foundation,810847409,Westlake,TX,P12,,https://projects.propublica.org/nonprofits/organizations/810847409,family foundation,2025-10-17 17:59:08,,,,,,,,not_contacted,no,no,,,,high,error,,,,0.0,,,,,,2025-10-22T22:31:01.147013,'grant_history'
Budd Family Foundation,263836252,Dallas,TX,T22,,https://projects.propublica.org/nonprofits/organizations/263836252,family foundation,2025-10-17 17:59:08,,,,,,,,not_contacted,no,no,,,,high,error,,,,0.0,,,,,,2025-10-22T22:31:03.094695,'grant_history'
Crossculture Community Foundation,842974290,Dallas,TX,X20,,https://projects.propublica.org/nonprofits/organizations/842974290,community foundation,2025-10-17 17:59:09,https://crossculture.org,tokyo@irisglobal.orgiriscrossculture,,,,,,not_contacted,no,no,,,,high,harvested,tokyo@irisglobal.orgiriscrossculture,,1.0,0.0,that he will raise up communities of radical worshipers from every people.,,homepage,,"arts,cultural",2025-10-22T22:31:17.418524,
Austin Community Foundation,741934031,Austin,TX,T310,,https://projects.propublica.org/nonprofits/organizations/741934031,community foundation,2025-10-17 17:59:09,,,,,,,,not_contacted,no,no,,,,high,error,,,,0.0,,,,,,2025-10-22T22:31:24.018302,'grant_history'
Navarro Community Foundation,750800663,Corsicana,TX,,,https://projects.propublica.org/nonprofits/organizations/750800663,community foundation,2025-10-17 17:59:09,,,,,,,,not_contacted,no,no,,,,high,error,,,,0.0,,,,,,2025-10-22T22:31:34.843744,'grant_history'
Community Focus Foundation,455599267,Sugar Land,TX,S20,,https://projects.propublica.org/nonprofits/organizations/455599267,community foundation,2025-10-17 17:59:09,,,,,,,,not_contacted,no,no,,,,high,error,,,,0.0,,,,,,2025-10-22T22:31:36.071488,'grant_history'
Community Testing Foundation,384228125,Spring Branch,TX,P20,,https://projects.propublica.org/nonprofits/organizations/384228125,community foundation,2025-10-17 17:59:09,,,,,,,,not_contacted,no,no,,,,high,error,,,,0.0,,,,,,2025-10-22T22:31:37.430141,'grant_history'
Graham Community Foundation,201480110,Graham,TX,B90,,https://projects.propublica.org/nonprofits/organizations/201480110,community foundation,2025-10-17 17:59:09,https://graham.org,info@graham.org,,,,,,not_contacted,no,no,,,,high,estimated,,"info@graham.org,contact@graham.org,hello@graham.org,inquiries@graham.org,development@graham.org,admin@graham.org",1.0,0.0,,,"homepage,/about",,,2025-10-22T22:31:51.203652,
Truscott Community Foundation,204853185,Truscott,TX,T30,,https://projects.propublica.org/nonprofits/organizations/204853185,community foundation,2025-10-17 17:59:09,,,,,,,,not_contacted,no,no,,,,high,error,,,,0.0,,,,,,2025-10-22T22:32:05.480773,'grant_history'
Eecu Community Foundation,833400460,Fort Worth,TX,T50,,https://projects.propublica.org/nonprofits/organizations/833400460,community foundation,2025-10-17 17:59:09,https://eecu.org,info@eecu.org,,,,,,not_contacted,no,no,,,,high,estimated,,"info@eecu.org,contact@eecu.org,hello@eecu.org,inquiries@eecu.org,development@eecu.org,admin@eecu.org",0.0,9.5,,"[{""category"": ""primary"", ""keywords_found"": [""art education (partial: 2/2 words)""], ""category_score"": 10.0}, {""category"": ""community_education"", ""keywords_found"": [""community school (partial: 2/2 words)""], ""category_score"": 9.0}]","homepage,/about-us","support the communities we serve everyday! in 2023, our employees helped raise over $1 million to support local non-profits. faster, friendlierexperience we understand what you expect from a financial partner. we continue to innovate and build new solutions designed to help you live better. i want to... start savingbuy a carget a credit cardbuy a houseexplore insurance optionsplan for retirement saving made simple whether it's buying a house, or your next vacation, saving with eecu is the first step to making your goals a reality. from a cd, to a high yield savings, there is a solution to fit every need. 3.25 % apy* high yield savings account with no minimum deposit. new money required to fund. * apy (annual percentage yield) is accurate as of july 3, 2025, and is subject to change at any time. *learn more view all savings solutions you're in the drivers seat whether your family is growing or you just want enjoy the open road, eecu auto advantage is the easiest way to buy or upgrade to a new car. browse new or used cars at local dealerships, see ""all in"" personalized payments, get a guaranteed offer for your trade-in, receive a lifetime warranty at no cost to you, and have your next car delivered to your front door! as low as 4.99% annual percentage rate today's rates for purchasing your next car. see today's rates find a car a card that's right for you your card should reward you! whether you're earning cash back for every purchase or points for your vacation, you need a card that's right for you. that's why eecu makes sure our credit cards fits your lifestyle with great rewards, low rates, and leading benefits. 1.5% unlimited* cash back with the cash rewards card apply now * learn more buying a home without the stress your home is more than just a purchase; it's where memories are made. whether it's more space for your growing family or your first home, eecu has options for every need. for instance, our $0 down mortgage program allows you to purchase a new home with no down payment!* as low as 5.463% annual percentage rate today's rates for purchasing your next home. apply * learn more explore insurance options protect your family and home with affordable insurance options customized for you! our team of dedicated agents will make sure you receive the best price from multiple carriers that, with comprehensive coverage that fits all your insurance needs. $577 average savings with a new policy. get a free quote today learn more create a retirement lifestyle strategy start thinking about your future today! eecu can help you develop a financial plan designed to let you take control of your financial future. our lpl financial advisors* are available by appointment, for a complimentary, no-obligation meeting, to discuss your investment goals. * learn more today's featured rates new auto1 as low as 4.99%* save up to $606 now! *annual percentage rateon new car purchases. learn more personal loan2 as low as 8.99%* save up to $373 now! *annual percentage rate learn more cd3 as high as 4.20%* earn up to 71% more now! *annual percentage yield learn more 1 rates subject to change without notice. listed rates are for purchases only. $606 is the difference between the amount paid in interest between eecu's rate at 4.99% apr compared to 6.23% apr for the dallas-fort worth-arlington metro market average over the life of a $30,000 auto loan over 36 months.. analysis by datatrac as of 10/22/2025 2 rates subject to change without notice. $373 is the difference between the amount paid in interest between eecu's rate at 8.99% apr compared to 10.46% apr for the dallas-fort worth-arlington metro market average over the life of a $15,000 unsecured loan over 36 months.. analysis by datatrac as of 10/21/2025 3 rates subject to change without notice. 71% is the difference between the percent earned in interest between eecu's rate at 4.20% apy compared to 2.45% apy for the dallas-fort worth-arlington metro market average over the life of a 9 month share certificate at $100,000.. analysis by datatrac as of 10/22/2025 banking tips to help make life easier click here to watch more videos like these. our community news & insights watauga free shred day events eecu supports teachers, administrators and education","education,community,community",2025-10-22T22:32:24.904938,
Cuero Community Foundation,810791445,Cuero,TX,T31,,https://projects.propublica.org/nonprofits/organizations/810791445,community foundation,2025-10-17 17:59:09,https://cuero.org,info@cuero.org,,,,,,not_contacted,no,no,,,,high,estimated,,"info@cuero.org,contact@cuero.org,hello@cuero.org,inquiries@cuero.org,development@cuero.org,admin@cuero.org",4.0,12.0,"statement about us our staff board of directors mission statement proudly support the prosperity of our members and promote the rich heritage of our community through enhanced education, strong leadership, valuable services and tourism.","[{""category"": ""primary"", ""keywords_found"": [""art education (partial: 2/2 words)""], ""category_score"": 10.0}, {""category"": ""disability_support"", ""keywords_found"": [""special education (partial: 2/2 words)""], ""category_score"": 7.0}, {""category"": ""community_education"", ""keywords_found"": [""quality education (partial: 2/2 words)""], ""category_score"": 7.0}]","homepage,/about",support the prosperity of our members and promote the rich heritage of our community through enhanced education,"community,education,community",2025-10-22T22:32:59.705600,
Eastland Community Foundation,201742507,Eastland,TX,C199,,https://projects.propublica.org/nonprofits/organizations/201742507,community foundation,2025-10-17 17:59:09,https://eastland.org,info@eastland.org,,,,,,not_contacted,no,no,,,,high,estimated,,"info@eastland.org,contact@eastland.org,hello@eastland.org,inquiries@eastland.org,development@eastland.org,admin@eastland.org",3.0,0.0,that the great command to go into the world means locally and globally.,,homepage,,,2025-10-22T22:33:14.627967,
Valverde Community Foundation,742097659,Del Rio,TX,,,https://projects.propublica.org/nonprofits/organizations/742097659,community foundation,2025-10-17 17:59:09,,,,,,,,not_contacted,no,no,,,,high,error,,,,0.0,,,,,,2025-10-22T22:33:18.867255,'grant_history'
Sealy Community Foundation,760626282,Sealy,TX,C50,,https://projects.propublica.org/nonprofits/organizations/760626282,community foundation,2025-10-17 17:59:09,,,,,,,,not_contacted,no,no,,,,high,error,,,,0.0,,,,,,2025-10-22T22:33:19.750972,'grant_history'
Bell Community Foundation,834508828,Temple,TX,P12,,https://projects.propublica.org/nonprofits/organizations/834508828,community foundation,2025-10-17 17:59:09,,,,,,,,not_contacted,no,no,,,,high,error,,,,0.0,,,,,,2025-10-22T22:33:20.930280,'grant_history'
Gracesprings Community Foundation,455554673,Houston,TX,P20,,https://projects.propublica.org/nonprofits/organizations/455554673,community foundation,2025-10-17 17:59:09,https://gracesprings.org,info@gracesprings.org,,,,,,not_contacted,no,no,,,,high,estimated,,"info@gracesprings.org,contact@gracesprings.org,hello@gracesprings.org,inquiries@gracesprings.org,development@gracesprings.org,admin@gracesprings.org",0.0,0.0,,,"homepage,/about,/about-us,/impact",,,2025-10-22T22:33:32.964135,
Willpower Community Foundation,834334211,Dripping Spgs,TX,P20,,https://projects.propublica.org/nonprofits/organizations/834334211,community foundation,2025-10-17 17:59:09,,,,,,,,not_contacted,no,no,,,,high,error,,,,0.0,,,,,,2025-10-22T22:33:36.722618,'grant_history'
Trinity Community Foundation,474461806,Arlington,TX,N31,,https://projects.propublica.org/nonprofits/organizations/474461806,community foundation,2025-10-17 17:59:09,https://trinity.org,akoester@trinity.org,,,,,,not_contacted,no,no,,,,high,harvested,"akoester@trinity.org,wkelley@trinity.org,chuber@trinity.org,pbolejack@trinity.org,lcolaianni@trinity.org,cdake@trinity.org,snguyen@trinity.org,khaley@trinity.org,cheinhold@trinity.org,emccormack@trinity.org,tvaras@trinity.org,jgallerano@trinity.org,principal@htsdc.org,emengiste@trinity.org,mmcconnell@trinity.org,tfavret@trinity.org,mogden@trinity.org,aklick@trinity.org,jconnors@trinity.org,pearl@trinity.org,tnewton@trinity.org,akaufmann@trinity.org,kgillespie@trinity.org,pcampbell@trinity.org,jdennis@trinity.org",,2.0,9.0,"thanksgiving food drive fees & payments cura virtualis blog user center sunday livestream october 19 bulletin announcements this saturday: all saints parade celebrating the joyful communion of saints saturday, october 25 | 4:00 pm, mckenna join us for.","[{""category"": ""community_education"", ""keywords_found"": [""community school (partial: 2/2 words)""], ""category_score"": 9.0}]",homepage,,"community,youth",2025-10-22T22:33:55.393430,
Community Transformation Foundation,854211816,Georgetown,TX,T20,,https://projects.propublica.org/nonprofits/organizations/854211816,community foundation,2025-10-17 17:59:09,,,,,,,,not_contacted,no,no,,,,high,error,,,,0.0,,,,,,2025-10-22T22:33:59.907422,'grant_history'
Garwood Community Foundation,800579711,Garwood,TX,T31,,https://projects.propublica.org/nonprofits/organizations/800579711,community foundation,2025-10-17 17:59:09,https://garwood.org,building@cranfordnj.org,,,,,,not_contacted,no,no,,,,high,harvested,"building@cranfordnj.org,l-distefano@garwood.org,a-lewis@garwood.org,clerk@garwood.org,v-vinegra@garwood.org",,5.0,16.0,,"[{""category"": ""community_education"", ""keywords_found"": [""community school (partial: 2/2 words)"", ""public schools (partial: 2/2 words)""], ""category_score"": 16.0}, {""category"": ""community_education"", ""keywords_found"": [""community school (partial: 2/2 words)"", ""public schools (partial: 2/2 words)""], ""category_score"": 16.0}]","homepage,/about",,"health,community,health,community",2025-10-22T22:34:19.350263,
Lively Community Foundation,832923960,Houston,TX,T23,,https://projects.propublica.org/nonprofits/organizations/832923960,community foundation,2025-10-17 17:59:09,,,,,,,,not_contacted,no,no,,,,high,error,,,,0.0,,,,,,2025-10-22T22:34:23.291509,'grant_history'
Palacios Community Foundation,760590386,Blessing,TX,T20,,https://projects.propublica.org/nonprofits/organizations/760590386,community foundation,2025-10-17 17:59:09,,,,,,,,not_contacted,no,no,,,,high,error,,,,0.0,,,,,,2025-10-22T22:34:24.481003,'grant_history'
Baker Community Foundation,263919368,Fort Worth,TX,T22,,https://projects.propublica.org/nonprofits/organizations/263919368,community foundation,2025-10-17 17:59:09,,,,,,,,not_contacted,no,no,,,,high,error,,,,0.0,,,,,,2025-10-22T22:34:24.862525,'grant_history'
Bellaire Community Foundation,843154787,Bellaire,TX,T31,,https://projects.propublica.org/nonprofits/organizations/843154787,community foundation,2025-10-17 17:59:09,,,,,,,,not_contacted,no,no,,,,high,error,,,,0.0,,,,,,2025-10-22T22:34:36.823206,'grant_history'
Bellville Community Foundation,746087473,Bellville,TX,T30,,https://projects.propublica.org/nonprofits/organizations/746087473,community foundation,2025-10-17 17:59:09,,,,,,,,not_contacted,no,no,,,,high,error,,,,0.0,,,,,,2025-10-22T22:34:57.715620,'grant_history'
Community Acts Foundation,815364334,Victoria,TX,F60,,https://projects.propublica.org/nonprofits/organizations/815364334,community foundation,2025-10-17 17:59:09,,,,,,,,not_contacted,no,no,,,,high,error,,,,0.0,,,,,,2025-10-22T22:34:58.449850,'grant_history'
Community Energy Foundation,743046476,Tyler,TX,T22,,https://projects.propublica.org/nonprofits/organizations/743046476,community foundation,2025-10-17 17:59:09,,,,,,,,not_contacted,no,no,,,,high,error,,,,0.0,,,,,,2025-10-22T22:35:00.216243,'grant_history'
Hreem Private Foundation,934786049,Sugar Land,TX,T31,,https://projects.propublica.org/nonprofits/organizations/934786049,private foundation,2025-10-17 17:59:10,https://hreem.org,mail@yohamaya.in,,,,,,not_contacted,no,no,,,,high,harvested,mail@yohamaya.in,,2.0,0.0,"our commitment to gho samrakshana is unwavering, and we strive to uphold this ethic in everything we do.",,"homepage,/about,/about-us,/mission,/vision,/our-mission,/what-we-do,/programs,/grants,/giving,/impact",,"arts,health,creative,arts,health,creative,arts,health,creative,arts,health,creative,arts,health,creative,arts,health,creative,arts,health,creative,arts,health,creative,arts,health,creative,arts,health,creative,arts,health,creative",2025-10-22T22:35:22.810996,
Copart Private Foundation,202676843,Dallas,TX,T21,,https://projects.propublica.org/nonprofits/organizations/202676843,private foundation,2025-10-17 17:59:10,,,,,,,,not_contacted,no,no,,,,high,error,,,,0.0,,,,,,2025-10-22T22:35:26.291544,'grant_history'
Burkhart Private Foundation,884342161,Fairfield,TX,T20,,https://projects.propublica.org/nonprofits/organizations/884342161,private foundation,2025-10-17 17:59:10,,,,,,,,not_contacted,no,no,,,,high,error,,,,0.0,,,,,,2025-10-22T22:35:29.493069,'grant_history'
Srivastava Private Foundation,995057843,Frisco,TX,T20,,https://projects.propublica.org/nonprofits/organizations/995057843,private foundation,2025-10-17 17:59:10,,,,,,,,not_contacted,no,no,,,,high,error,,,,0.0,,,,,,2025-10-22T22:35:40.816993,'grant_history'
Shah Private Foundation,263875444,Spring,TX,T12,,https://projects.propublica.org/nonprofits/organizations/263875444,private foundation,2025-10-17 17:59:10,,,,,,,,not_contacted,no,no,,,,high,error,,,,0.0,,,,,,2025-10-22T22:35:41.077526,'grant_history'
Kamdar Private Foundation,611583054,Houston,TX,T90,,https://projects.propublica.org/nonprofits/organizations/611583054,private foundation,2025-10-17 17:59:10,,,,,,,,not_contacted,no,no,,,,high,error,,,,0.0,,,,,,2025-10-22T22:35:42.017201,'grant_history'
Starfish Private Foundation,473930038,Fort Worth,TX,T22,,https://projects.propublica.org/nonprofits/organizations/473930038,private foundation,2025-10-17 17:59:10,,,,,,,,not_contacted,no,no,,,,high,error,,,,0.0,,,,,,2025-10-22T22:35:42.822674,'grant_history'
Caraway Private Foundation,854176168,Abilene,TX,T22,,https://projects.propublica.org/nonprofits/organizations/854176168,private foundation,2025-10-17 17:59:10,https://caraway.org,info@caraway.org,,,,,,not_contacted,no,no,,,,high,estimated,,"info@caraway.org,contact@caraway.org,hello@caraway.org,inquiries@caraway.org,development@caraway.org,admin@caraway.org",5.0,9.5,,"[{""category"": ""primary"", ""keywords_found"": [""art education (partial: 2/2 words)""], ""category_score"": 10.0}, {""category"": ""youth_development"", ""keywords_found"": [""children""], ""category_score"": 7}, {""category"": ""youth_development"", ""keywords_found"": [""children""], ""category_score"": 7}, {""category"": ""youth_development"", ""keywords_found"": [""children""], ""category_score"": 7}, {""category"": ""youth_development"", ""keywords_found"": [""children""], ""category_score"": 7}]","homepage,/about,/mission,/programs",,"education,health,children,education,children,education,children,education,children",2025-10-22T22:36:01.756221,
Aundh Private Foundation,263937632,Houston,TX,Q33,,https://projects.propublica.org/nonprofits/organizations/263937632,private foundation,2025-10-17 17:59:10,,,,,,,,not_contacted,no,no,,,,high,error,,,,0.0,,,,,,2025-10-22T22:36:04.531694,'grant_history'
Kanchwala Private Foundation,461638049,Cypress,TX,T20,,https://projects.propublica.org/nonprofits/organizations/461638049,private foundation,2025-10-17 17:59:10,https://kanchwala.org,info@kanchwala.org,,,,,,not_contacted,no,no,,,,high,estimated,,"info@kanchwala.org,contact@kanchwala.org,hello@kanchwala.org,inquiries@kanchwala.org,development@kanchwala.org,admin@kanchwala.org",1.0,0.0,,,homepage,,,2025-10-22T22:36:14.052846,
Private Property Foundation,742706255,W Lake Hills,TX,R99,,https://projects.propublica.org/nonprofits/organizations/742706255,private foundation,2025-10-17 17:59:10,,,,,,,,not_contacted,no,no,,,,high,error,,,,0.0,,,,,,2025-10-22T22:36:29.481505,'grant_history'
Ps Private Foundation,934820889,Frisco,TX,B90,,https://projects.propublica.org/nonprofits/organizations/934820889,private foundation,2025-10-17 17:59:10,,,,,,,,not_contacted,no,no,,,,high,error,,,,0.0,,,,,,2025-10-22T22:36:31.460448,'grant_history'
Keast Private Foundation,884134662,Houston,TX,B90,,https://projects.propublica.org/nonprofits/organizations/884134662,private foundation,2025-10-17 17:59:10,,,,,,,,not_contacted,no,no,,,,high,error,,,,0.0,,,,,,2025-10-22T22:36:32.226536,'grant_history'
Private Education Foundation,994225005,Houston,TX,B82,,https://projects.propublica.org/nonprofits/organizations/994225005,private foundation,2025-10-17 17:59:10,https://privateeducationfoundation.org,info@privateeducationfoundation.org,,,,,,not_contacted,no,no,,,,high,estimated,,"info@privateeducationfoundation.org,contact@privateeducationfoundation.org,hello@privateeducationfoundation.org,inquiries@privateeducationfoundation.org,development@privateeducationfoundation.org,admin@privateeducationfoundation.org",1.0,24.0,"is to empower leaders to raise up the next generation to know, love, and serve god through strong academic partnerships.","[{""category"": ""primary"", ""keywords_found"": [""art education (partial: 2/2 words)""], ""category_score"": 10.0}, {""category"": ""youth_development"", ""keywords_found"": [""children""], ""category_score"": 7}, {""category"": ""community_education"", ""keywords_found"": [""school partnerships (partial: 2/2 words)""], ""category_score"": 7.0}]",homepage,"support school boards, school administrators, and families in texas who desire christ-centered options for the children in their care!train up a child in the way they should go, even when they are old they will not depart from it. proverbs 22:6our missionour mission is to empower leaders to raise up the next generation to know, love, and serve god through strong academic partnerships.from supporting administrative staff to shepherding families with academic options that best fit their child's needs, we believe that establishing a strong foundation for our children is the best way to transform our communities and, consequently, the world.contact usco-founders joseph and dr. christina harris are passionate about seeing communities and families thrive using the best, christ-centered education","education,children",2025-10-22T22:36:43.272524,
Srinitha Private Foundation,332955902,Frisco,TX,B99,,https://projects.propublica.org/nonprofits/organizations/332955902,private foundation,2025-10-17 17:59:10,,,,,,,,not_contacted,no,no,,,,high,error,,,,0.0,,,,,,2025-10-22T22:36:45.649392,'grant_history'
Liao Family Private Foundation,452572998,Houston,TX,T22,,https://projects.propublica.org/nonprofits/organizations/452572998,private foundation,2025-10-17 17:59:10,,,,,,,,not_contacted,no,no,,,,high,error,,,,0.0,,,,,,2025-10-22T22:36:47.173997,'grant_history'
Hemani Private Family Foundation,810881830,Irving,TX,T20,,https://projects.propublica.org/nonprofits/organizations/810881830,private foundation,2025-10-17 17:59:10,https://hemani.org,info@hemani.org,,,,,,not_contacted,no,no,,,,high,estimated,,"info@hemani.org,contact@hemani.org,hello@hemani.org,inquiries@hemani.org,development@hemani.org,admin@hemani.org",0.0,0.0,,,homepage,,,2025-10-22T22:36:54.392273,
Ohare Family Private Foundation,752802946,Austin,TX,T2,,https://projects.propublica.org/nonprofits/organizations/752802946,private foundation,2025-10-17 17:59:10,https://ohare.org,info@ohare.org,,,,,,not_contacted,no,no,,,,high,harvested,"slodge@ohare.org,szimmerman@ohare.org,info@ohare.org",,2.0,9.0,,"[{""category"": ""disability_support"", ""keywords_found"": [""special needs (partial: 2/2 words)""], ""category_score"": 9.0}]",homepage,,,2025-10-22T22:37:14.600587,
Barfield Family Private Foundation,300142147,Hurst,TX,T22,,https://projects.propublica.org/nonprofits/organizations/300142147,private foundation,2025-10-17 17:59:10,,,,,,,,not_contacted,no,no,,,,high,error,,,,0.0,,,,,,2025-10-22T22:37:17.847065,'grant_history'
Daan Nonprofit Private Foundation,453204342,Sugarland,TX,T20,,https://projects.propublica.org/nonprofits/organizations/453204342,private foundation,2025-10-17 17:59:10,,,,,,,,not_contacted,no,no,,,,high,error,,,,0.0,,,,,,2025-10-22T22:37:18.713560,'grant_history'
Rajdeepa Family Private Foundation,854301304,Bellaire,TX,T22,,https://projects.propublica.org/nonprofits/organizations/854301304,private foundation,2025-10-17 17:59:10,,,,,,,,not_contacted,no,no,,,,high,error,,,,0.0,,,,,,2025-10-22T22:37:18.940350,'grant_history'
Boyd Morse Private Foundation,760605572,Houston,TX,T20,,https://projects.propublica.org/nonprofits/organizations/760605572,private foundation,2025-10-17 17:59:10,,,,,,,,not_contacted,no,no,,,,high,error,,,,0.0,,,,,,2025-10-22T22:37:20.126828,'grant_history'
Carden Family Private Foundation,364547925,Spring,TX,T20,,https://projects.propublica.org/nonprofits/organizations/364547925,private foundation,2025-10-17 17:59:10,https://carden.org,info@carden.org,,,,,,not_contacted,no,no,,,,high,harvested,info@carden.org,,1.0,24.0,,"[{""category"": ""primary"", ""keywords_found"": [""art education (partial: 2/2 words)""], ""category_score"": 10.0}, {""category"": ""youth_development"", ""keywords_found"": [""children""], ""category_score"": 7}, {""category"": ""community_education"", ""keywords_found"": [""quality education (partial: 2/2 words)""], ""category_score"": 7.0}, {""category"": ""primary"", ""keywords_found"": [""art education (partial: 2/2 words)""], ""category_score"": 10.0}, {""category"": ""disability_support"", ""keywords_found"": [""special education (partial: 2/2 words)""], ""category_score"": 7.0}, {""category"": ""youth_development"", ""keywords_found"": [""children""], ""category_score"": 7}]","homepage,/about","support for parents who choose to school their children at home. yes, successful learning is possible at home. remote learning our teaching techniques promote successful remote learning. when meeting with their students online, carden teachers are able to provide the same learning experience you've come to expect in carden school®. professional development carden teachers regularly attend our professional development courses to ensure quality teaching. workshops, classes, and demonstration teaching opportunities help them to put into practice the best teaching techniques available. experience, identify, define this is the carden learning cycle. it's also the way children naturally learn. our curriculum and teaching techniques maximize the benefits of this process by creating a sure foundation for success. learn more what people are saying contact us we're here to answer your questions about carden®. please call (843) 535-0090 or fill out the form below. please enable javascript in your browser to complete this form.your first name (given name) *your last name (surname) *your complete mailing addressbest way we can contact you: *emailtelephone calltextyour email *emailconfirm emailyour phone number with area code *if by telephone or text: best time to reach youi am interested in: *opening a carden® schoolhelping my child - home schoolinghelping my child - in a carden® classroomteacher trainingcharitable giving to the carden education,support you. ordering materials carden books are only available by license agreement. once we have fully executed a license agreement together, and you’ve completed the carden training needed for the ages of your children, you may place your order for curriculum items. we will activate an account for you and will help you decide which books are best for your situation. tutoring with carden carden license agreement the carden method is a powerful resource for tutors. our teaching techniques help students overcome a variety of obstacles as they gain control over words and numbers. to begin, we ask that you sign a carden license agreement for tutors. it will govern our relationship with you as a tutor. it also assures both of us that you have the training and support needed to provide your students with the tools they need for success. professional development we want all teachers to be successful. for this reason, we require that tutors who purchase our curriculum receive training in the philosophy and teaching techniques of the carden method®. to that end, we offer a variety of professional development opportunities throughout the year. these include live webinars, workshops, seminars, and demonstration teaching classes. well-trained carden specialists lead all professional development events. ordering materials carden books are only available by license agreement. once we have fully executed a license agreement together, and you’ve completed training in the carden method, you may place your order for curriculum items. we will activate an account for you and will help you decide which books are best for your situation. find out more about carden today! contact us copyright © 2025 the carden education","education,children,learning,education,children",2025-10-22T22:37:36.235933,
George Hedgepeth Private Foundation,436202511,Dallas,TX,,,https://projects.propublica.org/nonprofits/organizations/436202511,private foundation,2025-10-17 17:59:10,,,,,,,,not_contacted,no,no,,,,high,error,,,,0.0,,,,,,2025-10-22T22:37:39.739213,'grant_history'
Ibrahim Ganim Private Foundation,921325542,Houston,TX,B40,,https://projects.propublica.org/nonprofits/organizations/921325542,private foundation,2025-10-17 17:59:10,,,,,,,,not_contacted,no,no,,,,high,error,,,,0.0,,,,,,2025-10-22T22:37:41.139035,'grant_history'
