sponsor_name,ein,city,state,ntee_code,classification,propublica_url,search_term_found,collected_at,website,email,phone,contact_person,mission_statement,annual_revenue,assets,outreach_status,email_sent,response_received,sponsorship_amount,notes,follow_up_date,priority_level
Ford Foundation,131684331,New York,NY,T21,,https://projects.propublica.org/nonprofits/organizations/131684331,foundation,2025-10-17 17:56:47,,,,,,,,not_contacted,no,no,,,,high
Novo Foundation,470824753,Hurley,NY,T99,,https://projects.propublica.org/nonprofits/organizations/470824753,foundation,2025-10-17 17:56:47,,,,,,,,not_contacted,no,no,,,,high
Druckenmiller Foundation,133735187,New York,NY,,,https://projects.propublica.org/nonprofits/organizations/133735187,foundation,2025-10-17 17:56:47,,,,,,,,not_contacted,no,no,,,,high
Rockefeller Foundation,131659629,New York,NY,,,https://projects.propublica.org/nonprofits/organizations/131659629,foundation,2025-10-17 17:56:47,,,,,,,,not_contacted,no,no,,,,high
Citi Foundation,133781879,New York,NY,T21,,https://projects.propublica.org/nonprofits/organizations/133781879,foundation,2025-10-17 17:56:47,,,,,,,,not_contacted,no,no,,,,high
Gray Foundation,471408100,Albany,NY,T22,,https://projects.propublica.org/nonprofits/organizations/471408100,foundation,2025-10-17 17:56:47,,,,,,,,not_contacted,no,no,,,,high
Starr Foundation,136151545,New York,NY,T22,,https://projects.propublica.org/nonprofits/organizations/136151545,foundation,2025-10-17 17:56:47,,,,,,,,not_contacted,no,no,,,,high
Nhp Foundation,521636004,New York,NY,L200,,https://projects.propublica.org/nonprofits/organizations/521636004,foundation,2025-10-17 17:56:47,,,,,,,,not_contacted,no,no,,,,high
Tiger Foundation,133555671,New York,NY,,,https://projects.propublica.org/nonprofits/organizations/133555671,foundation,2025-10-17 17:56:47,,,,,,,,not_contacted,no,no,,,,high
Uniswap Foundation,883087770,New York,NY,R12,,https://projects.propublica.org/nonprofits/organizations/883087770,foundation,2025-10-17 17:56:47,,,,,,,,not_contacted,no,no,,,,high
Bingle Foundation,853658614,Saratoga Spgs,NY,T20,,https://projects.propublica.org/nonprofits/organizations/853658614,foundation,2025-10-17 17:56:47,,,,,,,,not_contacted,no,no,,,,high
Arcus Foundation,383332791,New York,NY,B82Z,,https://projects.propublica.org/nonprofits/organizations/383332791,foundation,2025-10-17 17:56:47,,,,,,,,not_contacted,no,no,,,,high
Shalem Foundation,133941865,New York,NY,I20,,https://projects.propublica.org/nonprofits/organizations/133941865,foundation,2025-10-17 17:56:47,,,,,,,,not_contacted,no,no,,,,high
Pinkerton Foundation,136206624,New York,NY,,,https://projects.propublica.org/nonprofits/organizations/136206624,foundation,2025-10-17 17:56:47,,,,,,,,not_contacted,no,no,,,,high
Avaaz Foundation,205050267,New York,NY,R03,,https://projects.propublica.org/nonprofits/organizations/205050267,foundation,2025-10-17 17:56:47,,,,,,,,not_contacted,no,no,,,,high
Metlife Foundation,132878224,New York,NY,,,https://projects.propublica.org/nonprofits/organizations/132878224,foundation,2025-10-17 17:56:47,,,,,,,,not_contacted,no,no,,,,high
Manton Foundation,133636372,New York,NY,,,https://projects.propublica.org/nonprofits/organizations/133636372,foundation,2025-10-17 17:56:47,,,,,,,,not_contacted,no,no,,,,high
Alphadyne Foundation,851674725,New York,NY,T20,,https://projects.propublica.org/nonprofits/organizations/851674725,foundation,2025-10-17 17:56:47,,,,,,,,not_contacted,no,no,,,,high
Woodlawn Foundation,133055729,New Rochelle,NY,X220,,https://projects.propublica.org/nonprofits/organizations/133055729,foundation,2025-10-17 17:56:47,,,,,,,,not_contacted,no,no,,,,high
Adirondack Foundation,161535724,Lake Placid,NY,T310,,https://projects.propublica.org/nonprofits/organizations/161535724,foundation,2025-10-17 17:56:47,,,,,,,,not_contacted,no,no,,,,high
Mulago Foundation,946182697,New York,NY,T20,,https://projects.propublica.org/nonprofits/organizations/946182697,foundation,2025-10-17 17:56:47,,,,,,,,not_contacted,no,no,,,,high
Altman Foundation,131623879,New York,NY,,,https://projects.propublica.org/nonprofits/organizations/131623879,foundation,2025-10-17 17:56:47,,,,,,,,not_contacted,no,no,,,,high
Burrows Foundation,223059155,Little Falls,NY,B82,,https://projects.propublica.org/nonprofits/organizations/223059155,foundation,2025-10-17 17:56:47,,,,,,,,not_contacted,no,no,,,,high
Moodys Foundation,134200757,New York,NY,T21,,https://projects.propublica.org/nonprofits/organizations/134200757,foundation,2025-10-17 17:56:47,,,,,,,,not_contacted,no,no,,,,high
Tent Foundation,472761733,New York,NY,T20,,https://projects.propublica.org/nonprofits/organizations/472761733,foundation,2025-10-17 17:56:47,,,,,,,,not_contacted,no,no,,,,high
Underground Foundations,815137417,Saugerties,NY,C60,,https://projects.propublica.org/nonprofits/organizations/815137417,foundations,2025-10-17 17:56:49,,,,,,,,not_contacted,no,no,,,,high
Jewish Foundations,832669071,Suffern,NY,X30,,https://projects.propublica.org/nonprofits/organizations/832669071,foundations,2025-10-17 17:56:49,,,,,,,,not_contacted,no,no,,,,high
Ayco Charitable Foundation,141782466,Cohoes,NY,T300,,https://projects.propublica.org/nonprofits/organizations/141782466,charitable foundation,2025-10-17 17:56:50,,,,,,,,not_contacted,no,no,,,,high
Iag Charitable Foundation,934406877,Albany,NY,T22,,https://projects.propublica.org/nonprofits/organizations/934406877,charitable foundation,2025-10-17 17:56:50,,,,,,,,not_contacted,no,no,,,,high
Blackstone Charitable Foundation,260462996,New York,NY,T21,,https://projects.propublica.org/nonprofits/organizations/260462996,charitable foundation,2025-10-17 17:56:50,,,,,,,,not_contacted,no,no,,,,high
Hourglass Charitable Foundation,872162781,New York,NY,T20,,https://projects.propublica.org/nonprofits/organizations/872162781,charitable foundation,2025-10-17 17:56:50,,,,,,,,not_contacted,no,no,,,,high
Egl Charitable Foundation,273667312,New York,NY,T20,,https://projects.propublica.org/nonprofits/organizations/273667312,charitable foundation,2025-10-17 17:56:50,,,,,,,,not_contacted,no,no,,,,high
Mindich Charitable Foundation,832781828,New York,NY,T20,,https://projects.propublica.org/nonprofits/organizations/832781828,charitable foundation,2025-10-17 17:56:50,,,,,,,,not_contacted,no,no,,,,high
Kyndryl Charitable Foundation,920750973,Rye Brook,NY,T20,,https://projects.propublica.org/nonprofits/organizations/920750973,charitable foundation,2025-10-17 17:56:50,,,,,,,,not_contacted,no,no,,,,high
Finistere Charitable Foundation,822856772,New York,NY,T22,,https://projects.propublica.org/nonprofits/organizations/822856772,charitable foundation,2025-10-17 17:56:50,,,,,,,,not_contacted,no,no,,,,high
Belvedere Charitable Foundation,980509706,New York,NY,T22,,https://projects.propublica.org/nonprofits/organizations/980509706,charitable foundation,2025-10-17 17:56:50,,,,,,,,not_contacted,no,no,,,,high
Integrum Charitable Foundation,880585708,New York,NY,T21,,https://projects.propublica.org/nonprofits/organizations/880585708,charitable foundation,2025-10-17 17:56:50,,,,,,,,not_contacted,no,no,,,,high
Grace Charitable Foundation,383911633,New York,NY,X11,,https://projects.propublica.org/nonprofits/organizations/383911633,charitable foundation,2025-10-17 17:56:50,,,,,,,,not_contacted,no,no,,,,high
Jl Charitable Foundation,842397358,Monroe,NY,T23,,https://projects.propublica.org/nonprofits/organizations/842397358,charitable foundation,2025-10-17 17:56:50,,,,,,,,not_contacted,no,no,,,,high
Manhattan Charitable Foundation,562290295,New York,NY,T20,,https://projects.propublica.org/nonprofits/organizations/562290295,charitable foundation,2025-10-17 17:56:50,,,,,,,,not_contacted,no,no,,,,high
Landegger Charitable Foundation,510180544,Rye Brook,NY,,,https://projects.propublica.org/nonprofits/organizations/510180544,charitable foundation,2025-10-17 17:56:50,,,,,,,,not_contacted,no,no,,,,high
Wayen Charitable Foundation,133466312,Forest Hills,NY,,,https://projects.propublica.org/nonprofits/organizations/133466312,charitable foundation,2025-10-17 17:56:50,,,,,,,,not_contacted,no,no,,,,high
Ebg Charitable Foundation,822512506,Monsey,NY,T30,,https://projects.propublica.org/nonprofits/organizations/822512506,charitable foundation,2025-10-17 17:56:50,,,,,,,,not_contacted,no,no,,,,high
Harjen Charitable Foundation,260276553,New York,NY,T20,,https://projects.propublica.org/nonprofits/organizations/260276553,charitable foundation,2025-10-17 17:56:50,,,,,,,,not_contacted,no,no,,,,high
Arf Charitable Foundation,832786566,New York,NY,T21,,https://projects.propublica.org/nonprofits/organizations/832786566,charitable foundation,2025-10-17 17:56:50,,,,,,,,not_contacted,no,no,,,,high
Jeffrey Charitable Foundation,814615729,Monsey,NY,T20,,https://projects.propublica.org/nonprofits/organizations/814615729,charitable foundation,2025-10-17 17:56:50,,,,,,,,not_contacted,no,no,,,,high
Nexstar Charitable Foundation,136161525,New York,NY,,,https://projects.propublica.org/nonprofits/organizations/136161525,charitable foundation,2025-10-17 17:56:50,,,,,,,,not_contacted,no,no,,,,high
Mfk Charitable Foundation,264457852,Brooklyn,NY,T22,,https://projects.propublica.org/nonprofits/organizations/264457852,charitable foundation,2025-10-17 17:56:50,,,,,,,,not_contacted,no,no,,,,high
Segal Charitable Foundation,113412302,Brooklyn,NY,T90Z,,https://projects.propublica.org/nonprofits/organizations/113412302,charitable foundation,2025-10-17 17:56:50,,,,,,,,not_contacted,no,no,,,,high
Evercore Charitable Foundation,863977771,New York,NY,T21,,https://projects.propublica.org/nonprofits/organizations/863977771,charitable foundation,2025-10-17 17:56:50,,,,,,,,not_contacted,no,no,,,,high
Marelda Charitable Foundation,455510047,New York,NY,T20,,https://projects.propublica.org/nonprofits/organizations/455510047,charitable foundation,2025-10-17 17:56:50,,,,,,,,not_contacted,no,no,,,,high
Kw Charitable Foundation,113366771,Brooklyn,NY,T31J,,https://projects.propublica.org/nonprofits/organizations/113366771,charitable foundation,2025-10-17 17:56:50,,,,,,,,not_contacted,no,no,,,,high
Overdeck Family Foundation,264377643,New York,NY,T22,,https://projects.propublica.org/nonprofits/organizations/264377643,family foundation,2025-10-17 17:56:51,,,,,,,,not_contacted,no,no,,,,high
Blavatnik Family Foundation,812444350,New York,NY,T20,,https://projects.propublica.org/nonprofits/organizations/812444350,family foundation,2025-10-17 17:56:51,,,,,,,,not_contacted,no,no,,,,high
Hao Family Foundation,473853918,Saratoga Spgs,NY,T20,,https://projects.propublica.org/nonprofits/organizations/473853918,family foundation,2025-10-17 17:56:51,,,,,,,,not_contacted,no,no,,,,high
Banga Family Foundation,931621605,New York,NY,T20,,https://projects.propublica.org/nonprofits/organizations/931621605,family foundation,2025-10-17 17:56:51,,,,,,,,not_contacted,no,no,,,,high
Stanley Family Foundation,61157888,Briarcliff,NY,,,https://projects.propublica.org/nonprofits/organizations/61157888,family foundation,2025-10-17 17:56:51,,,,,,,,not_contacted,no,no,,,,high
Sundheim Family Foundation,831563495,New York,NY,T20,,https://projects.propublica.org/nonprofits/organizations/831563495,family foundation,2025-10-17 17:56:51,,,,,,,,not_contacted,no,no,,,,high
Gong Family Foundation,850778984,North Salem,NY,T22,,https://projects.propublica.org/nonprofits/organizations/850778984,family foundation,2025-10-17 17:56:51,,,,,,,,not_contacted,no,no,,,,high
Paulson Family Foundation,263922995,New York,NY,T22,,https://projects.propublica.org/nonprofits/organizations/263922995,family foundation,2025-10-17 17:56:51,,,,,,,,not_contacted,no,no,,,,high
Treehouse Family Foundation,854230020,New York,NY,T20,,https://projects.propublica.org/nonprofits/organizations/854230020,family foundation,2025-10-17 17:56:51,,,,,,,,not_contacted,no,no,,,,high
Lubetzky Family Foundation,821648087,New York,NY,W70,,https://projects.propublica.org/nonprofits/organizations/821648087,family foundation,2025-10-17 17:56:51,,,,,,,,not_contacted,no,no,,,,high
Timashev Family Foundation,821674572,New York,NY,P20,,https://projects.propublica.org/nonprofits/organizations/821674572,family foundation,2025-10-17 17:56:51,,,,,,,,not_contacted,no,no,,,,high
Higgins Family Foundation,384152217,New York,NY,T22,,https://projects.propublica.org/nonprofits/organizations/384152217,family foundation,2025-10-17 17:56:51,,,,,,,,not_contacted,no,no,,,,high
Patterson Family Foundation,356975288,New York,NY,T20,,https://projects.propublica.org/nonprofits/organizations/356975288,family foundation,2025-10-17 17:56:51,,,,,,,,not_contacted,no,no,,,,high
Quad Family Foundation,463835222,Cohoes,NY,T20,,https://projects.propublica.org/nonprofits/organizations/463835222,family foundation,2025-10-17 17:56:51,,,,,,,,not_contacted,no,no,,,,high
Mai Family Foundation,133915987,New York,NY,T20J,,https://projects.propublica.org/nonprofits/organizations/133915987,family foundation,2025-10-17 17:56:51,,,,,,,,not_contacted,no,no,,,,high
Daftuar Family Foundation,474685449,New York,NY,G99,,https://projects.propublica.org/nonprofits/organizations/474685449,family foundation,2025-10-17 17:56:51,,,,,,,,not_contacted,no,no,,,,high
Erie Family Foundation,522339484,New York,NY,T22,,https://projects.propublica.org/nonprofits/organizations/522339484,family foundation,2025-10-17 17:56:51,,,,,,,,not_contacted,no,no,,,,high
Mucci Family Foundation,922880400,Rochester,NY,T22,,https://projects.propublica.org/nonprofits/organizations/922880400,family foundation,2025-10-17 17:56:51,,,,,,,,not_contacted,no,no,,,,high
Fuhrman Family Foundation,461579112,New York,NY,T22,,https://projects.propublica.org/nonprofits/organizations/461579112,family foundation,2025-10-17 17:56:51,,,,,,,,not_contacted,no,no,,,,high
Gerstner Family Foundation,208559135,Armonk,NY,T22,,https://projects.propublica.org/nonprofits/organizations/208559135,family foundation,2025-10-17 17:56:51,,,,,,,,not_contacted,no,no,,,,high
Baratta Family Foundation,830767499,Saratoga Spgs,NY,T22,,https://projects.propublica.org/nonprofits/organizations/830767499,family foundation,2025-10-17 17:56:51,,,,,,,,not_contacted,no,no,,,,high
Fascitelli Family Foundation,133748071,New York,NY,,,https://projects.propublica.org/nonprofits/organizations/133748071,family foundation,2025-10-17 17:56:51,,,,,,,,not_contacted,no,no,,,,high
Marsal Family Foundation,841367157,New York,NY,T20Z,,https://projects.propublica.org/nonprofits/organizations/841367157,family foundation,2025-10-17 17:56:51,,,,,,,,not_contacted,no,no,,,,high
Kaye Family Foundation,134092284,Albany,NY,T20,,https://projects.propublica.org/nonprofits/organizations/134092284,family foundation,2025-10-17 17:56:51,,,,,,,,not_contacted,no,no,,,,high
Sundell Family Foundation,475028854,New York,NY,,,https://projects.propublica.org/nonprofits/organizations/475028854,family foundation,2025-10-17 17:56:51,,,,,,,,not_contacted,no,no,,,,high
Brooklyn Community Foundation,113422729,Brooklyn,NY,T21,,https://projects.propublica.org/nonprofits/organizations/113422729,community foundation,2025-10-17 17:56:52,,,,,,,,not_contacted,no,no,,,,high
Rome Community Foundation,161574338,Rome,NY,T31,,https://projects.propublica.org/nonprofits/organizations/161574338,community foundation,2025-10-17 17:56:52,,,,,,,,not_contacted,no,no,,,,high
Pcsb Community Foundation,821223618,Yorktown Heights,NY,T22,,https://projects.propublica.org/nonprofits/organizations/821223618,community foundation,2025-10-17 17:56:52,,,,,,,,not_contacted,no,no,,,,high
Cortland Community Foundation,161561037,Cortland,NY,T31,,https://projects.propublica.org/nonprofits/organizations/161561037,community foundation,2025-10-17 17:56:52,,,,,,,,not_contacted,no,no,,,,high
Athens Community Foundation,371419086,Athens,NY,T20,,https://projects.propublica.org/nonprofits/organizations/371419086,community foundation,2025-10-17 17:56:52,,,,,,,,not_contacted,no,no,,,,high
Pawling Community Foundation,141748758,Pawling,NY,,,https://projects.propublica.org/nonprofits/organizations/141748758,community foundation,2025-10-17 17:56:52,,,,,,,,not_contacted,no,no,,,,high
Community Solutions Foundation,463772911,Buffalo,NY,P19,,https://projects.propublica.org/nonprofits/organizations/463772911,community foundation,2025-10-17 17:56:52,,,,,,,,not_contacted,no,no,,,,high
Brookmeade Community Foundation,454813106,Rhinebeck,NY,T99,,https://projects.propublica.org/nonprofits/organizations/454813106,community foundation,2025-10-17 17:56:52,,,,,,,,not_contacted,no,no,,,,high
Community Concern Foundation,161447801,Derby,NY,,,https://projects.propublica.org/nonprofits/organizations/161447801,community foundation,2025-10-17 17:56:52,,,,,,,,not_contacted,no,no,,,,high
Cooperstown Community Foundation,166090548,Cooperstown,NY,,,https://projects.propublica.org/nonprofits/organizations/166090548,community foundation,2025-10-17 17:56:52,,,,,,,,not_contacted,no,no,,,,high
World Community Foundation,133612343,New York,NY,,,https://projects.propublica.org/nonprofits/organizations/133612343,community foundation,2025-10-17 17:56:52,,,,,,,,not_contacted,no,no,,,,high
Bethpage Community Foundation,113578002,Bethpage,NY,T31,,https://projects.propublica.org/nonprofits/organizations/113578002,community foundation,2025-10-17 17:56:52,,,,,,,,not_contacted,no,no,,,,high
Boma Community Foundation,834716640,New York,NY,S20,,https://projects.propublica.org/nonprofits/organizations/834716640,community foundation,2025-10-17 17:56:52,,,,,,,,not_contacted,no,no,,,,high
Community Exchange Foundation,271641810,Glens Falls,NY,T99,,https://projects.propublica.org/nonprofits/organizations/271641810,community foundation,2025-10-17 17:56:52,,,,,,,,not_contacted,no,no,,,,high
Community Hope Foundation,853783524,Sprngfld Gdns,NY,P20,,https://projects.propublica.org/nonprofits/organizations/853783524,community foundation,2025-10-17 17:56:52,,,,,,,,not_contacted,no,no,,,,high
Cornwall Community Foundation,463121192,New Windsor,NY,T12,,https://projects.propublica.org/nonprofits/organizations/463121192,community foundation,2025-10-17 17:56:52,,,,,,,,not_contacted,no,no,,,,high
Duryee Community Foundation,844110882,Schenectady,NY,S20,,https://projects.propublica.org/nonprofits/organizations/844110882,community foundation,2025-10-17 17:56:52,,,,,,,,not_contacted,no,no,,,,high
Esopus Community Foundation,862568195,Port Ewen,NY,W99,,https://projects.propublica.org/nonprofits/organizations/862568195,community foundation,2025-10-17 17:56:52,,,,,,,,not_contacted,no,no,,,,high
Leaveners Community Foundation,481172029,Essex,NY,P58,,https://projects.propublica.org/nonprofits/organizations/481172029,community foundation,2025-10-17 17:56:52,,,,,,,,not_contacted,no,no,,,,high
New Community Foundation,464343865,Bronx,NY,S20,,https://projects.propublica.org/nonprofits/organizations/464343865,community foundation,2025-10-17 17:56:52,,,,,,,,not_contacted,no,no,,,,high
Sephardic Community Foundation,861748882,Brooklyn,NY,A23,,https://projects.propublica.org/nonprofits/organizations/861748882,community foundation,2025-10-17 17:56:52,,,,,,,,not_contacted,no,no,,,,high
Andujar Foundation Community,824911984,Buffalo,NY,O50,,https://projects.propublica.org/nonprofits/organizations/824911984,community foundation,2025-10-17 17:56:52,,,,,,,,not_contacted,no,no,,,,high
Community Kollel Foundation,990765557,Far Rockaway,NY,X30,,https://projects.propublica.org/nonprofits/organizations/990765557,community foundation,2025-10-17 17:56:52,,,,,,,,not_contacted,no,no,,,,high
Elevate Community Foundation,844976587,Rochester,NY,Z99,,https://projects.propublica.org/nonprofits/organizations/844976587,community foundation,2025-10-17 17:56:52,,,,,,,,not_contacted,no,no,,,,high
Plmbc Community Foundation,824450245,Buffalo,NY,O50,,https://projects.propublica.org/nonprofits/organizations/824450245,community foundation,2025-10-17 17:56:52,,,,,,,,not_contacted,no,no,,,,high
Nhrg Private Foundation,273949845,Greenlawn,NY,T22,,https://projects.propublica.org/nonprofits/organizations/273949845,private foundation,2025-10-17 17:56:54,,,,,,,,not_contacted,no,no,,,,high
Bitcoin Private Foundation,831305957,New York,NY,U99,,https://projects.propublica.org/nonprofits/organizations/831305957,private foundation,2025-10-17 17:56:54,,,,,,,,not_contacted,no,no,,,,high
Mae Private Foundation,815246407,New York,NY,T50,,https://projects.propublica.org/nonprofits/organizations/815246407,private foundation,2025-10-17 17:56:54,,,,,,,,not_contacted,no,no,,,,high
Allan Patchett Private Foundation,550760574,Amherst,NY,T20,,https://projects.propublica.org/nonprofits/organizations/550760574,private foundation,2025-10-17 17:56:54,,,,,,,,not_contacted,no,no,,,,high
Douglas Cramer Private Foundation,311705313,Woodbury,NY,T22,,https://projects.propublica.org/nonprofits/organizations/311705313,private foundation,2025-10-17 17:56:54,,,,,,,,not_contacted,no,no,,,,high
Private Tutor Foundation Inc,611620448,White Plains,NY,B90,,https://projects.propublica.org/nonprofits/organizations/611620448,private foundation,2025-10-17 17:56:54,,,,,,,,not_contacted,no,no,,,,high
Public Private Alliance Foundation,711016293,Hastings Hdsn,NY,Q01,,https://projects.propublica.org/nonprofits/organizations/711016293,private foundation,2025-10-17 17:56:54,,,,,,,,not_contacted,no,no,,,,high
Rodel Private Charitable Foundation,261512186,Woodbury,NY,T20,,https://projects.propublica.org/nonprofits/organizations/261512186,private foundation,2025-10-17 17:56:54,,,,,,,,not_contacted,no,no,,,,high
Thomas Cramer Private Foundation,311705322,Woodbury,NY,T22,,https://projects.propublica.org/nonprofits/organizations/311705322,private foundation,2025-10-17 17:56:54,,,,,,,,not_contacted,no,no,,,,high
Charna Radbell Private Foundation,226887924,Lawrence,NY,T20,,https://projects.propublica.org/nonprofits/organizations/226887924,private foundation,2025-10-17 17:56:54,,,,,,,,not_contacted,no,no,,,,high
Rafferty Family Private Foundation,276590504,Mamaroneck,NY,T22,,https://projects.propublica.org/nonprofits/organizations/276590504,private foundation,2025-10-17 17:56:54,,,,,,,,not_contacted,no,no,,,,high
James R Shields Private Foundation,300609473,New York,NY,T20,,https://projects.propublica.org/nonprofits/organizations/300609473,private foundation,2025-10-17 17:56:54,,,,,,,,not_contacted,no,no,,,,high
A L Borg Private Foundation,112944989,New York,NY,,,https://projects.propublica.org/nonprofits/organizations/112944989,private foundation,2025-10-17 17:56:54,,,,,,,,not_contacted,no,no,,,,high
Robert Keleher Private Foundation Inc,830773547,East Islip,NY,B82,,https://projects.propublica.org/nonprofits/organizations/830773547,private foundation,2025-10-17 17:56:54,,,,,,,,not_contacted,no,no,,,,high
Private Equity Foundation I Inc,432116245,New York,NY,T12,,https://projects.propublica.org/nonprofits/organizations/432116245,private foundation,2025-10-17 17:56:54,,,,,,,,not_contacted,no,no,,,,high
Jerome E Toffler Private Foundation,357012223,New York,NY,T22,,https://projects.propublica.org/nonprofits/organizations/357012223,private foundation,2025-10-17 17:56:54,,,,,,,,not_contacted,no,no,,,,high
Della Calce Private Foundation Inc,204702349,Vly Cottage,NY,T20,,https://projects.propublica.org/nonprofits/organizations/204702349,private foundation,2025-10-17 17:56:54,,,,,,,,not_contacted,no,no,,,,high
Kimberly Cramer Germ Private Foundation,311705318,Woodbury,NY,T22,,https://projects.propublica.org/nonprofits/organizations/311705318,private foundation,2025-10-17 17:56:54,,,,,,,,not_contacted,no,no,,,,high
Elkie Rosen Private Foundation Inc,863568842,Woodbury,NY,T50,,https://projects.propublica.org/nonprofits/organizations/863568842,private foundation,2025-10-17 17:56:54,,,,,,,,not_contacted,no,no,,,,high
Lauren Cramer Fexy Private Foundation,311705315,Woodbury,NY,T22,,https://projects.propublica.org/nonprofits/organizations/311705315,private foundation,2025-10-17 17:56:54,,,,,,,,not_contacted,no,no,,,,high
Prem & Poonam Private Foundation Inc,473888176,East Elmhurst,NY,K30,,https://projects.propublica.org/nonprofits/organizations/473888176,private foundation,2025-10-17 17:56:54,,,,,,,,not_contacted,no,no,,,,high
Lucille A Napoli Private Foundation,993635996,Bronx,NY,D20,,https://projects.propublica.org/nonprofits/organizations/993635996,private foundation,2025-10-17 17:56:54,,,,,,,,not_contacted,no,no,,,,high
Schwartz Family Private Foundation Inc,934627346,Brooklyn,NY,B12,,https://projects.propublica.org/nonprofits/organizations/934627346,private foundation,2025-10-17 17:56:54,,,,,,,,not_contacted,no,no,,,,high
Lakhani Family Private Charitable Foundation,836795215,Fresh Meadows,NY,T22,,https://projects.propublica.org/nonprofits/organizations/836795215,private foundation,2025-10-17 17:56:54,,,,,,,,not_contacted,no,no,,,,high
Thomas And Jeanne Elmezzi Private Foundation,113343740,Astoria,NY,,,https://projects.propublica.org/nonprofits/organizations/113343740,private foundation,2025-10-17 17:56:54,,,,,,,,not_contacted,no,no,,,,high
The Ralph Lauren Corporate Foundation,522316766,New York,NY,T22,,https://projects.propublica.org/nonprofits/organizations/522316766,corporate foundation,2025-10-17 17:56:55,,,,,,,,not_contacted,no,no,,,,high
North American Jaat Heritage Foundation A Nj Nonprofit Corporat,854194350,Jericho,NY,A23,,https://projects.propublica.org/nonprofits/organizations/854194350,corporate foundation,2025-10-17 17:56:55,,,,,,,,not_contacted,no,no,,,,high
Foundation For Bedford Central Schools A Not For Profit Corporati,461741040,Bedford Hills,NY,B122,,https://projects.propublica.org/nonprofits/organizations/461741040,corporate foundation,2025-10-17 17:56:55,,,,,,,,not_contacted,no,no,,,,high
Artis Contemporary Israeli Art Fund Inc,264184988,New York,NY,A23,,https://projects.propublica.org/nonprofits/organizations/264184988,arts,2025-10-17 17:56:56,,,,,,,,not_contacted,no,no,,,,high
Magnum Cultural Foundation,450573269,New York,NY,A40,,https://projects.propublica.org/nonprofits/organizations/450573269,cultural,2025-10-17 17:56:57,,,,,,,,not_contacted,no,no,,,,high
Cultural Resources Foundation,262993649,Brooklyn,NY,A99,,https://projects.propublica.org/nonprofits/organizations/262993649,cultural,2025-10-17 17:56:57,,,,,,,,not_contacted,no,no,,,,high
Moun Cultural Foundation,392761036,Floral Park,NY,A23,,https://projects.propublica.org/nonprofits/organizations/392761036,cultural,2025-10-17 17:56:57,,,,,,,,not_contacted,no,no,,,,high
Daniels Music Foundation,320156199,New York,NY,A68,,https://projects.propublica.org/nonprofits/organizations/320156199,music,2025-10-17 17:56:58,,,,,,,,not_contacted,no,no,,,,high
Visual Arts Foundation Inc,136261474,New York,NY,A900,,https://projects.propublica.org/nonprofits/organizations/136261474,visual arts,2025-10-17 17:57:02,,,,,,,,not_contacted,no,no,,,,high
Goldfinger Foundation For The Visual Arts,134009859,Waccabuc,NY,T20,,https://projects.propublica.org/nonprofits/organizations/134009859,visual arts,2025-10-17 17:57:02,,,,,,,,not_contacted,no,no,,,,high
Dorothy Dehner Foundation For The Visual Arts,133830526,New York,NY,T20Z,,https://projects.propublica.org/nonprofits/organizations/133830526,visual arts,2025-10-17 17:57:02,,,,,,,,not_contacted,no,no,,,,high
Buffalo Academy For Visual And Performing Arts Foundation,271423111,Buffalo,NY,B112,,https://projects.propublica.org/nonprofits/organizations/271423111,visual arts,2025-10-17 17:57:02,,,,,,,,not_contacted,no,no,,,,high
Matthew Troyan Foundation For The Visual Arts Ltd,454392048,Brookhaven,NY,B12,,https://projects.propublica.org/nonprofits/organizations/454392048,visual arts,2025-10-17 17:57:02,,,,,,,,not_contacted,no,no,,,,high
Ashford Hollow Foundation For The Visual Performing Arts,160958993,Buffalo,NY,,,https://projects.propublica.org/nonprofits/organizations/160958993,visual arts,2025-10-17 17:57:02,,,,,,,,not_contacted,no,no,,,,high
The Andy Warhol Foundation For The Visual Arts Inc,133410749,New York,NY,,,https://projects.propublica.org/nonprofits/organizations/133410749,visual arts,2025-10-17 17:57:02,,,,,,,,not_contacted,no,no,,,,high
Foundation Of Arts Music And Education,133707599,Bedford Hills,NY,B64Z,,https://projects.propublica.org/nonprofits/organizations/133707599,arts education,2025-10-17 17:57:03,,,,,,,,not_contacted,no,no,,,,high
Pia Nys Graphic Arts Education Foundation Inc,223149570,Amherst,NY,,,https://projects.propublica.org/nonprofits/organizations/223149570,arts education,2025-10-17 17:57:03,,,,,,,,not_contacted,no,no,,,,high
Pearl Mae Watson Arts Education Foundation Inc,932519224,Brooklyn,NY,A12,,https://projects.propublica.org/nonprofits/organizations/932519224,arts education,2025-10-17 17:57:03,,,,,,,,not_contacted,no,no,,,,high
Caribbean Arts & Culture Foundation,993236975,Buffalo,NY,A23,,https://projects.propublica.org/nonprofits/organizations/993236975,cultural arts,2025-10-17 17:57:04,,,,,,,,not_contacted,no,no,,,,high
Asase Yaa Cultural Arts Foundation Inc,352381871,Brooklyn,NY,B99,,https://projects.propublica.org/nonprofits/organizations/352381871,cultural arts,2025-10-17 17:57:04,,,,,,,,not_contacted,no,no,,,,high
Empower Performing Arts Foundation,994570117,Oswego,NY,A12,,https://projects.propublica.org/nonprofits/organizations/994570117,performing arts,2025-10-17 17:57:06,,,,,,,,not_contacted,no,no,,,,high
Supermajority Education Fund,843745987,New York,NY,R24,,https://projects.propublica.org/nonprofits/organizations/843745987,education,2025-10-17 17:57:07,,,,,,,,not_contacted,no,no,,,,high
Food Education Fund,263497284,New York,NY,B82,,https://projects.propublica.org/nonprofits/organizations/263497284,education,2025-10-17 17:57:07,,,,,,,,not_contacted,no,no,,,,high
Kenya Education Fund,542056227,New York,NY,P80,,https://projects.propublica.org/nonprofits/organizations/542056227,education,2025-10-17 17:57:07,,,,,,,,not_contacted,no,no,,,,high
Polar Education Foundation,205853356,New York,NY,C60,,https://projects.propublica.org/nonprofits/organizations/205853356,education,2025-10-17 17:57:07,,,,,,,,not_contacted,no,no,,,,high
Advertising Educational Foundation,133228986,New York,NY,,,https://projects.propublica.org/nonprofits/organizations/133228986,educational,2025-10-17 17:57:08,,,,,,,,not_contacted,no,no,,,,high
Bnos Educational Trust,872475274,Brooklyn,NY,X30,,https://projects.propublica.org/nonprofits/organizations/872475274,educational,2025-10-17 17:57:08,,,,,,,,not_contacted,no,no,,,,high
Kaplan Educational Foundation,200495155,New York,NY,T20,,https://projects.propublica.org/nonprofits/organizations/200495155,educational,2025-10-17 17:57:08,,,,,,,,not_contacted,no,no,,,,high
Map Educational Fund,453265404,New York,NY,G40,,https://projects.propublica.org/nonprofits/organizations/453265404,educational,2025-10-17 17:57:08,,,,,,,,not_contacted,no,no,,,,high
Nesca Educational Foundation,831276077,Albany,NY,B82,,https://projects.propublica.org/nonprofits/organizations/831276077,educational,2025-10-17 17:57:08,,,,,,,,not_contacted,no,no,,,,high
Cannon Educational Fund,526223026,Buffalo,NY,T70,,https://projects.propublica.org/nonprofits/organizations/526223026,educational,2025-10-17 17:57:08,,,,,,,,not_contacted,no,no,,,,high
Hauppauge Educational Foundation,311625943,Hauppauge,NY,B123,,https://projects.propublica.org/nonprofits/organizations/311625943,educational,2025-10-17 17:57:08,,,,,,,,not_contacted,no,no,,,,high
Catskill Educational Foundation,203123424,Catskill,NY,B99,,https://projects.propublica.org/nonprofits/organizations/203123424,educational,2025-10-17 17:57:08,,,,,,,,not_contacted,no,no,,,,high
Gescheidt Educational Fund,131739900,Pleasantville,NY,,,https://projects.propublica.org/nonprofits/organizations/131739900,educational,2025-10-17 17:57:08,,,,,,,,not_contacted,no,no,,,,high
Highland Educational Foundation,474154232,Highland,NY,B12,,https://projects.propublica.org/nonprofits/organizations/474154232,educational,2025-10-17 17:57:08,,,,,,,,not_contacted,no,no,,,,high
Menglan Educational Foundation,454574583,Scarsdale,NY,B82,,https://projects.propublica.org/nonprofits/organizations/454574583,educational,2025-10-17 17:57:08,,,,,,,,not_contacted,no,no,,,,high
Outram Educational Foundation,113575425,Brooklyn,NY,B99,,https://projects.propublica.org/nonprofits/organizations/113575425,educational,2025-10-17 17:57:08,,,,,,,,not_contacted,no,no,,,,high
Tep Educational Foundation,991516530,Troy,NY,C60,,https://projects.propublica.org/nonprofits/organizations/991516530,educational,2025-10-17 17:57:08,,,,,,,,not_contacted,no,no,,,,high
Tonbridge Educational Foundation,205556499,New York,NY,B82,,https://projects.propublica.org/nonprofits/organizations/205556499,educational,2025-10-17 17:57:08,,,,,,,,not_contacted,no,no,,,,high
Corinth Educational Foundation,333171331,Corinth,NY,B12,,https://projects.propublica.org/nonprofits/organizations/333171331,educational,2025-10-17 17:57:08,,,,,,,,not_contacted,no,no,,,,high
Protected Schools Foundation,992490472,Sayville,NY,B90,,https://projects.propublica.org/nonprofits/organizations/992490472,schools,2025-10-17 17:57:10,,,,,,,,not_contacted,no,no,,,,high
Higher Learning Foundation,473440389,Laurelton,NY,B90,,https://projects.propublica.org/nonprofits/organizations/473440389,learning,2025-10-17 17:57:14,,,,,,,,not_contacted,no,no,,,,high
Fsl Scholarship Foundation,232618766,New York,NY,,,https://projects.propublica.org/nonprofits/organizations/232618766,scholarship,2025-10-17 17:57:15,,,,,,,,not_contacted,no,no,,,,high
Sba Scholarship Fund,542184059,New York,NY,B82,,https://projects.propublica.org/nonprofits/organizations/542184059,scholarship,2025-10-17 17:57:15,,,,,,,,not_contacted,no,no,,,,high
Sawyer Scholarship Foundation,136113938,Obernburg,NY,,,https://projects.propublica.org/nonprofits/organizations/136113938,scholarship,2025-10-17 17:57:15,,,,,,,,not_contacted,no,no,,,,high
Avery Scholarship Foundation,141798357,Roscoe,NY,T22,,https://projects.propublica.org/nonprofits/organizations/141798357,scholarship,2025-10-17 17:57:15,,,,,,,,not_contacted,no,no,,,,high
Adb Scholarship Fund,880849655,Binghamton,NY,B82,,https://projects.propublica.org/nonprofits/organizations/880849655,scholarship,2025-10-17 17:57:15,,,,,,,,not_contacted,no,no,,,,high
Asum Scholarship Fund,465377060,Bronx,NY,B82,,https://projects.propublica.org/nonprofits/organizations/465377060,scholarship,2025-10-17 17:57:15,,,,,,,,not_contacted,no,no,,,,high
Beatitude Scholarship Fund,933352162,Sprngfld Gdns,NY,O55,,https://projects.propublica.org/nonprofits/organizations/933352162,scholarship,2025-10-17 17:57:15,,,,,,,,not_contacted,no,no,,,,high
Flavin Scholarship Fund,161603208,Rochester,NY,B82,,https://projects.propublica.org/nonprofits/organizations/161603208,scholarship,2025-10-17 17:57:15,,,,,,,,not_contacted,no,no,,,,high
Life Scholarship Foundation,473207733,E Northport,NY,B82,,https://projects.propublica.org/nonprofits/organizations/473207733,scholarship,2025-10-17 17:57:15,,,,,,,,not_contacted,no,no,,,,high
Oceanside Scholarship Fund,116038132,Oceanside,NY,,,https://projects.propublica.org/nonprofits/organizations/116038132,scholarship,2025-10-17 17:57:15,,,,,,,,not_contacted,no,no,,,,high
Pulaski Scholarship Foundation,113085480,Maspeth,NY,T21Z,,https://projects.propublica.org/nonprofits/organizations/113085480,scholarship,2025-10-17 17:57:15,,,,,,,,not_contacted,no,no,,,,high
Humanitas Scholarship Trust,133123849,Bronx,NY,B90,,https://projects.propublica.org/nonprofits/organizations/133123849,scholarship,2025-10-17 17:57:15,,,,,,,,not_contacted,no,no,,,,high
Student Arts Foundation,454120223,Rochester,NY,B99,,https://projects.propublica.org/nonprofits/organizations/454120223,student,2025-10-17 17:57:17,,,,,,,,not_contacted,no,no,,,,high
Rize Student Foundation,874292354,New York,NY,B82,,https://projects.propublica.org/nonprofits/organizations/874292354,student,2025-10-17 17:57:17,,,,,,,,not_contacted,no,no,,,,high
Student Agencies Foundation Inc,150461439,Ithaca,NY,,,https://projects.propublica.org/nonprofits/organizations/150461439,student,2025-10-17 17:57:17,,,,,,,,not_contacted,no,no,,,,high
Social Register Foundation,821049144,New York,NY,W99,,https://projects.propublica.org/nonprofits/organizations/821049144,social,2025-10-17 17:57:19,,,,,,,,not_contacted,no,no,,,,high
Social Cinema Foundation,823221699,New York,NY,A25,,https://projects.propublica.org/nonprofits/organizations/823221699,social,2025-10-17 17:57:19,,,,,,,,not_contacted,no,no,,,,high
Civic Initiatives Foundation,454110216,New York,NY,A82,,https://projects.propublica.org/nonprofits/organizations/454110216,civic,2025-10-17 17:57:20,,,,,,,,not_contacted,no,no,,,,high
Civic Involvement Fund,852665963,Brooklyn,NY,,,https://projects.propublica.org/nonprofits/organizations/852665963,civic,2025-10-17 17:57:20,,,,,,,,not_contacted,no,no,,,,high
Public Employees Federation Public Employees Benefits Fund,237357996,Albany,NY,,,https://projects.propublica.org/nonprofits/organizations/237357996,public,2025-10-17 17:57:21,,,,,,,,not_contacted,no,no,,,,high
Nonprofit Finance Fund,133238657,New York,NY,S500,,https://projects.propublica.org/nonprofits/organizations/133238657,nonprofit,2025-10-17 17:57:23,,,,,,,,not_contacted,no,no,,,,high
First Nonprofit Foundation,611452994,New York,NY,T20,,https://projects.propublica.org/nonprofits/organizations/611452994,nonprofit,2025-10-17 17:57:23,,,,,,,,not_contacted,no,no,,,,high
Nonprofit Collective Foundation Inc,821032203,New York,NY,B02,,https://projects.propublica.org/nonprofits/organizations/821032203,nonprofit,2025-10-17 17:57:23,,,,,,,,not_contacted,no,no,,,,high
Demetrius Foundation Nonprofit Corporation,851872576,Goshen,NY,F12,,https://projects.propublica.org/nonprofits/organizations/851872576,nonprofit,2025-10-17 17:57:23,,,,,,,,not_contacted,no,no,,,,high
Nonprofit Resource Hub Foundation Inc,334109774,Bohemia,NY,B99,,https://projects.propublica.org/nonprofits/organizations/334109774,nonprofit,2025-10-17 17:57:23,,,,,,,,not_contacted,no,no,,,,high
Bunting Charity Lodge Charity Fund Inc,133280088,New York,NY,,,https://projects.propublica.org/nonprofits/organizations/133280088,charity,2025-10-17 17:57:24,,,,,,,,not_contacted,no,no,,,,high
Bolla Charity Foundation,464054300,Garden City,NY,Z99,,https://projects.propublica.org/nonprofits/organizations/464054300,charity,2025-10-17 17:57:24,,,,,,,,not_contacted,no,no,,,,high
Sunshine Charity Foundation,364884766,Brooklyn,NY,T22,,https://projects.propublica.org/nonprofits/organizations/364884766,charity,2025-10-17 17:57:24,,,,,,,,not_contacted,no,no,,,,high
Landmark Charity Foundation,202074411,Brooklyn,NY,T50,,https://projects.propublica.org/nonprofits/organizations/202074411,charity,2025-10-17 17:57:24,,,,,,,,not_contacted,no,no,,,,high
Rosenberg Charity Foundation,113577334,Brooklyn,NY,T21,,https://projects.propublica.org/nonprofits/organizations/113577334,charity,2025-10-17 17:57:24,,,,,,,,not_contacted,no,no,,,,high
Wellspring Charity Fund,133994337,Brooklyn,NY,T20Z,,https://projects.propublica.org/nonprofits/organizations/133994337,charity,2025-10-17 17:57:24,,,,,,,,not_contacted,no,no,,,,high
Eygf Charity Foundation,921316240,Brooklyn,NY,T20,,https://projects.propublica.org/nonprofits/organizations/921316240,charity,2025-10-17 17:57:24,,,,,,,,not_contacted,no,no,,,,high
Bjls Charity Fund,465586809,Suffern,NY,T22,,https://projects.propublica.org/nonprofits/organizations/465586809,charity,2025-10-17 17:57:24,,,,,,,,not_contacted,no,no,,,,high
Charleigh Charitable Trust,463376803,Mineola,NY,T22,,https://projects.propublica.org/nonprofits/organizations/463376803,charitable,2025-10-17 17:57:25,,,,,,,,not_contacted,no,no,,,,high
Howind Charitable Trust,464550482,Melville,NY,T20,,https://projects.propublica.org/nonprofits/organizations/464550482,charitable,2025-10-17 17:57:25,,,,,,,,not_contacted,no,no,,,,high
Crosby Charitable Trust,811669605,Norwich,NY,T12,,https://projects.propublica.org/nonprofits/organizations/811669605,charitable,2025-10-17 17:57:25,,,,,,,,not_contacted,no,no,,,,high
Lorber Charitable Fund,113375574,Jericho,NY,T20Z,,https://projects.propublica.org/nonprofits/organizations/113375574,charitable,2025-10-17 17:57:25,,,,,,,,not_contacted,no,no,,,,high
Philanthropic Foundation,471704039,New York,NY,T50,,https://projects.propublica.org/nonprofits/organizations/471704039,philanthropy,2025-10-17 17:57:26,,,,,,,,not_contacted,no,no,,,,high
Turkish Philanthropy Funds Inc,208392006,New York,NY,Q12,,https://projects.propublica.org/nonprofits/organizations/208392006,philanthropy,2025-10-17 17:57:26,,,,,,,,not_contacted,no,no,,,,high
Grapevine Giving Foundation,872389502,New York,NY,T50,,https://projects.propublica.org/nonprofits/organizations/872389502,giving,2025-10-17 17:57:28,,,,,,,,not_contacted,no,no,,,,high
Ananta Giving Foundation,844762582,New York,NY,T30,,https://projects.propublica.org/nonprofits/organizations/844762582,giving,2025-10-17 17:57:28,,,,,,,,not_contacted,no,no,,,,high
Giving Back Foundation,273143272,New York,NY,T22,,https://projects.propublica.org/nonprofits/organizations/273143272,giving,2025-10-17 17:57:28,,,,,,,,not_contacted,no,no,,,,high
Charitable Giving Trust,861324189,New York,NY,A12,,https://projects.propublica.org/nonprofits/organizations/861324189,giving,2025-10-17 17:57:28,,,,,,,,not_contacted,no,no,,,,high
Giving Tree Philanthropy Fund,872882740,Corning,NY,T12,,https://projects.propublica.org/nonprofits/organizations/872882740,giving,2025-10-17 17:57:28,,,,,,,,not_contacted,no,no,,,,high
Mbd Compass One A Housing Development Fund Company Inc,464020203,Bronx,NY,L20,,https://projects.propublica.org/nonprofits/organizations/464020203,company,2025-10-17 17:57:31,,,,,,,,not_contacted,no,no,,,,high
Mbd Compass One B Housing Development Fund Company Inc,464051731,Bronx,NY,L20,,https://projects.propublica.org/nonprofits/organizations/464051731,company,2025-10-17 17:57:31,,,,,,,,not_contacted,no,no,,,,high
Inch Foundation Inc,992613594,New York,NY,A20,,https://projects.propublica.org/nonprofits/organizations/992613594,inc,2025-10-17 17:57:32,,,,,,,,not_contacted,no,no,,,,high
Heart And Health Educationfoundation Inc,203919579,Briarcliff Manor,NY,G430,,https://projects.propublica.org/nonprofits/organizations/203919579,health,2025-10-17 17:57:39,,,,,,,,not_contacted,no,no,,,,high
Health Quest Veba Health Savings Trust,274847462,La Grangeville,NY,Y43,,https://projects.propublica.org/nonprofits/organizations/274847462,health,2025-10-17 17:57:39,,,,,,,,not_contacted,no,no,,,,high
Heart And Health Educational Foundation Inc,873296905,Dix Hills,NY,E70,,https://projects.propublica.org/nonprofits/organizations/873296905,health,2025-10-17 17:57:39,,,,,,,,not_contacted,no,no,,,,high
Health Research Inc Postretirement Health Benefits Trust,464309365,Menands,NY,Y43,,https://projects.propublica.org/nonprofits/organizations/464309365,health,2025-10-17 17:57:39,,,,,,,,not_contacted,no,no,,,,high
Israel Healthcare Foundation,273649987,New York,NY,E12,,https://projects.propublica.org/nonprofits/organizations/273649987,healthcare,2025-10-17 17:57:40,,,,,,,,not_contacted,no,no,,,,high
Healthcare Impact Foundation,823038867,New York,NY,E19,,https://projects.propublica.org/nonprofits/organizations/823038867,healthcare,2025-10-17 17:57:40,,,,,,,,not_contacted,no,no,,,,high
Labor Management Healthcare Fund,200422657,Cheektowaga,NY,Y43,,https://projects.propublica.org/nonprofits/organizations/200422657,healthcare,2025-10-17 17:57:40,,,,,,,,not_contacted,no,no,,,,high
Medical Excellence Foundation,873870324,Nissequogue,NY,T20,,https://projects.propublica.org/nonprofits/organizations/873870324,medical,2025-10-17 17:57:41,,,,,,,,not_contacted,no,no,,,,high
Wellness Foundation,203265442,Sag Harbor,NY,,,https://projects.propublica.org/nonprofits/organizations/203265442,wellness,2025-10-17 17:57:43,,,,,,,,not_contacted,no,no,,,,high
Wellness Alliance Foundation,810747267,New York,NY,P20,,https://projects.propublica.org/nonprofits/organizations/810747267,wellness,2025-10-17 17:57:43,,,,,,,,not_contacted,no,no,,,,high
Malta Human Services Foundation,133623325,New York,NY,Q330,,https://projects.propublica.org/nonprofits/organizations/133623325,human services,2025-10-17 17:57:44,,,,,,,,not_contacted,no,no,,,,high
Spectrum Human Services Foundation Inc,222832638,Orchard Park,NY,P28Z,,https://projects.propublica.org/nonprofits/organizations/222832638,human services,2025-10-17 17:57:44,,,,,,,,not_contacted,no,no,,,,high
Abba Human Services Foundation Inc,843805419,New City,NY,E92,,https://projects.propublica.org/nonprofits/organizations/843805419,human services,2025-10-17 17:57:44,,,,,,,,not_contacted,no,no,,,,high
Foundation For Human Services Inc,141792786,Loch Sheldrke,NY,T20J,,https://projects.propublica.org/nonprofits/organizations/141792786,human services,2025-10-17 17:57:44,,,,,,,,not_contacted,no,no,,,,high
Youth Renewal Fund,133641489,New York,NY,B25I,,https://projects.propublica.org/nonprofits/organizations/133641489,youth,2025-10-17 17:57:47,,,,,,,,not_contacted,no,no,,,,high
Youth Foundation Inc,136093036,New York,NY,,,https://projects.propublica.org/nonprofits/organizations/136093036,youth,2025-10-17 17:57:47,,,,,,,,not_contacted,no,no,,,,high
Swieca Children Foundation,464310665,New York,NY,T30,,https://projects.propublica.org/nonprofits/organizations/464310665,children,2025-10-17 17:57:48,,,,,,,,not_contacted,no,no,,,,high
Albanian Children Fund,133964543,Staten Island,NY,,,https://projects.propublica.org/nonprofits/organizations/133964543,children,2025-10-17 17:57:48,,,,,,,,not_contacted,no,no,,,,high
Bertas Children Foundation,824200867,Bronx,NY,Q33,,https://projects.propublica.org/nonprofits/organizations/824200867,children,2025-10-17 17:57:48,,,,,,,,not_contacted,no,no,,,,high
New York Foundation,135626345,New York,NY,,,https://projects.propublica.org/nonprofits/organizations/135626345,new york,2025-10-17 17:57:49,,,,,,,,not_contacted,no,no,,,,high
Wine Spectator California Scholarship Foundation,133129027,New York,NY,,,https://projects.propublica.org/nonprofits/organizations/133129027,california,2025-10-17 17:57:50,,,,,,,,not_contacted,no,no,,,,high
National Currency Foundation,452547457,New York,NY,A80,,https://projects.propublica.org/nonprofits/organizations/452547457,national,2025-10-17 17:57:52,,,,,,,,not_contacted,no,no,,,,high
American Cancer Foundation Of America Inc,833979648,Staten Island,NY,G30,,https://projects.propublica.org/nonprofits/organizations/833979648,american,2025-10-17 17:57:53,,,,,,,,not_contacted,no,no,,,,high
United States Fund For Unicef,131760110,New York,NY,Q420,,https://projects.propublica.org/nonprofits/organizations/131760110,united states,2025-10-17 17:57:54,,,,,,,,not_contacted,no,no,,,,high
Maia United States Foundation,854292493,New York,NY,Q30,,https://projects.propublica.org/nonprofits/organizations/854292493,united states,2025-10-17 17:57:54,,,,,,,,not_contacted,no,no,,,,high
United States Go Foundation,133621764,New York,NY,Z99Z,,https://projects.propublica.org/nonprofits/organizations/133621764,united states,2025-10-17 17:57:54,,,,,,,,not_contacted,no,no,,,,high
Foundation Foundation,475374786,Lytle Creek,CA,P32,,https://projects.propublica.org/nonprofits/organizations/475374786,foundation,2025-10-17 17:57:55,,,,,,,,not_contacted,no,no,,,,high
Springwell Foundationi,932444083,Walnut Creek,CA,W70,,https://projects.propublica.org/nonprofits/organizations/932444083,foundation,2025-10-17 17:57:55,,,,,,,,not_contacted,no,no,,,,high
Armanino Foundation,812649898,San Ramon,CA,T23,,https://projects.propublica.org/nonprofits/organizations/812649898,foundation,2025-10-17 17:57:55,,,,,,,,not_contacted,no,no,,,,high
Seenfire Foundation,474734762,San Marino,CA,A02,,https://projects.propublica.org/nonprofits/organizations/474734762,foundation,2025-10-17 17:57:55,,,,,,,,not_contacted,no,no,,,,high
Ujimaa Foundation,270549307,Oakland,CA,B80,,https://projects.propublica.org/nonprofits/organizations/270549307,foundation,2025-10-17 17:57:55,,,,,,,,not_contacted,no,no,,,,high
Napipa Foundation,821406941,San Jose,CA,B03,,https://projects.propublica.org/nonprofits/organizations/821406941,foundation,2025-10-17 17:57:55,,,,,,,,not_contacted,no,no,,,,high
Seaoc Foundation,680363273,Sacramento,CA,U42,,https://projects.propublica.org/nonprofits/organizations/680363273,foundation,2025-10-17 17:57:55,,,,,,,,not_contacted,no,no,,,,high
Transcend Foundation,271261375,Long Beach,CA,N60,,https://projects.propublica.org/nonprofits/organizations/271261375,foundation,2025-10-17 17:57:55,,,,,,,,not_contacted,no,no,,,,high
Prism Foundation,273951660,Oakland,CA,R112,,https://projects.propublica.org/nonprofits/organizations/273951660,foundation,2025-10-17 17:57:55,,,,,,,,not_contacted,no,no,,,,high
Ael Foundation,680370324,Los Altos,CA,T20Z,,https://projects.propublica.org/nonprofits/organizations/680370324,foundation,2025-10-17 17:57:55,,,,,,,,not_contacted,no,no,,,,high
Rozellestrong Foundation,474053945,Oakland,CA,H12,,https://projects.propublica.org/nonprofits/organizations/474053945,foundation,2025-10-17 17:57:55,,,,,,,,not_contacted,no,no,,,,high
Alyden Foundation,462274751,Riverside,CA,E80,,https://projects.propublica.org/nonprofits/organizations/462274751,foundation,2025-10-17 17:57:55,,,,,,,,not_contacted,no,no,,,,high
Firemouse Foundation,831156190,Menifee,CA,T50,,https://projects.propublica.org/nonprofits/organizations/831156190,foundation,2025-10-17 17:57:55,,,,,,,,not_contacted,no,no,,,,high
G3 Foundation,463769137,Costa Mesa,CA,Q99,,https://projects.propublica.org/nonprofits/organizations/463769137,foundation,2025-10-17 17:57:55,,,,,,,,not_contacted,no,no,,,,high
Jgc Foundation,815073709,Burbank,CA,F20,,https://projects.propublica.org/nonprofits/organizations/815073709,foundation,2025-10-17 17:57:55,,,,,,,,not_contacted,no,no,,,,high
Parrot Foundation,273038305,Sacramento,CA,D20,,https://projects.propublica.org/nonprofits/organizations/273038305,foundation,2025-10-17 17:57:55,,,,,,,,not_contacted,no,no,,,,high
Torchbearers Foundation,593820836,Pls Vrds Pnsl,CA,B82,,https://projects.propublica.org/nonprofits/organizations/593820836,foundation,2025-10-17 17:57:55,,,,,,,,not_contacted,no,no,,,,high
Welsh Foundation,260365905,Moreno Valley,CA,T40,,https://projects.propublica.org/nonprofits/organizations/260365905,foundation,2025-10-17 17:57:55,,,,,,,,not_contacted,no,no,,,,high
Dream Foundation,921359756,Stockton,CA,F30,,https://projects.propublica.org/nonprofits/organizations/921359756,foundation,2025-10-17 17:57:55,,,,,,,,not_contacted,no,no,,,,high
Linqfoundation Foundation,335013224,Woodland Hills,CA,U99,,https://projects.propublica.org/nonprofits/organizations/335013224,foundation,2025-10-17 17:57:55,,,,,,,,not_contacted,no,no,,,,high
Krl Foundation,943387536,Los Altos,CA,T20,,https://projects.propublica.org/nonprofits/organizations/943387536,foundation,2025-10-17 17:57:55,,,,,,,,not_contacted,no,no,,,,high
Aff Foundation,611988533,Arcadia,CA,M24,,https://projects.propublica.org/nonprofits/organizations/611988533,foundation,2025-10-17 17:57:55,,,,,,,,not_contacted,no,no,,,,high
Itanner Foundation,462900841,Pacific Plsds,CA,G12,,https://projects.propublica.org/nonprofits/organizations/462900841,foundation,2025-10-17 17:57:55,,,,,,,,not_contacted,no,no,,,,high
Filrose Foundation,274185200,San Jose,CA,Q33,,https://projects.propublica.org/nonprofits/organizations/274185200,foundation,2025-10-17 17:57:55,,,,,,,,not_contacted,no,no,,,,high
Chg Foundation,330586911,Chula Vista,CA,E80,,https://projects.propublica.org/nonprofits/organizations/330586911,foundation,2025-10-17 17:57:55,,,,,,,,not_contacted,no,no,,,,high
Miracle Foundationsd,824929684,Spring Valley,CA,D99,,https://projects.propublica.org/nonprofits/organizations/824929684,foundations,2025-10-17 17:57:57,,,,,,,,not_contacted,no,no,,,,high
Solid Foundations,384135960,Goleta,CA,O50,,https://projects.propublica.org/nonprofits/organizations/384135960,foundations,2025-10-17 17:57:57,,,,,,,,not_contacted,no,no,,,,high
Formosa Foundations,332377871,Cupertino,CA,B12,,https://projects.propublica.org/nonprofits/organizations/332377871,foundations,2025-10-17 17:57:57,,,,,,,,not_contacted,no,no,,,,high
Sturdy Foundations,871838756,Compton,CA,L41,,https://projects.propublica.org/nonprofits/organizations/871838756,foundations,2025-10-17 17:57:57,,,,,,,,not_contacted,no,no,,,,high
Brt Charitable Foundation,842541048,San Francisco,CA,T20,,https://projects.propublica.org/nonprofits/organizations/842541048,charitable foundation,2025-10-17 17:57:58,,,,,,,,not_contacted,no,no,,,,high
Shunpike Charitable Foundation,832004366,Rch Cucamonga,CA,E80,,https://projects.propublica.org/nonprofits/organizations/832004366,charitable foundation,2025-10-17 17:57:58,,,,,,,,not_contacted,no,no,,,,high
Shekels Charitable Foundation,461614102,Los Angeles,CA,P99,,https://projects.propublica.org/nonprofits/organizations/461614102,charitable foundation,2025-10-17 17:57:58,,,,,,,,not_contacted,no,no,,,,high
Ares Charitable Foundation,843666714,Los Angeles,CA,T12,,https://projects.propublica.org/nonprofits/organizations/843666714,charitable foundation,2025-10-17 17:57:58,,,,,,,,not_contacted,no,no,,,,high
Kalmanovitz Charitable Foundation,946760317,Mill Valley,CA,T21,,https://projects.propublica.org/nonprofits/organizations/946760317,charitable foundation,2025-10-17 17:57:58,,,,,,,,not_contacted,no,no,,,,high
Qualcomm Charitable Foundation,274621444,San Diego,CA,T21,,https://projects.propublica.org/nonprofits/organizations/274621444,charitable foundation,2025-10-17 17:57:58,,,,,,,,not_contacted,no,no,,,,high
Groundswell Charitable Foundation,871530516,El Segundo,CA,T30,,https://projects.propublica.org/nonprofits/organizations/871530516,charitable foundation,2025-10-17 17:57:58,,,,,,,,not_contacted,no,no,,,,high
Lu Charitable Foundation,372081596,San Francisco,CA,T20,,https://projects.propublica.org/nonprofits/organizations/372081596,charitable foundation,2025-10-17 17:57:58,,,,,,,,not_contacted,no,no,,,,high
Douglas Charitable Foundation,956096827,Beverly Hills,CA,,,https://projects.propublica.org/nonprofits/organizations/956096827,charitable foundation,2025-10-17 17:57:58,,,,,,,,not_contacted,no,no,,,,high
Wadhwani Charitable Foundation,770450893,Los Altos,CA,T30Z,,https://projects.propublica.org/nonprofits/organizations/770450893,charitable foundation,2025-10-17 17:57:58,,,,,,,,not_contacted,no,no,,,,high
Esb Charitable Foundation,203759208,San Francisco,CA,T22,,https://projects.propublica.org/nonprofits/organizations/203759208,charitable foundation,2025-10-17 17:57:58,,,,,,,,not_contacted,no,no,,,,high
Iherb Charitable Foundation,464349259,Irvine,CA,T21,,https://projects.propublica.org/nonprofits/organizations/464349259,charitable foundation,2025-10-17 17:57:58,,,,,,,,not_contacted,no,no,,,,high
Beagle Charitable Foundation,770529181,Redwood City,CA,T22,,https://projects.propublica.org/nonprofits/organizations/770529181,charitable foundation,2025-10-17 17:57:58,,,,,,,,not_contacted,no,no,,,,high
Hinz Charitable Foundation,853258539,Pasadena,CA,X21,,https://projects.propublica.org/nonprofits/organizations/853258539,charitable foundation,2025-10-17 17:57:58,,,,,,,,not_contacted,no,no,,,,high
Carrington Charitable Foundation,272073758,Aliso Viejo,CA,T20,,https://projects.propublica.org/nonprofits/organizations/272073758,charitable foundation,2025-10-17 17:57:58,,,,,,,,not_contacted,no,no,,,,high
Rhf Charitable Foundation,472747112,Long Beach,CA,L11,,https://projects.propublica.org/nonprofits/organizations/472747112,charitable foundation,2025-10-17 17:57:58,,,,,,,,not_contacted,no,no,,,,high
Vardhamana Charitable Foundation,473397245,La Canada,CA,T20,,https://projects.propublica.org/nonprofits/organizations/473397245,charitable foundation,2025-10-17 17:57:58,,,,,,,,not_contacted,no,no,,,,high
Cedar Charitable Foundation,452994986,Newport Beach,CA,B11,,https://projects.propublica.org/nonprofits/organizations/452994986,charitable foundation,2025-10-17 17:57:58,,,,,,,,not_contacted,no,no,,,,high
Mustique Charitable Foundation,263084333,Los Angeles,CA,T30,,https://projects.propublica.org/nonprofits/organizations/263084333,charitable foundation,2025-10-17 17:57:58,,,,,,,,not_contacted,no,no,,,,high
Flickr Charitable Foundation,883091608,San Francisco,CA,T31,,https://projects.propublica.org/nonprofits/organizations/883091608,charitable foundation,2025-10-17 17:57:58,,,,,,,,not_contacted,no,no,,,,high
Armrod Charitable Foundation,680370503,Rocklin,CA,T20Z,,https://projects.propublica.org/nonprofits/organizations/680370503,charitable foundation,2025-10-17 17:57:58,,,,,,,,not_contacted,no,no,,,,high
Woo Charitable Foundation,332210422,Rch Palos Vrd,CA,T20,,https://projects.propublica.org/nonprofits/organizations/332210422,charitable foundation,2025-10-17 17:57:58,,,,,,,,not_contacted,no,no,,,,high
Monarch Charitable Foundation,330766046,Torrance,CA,T22Z,,https://projects.propublica.org/nonprofits/organizations/330766046,charitable foundation,2025-10-17 17:57:58,,,,,,,,not_contacted,no,no,,,,high
Raidy Charitable Foundation,330826574,Monrovia,CA,T20Z,,https://projects.propublica.org/nonprofits/organizations/330826574,charitable foundation,2025-10-17 17:57:58,,,,,,,,not_contacted,no,no,,,,high
Willette Charitable Foundation,462360622,Irvine,CA,T20,,https://projects.propublica.org/nonprofits/organizations/462360622,charitable foundation,2025-10-17 17:57:58,,,,,,,,not_contacted,no,no,,,,high
Argyros Family Foundation,953421867,Costa Mesa,CA,,,https://projects.propublica.org/nonprofits/organizations/953421867,family foundation,2025-10-17 17:57:59,,,,,,,,not_contacted,no,no,,,,high
Sobrato Family Foundation,770348912,Mountain View,CA,,,https://projects.propublica.org/nonprofits/organizations/770348912,family foundation,2025-10-17 17:57:59,,,,,,,,not_contacted,no,no,,,,high
Rosenthal Family Foundation,262982710,Los Angeles,CA,T20,,https://projects.propublica.org/nonprofits/organizations/262982710,family foundation,2025-10-17 17:57:59,,,,,,,,not_contacted,no,no,,,,high
Koum Family Foundation,475446562,Palo Alto,CA,T20,,https://projects.propublica.org/nonprofits/organizations/475446562,family foundation,2025-10-17 17:57:59,,,,,,,,not_contacted,no,no,,,,high
Baszucki Family Foundation,320660398,San Mateo,CA,T20,,https://projects.propublica.org/nonprofits/organizations/320660398,family foundation,2025-10-17 17:57:59,,,,,,,,not_contacted,no,no,,,,high
Pichai Family Foundation,832405611,San Francisco,CA,T22,,https://projects.propublica.org/nonprofits/organizations/832405611,family foundation,2025-10-17 17:57:59,,,,,,,,not_contacted,no,no,,,,high
Biswas Family Foundation,921348652,San Francisco,CA,T20,,https://projects.propublica.org/nonprofits/organizations/921348652,family foundation,2025-10-17 17:57:59,,,,,,,,not_contacted,no,no,,,,high
Amin Family Foundation,853990823,Los Angeles,CA,T20,,https://projects.propublica.org/nonprofits/organizations/853990823,family foundation,2025-10-17 17:57:59,,,,,,,,not_contacted,no,no,,,,high
Breyer Family Foundation,471114091,Palo Alto,CA,T20,,https://projects.propublica.org/nonprofits/organizations/471114091,family foundation,2025-10-17 17:57:59,,,,,,,,not_contacted,no,no,,,,high
Bicket Family Foundation,921219558,San Francisco,CA,T20,,https://projects.propublica.org/nonprofits/organizations/921219558,family foundation,2025-10-17 17:57:59,,,,,,,,not_contacted,no,no,,,,high
Lorber Family Foundation,611733138,Redwood City,CA,Z99,,https://projects.propublica.org/nonprofits/organizations/611733138,family foundation,2025-10-17 17:57:59,,,,,,,,not_contacted,no,no,,,,high
California Family Foundation,770053005,Menlo Park,CA,B24Z,,https://projects.propublica.org/nonprofits/organizations/770053005,family foundation,2025-10-17 17:57:59,,,,,,,,not_contacted,no,no,,,,high
Bravo Family Foundation,823513069,San Francisco,CA,Q33,,https://projects.propublica.org/nonprofits/organizations/823513069,family foundation,2025-10-17 17:57:59,,,,,,,,not_contacted,no,no,,,,high
Issa Family Foundation,330834068,Vista,CA,T22,,https://projects.propublica.org/nonprofits/organizations/330834068,family foundation,2025-10-17 17:57:59,,,,,,,,not_contacted,no,no,,,,high
Molina Family Foundation,201479392,Rolling Hills,CA,V30,,https://projects.propublica.org/nonprofits/organizations/201479392,family foundation,2025-10-17 17:57:59,,,,,,,,not_contacted,no,no,,,,high
Rodan Family Foundation,830761600,Orinda,CA,,,https://projects.propublica.org/nonprofits/organizations/830761600,family foundation,2025-10-17 17:57:59,,,,,,,,not_contacted,no,no,,,,high
Mazursky Family Foundation,954509550,Los Angeles,CA,T99Z,,https://projects.propublica.org/nonprofits/organizations/954509550,family foundation,2025-10-17 17:57:59,,,,,,,,not_contacted,no,no,,,,high
Simonian Family Foundation,882707665,Beverly Hills,CA,T20,,https://projects.propublica.org/nonprofits/organizations/882707665,family foundation,2025-10-17 17:57:59,,,,,,,,not_contacted,no,no,,,,high
Hogan Family Foundation,364254944,Newbury Park,CA,T20,,https://projects.propublica.org/nonprofits/organizations/364254944,family foundation,2025-10-17 17:57:59,,,,,,,,not_contacted,no,no,,,,high
Mangan Family Foundation,934677719,San Diego,CA,T50,,https://projects.propublica.org/nonprofits/organizations/934677719,family foundation,2025-10-17 17:57:59,,,,,,,,not_contacted,no,no,,,,high
Kissick Family Foundation,954443453,Sherman Oaks,CA,,,https://projects.propublica.org/nonprofits/organizations/954443453,family foundation,2025-10-17 17:57:59,,,,,,,,not_contacted,no,no,,,,high
Spaht Family Foundation,832183149,San Francisco,CA,T20,,https://projects.propublica.org/nonprofits/organizations/832183149,family foundation,2025-10-17 17:57:59,,,,,,,,not_contacted,no,no,,,,high
Haque Family Foundation,472482967,Saratoga,CA,T20,,https://projects.propublica.org/nonprofits/organizations/472482967,family foundation,2025-10-17 17:57:59,,,,,,,,not_contacted,no,no,,,,high
Crabill Family Foundation,832152945,San Francisco,CA,P20,,https://projects.propublica.org/nonprofits/organizations/832152945,family foundation,2025-10-17 17:57:59,,,,,,,,not_contacted,no,no,,,,high
Priem Family Foundation,943340371,Burlingame,CA,T22,,https://projects.propublica.org/nonprofits/organizations/943340371,family foundation,2025-10-17 17:57:59,,,,,,,,not_contacted,no,no,,,,high
California Community Foundation,953510055,Los Angeles,CA,T310,,https://projects.propublica.org/nonprofits/organizations/953510055,community foundation,2025-10-17 17:58:00,,,,,,,,not_contacted,no,no,,,,high
Marin Community Foundation,943007979,Novato,CA,T310,,https://projects.propublica.org/nonprofits/organizations/943007979,community foundation,2025-10-17 17:58:00,,,,,,,,not_contacted,no,no,,,,high
Brawley Community Foundation,770629281,Brawley,CA,S21,,https://projects.propublica.org/nonprofits/organizations/770629281,community foundation,2025-10-17 17:58:00,,,,,,,,not_contacted,no,no,,,,high
Latino Community Foundation,810564400,San Francisco,CA,P11,,https://projects.propublica.org/nonprofits/organizations/810564400,community foundation,2025-10-17 17:58:00,,,,,,,,not_contacted,no,no,,,,high
Pasadena Community Foundation,200253310,Pasadena,CA,T31,,https://projects.propublica.org/nonprofits/organizations/200253310,community foundation,2025-10-17 17:58:00,,,,,,,,not_contacted,no,no,,,,high
International Community Foundation,330457858,National City,CA,T31,,https://projects.propublica.org/nonprofits/organizations/330457858,community foundation,2025-10-17 17:58:00,,,,,,,,not_contacted,no,no,,,,high
Desert Community Foundation,954725924,Palm Desert,CA,T31,,https://projects.propublica.org/nonprofits/organizations/954725924,community foundation,2025-10-17 17:58:00,,,,,,,,not_contacted,no,no,,,,high
Stanislaus Community Foundation,680483054,Modesto,CA,T31,,https://projects.propublica.org/nonprofits/organizations/680483054,community foundation,2025-10-17 17:58:00,,,,,,,,not_contacted,no,no,,,,high
Community Hospice Foundation,770562224,Modesto,CA,P11,,https://projects.propublica.org/nonprofits/organizations/770562224,community foundation,2025-10-17 17:58:00,,,,,,,,not_contacted,no,no,,,,high
Richmond Community Foundation,943337754,Richmond,CA,T310,,https://projects.propublica.org/nonprofits/organizations/943337754,community foundation,2025-10-17 17:58:00,,,,,,,,not_contacted,no,no,,,,high
Community College Foundation,680016439,Sacramento,CA,B114,,https://projects.propublica.org/nonprofits/organizations/680016439,community foundation,2025-10-17 17:58:00,,,,,,,,not_contacted,no,no,,,,high
Kern Community Foundation,770555874,Bakersfield,CA,T31,,https://projects.propublica.org/nonprofits/organizations/770555874,community foundation,2025-10-17 17:58:00,,,,,,,,not_contacted,no,no,,,,high
Placer Community Foundation,201485011,Auburn,CA,T31,,https://projects.propublica.org/nonprofits/organizations/201485011,community foundation,2025-10-17 17:58:00,,,,,,,,not_contacted,no,no,,,,high
Anaheim Community Foundation,330033023,Anahiem,CA,T31Z,,https://projects.propublica.org/nonprofits/organizations/330033023,community foundation,2025-10-17 17:58:00,,,,,,,,not_contacted,no,no,,,,high
Solano Community Foundation,680354961,Fairfield,CA,T31,,https://projects.propublica.org/nonprofits/organizations/680354961,community foundation,2025-10-17 17:58:00,,,,,,,,not_contacted,no,no,,,,high
Preserve Community Foundation,264732039,Carmel,CA,B82,,https://projects.propublica.org/nonprofits/organizations/264732039,community foundation,2025-10-17 17:58:00,,,,,,,,not_contacted,no,no,,,,high
Telosa Community Foundation,874419122,Santa Rosa,CA,V34,,https://projects.propublica.org/nonprofits/organizations/874419122,community foundation,2025-10-17 17:58:00,,,,,,,,not_contacted,no,no,,,,high
Community Roots Foundation,462630292,Laguna Niguel,CA,B11,,https://projects.propublica.org/nonprofits/organizations/462630292,community foundation,2025-10-17 17:58:00,,,,,,,,not_contacted,no,no,,,,high
Savusavu Community Foundation,201038213,Villa Park,CA,T31,,https://projects.propublica.org/nonprofits/organizations/201038213,community foundation,2025-10-17 17:58:00,,,,,,,,not_contacted,no,no,,,,high
Redlands Community Foundation,912143250,Redlands,CA,B11,,https://projects.propublica.org/nonprofits/organizations/912143250,community foundation,2025-10-17 17:58:00,,,,,,,,not_contacted,no,no,,,,high
Kinecta Community Foundation,954715293,Manhattan Bch,CA,T31,,https://projects.propublica.org/nonprofits/organizations/954715293,community foundation,2025-10-17 17:58:00,,,,,,,,not_contacted,no,no,,,,high
Crockett Community Foundation,680348673,Crockett,CA,T31,,https://projects.propublica.org/nonprofits/organizations/680348673,community foundation,2025-10-17 17:58:00,,,,,,,,not_contacted,no,no,,,,high
Coronado Community Foundation,852982760,Coronado,CA,T31,,https://projects.propublica.org/nonprofits/organizations/852982760,community foundation,2025-10-17 17:58:00,,,,,,,,not_contacted,no,no,,,,high
Open Community Foundation,873982059,San Francisco,CA,W99,,https://projects.propublica.org/nonprofits/organizations/873982059,community foundation,2025-10-17 17:58:00,,,,,,,,not_contacted,no,no,,,,high
Columbia Community Foundation,821220459,San Diego,CA,S22,,https://projects.propublica.org/nonprofits/organizations/821220459,community foundation,2025-10-17 17:58:00,,,,,,,,not_contacted,no,no,,,,high
Private Foundation,943303674,San Francisco,CA,T20,,https://projects.propublica.org/nonprofits/organizations/943303674,private foundation,2025-10-17 17:58:02,,,,,,,,not_contacted,no,no,,,,high
Everlasting Private Foundation,770425562,Cupertino,CA,X20Z,,https://projects.propublica.org/nonprofits/organizations/770425562,private foundation,2025-10-17 17:58:02,,,,,,,,not_contacted,no,no,,,,high
Kmjm Private Foundation,871519012,Fremont,CA,T22,,https://projects.propublica.org/nonprofits/organizations/871519012,private foundation,2025-10-17 17:58:02,,,,,,,,not_contacted,no,no,,,,high
Private Redemption Foundation,542195251,Los Angeles,CA,X30,,https://projects.propublica.org/nonprofits/organizations/542195251,private foundation,2025-10-17 17:58:02,,,,,,,,not_contacted,no,no,,,,high
Klokkevold Private Foundation,932701122,Sacramento,CA,P20,,https://projects.propublica.org/nonprofits/organizations/932701122,private foundation,2025-10-17 17:58:02,,,,,,,,not_contacted,no,no,,,,high
Olesen Private Foundation,455461459,San Jose,CA,T22,,https://projects.propublica.org/nonprofits/organizations/455461459,private foundation,2025-10-17 17:58:02,,,,,,,,not_contacted,no,no,,,,high
Henry Private Foundation,475578143,Encinitas,CA,T22,,https://projects.propublica.org/nonprofits/organizations/475578143,private foundation,2025-10-17 17:58:02,,,,,,,,not_contacted,no,no,,,,high
Birchfield Private Foundation,932220018,Bakersfield,CA,L01,,https://projects.propublica.org/nonprofits/organizations/932220018,private foundation,2025-10-17 17:58:02,,,,,,,,not_contacted,no,no,,,,high
Lombardy Private Foundation,884320905,Temple City,CA,X20,,https://projects.propublica.org/nonprofits/organizations/884320905,private foundation,2025-10-17 17:58:02,,,,,,,,not_contacted,no,no,,,,high
Oar Private Foundation,861834686,Irvine,CA,X99,,https://projects.propublica.org/nonprofits/organizations/861834686,private foundation,2025-10-17 17:58:02,,,,,,,,not_contacted,no,no,,,,high
Pen Private Foundation,621528968,Los Angeles,CA,,,https://projects.propublica.org/nonprofits/organizations/621528968,private foundation,2025-10-17 17:58:02,,,,,,,,not_contacted,no,no,,,,high
Cornerstone Private Foundation,921987060,Irvine,CA,T22,,https://projects.propublica.org/nonprofits/organizations/921987060,private foundation,2025-10-17 17:58:02,,,,,,,,not_contacted,no,no,,,,high
Noah Private Foundation,900781709,Cupertino,CA,T20,,https://projects.propublica.org/nonprofits/organizations/900781709,private foundation,2025-10-17 17:58:02,,,,,,,,not_contacted,no,no,,,,high
Orbys Private Foundation,861294008,Gilroy,CA,T20,,https://projects.propublica.org/nonprofits/organizations/861294008,private foundation,2025-10-17 17:58:02,,,,,,,,not_contacted,no,no,,,,high
Lighthouse Private Foundation,846446282,Antelope,CA,T50,,https://projects.propublica.org/nonprofits/organizations/846446282,private foundation,2025-10-17 17:58:02,,,,,,,,not_contacted,no,no,,,,high
Williams Family Private Foundation,272203213,Palo Alto,CA,T20,,https://projects.propublica.org/nonprofits/organizations/272203213,private foundation,2025-10-17 17:58:02,,,,,,,,not_contacted,no,no,,,,high
Mary Pickford Private Foundation,811171385,Murrieta,CA,T20,,https://projects.propublica.org/nonprofits/organizations/811171385,private foundation,2025-10-17 17:58:02,,,,,,,,not_contacted,no,no,,,,high
Louma G Private Foundation,814820581,Los Angeles,CA,H12,,https://projects.propublica.org/nonprofits/organizations/814820581,private foundation,2025-10-17 17:58:02,,,,,,,,not_contacted,no,no,,,,high
Dca Chen Private Foundation,473084353,Pasadena,CA,E70,,https://projects.propublica.org/nonprofits/organizations/473084353,private foundation,2025-10-17 17:58:02,,,,,,,,not_contacted,no,no,,,,high
Van Auken Private Foundation,262931752,Danville,CA,T22,,https://projects.propublica.org/nonprofits/organizations/262931752,private foundation,2025-10-17 17:58:02,,,,,,,,not_contacted,no,no,,,,high
Golden Baobab Private Foundation,842540387,San Jose,CA,T20,,https://projects.propublica.org/nonprofits/organizations/842540387,private foundation,2025-10-17 17:58:02,,,,,,,,not_contacted,no,no,,,,high
Cherith Christian Private Foundation,954222174,Palo Alto,CA,,,https://projects.propublica.org/nonprofits/organizations/954222174,private foundation,2025-10-17 17:58:02,,,,,,,,not_contacted,no,no,,,,high
Chius Family Private Foundation,831154050,Norwalk,CA,P20,,https://projects.propublica.org/nonprofits/organizations/831154050,private foundation,2025-10-17 17:58:02,,,,,,,,not_contacted,no,no,,,,high
Helpful Fish Private Foundation,872272719,Santa Ana,CA,T22,,https://projects.propublica.org/nonprofits/organizations/872272719,private foundation,2025-10-17 17:58:02,,,,,,,,not_contacted,no,no,,,,high
Weaver Family Private Foundation,371423304,Laguna Beach,CA,T22,,https://projects.propublica.org/nonprofits/organizations/371423304,private foundation,2025-10-17 17:58:02,,,,,,,,not_contacted,no,no,,,,high
Corporate Financial Foundation,923244396,Carmel By The,CA,P20,,https://projects.propublica.org/nonprofits/organizations/923244396,corporate foundation,2025-10-17 17:58:03,,,,,,,,not_contacted,no,no,,,,high
Thibault Foundation A California Nonprofit Public Benefit Corporati,943347294,Redwood City,CA,T20,,https://projects.propublica.org/nonprofits/organizations/943347294,corporate foundation,2025-10-17 17:58:03,,,,,,,,not_contacted,no,no,,,,high
The Herman Foundation A California Nonprofit Public Benefit Corporati,352376324,Los Angeles,CA,T22,,https://projects.propublica.org/nonprofits/organizations/352376324,corporate foundation,2025-10-17 17:58:03,,,,,,,,not_contacted,no,no,,,,high
Chiou Yuh Lee Foundation A California Public Benefit Corporat,843399642,Huntingtn Bch,CA,B82,,https://projects.propublica.org/nonprofits/organizations/843399642,corporate foundation,2025-10-17 17:58:03,,,,,,,,not_contacted,no,no,,,,high
R C Baker Foundation A California Nonprofit Public Benefit Corporati,453850225,Encinitas,CA,T20,,https://projects.propublica.org/nonprofits/organizations/453850225,corporate foundation,2025-10-17 17:58:03,,,,,,,,not_contacted,no,no,,,,high
Inside Circle Foundation A California Public Benefit Corpora,680448494,Carmichael,CA,I40,,https://projects.propublica.org/nonprofits/organizations/680448494,corporate foundation,2025-10-17 17:58:03,,,,,,,,not_contacted,no,no,,,,high
Moonlight Cultural Foundation,237359530,Vista,CA,A650,,https://projects.propublica.org/nonprofits/organizations/237359530,cultural,2025-10-17 17:58:05,,,,,,,,not_contacted,no,no,,,,high
Armenian Cultural Foundation,930660517,Montrose,CA,A230,,https://projects.propublica.org/nonprofits/organizations/930660517,cultural,2025-10-17 17:58:05,,,,,,,,not_contacted,no,no,,,,high
Music Center Foundation,237298290,Los Angeles,CA,A120,,https://projects.propublica.org/nonprofits/organizations/237298290,music,2025-10-17 17:58:06,,,,,,,,not_contacted,no,no,,,,high
Stanford Theater Foundation,770197543,Los Altos,CA,,,https://projects.propublica.org/nonprofits/organizations/770197543,theater,2025-10-17 17:58:08,,,,,,,,not_contacted,no,no,,,,high
Fox Theater Foundation,770306813,Bakersfield,CA,Z99Z,,https://projects.propublica.org/nonprofits/organizations/770306813,theater,2025-10-17 17:58:08,,,,,,,,not_contacted,no,no,,,,high
Park Theater Trust,843216944,Lafayette,CA,A65,,https://projects.propublica.org/nonprofits/organizations/843216944,theater,2025-10-17 17:58:08,,,,,,,,not_contacted,no,no,,,,high
Dance Fund,203900047,N Hollywood,CA,A600,,https://projects.propublica.org/nonprofits/organizations/203900047,dance,2025-10-17 17:58:09,,,,,,,,not_contacted,no,no,,,,high
Academy Of Visual And Performing Arts Foundation,203270837,Culver City,CA,A25,,https://projects.propublica.org/nonprofits/organizations/203270837,visual arts,2025-10-17 17:58:10,,,,,,,,not_contacted,no,no,,,,high
Fletcher Benton Foundation For The Visual Arts,853783802,San Francisco,CA,A20,,https://projects.propublica.org/nonprofits/organizations/853783802,visual arts,2025-10-17 17:58:10,,,,,,,,not_contacted,no,no,,,,high
Burbank Arts Education Foundation,205128863,Burbank,CA,B122,,https://projects.propublica.org/nonprofits/organizations/205128863,arts education,2025-10-17 17:58:11,,,,,,,,not_contacted,no,no,,,,high
Legacy Education & Arts Foundation,990924945,San Pedro,CA,A25,,https://projects.propublica.org/nonprofits/organizations/990924945,arts education,2025-10-17 17:58:11,,,,,,,,not_contacted,no,no,,,,high
Natomas Arts And Education Foundation,680475414,Sacramento,CA,B112,,https://projects.propublica.org/nonprofits/organizations/680475414,arts education,2025-10-17 17:58:11,,,,,,,,not_contacted,no,no,,,,high
Foundation For Promoting Arts Education,680590047,Redding,CA,B112,,https://projects.propublica.org/nonprofits/organizations/680590047,arts education,2025-10-17 17:58:11,,,,,,,,not_contacted,no,no,,,,high
Emerson Arts And Education Foundation,263286259,Los Angeles,CA,A20,,https://projects.propublica.org/nonprofits/organizations/263286259,arts education,2025-10-17 17:58:11,,,,,,,,not_contacted,no,no,,,,high
East Whittier Arts Education Foundation,272105790,Whittier,CA,A12,,https://projects.propublica.org/nonprofits/organizations/272105790,arts education,2025-10-17 17:58:11,,,,,,,,not_contacted,no,no,,,,high
Global Variety Arts Education Foundation,933984683,Newport Beach,CA,B12,,https://projects.propublica.org/nonprofits/organizations/933984683,arts education,2025-10-17 17:58:11,,,,,,,,not_contacted,no,no,,,,high
Cultural Arts Rotary Foundation,770467599,Fresno,CA,P58,,https://projects.propublica.org/nonprofits/organizations/770467599,cultural arts,2025-10-17 17:58:12,,,,,,,,not_contacted,no,no,,,,high
Artsakh Arts & Cultural Foundation,821391892,Glendale,CA,A12,,https://projects.propublica.org/nonprofits/organizations/821391892,cultural arts,2025-10-17 17:58:12,,,,,,,,not_contacted,no,no,,,,high
Oceanside Cultural Arts Foundation,330357137,Oceanside,CA,A20,,https://projects.propublica.org/nonprofits/organizations/330357137,cultural arts,2025-10-17 17:58:12,,,,,,,,not_contacted,no,no,,,,high
Tulare Cultural Arts Foundation,770470854,Tulare,CA,A120,,https://projects.propublica.org/nonprofits/organizations/770470854,cultural arts,2025-10-17 17:58:12,,,,,,,,not_contacted,no,no,,,,high
Youth Cultural Arts Foundation,911906431,Buena Park,CA,P80,,https://projects.propublica.org/nonprofits/organizations/911906431,cultural arts,2025-10-17 17:58:12,,,,,,,,not_contacted,no,no,,,,high
Torrance Cultural Arts Center Foundation,330625499,Torrance,CA,A51Z,,https://projects.propublica.org/nonprofits/organizations/330625499,cultural arts,2025-10-17 17:58:12,,,,,,,,not_contacted,no,no,,,,high
Arts And Beyond Cultural Foundation,934566686,Los Angeles,CA,,,https://projects.propublica.org/nonprofits/organizations/934566686,cultural arts,2025-10-17 17:58:12,,,,,,,,not_contacted,no,no,,,,high
San Joaquin County Office Of Education Educational Foundation,680342748,Stockton,CA,B122,,https://projects.propublica.org/nonprofits/organizations/680342748,education,2025-10-17 17:58:15,,,,,,,,not_contacted,no,no,,,,high
Viewpoint Educational Foundation,952242261,Calabasas,CA,,,https://projects.propublica.org/nonprofits/organizations/952242261,educational,2025-10-17 17:58:16,,,,,,,,not_contacted,no,no,,,,high
Carlsbad Educational Foundation,953768448,Carlsbad,CA,,,https://projects.propublica.org/nonprofits/organizations/953768448,educational,2025-10-17 17:58:16,,,,,,,,not_contacted,no,no,,,,high
Pasadena Educational Foundation,237149451,Pasadena,CA,T30,,https://projects.propublica.org/nonprofits/organizations/237149451,educational,2025-10-17 17:58:16,,,,,,,,not_contacted,no,no,,,,high
Piedmont Educational Foundation,946426176,Piedmont,CA,B17J,,https://projects.propublica.org/nonprofits/organizations/946426176,educational,2025-10-17 17:58:16,,,,,,,,not_contacted,no,no,,,,high
Thornston Educational Fund,522350466,Wrightwood,CA,B12,,https://projects.propublica.org/nonprofits/organizations/522350466,educational,2025-10-17 17:58:16,,,,,,,,not_contacted,no,no,,,,high
Moraga Educational Foundation,942791659,Moraga,CA,B20,,https://projects.propublica.org/nonprofits/organizations/942791659,educational,2025-10-17 17:58:16,,,,,,,,not_contacted,no,no,,,,high
Alliant Educational Foundation,542110067,San Diego,CA,B43,,https://projects.propublica.org/nonprofits/organizations/542110067,educational,2025-10-17 17:58:16,,,,,,,,not_contacted,no,no,,,,high
Hispanic Scholarship Fund,521051044,El Segundo,CA,B820,,https://projects.propublica.org/nonprofits/organizations/521051044,scholarship,2025-10-17 17:58:23,,,,,,,,not_contacted,no,no,,,,high
Islamic Scholarship Fund,208540050,Berkeley,CA,B82,,https://projects.propublica.org/nonprofits/organizations/208540050,scholarship,2025-10-17 17:58:23,,,,,,,,not_contacted,no,no,,,,high
Desert Scholarship Foundation,812886019,Palm Desert,CA,B82,,https://projects.propublica.org/nonprofits/organizations/812886019,scholarship,2025-10-17 17:58:23,,,,,,,,not_contacted,no,no,,,,high
Iranian Scholarship Fund,203100594,Menlo Park,CA,B82,,https://projects.propublica.org/nonprofits/organizations/203100594,scholarship,2025-10-17 17:58:23,,,,,,,,not_contacted,no,no,,,,high
Rossmoor Scholarship Foundation,946126368,Walnut Creek,CA,B82Z,,https://projects.propublica.org/nonprofits/organizations/946126368,scholarship,2025-10-17 17:58:23,,,,,,,,not_contacted,no,no,,,,high
Croatian Scholarship Fund,680231056,San Ramon,CA,,,https://projects.propublica.org/nonprofits/organizations/680231056,scholarship,2025-10-17 17:58:23,,,,,,,,not_contacted,no,no,,,,high
Scaife Scholarship Foundation,943161402,Oakland,CA,,,https://projects.propublica.org/nonprofits/organizations/943161402,scholarship,2025-10-17 17:58:23,,,,,,,,not_contacted,no,no,,,,high
Almanor Scholarship Fund,946066722,Chester,CA,,,https://projects.propublica.org/nonprofits/organizations/946066722,scholarship,2025-10-17 17:58:23,,,,,,,,not_contacted,no,no,,,,high
Hayfork Scholarship Foundation,237411434,Hayfork,CA,,,https://projects.propublica.org/nonprofits/organizations/237411434,scholarship,2025-10-17 17:58:23,,,,,,,,not_contacted,no,no,,,,high
Hope Scholarship Foundation,912156704,Los Angeles,CA,B82,,https://projects.propublica.org/nonprofits/organizations/912156704,scholarship,2025-10-17 17:58:23,,,,,,,,not_contacted,no,no,,,,high
Paradise Scholarship Foundation,237013007,Paradise,CA,B82Z,,https://projects.propublica.org/nonprofits/organizations/237013007,scholarship,2025-10-17 17:58:23,,,,,,,,not_contacted,no,no,,,,high
Smith Scholarship Foundation,271079975,Cerritos,CA,B82,,https://projects.propublica.org/nonprofits/organizations/271079975,scholarship,2025-10-17 17:58:23,,,,,,,,not_contacted,no,no,,,,high
Anc Scholarship Foundation,204562752,Lake View Ter,CA,B82,,https://projects.propublica.org/nonprofits/organizations/204562752,scholarship,2025-10-17 17:58:23,,,,,,,,not_contacted,no,no,,,,high
Asus Scholarship Foundation,852889969,Fremont,CA,B12,,https://projects.propublica.org/nonprofits/organizations/852889969,scholarship,2025-10-17 17:58:23,,,,,,,,not_contacted,no,no,,,,high
Cio Scholarship Fund,200332093,Laguna Beach,CA,B82,,https://projects.propublica.org/nonprofits/organizations/200332093,scholarship,2025-10-17 17:58:23,,,,,,,,not_contacted,no,no,,,,high
Mariachi Scholarship Foundation,330866851,Bonita,CA,A25,,https://projects.propublica.org/nonprofits/organizations/330866851,scholarship,2025-10-17 17:58:23,,,,,,,,not_contacted,no,no,,,,high
Asher Student Foundation,381690200,San Francisco,CA,B80,,https://projects.propublica.org/nonprofits/organizations/381690200,student,2025-10-17 17:58:25,,,,,,,,not_contacted,no,no,,,,high
Student Athlete Foundation,843262312,Corona,CA,N40,,https://projects.propublica.org/nonprofits/organizations/843262312,student,2025-10-17 17:58:25,,,,,,,,not_contacted,no,no,,,,high
Curious Student Foundation,814649987,Victorville,CA,B90,,https://projects.propublica.org/nonprofits/organizations/814649987,student,2025-10-17 17:58:25,,,,,,,,not_contacted,no,no,,,,high
Student Voice Foundation,823494227,Irvine,CA,,,https://projects.propublica.org/nonprofits/organizations/823494227,student,2025-10-17 17:58:25,,,,,,,,not_contacted,no,no,,,,high
Social Impact Fund,461820448,Los Angeles,CA,T12,,https://projects.propublica.org/nonprofits/organizations/461820448,social,2025-10-17 17:58:27,,,,,,,,not_contacted,no,no,,,,high
Social Justice Foundation,261135315,Thousand Oaks,CA,B99,,https://projects.propublica.org/nonprofits/organizations/261135315,social,2025-10-17 17:58:27,,,,,,,,not_contacted,no,no,,,,high
Civic Space Foundation,881045135,San Francisco,CA,B99,,https://projects.propublica.org/nonprofits/organizations/881045135,civic,2025-10-17 17:58:28,,,,,,,,not_contacted,no,no,,,,high
Civic Circle Foundation,562631326,Corona,CA,P330,,https://projects.propublica.org/nonprofits/organizations/562631326,civic,2025-10-17 17:58:28,,,,,,,,not_contacted,no,no,,,,high
Harbor Civic Foundation,954753398,San Pedro,CA,W24,,https://projects.propublica.org/nonprofits/organizations/954753398,civic,2025-10-17 17:58:28,,,,,,,,not_contacted,no,no,,,,high
Charitysmith Nonprofit Foundation,870636433,Truckee,CA,T31,,https://projects.propublica.org/nonprofits/organizations/870636433,nonprofit,2025-10-17 17:58:31,,,,,,,,not_contacted,no,no,,,,high
Adesso Nonprofit Foundation,844075301,Walnut,CA,T20,,https://projects.propublica.org/nonprofits/organizations/844075301,nonprofit,2025-10-17 17:58:31,,,,,,,,not_contacted,no,no,,,,high
Washington Charitable Foundation,883626175,Los Angeles,CA,Q20,,https://projects.propublica.org/nonprofits/organizations/883626175,charitable,2025-10-17 17:58:33,,,,,,,,not_contacted,no,no,,,,high
Dpk Charitable Foundation,884378188,San Diego,CA,B12,,https://projects.propublica.org/nonprofits/organizations/884378188,charitable,2025-10-17 17:58:33,,,,,,,,not_contacted,no,no,,,,high
Navigation Charitable Fund,921117448,Berkeley,CA,U05,,https://projects.propublica.org/nonprofits/organizations/921117448,charitable,2025-10-17 17:58:33,,,,,,,,not_contacted,no,no,,,,high
Daffy Charitable Fund,863177440,Los Altos,CA,T30,,https://projects.propublica.org/nonprofits/organizations/863177440,charitable,2025-10-17 17:58:33,,,,,,,,not_contacted,no,no,,,,high
Intrepid Philanthropy Foundation,300527867,San Francisco,CA,T20,,https://projects.propublica.org/nonprofits/organizations/300527867,philanthropy,2025-10-17 17:58:34,,,,,,,,not_contacted,no,no,,,,high
Global Philanthropy Foundation,471637839,Santa Monica,CA,T02,,https://projects.propublica.org/nonprofits/organizations/471637839,philanthropy,2025-10-17 17:58:34,,,,,,,,not_contacted,no,no,,,,high
Giving Foundation,810705849,San Diego,CA,P20,,https://projects.propublica.org/nonprofits/organizations/810705849,giving,2025-10-17 17:58:36,,,,,,,,not_contacted,no,no,,,,high
Corporate Fund For Housing,953935881,Long Beach,CA,L200,,https://projects.propublica.org/nonprofits/organizations/953935881,corporate,2025-10-17 17:58:37,,,,,,,,not_contacted,no,no,,,,high
Aids Healthcare Foundation,954112121,Los Angeles,CA,P74Z,,https://projects.propublica.org/nonprofits/organizations/954112121,healthcare,2025-10-17 17:58:48,,,,,,,,not_contacted,no,no,,,,high
Hoag Hospital Foundation,953222343,Newport Beach,CA,E112,,https://projects.propublica.org/nonprofits/organizations/953222343,hospital,2025-10-17 17:58:50,,,,,,,,not_contacted,no,no,,,,high
Washington Hospital Foundation,942886219,Fremont,CA,E20I,,https://projects.propublica.org/nonprofits/organizations/942886219,hospital,2025-10-17 17:58:50,,,,,,,,not_contacted,no,no,,,,high
Grossmont Hospital Foundation,330124488,San Diego,CA,E22I,,https://projects.propublica.org/nonprofits/organizations/330124488,hospital,2025-10-17 17:58:50,,,,,,,,not_contacted,no,no,,,,high
Coronado Hospital Foundation,953273985,San Diego,CA,E110,,https://projects.propublica.org/nonprofits/organizations/953273985,hospital,2025-10-17 17:58:50,,,,,,,,not_contacted,no,no,,,,high
Human Service Foundation,942788195,Alamo,CA,,,https://projects.propublica.org/nonprofits/organizations/942788195,human services,2025-10-17 17:58:53,,,,,,,,not_contacted,no,no,,,,high
Sierra Quest Human Services Foundation Inc,611602221,Mariposa,CA,P32,,https://projects.propublica.org/nonprofits/organizations/611602221,human services,2025-10-17 17:58:53,,,,,,,,not_contacted,no,no,,,,high
White Diamond Human Services Foundation Inc,824209709,Carson,CA,F70,,https://projects.propublica.org/nonprofits/organizations/824209709,human services,2025-10-17 17:58:53,,,,,,,,not_contacted,no,no,,,,high
Olive Children Foundation,271798340,Fremont,CA,B82,,https://projects.propublica.org/nonprofits/organizations/271798340,children,2025-10-17 17:58:57,,,,,,,,not_contacted,no,no,,,,high
New York Foundation For Leadership,460470325,Glendale,CA,B82,,https://projects.propublica.org/nonprofits/organizations/460470325,new york,2025-10-17 17:58:58,,,,,,,,not_contacted,no,no,,,,high
Pediatric Cancer Research Foundation New York,273051697,Irvine,CA,G123,,https://projects.propublica.org/nonprofits/organizations/273051697,new york,2025-10-17 17:58:58,,,,,,,,not_contacted,no,no,,,,high
National City Chamber Foundation,832467397,National City,CA,S30,,https://projects.propublica.org/nonprofits/organizations/832467397,national,2025-10-17 17:59:00,,,,,,,,not_contacted,no,no,,,,high
National City Otnc Foundation,861265012,National City,CA,A20,,https://projects.propublica.org/nonprofits/organizations/861265012,national,2025-10-17 17:59:00,,,,,,,,not_contacted,no,no,,,,high
701 National City Boulevard Fund,270370274,National City,CA,S99,,https://projects.propublica.org/nonprofits/organizations/270370274,national,2025-10-17 17:59:00,,,,,,,,not_contacted,no,no,,,,high
National City Public Safety Foundation,562609133,National City,CA,M12,,https://projects.propublica.org/nonprofits/organizations/562609133,national,2025-10-17 17:59:00,,,,,,,,not_contacted,no,no,,,,high
National City Rotary Club Foundation,330644806,National City,CA,P20,,https://projects.propublica.org/nonprofits/organizations/330644806,national,2025-10-17 17:59:00,,,,,,,,not_contacted,no,no,,,,high
American Canyon Arts Foundation,680347469,American Cyn,CA,A99Z,,https://projects.propublica.org/nonprofits/organizations/680347469,american,2025-10-17 17:59:01,,,,,,,,not_contacted,no,no,,,,high
United States Energy Foundation,831740146,San Francisco,CA,T30,,https://projects.propublica.org/nonprofits/organizations/831740146,united states,2025-10-17 17:59:03,,,,,,,,not_contacted,no,no,,,,high
United States Rugby Foundation,815187776,San Diego,CA,N60,,https://projects.propublica.org/nonprofits/organizations/815187776,united states,2025-10-17 17:59:03,,,,,,,,not_contacted,no,no,,,,high
United States International Foundation,994429484,Los Angeles,CA,P20,,https://projects.propublica.org/nonprofits/organizations/994429484,united states,2025-10-17 17:59:03,,,,,,,,not_contacted,no,no,,,,high
United States Lifesaving Foundation,134337152,Laguna Beach,CA,,,https://projects.propublica.org/nonprofits/organizations/134337152,united states,2025-10-17 17:59:03,,,,,,,,not_contacted,no,no,,,,high
The Foundation,920742101,Austin,TX,B20,,https://projects.propublica.org/nonprofits/organizations/920742101,foundation,2025-10-17 17:59:04,,,,,,,,not_contacted,no,no,,,,high
Minaret Foundation,833372048,Houston,TX,P20,,https://projects.propublica.org/nonprofits/organizations/833372048,foundation,2025-10-17 17:59:04,,,,,,,,not_contacted,no,no,,,,high
Ruwawuri Foundation,842657861,Fort Worth,TX,Q30,,https://projects.propublica.org/nonprofits/organizations/842657861,foundation,2025-10-17 17:59:04,,,,,,,,not_contacted,no,no,,,,high
Pursuit Foundation,742179425,Houston,TX,P820,,https://projects.propublica.org/nonprofits/organizations/742179425,foundation,2025-10-17 17:59:04,,,,,,,,not_contacted,no,no,,,,high
Longview Foundation,873513657,Longview,TX,T31,,https://projects.propublica.org/nonprofits/organizations/873513657,foundation,2025-10-17 17:59:04,,,,,,,,not_contacted,no,no,,,,high
Sarofim Foundation,237065248,Houston,TX,,,https://projects.propublica.org/nonprofits/organizations/237065248,foundation,2025-10-17 17:59:04,,,,,,,,not_contacted,no,no,,,,high
Sarofim Foundation,372090276,Houston,TX,T20,,https://projects.propublica.org/nonprofits/organizations/372090276,foundation,2025-10-17 17:59:04,,,,,,,,not_contacted,no,no,,,,high
Moody Foundation,741403105,Galveston,TX,T22,,https://projects.propublica.org/nonprofits/organizations/741403105,foundation,2025-10-17 17:59:04,,,,,,,,not_contacted,no,no,,,,high
Odonnell Foundation,756023326,Dallas,TX,,,https://projects.propublica.org/nonprofits/organizations/756023326,foundation,2025-10-17 17:59:04,,,,,,,,not_contacted,no,no,,,,high
Kinder Foundation,760519073,Houston,TX,T20Z,,https://projects.propublica.org/nonprofits/organizations/760519073,foundation,2025-10-17 17:59:04,,,,,,,,not_contacted,no,no,,,,high
Trellis Foundation,814714749,Round Rock,TX,P20,,https://projects.propublica.org/nonprofits/organizations/814714749,foundation,2025-10-17 17:59:04,,,,,,,,not_contacted,no,no,,,,high
Fmh Foundation,272504803,Midland,TX,T22,,https://projects.propublica.org/nonprofits/organizations/272504803,foundation,2025-10-17 17:59:04,,,,,,,,not_contacted,no,no,,,,high
Philecology Foundation,208987808,Fort Worth,TX,T22,,https://projects.propublica.org/nonprofits/organizations/208987808,foundation,2025-10-17 17:59:04,,,,,,,,not_contacted,no,no,,,,high
Musk Foundation,770587507,Austin,TX,T21,,https://projects.propublica.org/nonprofits/organizations/770587507,foundation,2025-10-17 17:59:04,,,,,,,,not_contacted,no,no,,,,high
Karakin Foundation,752692023,Abilene,TX,T22Z,,https://projects.propublica.org/nonprofits/organizations/752692023,foundation,2025-10-17 17:59:04,,,,,,,,not_contacted,no,no,,,,high
Buckner Foundation,752125945,Dallas,TX,P12,,https://projects.propublica.org/nonprofits/organizations/752125945,foundation,2025-10-17 17:59:04,,,,,,,,not_contacted,no,no,,,,high
Cenikor Foundation,760031861,Houston,TX,,,https://projects.propublica.org/nonprofits/organizations/760031861,foundation,2025-10-17 17:59:04,,,,,,,,not_contacted,no,no,,,,high
Fondren Foundation,746042565,Houston,TX,,,https://projects.propublica.org/nonprofits/organizations/746042565,foundation,2025-10-17 17:59:04,,,,,,,,not_contacted,no,no,,,,high
Impetus Foundation,271602489,San Antonio,TX,T22,,https://projects.propublica.org/nonprofits/organizations/271602489,foundation,2025-10-17 17:59:04,,,,,,,,not_contacted,no,no,,,,high
Gardenia Foundation,924001588,Houston,TX,T20,,https://projects.propublica.org/nonprofits/organizations/924001588,foundation,2025-10-17 17:59:04,,,,,,,,not_contacted,no,no,,,,high
Hildebrand Foundation,760699250,Houston,TX,T21,,https://projects.propublica.org/nonprofits/organizations/760699250,foundation,2025-10-17 17:59:04,,,,,,,,not_contacted,no,no,,,,high
1687 Foundation,263772474,Mckinney,TX,T20,,https://projects.propublica.org/nonprofits/organizations/263772474,foundation,2025-10-17 17:59:04,,,,,,,,not_contacted,no,no,,,,high
Hamill Foundation,237028238,Houston,TX,,,https://projects.propublica.org/nonprofits/organizations/237028238,foundation,2025-10-17 17:59:04,,,,,,,,not_contacted,no,no,,,,high
Legett Foundation,752696419,Abilene,TX,T50Z,,https://projects.propublica.org/nonprofits/organizations/752696419,foundation,2025-10-17 17:59:04,,,,,,,,not_contacted,no,no,,,,high
Truchard Foundation,742816894,Austin,TX,T90Z,,https://projects.propublica.org/nonprofits/organizations/742816894,foundation,2025-10-17 17:59:04,,,,,,,,not_contacted,no,no,,,,high
Foundations Kenya,845023505,Brenham,TX,B12,,https://projects.propublica.org/nonprofits/organizations/845023505,foundations,2025-10-17 17:59:05,,,,,,,,not_contacted,no,no,,,,high
Altacair Foundations,933696589,Edinburg,TX,E80,,https://projects.propublica.org/nonprofits/organizations/933696589,foundations,2025-10-17 17:59:05,,,,,,,,not_contacted,no,no,,,,high
Sure Foundations,990323395,Plainview,TX,X21,,https://projects.propublica.org/nonprofits/organizations/990323395,foundations,2025-10-17 17:59:05,,,,,,,,not_contacted,no,no,,,,high
Atg Foundations,453625588,Houston,TX,B80,,https://projects.propublica.org/nonprofits/organizations/453625588,foundations,2025-10-17 17:59:05,,,,,,,,not_contacted,no,no,,,,high
Collegiate Foundations,851186824,Houston,TX,T50,,https://projects.propublica.org/nonprofits/organizations/851186824,foundations,2025-10-17 17:59:05,,,,,,,,not_contacted,no,no,,,,high
Eben Foundations,994456945,Grand Prairie,TX,A25,,https://projects.propublica.org/nonprofits/organizations/994456945,foundations,2025-10-17 17:59:05,,,,,,,,not_contacted,no,no,,,,high
Frontier Foundations,472333402,Austin,TX,Q30,,https://projects.propublica.org/nonprofits/organizations/472333402,foundations,2025-10-17 17:59:05,,,,,,,,not_contacted,no,no,,,,high
Covenant Foundations,332382216,Goliad,TX,,,https://projects.propublica.org/nonprofits/organizations/332382216,foundations,2025-10-17 17:59:05,,,,,,,,not_contacted,no,no,,,,high
Fast Foundations,332121882,Richmond,TX,P12,,https://projects.propublica.org/nonprofits/organizations/332121882,foundations,2025-10-17 17:59:05,,,,,,,,not_contacted,no,no,,,,high
Seven Foundations,882377597,Cypress,TX,T22,,https://projects.propublica.org/nonprofits/organizations/882377597,foundations,2025-10-17 17:59:05,,,,,,,,not_contacted,no,no,,,,high
Altrusa International Foundations Inc,453759162,Richardson,TX,,,https://projects.propublica.org/nonprofits/organizations/453759162,foundations,2025-10-17 17:59:05,,,,,,,,not_contacted,no,no,,,,high
Cdr Charitable Foundation,832875097,Richmond,TX,O12,,https://projects.propublica.org/nonprofits/organizations/832875097,charitable foundation,2025-10-17 17:59:06,,,,,,,,not_contacted,no,no,,,,high
Rainwater Charitable Foundation,800870036,Fort Worth,TX,T20,,https://projects.propublica.org/nonprofits/organizations/800870036,charitable foundation,2025-10-17 17:59:06,,,,,,,,not_contacted,no,no,,,,high
Warren Charitable Foundation,300490635,Midland,TX,T22,,https://projects.propublica.org/nonprofits/organizations/300490635,charitable foundation,2025-10-17 17:59:06,,,,,,,,not_contacted,no,no,,,,high
Woodforest Charitable Foundation,202516951,The Woodlands,TX,T22,,https://projects.propublica.org/nonprofits/organizations/202516951,charitable foundation,2025-10-17 17:59:06,,,,,,,,not_contacted,no,no,,,,high
Hamon Charitable Foundation,752734057,Dallas,TX,T20Z,,https://projects.propublica.org/nonprofits/organizations/752734057,charitable foundation,2025-10-17 17:59:06,,,,,,,,not_contacted,no,no,,,,high
Sankaran Charitable Foundation,934967456,Dallas,TX,T11,,https://projects.propublica.org/nonprofits/organizations/934967456,charitable foundation,2025-10-17 17:59:06,,,,,,,,not_contacted,no,no,,,,high
Wellmed Charitable Foundation,205087010,San Antonio,TX,B60,,https://projects.propublica.org/nonprofits/organizations/205087010,charitable foundation,2025-10-17 17:59:06,,,,,,,,not_contacted,no,no,,,,high
Halliburton Charitable Foundation,262383244,Houston,TX,T21,,https://projects.propublica.org/nonprofits/organizations/262383244,charitable foundation,2025-10-17 17:59:06,,,,,,,,not_contacted,no,no,,,,high
Henderson Charitable Foundation,872394863,Webster,TX,B12,,https://projects.propublica.org/nonprofits/organizations/872394863,charitable foundation,2025-10-17 17:59:06,,,,,,,,not_contacted,no,no,,,,high
Jkj Charitable Foundation,760573833,Houston,TX,T20,,https://projects.propublica.org/nonprofits/organizations/760573833,charitable foundation,2025-10-17 17:59:06,,,,,,,,not_contacted,no,no,,,,high
Specs Charitable Foundation,760488033,Houston,TX,T99Z,,https://projects.propublica.org/nonprofits/organizations/760488033,charitable foundation,2025-10-17 17:59:06,,,,,,,,not_contacted,no,no,,,,high
Nrj Charitable Foundation,822552424,Irving,TX,T30,,https://projects.propublica.org/nonprofits/organizations/822552424,charitable foundation,2025-10-17 17:59:06,,,,,,,,not_contacted,no,no,,,,high
Coserv Charitable Foundation,134281766,Corinth,TX,T30,,https://projects.propublica.org/nonprofits/organizations/134281766,charitable foundation,2025-10-17 17:59:06,,,,,,,,not_contacted,no,no,,,,high
Sparrow Charitable Foundation,200488561,Dallas,TX,T22,,https://projects.propublica.org/nonprofits/organizations/200488561,charitable foundation,2025-10-17 17:59:06,,,,,,,,not_contacted,no,no,,,,high
Harte Charitable Foundation,450489907,San Antonio,TX,T22,,https://projects.propublica.org/nonprofits/organizations/450489907,charitable foundation,2025-10-17 17:59:06,,,,,,,,not_contacted,no,no,,,,high
Coleman Charitable Foundation,473700583,Georgetown,TX,T90,,https://projects.propublica.org/nonprofits/organizations/473700583,charitable foundation,2025-10-17 17:59:06,,,,,,,,not_contacted,no,no,,,,high
Winston Charitable Foundation,742877210,Houston,TX,T90,,https://projects.propublica.org/nonprofits/organizations/742877210,charitable foundation,2025-10-17 17:59:06,,,,,,,,not_contacted,no,no,,,,high
Ensworth Charitable Foundation,66026018,Dallas,TX,,,https://projects.propublica.org/nonprofits/organizations/66026018,charitable foundation,2025-10-17 17:59:06,,,,,,,,not_contacted,no,no,,,,high
Mcdaniel Charitable Foundation,760538313,Hitchcock,TX,T20,,https://projects.propublica.org/nonprofits/organizations/760538313,charitable foundation,2025-10-17 17:59:06,,,,,,,,not_contacted,no,no,,,,high
Cotton Charitable Foundation,208229692,Houston,TX,T30,,https://projects.propublica.org/nonprofits/organizations/208229692,charitable foundation,2025-10-17 17:59:06,,,,,,,,not_contacted,no,no,,,,high
Dawson Charitable Foundation,934773299,San Antonio,TX,T22,,https://projects.propublica.org/nonprofits/organizations/934773299,charitable foundation,2025-10-17 17:59:06,,,,,,,,not_contacted,no,no,,,,high
Ghba Charitable Foundation,464656185,Houston,TX,T12,,https://projects.propublica.org/nonprofits/organizations/464656185,charitable foundation,2025-10-17 17:59:06,,,,,,,,not_contacted,no,no,,,,high
Tvec Charitable Foundation,455548476,Kaufman,TX,P80,,https://projects.propublica.org/nonprofits/organizations/455548476,charitable foundation,2025-10-17 17:59:06,,,,,,,,not_contacted,no,no,,,,high
Ask Charitable Foundation,810764533,Austin,TX,T20,,https://projects.propublica.org/nonprofits/organizations/810764533,charitable foundation,2025-10-17 17:59:06,,,,,,,,not_contacted,no,no,,,,high
Gvec Charitable Foundation,453420216,Gonzales,TX,L82,,https://projects.propublica.org/nonprofits/organizations/453420216,charitable foundation,2025-10-17 17:59:06,,,,,,,,not_contacted,no,no,,,,high
Family Foundation,832501840,Austin,TX,T22,,https://projects.propublica.org/nonprofits/organizations/832501840,family foundation,2025-10-17 17:59:08,,,,,,,,not_contacted,no,no,,,,high
My Family The Family Foundation,311703407,Orange,TX,L41,,https://projects.propublica.org/nonprofits/organizations/311703407,family foundation,2025-10-17 17:59:08,,,,,,,,not_contacted,no,no,,,,high
Family Gifting Foundation,203316295,Grapevine,TX,P20,,https://projects.propublica.org/nonprofits/organizations/203316295,family foundation,2025-10-17 17:59:08,,,,,,,,not_contacted,no,no,,,,high
Rose Family Foundation,320617032,Dallas,TX,T20,,https://projects.propublica.org/nonprofits/organizations/320617032,family foundation,2025-10-17 17:59:08,,,,,,,,not_contacted,no,no,,,,high
Mulva Family Foundation,203221183,Austin,TX,T20,,https://projects.propublica.org/nonprofits/organizations/203221183,family foundation,2025-10-17 17:59:08,,,,,,,,not_contacted,no,no,,,,high
Mays Family Foundation,742691624,San Antonio,TX,,,https://projects.propublica.org/nonprofits/organizations/742691624,family foundation,2025-10-17 17:59:08,,,,,,,,not_contacted,no,no,,,,high
Marshall Family Foundation,992718530,Houston,TX,,,https://projects.propublica.org/nonprofits/organizations/992718530,family foundation,2025-10-17 17:59:08,,,,,,,,not_contacted,no,no,,,,high
Phillips Family Foundation,750590214,Houston,TX,T22,,https://projects.propublica.org/nonprofits/organizations/750590214,family foundation,2025-10-17 17:59:08,,,,,,,,not_contacted,no,no,,,,high
Petersen Family Foundation,814547001,Sugar Land,TX,T20,,https://projects.propublica.org/nonprofits/organizations/814547001,family foundation,2025-10-17 17:59:08,,,,,,,,not_contacted,no,no,,,,high
Zorich Family Foundation,760664404,Houston,TX,T20,,https://projects.propublica.org/nonprofits/organizations/760664404,family foundation,2025-10-17 17:59:08,,,,,,,,not_contacted,no,no,,,,high
Canterbury Family Foundation,934491278,Houston,TX,B12,,https://projects.propublica.org/nonprofits/organizations/934491278,family foundation,2025-10-17 17:59:08,,,,,,,,not_contacted,no,no,,,,high
Greehey Family Foundation,481308657,San Antonio,TX,T22,,https://projects.propublica.org/nonprofits/organizations/481308657,family foundation,2025-10-17 17:59:08,,,,,,,,not_contacted,no,no,,,,high
Kozmetsky Family Foundation,472082155,Dallas,TX,T20,,https://projects.propublica.org/nonprofits/organizations/472082155,family foundation,2025-10-17 17:59:08,,,,,,,,not_contacted,no,no,,,,high
Ksl Family Foundation,921081180,San Antonio,TX,T20,,https://projects.propublica.org/nonprofits/organizations/921081180,family foundation,2025-10-17 17:59:08,,,,,,,,not_contacted,no,no,,,,high
Bright Family Foundation,921760586,Lewisville,TX,T20,,https://projects.propublica.org/nonprofits/organizations/921760586,family foundation,2025-10-17 17:59:08,,,,,,,,not_contacted,no,no,,,,high
Whitacre Family Foundation,200184488,San Antonio,TX,T21,,https://projects.propublica.org/nonprofits/organizations/200184488,family foundation,2025-10-17 17:59:08,,,,,,,,not_contacted,no,no,,,,high
Byers Family Foundation,880867120,Austin,TX,,,https://projects.propublica.org/nonprofits/organizations/880867120,family foundation,2025-10-17 17:59:08,,,,,,,,not_contacted,no,no,,,,high
Marek Family Foundation,746108373,Houston,TX,,,https://projects.propublica.org/nonprofits/organizations/746108373,family foundation,2025-10-17 17:59:08,,,,,,,,not_contacted,no,no,,,,high
Orr Family Foundation,473317225,Austin,TX,T22,,https://projects.propublica.org/nonprofits/organizations/473317225,family foundation,2025-10-17 17:59:08,,,,,,,,not_contacted,no,no,,,,high
Lu Family Foundation,752953588,Plano,TX,T20,,https://projects.propublica.org/nonprofits/organizations/752953588,family foundation,2025-10-17 17:59:08,,,,,,,,not_contacted,no,no,,,,high
Donovitz Family Foundation,992834508,Westlake,TX,T12,,https://projects.propublica.org/nonprofits/organizations/992834508,family foundation,2025-10-17 17:59:08,,,,,,,,not_contacted,no,no,,,,high
Blevins Family Foundation,934343104,College Sta,TX,T20,,https://projects.propublica.org/nonprofits/organizations/934343104,family foundation,2025-10-17 17:59:08,,,,,,,,not_contacted,no,no,,,,high
Aycock Family Foundation,331398716,Houston,TX,X20,,https://projects.propublica.org/nonprofits/organizations/331398716,family foundation,2025-10-17 17:59:08,,,,,,,,not_contacted,no,no,,,,high
Markham Family Foundation,810847409,Westlake,TX,P12,,https://projects.propublica.org/nonprofits/organizations/810847409,family foundation,2025-10-17 17:59:08,,,,,,,,not_contacted,no,no,,,,high
Budd Family Foundation,263836252,Dallas,TX,T22,,https://projects.propublica.org/nonprofits/organizations/263836252,family foundation,2025-10-17 17:59:08,,,,,,,,not_contacted,no,no,,,,high
Crossculture Community Foundation,842974290,Dallas,TX,X20,,https://projects.propublica.org/nonprofits/organizations/842974290,community foundation,2025-10-17 17:59:09,,,,,,,,not_contacted,no,no,,,,high
Austin Community Foundation,741934031,Austin,TX,T310,,https://projects.propublica.org/nonprofits/organizations/741934031,community foundation,2025-10-17 17:59:09,,,,,,,,not_contacted,no,no,,,,high
Navarro Community Foundation,750800663,Corsicana,TX,,,https://projects.propublica.org/nonprofits/organizations/750800663,community foundation,2025-10-17 17:59:09,,,,,,,,not_contacted,no,no,,,,high
Community Focus Foundation,455599267,Sugar Land,TX,S20,,https://projects.propublica.org/nonprofits/organizations/455599267,community foundation,2025-10-17 17:59:09,,,,,,,,not_contacted,no,no,,,,high
Community Testing Foundation,384228125,Spring Branch,TX,P20,,https://projects.propublica.org/nonprofits/organizations/384228125,community foundation,2025-10-17 17:59:09,,,,,,,,not_contacted,no,no,,,,high
Graham Community Foundation,201480110,Graham,TX,B90,,https://projects.propublica.org/nonprofits/organizations/201480110,community foundation,2025-10-17 17:59:09,,,,,,,,not_contacted,no,no,,,,high
Truscott Community Foundation,204853185,Truscott,TX,T30,,https://projects.propublica.org/nonprofits/organizations/204853185,community foundation,2025-10-17 17:59:09,,,,,,,,not_contacted,no,no,,,,high
Eecu Community Foundation,833400460,Fort Worth,TX,T50,,https://projects.propublica.org/nonprofits/organizations/833400460,community foundation,2025-10-17 17:59:09,,,,,,,,not_contacted,no,no,,,,high
Cuero Community Foundation,810791445,Cuero,TX,T31,,https://projects.propublica.org/nonprofits/organizations/810791445,community foundation,2025-10-17 17:59:09,,,,,,,,not_contacted,no,no,,,,high
Eastland Community Foundation,201742507,Eastland,TX,C199,,https://projects.propublica.org/nonprofits/organizations/201742507,community foundation,2025-10-17 17:59:09,,,,,,,,not_contacted,no,no,,,,high
Valverde Community Foundation,742097659,Del Rio,TX,,,https://projects.propublica.org/nonprofits/organizations/742097659,community foundation,2025-10-17 17:59:09,,,,,,,,not_contacted,no,no,,,,high
Sealy Community Foundation,760626282,Sealy,TX,C50,,https://projects.propublica.org/nonprofits/organizations/760626282,community foundation,2025-10-17 17:59:09,,,,,,,,not_contacted,no,no,,,,high
Bell Community Foundation,834508828,Temple,TX,P12,,https://projects.propublica.org/nonprofits/organizations/834508828,community foundation,2025-10-17 17:59:09,,,,,,,,not_contacted,no,no,,,,high
Gracesprings Community Foundation,455554673,Houston,TX,P20,,https://projects.propublica.org/nonprofits/organizations/455554673,community foundation,2025-10-17 17:59:09,,,,,,,,not_contacted,no,no,,,,high
Willpower Community Foundation,834334211,Dripping Spgs,TX,P20,,https://projects.propublica.org/nonprofits/organizations/834334211,community foundation,2025-10-17 17:59:09,,,,,,,,not_contacted,no,no,,,,high
Trinity Community Foundation,474461806,Arlington,TX,N31,,https://projects.propublica.org/nonprofits/organizations/474461806,community foundation,2025-10-17 17:59:09,,,,,,,,not_contacted,no,no,,,,high
Community Transformation Foundation,854211816,Georgetown,TX,T20,,https://projects.propublica.org/nonprofits/organizations/854211816,community foundation,2025-10-17 17:59:09,,,,,,,,not_contacted,no,no,,,,high
Garwood Community Foundation,800579711,Garwood,TX,T31,,https://projects.propublica.org/nonprofits/organizations/800579711,community foundation,2025-10-17 17:59:09,,,,,,,,not_contacted,no,no,,,,high
Lively Community Foundation,832923960,Houston,TX,T23,,https://projects.propublica.org/nonprofits/organizations/832923960,community foundation,2025-10-17 17:59:09,,,,,,,,not_contacted,no,no,,,,high
Palacios Community Foundation,760590386,Blessing,TX,T20,,https://projects.propublica.org/nonprofits/organizations/760590386,community foundation,2025-10-17 17:59:09,,,,,,,,not_contacted,no,no,,,,high
Baker Community Foundation,263919368,Fort Worth,TX,T22,,https://projects.propublica.org/nonprofits/organizations/263919368,community foundation,2025-10-17 17:59:09,,,,,,,,not_contacted,no,no,,,,high
Bellaire Community Foundation,843154787,Bellaire,TX,T31,,https://projects.propublica.org/nonprofits/organizations/843154787,community foundation,2025-10-17 17:59:09,,,,,,,,not_contacted,no,no,,,,high
Bellville Community Foundation,746087473,Bellville,TX,T30,,https://projects.propublica.org/nonprofits/organizations/746087473,community foundation,2025-10-17 17:59:09,,,,,,,,not_contacted,no,no,,,,high
Community Acts Foundation,815364334,Victoria,TX,F60,,https://projects.propublica.org/nonprofits/organizations/815364334,community foundation,2025-10-17 17:59:09,,,,,,,,not_contacted,no,no,,,,high
Community Energy Foundation,743046476,Tyler,TX,T22,,https://projects.propublica.org/nonprofits/organizations/743046476,community foundation,2025-10-17 17:59:09,,,,,,,,not_contacted,no,no,,,,high
Hreem Private Foundation,934786049,Sugar Land,TX,T31,,https://projects.propublica.org/nonprofits/organizations/934786049,private foundation,2025-10-17 17:59:10,,,,,,,,not_contacted,no,no,,,,high
Copart Private Foundation,202676843,Dallas,TX,T21,,https://projects.propublica.org/nonprofits/organizations/202676843,private foundation,2025-10-17 17:59:10,,,,,,,,not_contacted,no,no,,,,high
Burkhart Private Foundation,884342161,Fairfield,TX,T20,,https://projects.propublica.org/nonprofits/organizations/884342161,private foundation,2025-10-17 17:59:10,,,,,,,,not_contacted,no,no,,,,high
Srivastava Private Foundation,995057843,Frisco,TX,T20,,https://projects.propublica.org/nonprofits/organizations/995057843,private foundation,2025-10-17 17:59:10,,,,,,,,not_contacted,no,no,,,,high
Shah Private Foundation,263875444,Spring,TX,T12,,https://projects.propublica.org/nonprofits/organizations/263875444,private foundation,2025-10-17 17:59:10,,,,,,,,not_contacted,no,no,,,,high
Kamdar Private Foundation,611583054,Houston,TX,T90,,https://projects.propublica.org/nonprofits/organizations/611583054,private foundation,2025-10-17 17:59:10,,,,,,,,not_contacted,no,no,,,,high
Starfish Private Foundation,473930038,Fort Worth,TX,T22,,https://projects.propublica.org/nonprofits/organizations/473930038,private foundation,2025-10-17 17:59:10,,,,,,,,not_contacted,no,no,,,,high
Caraway Private Foundation,854176168,Abilene,TX,T22,,https://projects.propublica.org/nonprofits/organizations/854176168,private foundation,2025-10-17 17:59:10,,,,,,,,not_contacted,no,no,,,,high
Aundh Private Foundation,263937632,Houston,TX,Q33,,https://projects.propublica.org/nonprofits/organizations/263937632,private foundation,2025-10-17 17:59:10,,,,,,,,not_contacted,no,no,,,,high
Kanchwala Private Foundation,461638049,Cypress,TX,T20,,https://projects.propublica.org/nonprofits/organizations/461638049,private foundation,2025-10-17 17:59:10,,,,,,,,not_contacted,no,no,,,,high
Private Property Foundation,742706255,W Lake Hills,TX,R99,,https://projects.propublica.org/nonprofits/organizations/742706255,private foundation,2025-10-17 17:59:10,,,,,,,,not_contacted,no,no,,,,high
Ps Private Foundation,934820889,Frisco,TX,B90,,https://projects.propublica.org/nonprofits/organizations/934820889,private foundation,2025-10-17 17:59:10,,,,,,,,not_contacted,no,no,,,,high
Keast Private Foundation,884134662,Houston,TX,B90,,https://projects.propublica.org/nonprofits/organizations/884134662,private foundation,2025-10-17 17:59:10,,,,,,,,not_contacted,no,no,,,,high
Private Education Foundation,994225005,Houston,TX,B82,,https://projects.propublica.org/nonprofits/organizations/994225005,private foundation,2025-10-17 17:59:10,,,,,,,,not_contacted,no,no,,,,high
Srinitha Private Foundation,332955902,Frisco,TX,B99,,https://projects.propublica.org/nonprofits/organizations/332955902,private foundation,2025-10-17 17:59:10,,,,,,,,not_contacted,no,no,,,,high
Liao Family Private Foundation,452572998,Houston,TX,T22,,https://projects.propublica.org/nonprofits/organizations/452572998,private foundation,2025-10-17 17:59:10,,,,,,,,not_contacted,no,no,,,,high
Hemani Private Family Foundation,810881830,Irving,TX,T20,,https://projects.propublica.org/nonprofits/organizations/810881830,private foundation,2025-10-17 17:59:10,,,,,,,,not_contacted,no,no,,,,high
Ohare Family Private Foundation,752802946,Austin,TX,T2,,https://projects.propublica.org/nonprofits/organizations/752802946,private foundation,2025-10-17 17:59:10,,,,,,,,not_contacted,no,no,,,,high
Barfield Family Private Foundation,300142147,Hurst,TX,T22,,https://projects.propublica.org/nonprofits/organizations/300142147,private foundation,2025-10-17 17:59:10,,,,,,,,not_contacted,no,no,,,,high
Daan Nonprofit Private Foundation,453204342,Sugarland,TX,T20,,https://projects.propublica.org/nonprofits/organizations/453204342,private foundation,2025-10-17 17:59:10,,,,,,,,not_contacted,no,no,,,,high
Rajdeepa Family Private Foundation,854301304,Bellaire,TX,T22,,https://projects.propublica.org/nonprofits/organizations/854301304,private foundation,2025-10-17 17:59:10,,,,,,,,not_contacted,no,no,,,,high
Boyd Morse Private Foundation,760605572,Houston,TX,T20,,https://projects.propublica.org/nonprofits/organizations/760605572,private foundation,2025-10-17 17:59:10,,,,,,,,not_contacted,no,no,,,,high
Carden Family Private Foundation,364547925,Spring,TX,T20,,https://projects.propublica.org/nonprofits/organizations/364547925,private foundation,2025-10-17 17:59:10,,,,,,,,not_contacted,no,no,,,,high
George Hedgepeth Private Foundation,436202511,Dallas,TX,,,https://projects.propublica.org/nonprofits/organizations/436202511,private foundation,2025-10-17 17:59:10,,,,,,,,not_contacted,no,no,,,,high
Ibrahim Ganim Private Foundation,921325542,Houston,TX,B40,,https://projects.propublica.org/nonprofits/organizations/921325542,private foundation,2025-10-17 17:59:10,,,,,,,,not_contacted,no,no,,,,high
Corporate Landlord Foundation,934889595,Mckinney,TX,T50,,https://projects.propublica.org/nonprofits/organizations/934889595,corporate foundation,2025-10-17 17:59:11,,,,,,,,not_contacted,no,no,,,,high
Monsegue Bailey Foundation Corporate,853282202,Missouri City,TX,B05,,https://projects.propublica.org/nonprofits/organizations/853282202,corporate foundation,2025-10-17 17:59:11,,,,,,,,not_contacted,no,no,,,,high
Hhl Foundation A California Nonprofit Public Benefit Corporati,912168280,Austin,TX,T22,,https://projects.propublica.org/nonprofits/organizations/912168280,corporate foundation,2025-10-17 17:59:11,,,,,,,,not_contacted,no,no,,,,high
Shine Arts Foundation,863303561,Plano,TX,A25,,https://projects.propublica.org/nonprofits/organizations/863303561,arts,2025-10-17 17:59:12,,,,,,,,not_contacted,no,no,,,,high
Bwr Cultural Foundation,933382895,Leander,TX,W30,,https://projects.propublica.org/nonprofits/organizations/933382895,cultural,2025-10-17 17:59:14,,,,,,,,not_contacted,no,no,,,,high
Texas Cultural Foundation,923536134,San Antonio,TX,A23,,https://projects.propublica.org/nonprofits/organizations/923536134,cultural,2025-10-17 17:59:14,,,,,,,,not_contacted,no,no,,,,high
Cultural Horizons Foundation,821029786,Fort Worth,TX,B82,,https://projects.propublica.org/nonprofits/organizations/821029786,cultural,2025-10-17 17:59:14,,,,,,,,not_contacted,no,no,,,,high
Prelude Music Foundation,471645705,Houston,TX,A68,,https://projects.propublica.org/nonprofits/organizations/471645705,music,2025-10-17 17:59:15,,,,,,,,not_contacted,no,no,,,,high
Music Learning Foundation,752985743,Rockwall,TX,A25,,https://projects.propublica.org/nonprofits/organizations/752985743,music,2025-10-17 17:59:15,,,,,,,,not_contacted,no,no,,,,high
Pearland Foundation For The Performing And Visual Arts,471422834,Pearland,TX,A60,,https://projects.propublica.org/nonprofits/organizations/471422834,visual arts,2025-10-17 17:59:19,,,,,,,,not_contacted,no,no,,,,high
Literary Education & Arts Foundation,472490662,San Antonio,TX,A25,,https://projects.propublica.org/nonprofits/organizations/472490662,arts education,2025-10-17 17:59:20,,,,,,,,not_contacted,no,no,,,,high
Texas Art Education Foundation,814322669,Dallas,TX,A25,,https://projects.propublica.org/nonprofits/organizations/814322669,arts education,2025-10-17 17:59:20,,,,,,,,not_contacted,no,no,,,,high
Ballroom Cultural Arts Foundation,200126402,Marfa,TX,A40,,https://projects.propublica.org/nonprofits/organizations/200126402,cultural arts,2025-10-17 17:59:21,,,,,,,,not_contacted,no,no,,,,high
Sugar Land Cultural Arts Foundation,760614663,Sugar Land,TX,N20,,https://projects.propublica.org/nonprofits/organizations/760614663,cultural arts,2025-10-17 17:59:21,,,,,,,,not_contacted,no,no,,,,high
Cleburne Performing Arts Foundation,134335970,Cleburne,TX,A60,,https://projects.propublica.org/nonprofits/organizations/134335970,performing arts,2025-10-17 17:59:22,,,,,,,,not_contacted,no,no,,,,high
Usaa Educational Foundation,742411017,San Antonio,TX,B82,,https://projects.propublica.org/nonprofits/organizations/742411017,educational,2025-10-17 17:59:25,,,,,,,,not_contacted,no,no,,,,high
Spring Educational Foundation,834095382,Spring,TX,B25,,https://projects.propublica.org/nonprofits/organizations/834095382,educational,2025-10-17 17:59:25,,,,,,,,not_contacted,no,no,,,,high
Lead Educational Foundation,872489666,Lufkin,TX,B20,,https://projects.propublica.org/nonprofits/organizations/872489666,educational,2025-10-17 17:59:25,,,,,,,,not_contacted,no,no,,,,high
Webster Educational Foundation,465374393,Livingston,TX,T20,,https://projects.propublica.org/nonprofits/organizations/465374393,educational,2025-10-17 17:59:25,,,,,,,,not_contacted,no,no,,,,high
Noggin Educational Foundation,475193384,Grand Prairie,TX,B20,,https://projects.propublica.org/nonprofits/organizations/475193384,educational,2025-10-17 17:59:25,,,,,,,,not_contacted,no,no,,,,high
Calallen Educational Foundation,264252668,Corp Christi,TX,B112,,https://projects.propublica.org/nonprofits/organizations/264252668,educational,2025-10-17 17:59:25,,,,,,,,not_contacted,no,no,,,,high
Calmerton Educational Foundation,956015454,Dallas,TX,B00J,,https://projects.propublica.org/nonprofits/organizations/956015454,educational,2025-10-17 17:59:25,,,,,,,,not_contacted,no,no,,,,high
Comanche Educational Foundation,473136704,Comanche,TX,T30,,https://projects.propublica.org/nonprofits/organizations/473136704,educational,2025-10-17 17:59:25,,,,,,,,not_contacted,no,no,,,,high
Educational Advancement Foundation,237001761,Austin,TX,,,https://projects.propublica.org/nonprofits/organizations/237001761,educational,2025-10-17 17:59:25,,,,,,,,not_contacted,no,no,,,,high
Bowie Educational Foundation,752115489,Bowie,TX,,,https://projects.propublica.org/nonprofits/organizations/752115489,educational,2025-10-17 17:59:25,,,,,,,,not_contacted,no,no,,,,high
Vicktory Educational Foundation,262996191,Houston,TX,T20,,https://projects.propublica.org/nonprofits/organizations/262996191,educational,2025-10-17 17:59:25,,,,,,,,not_contacted,no,no,,,,high
Fales Educational Trust,46044998,Dallas,TX,,,https://projects.propublica.org/nonprofits/organizations/46044998,educational,2025-10-17 17:59:25,,,,,,,,not_contacted,no,no,,,,high
Amblesideonline Educational Foundation,811503534,Addison,TX,B99,,https://projects.propublica.org/nonprofits/organizations/811503534,educational,2025-10-17 17:59:25,,,,,,,,not_contacted,no,no,,,,high
Sojourner Educational Foundation,453262955,Snyder,TX,B82,,https://projects.propublica.org/nonprofits/organizations/453262955,educational,2025-10-17 17:59:25,,,,,,,,not_contacted,no,no,,,,high
Smith Educational Fund,46033742,Dallas,TX,,,https://projects.propublica.org/nonprofits/organizations/46033742,educational,2025-10-17 17:59:25,,,,,,,,not_contacted,no,no,,,,high
Irving Schools Foundation,752072755,Irving,TX,,,https://projects.propublica.org/nonprofits/organizations/752072755,schools,2025-10-17 17:59:27,,,,,,,,not_contacted,no,no,,,,high
Wayside Schools Foundation,815208844,Austin,TX,B12,,https://projects.propublica.org/nonprofits/organizations/815208844,schools,2025-10-17 17:59:27,,,,,,,,not_contacted,no,no,,,,high
College Station Parks Foundation,920980137,College Sta,TX,N32,,https://projects.propublica.org/nonprofits/organizations/920980137,college,2025-10-17 17:59:30,,,,,,,,not_contacted,no,no,,,,high
Galveston College Foundation,760512266,Galveston,TX,B82,,https://projects.propublica.org/nonprofits/organizations/760512266,college,2025-10-17 17:59:30,,,,,,,,not_contacted,no,no,,,,high
Auditory Learning Foundation,43652601,San Antonio,TX,G11,,https://projects.propublica.org/nonprofits/organizations/43652601,learning,2025-10-17 17:59:31,,,,,,,,not_contacted,no,no,,,,high
Stars Scholarship Fund,431977563,Mcallen,TX,B82,,https://projects.propublica.org/nonprofits/organizations/431977563,scholarship,2025-10-17 17:59:32,,,,,,,,not_contacted,no,no,,,,high
Poncin Scholarship Fund,916069573,Dallas,TX,,,https://projects.propublica.org/nonprofits/organizations/916069573,scholarship,2025-10-17 17:59:32,,,,,,,,not_contacted,no,no,,,,high
Hendrick Scholarship Foundation,752376396,Plano,TX,B82,,https://projects.propublica.org/nonprofits/organizations/752376396,scholarship,2025-10-17 17:59:32,,,,,,,,not_contacted,no,no,,,,high
Chairmans Scholarship Foundation,760321771,Houston,TX,,,https://projects.propublica.org/nonprofits/organizations/760321771,scholarship,2025-10-17 17:59:32,,,,,,,,not_contacted,no,no,,,,high
Tsrhc Scholarship Fund,752106637,Dallas,TX,B82Z,,https://projects.propublica.org/nonprofits/organizations/752106637,scholarship,2025-10-17 17:59:32,,,,,,,,not_contacted,no,no,,,,high
Roughrider Scholarship Foundation,752261125,Center,TX,,,https://projects.propublica.org/nonprofits/organizations/752261125,scholarship,2025-10-17 17:59:32,,,,,,,,not_contacted,no,no,,,,high
Swapa Scholarship Fund,752831556,Dallas,TX,B84,,https://projects.propublica.org/nonprofits/organizations/752831556,scholarship,2025-10-17 17:59:32,,,,,,,,not_contacted,no,no,,,,high
Landman Scholarship Trust,237122144,Fort Worth,TX,,,https://projects.propublica.org/nonprofits/organizations/237122144,scholarship,2025-10-17 17:59:32,,,,,,,,not_contacted,no,no,,,,high
Worthings Scholarship Fund,741160916,Dallas,TX,,,https://projects.propublica.org/nonprofits/organizations/741160916,scholarship,2025-10-17 17:59:32,,,,,,,,not_contacted,no,no,,,,high
Eog Scholarship Fund,760479501,Houston,TX,B82,,https://projects.propublica.org/nonprofits/organizations/760479501,scholarship,2025-10-17 17:59:32,,,,,,,,not_contacted,no,no,,,,high
Weslaco Scholarship Foundation,200232625,Weslaco,TX,B82,,https://projects.propublica.org/nonprofits/organizations/200232625,scholarship,2025-10-17 17:59:32,,,,,,,,not_contacted,no,no,,,,high
Urg Scholarship Foundation,472246255,Georgetown,TX,B82,,https://projects.propublica.org/nonprofits/organizations/472246255,scholarship,2025-10-17 17:59:32,,,,,,,,not_contacted,no,no,,,,high
International Student Foundation,208665417,Dallas,TX,B82,,https://projects.propublica.org/nonprofits/organizations/208665417,student,2025-10-17 17:59:33,,,,,,,,not_contacted,no,no,,,,high
Public Library Foundation,742577609,Seguin,TX,,,https://projects.propublica.org/nonprofits/organizations/742577609,public,2025-10-17 17:59:38,,,,,,,,not_contacted,no,no,,,,high
Epoch Public Foundation,680650661,Houston,TX,R60,,https://projects.propublica.org/nonprofits/organizations/680650661,public,2025-10-17 17:59:38,,,,,,,,not_contacted,no,no,,,,high
Ldf Nonprofit Foundation,463093399,Laredo,TX,S30,,https://projects.propublica.org/nonprofits/organizations/463093399,nonprofit,2025-10-17 17:59:39,,,,,,,,not_contacted,no,no,,,,high
Ameren Charitable Trust,436022693,Dallas,TX,B99Z,,https://projects.propublica.org/nonprofits/organizations/436022693,charitable,2025-10-17 17:59:42,,,,,,,,not_contacted,no,no,,,,high
Southport Charitable Trust,756095894,Dallas,TX,,,https://projects.propublica.org/nonprofits/organizations/756095894,charitable,2025-10-17 17:59:42,,,,,,,,not_contacted,no,no,,,,high
Northaven Charitable Givingfoundation,260850444,Dallas,TX,S50,,https://projects.propublica.org/nonprofits/organizations/260850444,charitable,2025-10-17 17:59:42,,,,,,,,not_contacted,no,no,,,,high
Civet Philanthropy Foundation,842072153,League City,TX,E12,,https://projects.propublica.org/nonprofits/organizations/842072153,philanthropy,2025-10-17 17:59:43,,,,,,,,not_contacted,no,no,,,,high
Philanthropic Foundation,751518589,Dallas,TX,T70Z,,https://projects.propublica.org/nonprofits/organizations/751518589,philanthropy,2025-10-17 17:59:43,,,,,,,,not_contacted,no,no,,,,high
Philanthropy Foundation Of Texoma,871558998,Sherman,TX,T31,,https://projects.propublica.org/nonprofits/organizations/871558998,philanthropy,2025-10-17 17:59:43,,,,,,,,not_contacted,no,no,,,,high
Amarillo Business Foundation,752859752,Amarillo,TX,T22,,https://projects.propublica.org/nonprofits/organizations/752859752,business,2025-10-17 17:59:47,,,,,,,,not_contacted,no,no,,,,high
Girls Inc Foundation Inc,371491187,Dallas,TX,P30,,https://projects.propublica.org/nonprofits/organizations/371491187,inc,2025-10-17 17:59:49,,,,,,,,not_contacted,no,no,,,,high
Liftfund Inc,742712770,San Antonio,TX,S43,,https://projects.propublica.org/nonprofits/organizations/742712770,inc,2025-10-17 17:59:49,,,,,,,,not_contacted,no,no,,,,high
Beehivefund Corporation,383602558,Spring,TX,T99,,https://projects.propublica.org/nonprofits/organizations/383602558,corporation,2025-10-17 17:59:50,,,,,,,,not_contacted,no,no,,,,high
Irving Healthcare Foundation,751570933,Irving,TX,E22I,,https://projects.propublica.org/nonprofits/organizations/751570933,healthcare,2025-10-17 17:59:56,,,,,,,,not_contacted,no,no,,,,high
Tenet Healthcare Foundation,742873537,Dallas,TX,T90Z,,https://projects.propublica.org/nonprofits/organizations/742873537,healthcare,2025-10-17 17:59:56,,,,,,,,not_contacted,no,no,,,,high
Ogh Healthcare Foundation,831341228,Perryton,TX,E12,,https://projects.propublica.org/nonprofits/organizations/831341228,healthcare,2025-10-17 17:59:56,,,,,,,,not_contacted,no,no,,,,high
Medina Healthcare Fund,680561314,Hondo,TX,E112,,https://projects.propublica.org/nonprofits/organizations/680561314,healthcare,2025-10-17 17:59:56,,,,,,,,not_contacted,no,no,,,,high
Uvalde Healthcare Foundation,272933693,Uvalde,TX,E60,,https://projects.propublica.org/nonprofits/organizations/272933693,healthcare,2025-10-17 17:59:56,,,,,,,,not_contacted,no,no,,,,high
Georgetown Healthcare Foundation,742626552,Georgetown,TX,,,https://projects.propublica.org/nonprofits/organizations/742626552,healthcare,2025-10-17 17:59:56,,,,,,,,not_contacted,no,no,,,,high
Bayside Healthcare Foundation,205853573,Anahuac,TX,E60,,https://projects.propublica.org/nonprofits/organizations/205853573,healthcare,2025-10-17 17:59:56,,,,,,,,not_contacted,no,no,,,,high
Ems Healthcare Foundation,922847931,Spring,TX,B02,,https://projects.propublica.org/nonprofits/organizations/922847931,healthcare,2025-10-17 17:59:56,,,,,,,,not_contacted,no,no,,,,high
Southern Newspapers Inc Media Employeess Medical Plan Trust,760087045,Houston,TX,,,https://projects.propublica.org/nonprofits/organizations/760087045,medical,2025-10-17 17:59:58,,,,,,,,not_contacted,no,no,,,,high
Southwestern Medical Foundation,750945939,Dallas,TX,B110,,https://projects.propublica.org/nonprofits/organizations/750945939,medical,2025-10-17 17:59:58,,,,,,,,not_contacted,no,no,,,,high
Electrical Medical Trust,741621269,Houston,TX,,,https://projects.propublica.org/nonprofits/organizations/741621269,medical,2025-10-17 17:59:58,,,,,,,,not_contacted,no,no,,,,high
Medical Benevolence Foundation,626046138,Sugar Land,TX,Q300,,https://projects.propublica.org/nonprofits/organizations/626046138,medical,2025-10-17 17:59:58,,,,,,,,not_contacted,no,no,,,,high
Sunland Medical Foundation,431977757,Sachse,TX,E20,,https://projects.propublica.org/nonprofits/organizations/431977757,medical,2025-10-17 17:59:58,,,,,,,,not_contacted,no,no,,,,high
Susan G Komen Breast Cancer Foundation,752875179,Dallas,TX,,,https://projects.propublica.org/nonprofits/organizations/752875179,new york,2025-10-17 18:00:07,,,,,,,,not_contacted,no,no,,,,high
Susan G Komen Breast Cancer Foundation,912049420,Dallas,TX,G320,,https://projects.propublica.org/nonprofits/organizations/912049420,new york,2025-10-17 18:00:07,,,,,,,,not_contacted,no,no,,,,high
National Mentoring Foundation,862113567,San Antonio,TX,B80,,https://projects.propublica.org/nonprofits/organizations/862113567,national,2025-10-17 18:00:09,,,,,,,,not_contacted,no,no,,,,high
National Piano Foundation,366129524,Dallas,TX,,,https://projects.propublica.org/nonprofits/organizations/366129524,national,2025-10-17 18:00:09,,,,,,,,not_contacted,no,no,,,,high
National Instruments Foundation,383667781,Austin,TX,T20,,https://projects.propublica.org/nonprofits/organizations/383667781,national,2025-10-17 18:00:09,,,,,,,,not_contacted,no,no,,,,high
Awareness Foundation,271564922,Englewood,FL,T20,,https://projects.propublica.org/nonprofits/organizations/271564922,foundation,2025-10-17 18:00:13,,,,,,,,not_contacted,no,no,,,,high
Hocag Foundation,863327293,Cape Coral,FL,,,https://projects.propublica.org/nonprofits/organizations/863327293,foundation,2025-10-17 18:00:13,,,,,,,,not_contacted,no,no,,,,high
Ohf Foundation,923658979,Tallahassee,FL,B90,,https://projects.propublica.org/nonprofits/organizations/923658979,foundation,2025-10-17 18:00:13,,,,,,,,not_contacted,no,no,,,,high
Cloverfields Foundation,201919362,Naples,FL,T22,,https://projects.propublica.org/nonprofits/organizations/201919362,foundation,2025-10-17 18:00:13,,,,,,,,not_contacted,no,no,,,,high
Kovner Foundation,223468030,Jupiter,FL,T22,,https://projects.propublica.org/nonprofits/organizations/223468030,foundation,2025-10-17 18:00:13,,,,,,,,not_contacted,no,no,,,,high
Brightside Foundation,934714500,Lantana,FL,T22,,https://projects.propublica.org/nonprofits/organizations/934714500,foundation,2025-10-17 18:00:13,,,,,,,,not_contacted,no,no,,,,high
Patocs Foundation,522067644,Marco Island,FL,T20Z,,https://projects.propublica.org/nonprofits/organizations/522067644,foundation,2025-10-17 18:00:13,,,,,,,,not_contacted,no,no,,,,high
Rock Foundation,61603870,N Palm Beach,FL,T22,,https://projects.propublica.org/nonprofits/organizations/61603870,foundation,2025-10-17 18:00:13,,,,,,,,not_contacted,no,no,,,,high
Pentecost Foundation,271471062,Bradenton,FL,T22,,https://projects.propublica.org/nonprofits/organizations/271471062,foundation,2025-10-17 18:00:13,,,,,,,,not_contacted,no,no,,,,high
Aws Foundation,650148545,Doral,FL,J22,,https://projects.propublica.org/nonprofits/organizations/650148545,foundation,2025-10-17 18:00:13,,,,,,,,not_contacted,no,no,,,,high
Klorfine Foundation,227743385,Riviera Beach,FL,,,https://projects.propublica.org/nonprofits/organizations/227743385,foundation,2025-10-17 18:00:13,,,,,,,,not_contacted,no,no,,,,high
Taft Foundation,201232852,Fort Lauderdale,FL,T20,,https://projects.propublica.org/nonprofits/organizations/201232852,foundation,2025-10-17 18:00:13,,,,,,,,not_contacted,no,no,,,,high
Brunetti Foundation,237346205,Hialeah,FL,,,https://projects.propublica.org/nonprofits/organizations/237346205,foundation,2025-10-17 18:00:13,,,,,,,,not_contacted,no,no,,,,high
Volo Foundation,472415681,Palm Bch Gdns,FL,T22,,https://projects.propublica.org/nonprofits/organizations/472415681,foundation,2025-10-17 18:00:13,,,,,,,,not_contacted,no,no,,,,high
Gogo Foundation,465139252,West Palm Bch,FL,T50,,https://projects.propublica.org/nonprofits/organizations/465139252,foundation,2025-10-17 18:00:13,,,,,,,,not_contacted,no,no,,,,high
Ujala Foundation,263274193,Bonita Springs,FL,T20,,https://projects.propublica.org/nonprofits/organizations/263274193,foundation,2025-10-17 18:00:13,,,,,,,,not_contacted,no,no,,,,high
Melville Foundation,222777140,N Palm Beach,FL,,,https://projects.propublica.org/nonprofits/organizations/222777140,foundation,2025-10-17 18:00:13,,,,,,,,not_contacted,no,no,,,,high
Rsps Foundation,922576228,Delray Beach,FL,T20,,https://projects.propublica.org/nonprofits/organizations/922576228,foundation,2025-10-17 18:00:13,,,,,,,,not_contacted,no,no,,,,high
Shaluly Foundation,462860780,Safety Harbor,FL,T31,,https://projects.propublica.org/nonprofits/organizations/462860780,foundation,2025-10-17 18:00:13,,,,,,,,not_contacted,no,no,,,,high
Wescustogo Foundation,203848164,Captiva,FL,T20,,https://projects.propublica.org/nonprofits/organizations/203848164,foundation,2025-10-17 18:00:13,,,,,,,,not_contacted,no,no,,,,high
Harder Foundation,386048242,Naples,FL,,,https://projects.propublica.org/nonprofits/organizations/386048242,foundation,2025-10-17 18:00:13,,,,,,,,not_contacted,no,no,,,,high
Schoen Foundation,650379356,Naples,FL,,,https://projects.propublica.org/nonprofits/organizations/650379356,foundation,2025-10-17 18:00:13,,,,,,,,not_contacted,no,no,,,,high
Cadena Foundation,812702562,Hallandle Bch,FL,Q33,,https://projects.propublica.org/nonprofits/organizations/812702562,foundation,2025-10-17 18:00:13,,,,,,,,not_contacted,no,no,,,,high
Preeclampsia Foundation,912073087,Melbourne,FL,H80,,https://projects.propublica.org/nonprofits/organizations/912073087,foundation,2025-10-17 18:00:13,,,,,,,,not_contacted,no,no,,,,high
Lr Foundation,932326341,Miami,FL,T20,,https://projects.propublica.org/nonprofits/organizations/932326341,foundation,2025-10-17 18:00:13,,,,,,,,not_contacted,no,no,,,,high
Faith Foundations,994703566,Bonifay,FL,X20,,https://projects.propublica.org/nonprofits/organizations/994703566,foundations,2025-10-17 18:00:14,,,,,,,,not_contacted,no,no,,,,high
Pouring Foundations,934207597,Cantonment,FL,Z99,,https://projects.propublica.org/nonprofits/organizations/934207597,foundations,2025-10-17 18:00:14,,,,,,,,not_contacted,no,no,,,,high
Turner Foundations,832852821,St Petersburg,FL,J30,,https://projects.propublica.org/nonprofits/organizations/832852821,foundations,2025-10-17 18:00:14,,,,,,,,not_contacted,no,no,,,,high
Victorious Foundations,824512308,Jacksonville,FL,K99,,https://projects.propublica.org/nonprofits/organizations/824512308,foundations,2025-10-17 18:00:14,,,,,,,,not_contacted,no,no,,,,high
Massey Legacy Foundation Inc,921241612,Ocoee,FL,T31,,https://projects.propublica.org/nonprofits/organizations/921241612,foundations,2025-10-17 18:00:14,,,,,,,,not_contacted,no,no,,,,high
Mightycause Charitable Foundation,272499903,Marianna,FL,T50,,https://projects.propublica.org/nonprofits/organizations/272499903,charitable foundation,2025-10-17 18:00:15,,,,,,,,not_contacted,no,no,,,,high
Moore Charitable Foundation,922765938,Sanford,FL,,,https://projects.propublica.org/nonprofits/organizations/922765938,charitable foundation,2025-10-17 18:00:15,,,,,,,,not_contacted,no,no,,,,high
Fanatics Charitable Foundation,921289552,Jacksonville,FL,T11,,https://projects.propublica.org/nonprofits/organizations/921289552,charitable foundation,2025-10-17 18:00:15,,,,,,,,not_contacted,no,no,,,,high
Ventus Charitable Foundation,472853600,Palm Bch Gdns,FL,T20,,https://projects.propublica.org/nonprofits/organizations/472853600,charitable foundation,2025-10-17 18:00:15,,,,,,,,not_contacted,no,no,,,,high
Turquoise Charitable Foundation,871174327,Clearwater,FL,T20,,https://projects.propublica.org/nonprofits/organizations/871174327,charitable foundation,2025-10-17 18:00:15,,,,,,,,not_contacted,no,no,,,,high
Fora Charitable Foundation,921437986,Miami,FL,T20,,https://projects.propublica.org/nonprofits/organizations/921437986,charitable foundation,2025-10-17 18:00:15,,,,,,,,not_contacted,no,no,,,,high
Relgalf Charitable Foundation,596874133,West Palm Bch,FL,,,https://projects.propublica.org/nonprofits/organizations/596874133,charitable foundation,2025-10-17 18:00:15,,,,,,,,not_contacted,no,no,,,,high
Ahuja Charitable Foundation,341685088,Naples,FL,,,https://projects.propublica.org/nonprofits/organizations/341685088,charitable foundation,2025-10-17 18:00:15,,,,,,,,not_contacted,no,no,,,,high
Wynne Charitable Foundation,261583201,Miami,FL,T20,,https://projects.propublica.org/nonprofits/organizations/261583201,charitable foundation,2025-10-17 18:00:15,,,,,,,,not_contacted,no,no,,,,high
Byby Charitable Foundation,471679016,Surfside,FL,T22,,https://projects.propublica.org/nonprofits/organizations/471679016,charitable foundation,2025-10-17 18:00:15,,,,,,,,not_contacted,no,no,,,,high
Sunshine Charitable Foundation,883462136,Doral,FL,T99,,https://projects.propublica.org/nonprofits/organizations/883462136,charitable foundation,2025-10-17 18:00:15,,,,,,,,not_contacted,no,no,,,,high
Mihalich Charitable Foundation,843987414,Delray Beach,FL,T20,,https://projects.propublica.org/nonprofits/organizations/843987414,charitable foundation,2025-10-17 18:00:15,,,,,,,,not_contacted,no,no,,,,high
Nubren Charitable Foundation,134011269,Surfside,FL,T22,,https://projects.propublica.org/nonprofits/organizations/134011269,charitable foundation,2025-10-17 18:00:15,,,,,,,,not_contacted,no,no,,,,high
Eden Charitable Foundation,232706163,Jupiter,FL,,,https://projects.propublica.org/nonprofits/organizations/232706163,charitable foundation,2025-10-17 18:00:15,,,,,,,,not_contacted,no,no,,,,high
Rb Charitable Foundation,854291663,Palm Bch Gdns,FL,T20,,https://projects.propublica.org/nonprofits/organizations/854291663,charitable foundation,2025-10-17 18:00:15,,,,,,,,not_contacted,no,no,,,,high
Dl Charitable Foundation,205321479,Sarasota,FL,T22,,https://projects.propublica.org/nonprofits/organizations/205321479,charitable foundation,2025-10-17 18:00:15,,,,,,,,not_contacted,no,no,,,,high
Gureghian Charitable Foundation,272512489,Palm Beach,FL,T22,,https://projects.propublica.org/nonprofits/organizations/272512489,charitable foundation,2025-10-17 18:00:15,,,,,,,,not_contacted,no,no,,,,high
Wow Charitable Foundation,274344349,Green Cove Springs,FL,T20,,https://projects.propublica.org/nonprofits/organizations/274344349,charitable foundation,2025-10-17 18:00:15,,,,,,,,not_contacted,no,no,,,,high
Beckett Charitable Foundation,541188521,The Villages,FL,,,https://projects.propublica.org/nonprofits/organizations/541188521,charitable foundation,2025-10-17 18:00:15,,,,,,,,not_contacted,no,no,,,,high
Duo Charitable Foundation,586365349,Ponte Vedra,FL,T20Z,,https://projects.propublica.org/nonprofits/organizations/586365349,charitable foundation,2025-10-17 18:00:15,,,,,,,,not_contacted,no,no,,,,high
Hubert Charitable Foundation,721462516,N Ft Myers,FL,T22,,https://projects.propublica.org/nonprofits/organizations/721462516,charitable foundation,2025-10-17 18:00:15,,,,,,,,not_contacted,no,no,,,,high
Hascoe Charitable Foundation,43647404,Fisher Island,FL,T21,,https://projects.propublica.org/nonprofits/organizations/43647404,charitable foundation,2025-10-17 18:00:15,,,,,,,,not_contacted,no,no,,,,high
Stuhley Charitable Foundation,882706164,Nokomis,FL,P20,,https://projects.propublica.org/nonprofits/organizations/882706164,charitable foundation,2025-10-17 18:00:15,,,,,,,,not_contacted,no,no,,,,high
Charitable Foundation Usa,431783807,Naples,FL,T70,,https://projects.propublica.org/nonprofits/organizations/431783807,charitable foundation,2025-10-17 18:00:15,,,,,,,,not_contacted,no,no,,,,high
Uriel Charitable Foundation,133386873,Boca Raton,FL,T20,,https://projects.propublica.org/nonprofits/organizations/133386873,charitable foundation,2025-10-17 18:00:15,,,,,,,,not_contacted,no,no,,,,high
Berges Family Foundation,471426743,Vero Beach,FL,W99,,https://projects.propublica.org/nonprofits/organizations/471426743,family foundation,2025-10-17 18:00:17,,,,,,,,not_contacted,no,no,,,,high
Edwardson Family Foundation,363757845,Boca Grande,FL,,,https://projects.propublica.org/nonprofits/organizations/363757845,family foundation,2025-10-17 18:00:17,,,,,,,,not_contacted,no,no,,,,high
Vinik Family Foundation,911917506,Tampa,FL,B82,,https://projects.propublica.org/nonprofits/organizations/911917506,family foundation,2025-10-17 18:00:17,,,,,,,,not_contacted,no,no,,,,high
Hayes Family Foundation,372168030,Sarasota,FL,B19,,https://projects.propublica.org/nonprofits/organizations/372168030,family foundation,2025-10-17 18:00:17,,,,,,,,not_contacted,no,no,,,,high
Youngquist Family Foundation,332449996,Naples,FL,T20,,https://projects.propublica.org/nonprofits/organizations/332449996,family foundation,2025-10-17 18:00:17,,,,,,,,not_contacted,no,no,,,,high
Kmj Family Foundation,260554486,Bonita Spgs,FL,T22,,https://projects.propublica.org/nonprofits/organizations/260554486,family foundation,2025-10-17 18:00:17,,,,,,,,not_contacted,no,no,,,,high
Ferri Family Foundation,464350290,Key Largo,FL,T20,,https://projects.propublica.org/nonprofits/organizations/464350290,family foundation,2025-10-17 18:00:17,,,,,,,,not_contacted,no,no,,,,high
Scaife Family Foundation,251427015,West Palm Beach,FL,,,https://projects.propublica.org/nonprofits/organizations/251427015,family foundation,2025-10-17 18:00:17,,,,,,,,not_contacted,no,no,,,,high
Straz Family Foundation,391776211,Tampa,FL,T99Z,,https://projects.propublica.org/nonprofits/organizations/391776211,family foundation,2025-10-17 18:00:17,,,,,,,,not_contacted,no,no,,,,high
Hayes Family Foundation,823120634,Ft Lauderdale,FL,T22,,https://projects.propublica.org/nonprofits/organizations/823120634,family foundation,2025-10-17 18:00:17,,,,,,,,not_contacted,no,no,,,,high
Adams Family Foundation,461605016,Naples,FL,T20,,https://projects.propublica.org/nonprofits/organizations/461605016,family foundation,2025-10-17 18:00:17,,,,,,,,not_contacted,no,no,,,,high
Prentice Family Foundation,202557712,Jacksonville,FL,T20,,https://projects.propublica.org/nonprofits/organizations/202557712,family foundation,2025-10-17 18:00:17,,,,,,,,not_contacted,no,no,,,,high
Hayes Family Foundation,823326755,Jupiter,FL,T20,,https://projects.propublica.org/nonprofits/organizations/823326755,family foundation,2025-10-17 18:00:17,,,,,,,,not_contacted,no,no,,,,high
Winston Family Foundation,592678732,Jacksonville,FL,,,https://projects.propublica.org/nonprofits/organizations/592678732,family foundation,2025-10-17 18:00:17,,,,,,,,not_contacted,no,no,,,,high
Skl Family Foundation,455537478,Nokomis,FL,P12,,https://projects.propublica.org/nonprofits/organizations/455537478,family foundation,2025-10-17 18:00:17,,,,,,,,not_contacted,no,no,,,,high
Cline Family Foundation,262866189,Palm Bch Gdns,FL,T22,,https://projects.propublica.org/nonprofits/organizations/262866189,family foundation,2025-10-17 18:00:17,,,,,,,,not_contacted,no,no,,,,high
Stiller Family Foundation,820542046,West Palm Bch,FL,P50,,https://projects.propublica.org/nonprofits/organizations/820542046,family foundation,2025-10-17 18:00:17,,,,,,,,not_contacted,no,no,,,,high
Almira Family Foundation,205116468,Fort Myers,FL,T20,,https://projects.propublica.org/nonprofits/organizations/205116468,family foundation,2025-10-17 18:00:17,,,,,,,,not_contacted,no,no,,,,high
Abbhi Family Foundation,843757532,Coral Gables,FL,T99,,https://projects.propublica.org/nonprofits/organizations/843757532,family foundation,2025-10-17 18:00:17,,,,,,,,not_contacted,no,no,,,,high
Abramson Family Foundation,311482888,Jupiter,FL,T20Z,,https://projects.propublica.org/nonprofits/organizations/311482888,family foundation,2025-10-17 18:00:17,,,,,,,,not_contacted,no,no,,,,high
Falic Family Foundation,202734770,Hollywood,FL,T20,,https://projects.propublica.org/nonprofits/organizations/202734770,family foundation,2025-10-17 18:00:17,,,,,,,,not_contacted,no,no,,,,high
Fruth Family Foundation,710956112,Bonita Spgs,FL,T21,,https://projects.propublica.org/nonprofits/organizations/710956112,family foundation,2025-10-17 18:00:17,,,,,,,,not_contacted,no,no,,,,high
Ruane Family Foundation,461612574,N Palm Beach,FL,T22,,https://projects.propublica.org/nonprofits/organizations/461612574,family foundation,2025-10-17 18:00:17,,,,,,,,not_contacted,no,no,,,,high
Wong Family Foundation,471376636,Palm City,FL,T20,,https://projects.propublica.org/nonprofits/organizations/471376636,family foundation,2025-10-17 18:00:17,,,,,,,,not_contacted,no,no,,,,high
Hosseini Family Foundation,841947963,Daytona Beach,FL,T22,,https://projects.propublica.org/nonprofits/organizations/841947963,family foundation,2025-10-17 18:00:17,,,,,,,,not_contacted,no,no,,,,high
Community Service Foundation,590866939,Clearwater,FL,,,https://projects.propublica.org/nonprofits/organizations/590866939,community foundation,2025-10-17 18:00:18,,,,,,,,not_contacted,no,no,,,,high
Bethel Community Foundation,593391995,St Petersburg,FL,B24,,https://projects.propublica.org/nonprofits/organizations/593391995,community foundation,2025-10-17 18:00:18,,,,,,,,not_contacted,no,no,,,,high
Angelink Community Foundation,852671534,Naples,FL,,,https://projects.propublica.org/nonprofits/organizations/852671534,community foundation,2025-10-17 18:00:18,,,,,,,,not_contacted,no,no,,,,high
Wellcare Community Foundation,274212954,Tampa,FL,T20,,https://projects.propublica.org/nonprofits/organizations/274212954,community foundation,2025-10-17 18:00:18,,,,,,,,not_contacted,no,no,,,,high
Community First Foundation,201107861,Panama City,FL,T31,,https://projects.propublica.org/nonprofits/organizations/201107861,community foundation,2025-10-17 18:00:18,,,,,,,,not_contacted,no,no,,,,high
Community Awareness Foundation,821395382,Miami,FL,P20,,https://projects.propublica.org/nonprofits/organizations/821395382,community foundation,2025-10-17 18:00:18,,,,,,,,not_contacted,no,no,,,,high
Community Wellness Foundation,460892277,Sarasota,FL,O50,,https://projects.propublica.org/nonprofits/organizations/460892277,community foundation,2025-10-17 18:00:18,,,,,,,,not_contacted,no,no,,,,high
Link Community Foundation,920725529,Sarasota,FL,S11,,https://projects.propublica.org/nonprofits/organizations/920725529,community foundation,2025-10-17 18:00:18,,,,,,,,not_contacted,no,no,,,,high
Palms Community Foundation,464129403,Ft Lauderdale,FL,S20,,https://projects.propublica.org/nonprofits/organizations/464129403,community foundation,2025-10-17 18:00:18,,,,,,,,not_contacted,no,no,,,,high
Placida Community Foundation,473358590,Placida,FL,B82,,https://projects.propublica.org/nonprofits/organizations/473358590,community foundation,2025-10-17 18:00:18,,,,,,,,not_contacted,no,no,,,,high
Zazza Community Foundation,462658414,Melbourne,FL,O12,,https://projects.propublica.org/nonprofits/organizations/462658414,community foundation,2025-10-17 18:00:18,,,,,,,,not_contacted,no,no,,,,high
Community Forum Foundation,830780284,Fort Myers,FL,S20,,https://projects.propublica.org/nonprofits/organizations/830780284,community foundation,2025-10-17 18:00:18,,,,,,,,not_contacted,no,no,,,,high
Community Foundation Inc,933691841,Daytona Beach,FL,N50,,https://projects.propublica.org/nonprofits/organizations/933691841,community foundation,2025-10-17 18:00:18,,,,,,,,not_contacted,no,no,,,,high
Cornerstone Community Foundation,933618902,Fort Myers,FL,T23,,https://projects.propublica.org/nonprofits/organizations/933618902,community foundation,2025-10-17 18:00:18,,,,,,,,not_contacted,no,no,,,,high
Esteam Community Foundation Incorporated,810930229,Orlando,FL,T30,,https://projects.propublica.org/nonprofits/organizations/810930229,community foundation,2025-10-17 18:00:18,,,,,,,,not_contacted,no,no,,,,high
Gilead Community Foundation Inc,863765448,Miami,FL,S20,,https://projects.propublica.org/nonprofits/organizations/863765448,community foundation,2025-10-17 18:00:18,,,,,,,,not_contacted,no,no,,,,high
Pinellas Community Foundation,237113194,Clearwater,FL,T31Z,,https://projects.propublica.org/nonprofits/organizations/237113194,community foundation,2025-10-17 18:00:18,,,,,,,,not_contacted,no,no,,,,high
Givewell Community Foundation Inc,593649871,Lakeland,FL,T31,,https://projects.propublica.org/nonprofits/organizations/593649871,community foundation,2025-10-17 18:00:18,,,,,,,,not_contacted,no,no,,,,high
Collier Community Foundation Inc,592396243,Naples,FL,,,https://projects.propublica.org/nonprofits/organizations/592396243,community foundation,2025-10-17 18:00:18,,,,,,,,not_contacted,no,no,,,,high
Indian River Community Foundation,201729243,Vero Beach,FL,T31,,https://projects.propublica.org/nonprofits/organizations/201729243,community foundation,2025-10-17 18:00:18,,,,,,,,not_contacted,no,no,,,,high
Manatee Community Foundation Inc,650833500,Bradenton,FL,T31,,https://projects.propublica.org/nonprofits/organizations/650833500,community foundation,2025-10-17 18:00:18,,,,,,,,not_contacted,no,no,,,,high
Charlotte Community Foundation Inc,650455319,Punta Gorda,FL,T310,,https://projects.propublica.org/nonprofits/organizations/650455319,community foundation,2025-10-17 18:00:18,,,,,,,,not_contacted,no,no,,,,high
Community Police Relations Foundation,823570045,Miami Beach,FL,T12,,https://projects.propublica.org/nonprofits/organizations/823570045,community foundation,2025-10-17 18:00:18,,,,,,,,not_contacted,no,no,,,,high
Lba Community Foundation Inc,465646185,Coral Gables,FL,,,https://projects.propublica.org/nonprofits/organizations/465646185,community foundation,2025-10-17 18:00:18,,,,,,,,not_contacted,no,no,,,,high
Cape Coral Community Foundation,237410312,Cape Coral,FL,T31,,https://projects.propublica.org/nonprofits/organizations/237410312,community foundation,2025-10-17 18:00:18,,,,,,,,not_contacted,no,no,,,,high
Bartholomew Private Foundation,262198972,Naples,FL,T20,,https://projects.propublica.org/nonprofits/organizations/262198972,private foundation,2025-10-17 18:00:19,,,,,,,,not_contacted,no,no,,,,high
Jath Private Foundation,856802069,Venice,FL,,,https://projects.propublica.org/nonprofits/organizations/856802069,private foundation,2025-10-17 18:00:19,,,,,,,,not_contacted,no,no,,,,high
Tehra Private Foundation,866662141,St Petersburg,FL,,,https://projects.propublica.org/nonprofits/organizations/866662141,private foundation,2025-10-17 18:00:19,,,,,,,,not_contacted,no,no,,,,high
Mufuka Private Foundation,371465512,St Petersburg,FL,B92,,https://projects.propublica.org/nonprofits/organizations/371465512,private foundation,2025-10-17 18:00:19,,,,,,,,not_contacted,no,no,,,,high
Umalinda Private Foundation,271529353,Hollywood,FL,B90,,https://projects.propublica.org/nonprofits/organizations/271529353,private foundation,2025-10-17 18:00:19,,,,,,,,not_contacted,no,no,,,,high
Wooldridge Private Foundation,921315465,Fort Lauderdale,FL,,,https://projects.propublica.org/nonprofits/organizations/921315465,private foundation,2025-10-17 18:00:19,,,,,,,,not_contacted,no,no,,,,high
Teh Private Foundation,276969895,Miami Beach,FL,T20,,https://projects.propublica.org/nonprofits/organizations/276969895,private foundation,2025-10-17 18:00:19,,,,,,,,not_contacted,no,no,,,,high
Crawford Howard Private Foundation,650756107,West Palm Bch,FL,T30Z,,https://projects.propublica.org/nonprofits/organizations/650756107,private foundation,2025-10-17 18:00:19,,,,,,,,not_contacted,no,no,,,,high
Salie Family Private Foundation,311595419,Sarasota,FL,X20Z,,https://projects.propublica.org/nonprofits/organizations/311595419,private foundation,2025-10-17 18:00:19,,,,,,,,not_contacted,no,no,,,,high
Fricks Private Foundation Tr,656387910,Naples,FL,T22,,https://projects.propublica.org/nonprofits/organizations/656387910,private foundation,2025-10-17 18:00:19,,,,,,,,not_contacted,no,no,,,,high
Kristine Olsen Private Foundation,656400516,North Palm Beach,FL,T230,,https://projects.propublica.org/nonprofits/organizations/656400516,private foundation,2025-10-17 18:00:19,,,,,,,,not_contacted,no,no,,,,high
Kate Obstgarten Private Foundation,201567943,Boca Raton,FL,T20,,https://projects.propublica.org/nonprofits/organizations/201567943,private foundation,2025-10-17 18:00:19,,,,,,,,not_contacted,no,no,,,,high
David Friedman Private Foundation,264582066,Boca Raton,FL,T22,,https://projects.propublica.org/nonprofits/organizations/264582066,private foundation,2025-10-17 18:00:19,,,,,,,,not_contacted,no,no,,,,high
Mcb Private Foundation Inc,812212003,Santa Rsa Bch,FL,T22,,https://projects.propublica.org/nonprofits/organizations/812212003,private foundation,2025-10-17 18:00:19,,,,,,,,not_contacted,no,no,,,,high
Stan Fried Private Foundation,651022940,North Palm Beach,FL,T22,,https://projects.propublica.org/nonprofits/organizations/651022940,private foundation,2025-10-17 18:00:19,,,,,,,,not_contacted,no,no,,,,high
Egger Private Foundation Inc,650746709,Fort Myers,FL,,,https://projects.propublica.org/nonprofits/organizations/650746709,private foundation,2025-10-17 18:00:19,,,,,,,,not_contacted,no,no,,,,high
Littleton Private Family Foundation,872746004,Longwood,FL,T20,,https://projects.propublica.org/nonprofits/organizations/872746004,private foundation,2025-10-17 18:00:19,,,,,,,,not_contacted,no,no,,,,high
Oconnell Private Family Foundation,473939104,Bonita Spgs,FL,T20,,https://projects.propublica.org/nonprofits/organizations/473939104,private foundation,2025-10-17 18:00:19,,,,,,,,not_contacted,no,no,,,,high
Silberstein Family Private Foundation,874108797,Hollywood,FL,T99,,https://projects.propublica.org/nonprofits/organizations/874108797,private foundation,2025-10-17 18:00:19,,,,,,,,not_contacted,no,no,,,,high
Giving Private Family Foundation,926643987,Fort Walton Beach,FL,A70,,https://projects.propublica.org/nonprofits/organizations/926643987,private foundation,2025-10-17 18:00:19,,,,,,,,not_contacted,no,no,,,,high
Private Key Foundation Inc,841948159,Miami,FL,B12,,https://projects.propublica.org/nonprofits/organizations/841948159,private foundation,2025-10-17 18:00:19,,,,,,,,not_contacted,no,no,,,,high
Turning Point Private Foundation,871490574,P C Beach,FL,T20,,https://projects.propublica.org/nonprofits/organizations/871490574,private foundation,2025-10-17 18:00:19,,,,,,,,not_contacted,no,no,,,,high
Mcdermott Private Foundation,656062921,North Palm Beach,FL,,,https://projects.propublica.org/nonprofits/organizations/656062921,private foundation,2025-10-17 18:00:19,,,,,,,,not_contacted,no,no,,,,high
Bayfront Privat Foundation,592953803,P C Beach,FL,,,https://projects.propublica.org/nonprofits/organizations/592953803,private foundation,2025-10-17 18:00:19,,,,,,,,not_contacted,no,no,,,,high
Langham Private Foundation Tr,926361152,Sarasota,FL,T20,,https://projects.propublica.org/nonprofits/organizations/926361152,private foundation,2025-10-17 18:00:19,,,,,,,,not_contacted,no,no,,,,high
Corporate Creations Foundation Inc,208077460,Palm Beach Gardens,FL,T31,,https://projects.propublica.org/nonprofits/organizations/208077460,corporate foundation,2025-10-17 18:00:20,,,,,,,,not_contacted,no,no,,,,high
Corporate Social Responsibilty Foundation Inc,271182867,Miami,FL,B03,,https://projects.propublica.org/nonprofits/organizations/271182867,corporate foundation,2025-10-17 18:00:20,,,,,,,,not_contacted,no,no,,,,high
Pit Stop Corporate Foundation Inc,854269259,Sarasota,FL,P99,,https://projects.propublica.org/nonprofits/organizations/854269259,corporate foundation,2025-10-17 18:00:20,,,,,,,,not_contacted,no,no,,,,high
Women Corporate Directors Education And Development Foundation Inc,460910287,Palm Bch Gdns,FL,S03,,https://projects.propublica.org/nonprofits/organizations/460910287,corporate foundation,2025-10-17 18:00:20,,,,,,,,not_contacted,no,no,,,,high
The Carmen And Joe Unanue Family Foundation A Nj Nonprofit Corporat,223382542,West Palm Beach,FL,T22Z,,https://projects.propublica.org/nonprofits/organizations/223382542,corporate foundation,2025-10-17 18:00:20,,,,,,,,not_contacted,no,no,,,,high
Lance Corporal Justin J Wilson Us Marines Memorial Foundation Inc,800638842,The Villages,FL,P20,,https://projects.propublica.org/nonprofits/organizations/800638842,corporate foundation,2025-10-17 18:00:20,,,,,,,,not_contacted,no,no,,,,high
Arison Arts Foundation,137450689,Coral Gables,FL,T22,,https://projects.propublica.org/nonprofits/organizations/137450689,arts,2025-10-17 18:00:21,,,,,,,,not_contacted,no,no,,,,high
Foundation4 Arts Inc,473242187,Tallahassee,FL,P20,,https://projects.propublica.org/nonprofits/organizations/473242187,arts,2025-10-17 18:00:21,,,,,,,,not_contacted,no,no,,,,high
Basser Arts Foundation,133193560,Palm Beach Gardens,FL,,,https://projects.propublica.org/nonprofits/organizations/133193560,arts,2025-10-17 18:00:21,,,,,,,,not_contacted,no,no,,,,high
Latin Grammy Cultural Foundation,464770436,Doral,FL,A68,,https://projects.propublica.org/nonprofits/organizations/464770436,cultural,2025-10-17 18:00:23,,,,,,,,not_contacted,no,no,,,,high
Targhee Music Foundation,472340433,Belleair Bluffs,FL,N20,,https://projects.propublica.org/nonprofits/organizations/472340433,music,2025-10-17 18:00:24,,,,,,,,not_contacted,no,no,,,,high
Movement Dance Foundation,861808269,Miami,FL,A62,,https://projects.propublica.org/nonprofits/organizations/861808269,dance,2025-10-17 18:00:26,,,,,,,,not_contacted,no,no,,,,high
Visual Arts Center Endowment Trust Inc,263606606,Punta Gorda,FL,A112,,https://projects.propublica.org/nonprofits/organizations/263606606,visual arts,2025-10-17 18:00:27,,,,,,,,not_contacted,no,no,,,,high
Orlando Visual Performing Arts Foundation Inc,334615608,Oviedo,FL,A25,,https://projects.propublica.org/nonprofits/organizations/334615608,visual arts,2025-10-17 18:00:27,,,,,,,,not_contacted,no,no,,,,high
Victor Agnoni Visual Arts Foundation Inc,815467132,Winter Park,FL,A40,,https://projects.propublica.org/nonprofits/organizations/815467132,visual arts,2025-10-17 18:00:27,,,,,,,,not_contacted,no,no,,,,high
Arts Ensemble Education Foundationinc,208151336,Lake Wales,FL,A250,,https://projects.propublica.org/nonprofits/organizations/208151336,arts education,2025-10-17 18:00:29,,,,,,,,not_contacted,no,no,,,,high
Florida Education And Arts Trust,933022791,Palm Beach,FL,T20,,https://projects.propublica.org/nonprofits/organizations/933022791,arts education,2025-10-17 18:00:29,,,,,,,,not_contacted,no,no,,,,high
Legacy Education And Arts Foundation,842892928,Ocoee,FL,P20,,https://projects.propublica.org/nonprofits/organizations/842892928,arts education,2025-10-17 18:00:29,,,,,,,,not_contacted,no,no,,,,high
Foundation For Art Research & Education,133568620,Naples,FL,,,https://projects.propublica.org/nonprofits/organizations/133568620,arts education,2025-10-17 18:00:29,,,,,,,,not_contacted,no,no,,,,high
Capoeira Cultural Arts Foundation Inc,831555457,Boynton Beach,FL,A20,,https://projects.propublica.org/nonprofits/organizations/831555457,cultural arts,2025-10-17 18:00:30,,,,,,,,not_contacted,no,no,,,,high
Millennium Cultural Arts Foundation Inc,393095891,Cooper City,FL,A63,,https://projects.propublica.org/nonprofits/organizations/393095891,cultural arts,2025-10-17 18:00:30,,,,,,,,not_contacted,no,no,,,,high
Asian   American Cultural Arts Foundation Inc,461059897,Sunrise,FL,A99,,https://projects.propublica.org/nonprofits/organizations/461059897,cultural arts,2025-10-17 18:00:30,,,,,,,,not_contacted,no,no,,,,high
Tnl Performing Arts Foundation,882795027,Tallahassee,FL,A61,,https://projects.propublica.org/nonprofits/organizations/882795027,performing arts,2025-10-17 18:00:31,,,,,,,,not_contacted,no,no,,,,high
International Performing Arts Foundation,474757421,Miami,FL,A62,,https://projects.propublica.org/nonprofits/organizations/474757421,performing arts,2025-10-17 18:00:31,,,,,,,,not_contacted,no,no,,,,high
Broward Performing Arts Foundation Inc,592657043,Ft Lauderdale,FL,,,https://projects.propublica.org/nonprofits/organizations/592657043,performing arts,2025-10-17 18:00:31,,,,,,,,not_contacted,no,no,,,,high
Okeechobee Educational Foundation,650219235,Okeechobee,FL,B95Z,,https://projects.propublica.org/nonprofits/organizations/650219235,educational,2025-10-17 18:00:34,,,,,,,,not_contacted,no,no,,,,high
Osman Educational Foundation,383420052,Belleair Bluff,FL,T20Z,,https://projects.propublica.org/nonprofits/organizations/383420052,educational,2025-10-17 18:00:34,,,,,,,,not_contacted,no,no,,,,high
Global Educational Foundation,990437647,Hollywood,FL,T30,,https://projects.propublica.org/nonprofits/organizations/990437647,educational,2025-10-17 18:00:34,,,,,,,,not_contacted,no,no,,,,high
Compass Educational Foundation,465276997,Sanford,FL,B40,,https://projects.propublica.org/nonprofits/organizations/465276997,educational,2025-10-17 18:00:34,,,,,,,,not_contacted,no,no,,,,high
Educational Philanthropic Foundation,995098366,Delray Beach,FL,M40,,https://projects.propublica.org/nonprofits/organizations/995098366,educational,2025-10-17 18:00:34,,,,,,,,not_contacted,no,no,,,,high
Hibernian Educational Foundation,464726641,Naples,FL,B82,,https://projects.propublica.org/nonprofits/organizations/464726641,educational,2025-10-17 18:00:34,,,,,,,,not_contacted,no,no,,,,high
Jackson Educational Foundation,811193047,Tampa,FL,B99,,https://projects.propublica.org/nonprofits/organizations/811193047,educational,2025-10-17 18:00:34,,,,,,,,not_contacted,no,no,,,,high
Allied Educational Foundation,136202432,Palm Bch Gdns,FL,,,https://projects.propublica.org/nonprofits/organizations/136202432,educational,2025-10-17 18:00:34,,,,,,,,not_contacted,no,no,,,,high
Apcc Educational Foundation,334719773,Avon Park,FL,B12,,https://projects.propublica.org/nonprofits/organizations/334719773,educational,2025-10-17 18:00:34,,,,,,,,not_contacted,no,no,,,,high
Cornwall College Foundation,830566106,Miramar,FL,P20,,https://projects.propublica.org/nonprofits/organizations/830566106,college,2025-10-17 18:00:39,,,,,,,,not_contacted,no,no,,,,high
Learning Ground Foundation,272405391,Tampa,FL,A25,,https://projects.propublica.org/nonprofits/organizations/272405391,learning,2025-10-17 18:00:40,,,,,,,,not_contacted,no,no,,,,high
Chamber Learning Foundation,834001091,Doral,FL,P20,,https://projects.propublica.org/nonprofits/organizations/834001091,learning,2025-10-17 18:00:40,,,,,,,,not_contacted,no,no,,,,high
Exposed Learning Foundation,833778224,Orlando,FL,O50,,https://projects.propublica.org/nonprofits/organizations/833778224,learning,2025-10-17 18:00:40,,,,,,,,not_contacted,no,no,,,,high
Bwi Scholarship Fund,822948311,Jacksonville,FL,B82,,https://projects.propublica.org/nonprofits/organizations/822948311,scholarship,2025-10-17 18:00:41,,,,,,,,not_contacted,no,no,,,,high
Fairfaxwood Scholarship Foundation,822523335,Boca Raton,FL,T20,,https://projects.propublica.org/nonprofits/organizations/822523335,scholarship,2025-10-17 18:00:41,,,,,,,,not_contacted,no,no,,,,high
Nail Scholarship Foundation,300729447,Coral Gables,FL,B82,,https://projects.propublica.org/nonprofits/organizations/300729447,scholarship,2025-10-17 18:00:41,,,,,,,,not_contacted,no,no,,,,high
Hollar Scholarship Foundation,208409933,Orlando,FL,T20,,https://projects.propublica.org/nonprofits/organizations/208409933,scholarship,2025-10-17 18:00:41,,,,,,,,not_contacted,no,no,,,,high
Minnesouri Scholarship Foundation,431929305,Marco Island,FL,B82,,https://projects.propublica.org/nonprofits/organizations/431929305,scholarship,2025-10-17 18:00:41,,,,,,,,not_contacted,no,no,,,,high
758 Scholarship Foundation,881559695,Orlando,FL,B82,,https://projects.propublica.org/nonprofits/organizations/881559695,scholarship,2025-10-17 18:00:41,,,,,,,,not_contacted,no,no,,,,high
Higginbotham Scholarship Foundation,593737977,Cocoa,FL,B82,,https://projects.propublica.org/nonprofits/organizations/593737977,scholarship,2025-10-17 18:00:41,,,,,,,,not_contacted,no,no,,,,high
Mcleod Scholarship Foundation,824898907,Orange Park,FL,B82,,https://projects.propublica.org/nonprofits/organizations/824898907,scholarship,2025-10-17 18:00:41,,,,,,,,not_contacted,no,no,,,,high
Fauquier Scholarship Fund,546123242,Orlando,FL,,,https://projects.propublica.org/nonprofits/organizations/546123242,scholarship,2025-10-17 18:00:41,,,,,,,,not_contacted,no,no,,,,high
Crew Scholarship Foundation,993235744,Winter Garden,FL,B82,,https://projects.propublica.org/nonprofits/organizations/993235744,scholarship,2025-10-17 18:00:41,,,,,,,,not_contacted,no,no,,,,high
Her Scholarship Fund,991089598,Orlando,FL,A12,,https://projects.propublica.org/nonprofits/organizations/991089598,scholarship,2025-10-17 18:00:41,,,,,,,,not_contacted,no,no,,,,high
Flcarh Scholarship Foundation Inc,264784058,Clearwater,FL,B82,,https://projects.propublica.org/nonprofits/organizations/264784058,scholarship,2025-10-17 18:00:41,,,,,,,,not_contacted,no,no,,,,high
Valencia I Williams Scholarship Fund,462705890,Orlando,FL,P60,,https://projects.propublica.org/nonprofits/organizations/462705890,scholarship,2025-10-17 18:00:41,,,,,,,,not_contacted,no,no,,,,high
Global Student Fund,611959171,Hallandle Bch,FL,T20,,https://projects.propublica.org/nonprofits/organizations/611959171,student,2025-10-17 18:00:42,,,,,,,,not_contacted,no,no,,,,high
Efam Student Foundation Inc,273478599,Miami,FL,B90,,https://projects.propublica.org/nonprofits/organizations/273478599,student,2025-10-17 18:00:42,,,,,,,,not_contacted,no,no,,,,high
Lao American Student Foundation,880830215,St Petersburg,FL,O99,,https://projects.propublica.org/nonprofits/organizations/880830215,student,2025-10-17 18:00:42,,,,,,,,not_contacted,no,no,,,,high
Social Circle Foundation,823346161,Miami,FL,T20,,https://projects.propublica.org/nonprofits/organizations/823346161,social,2025-10-17 18:00:45,,,,,,,,not_contacted,no,no,,,,high
Social Strategies Foundation,820649478,Jacksonville,FL,P30,,https://projects.propublica.org/nonprofits/organizations/820649478,social,2025-10-17 18:00:45,,,,,,,,not_contacted,no,no,,,,high
Broward Public Library Foundation,592224746,Ft Lauderdale,FL,B71I,,https://projects.propublica.org/nonprofits/organizations/592224746,public,2025-10-17 18:00:47,,,,,,,,not_contacted,no,no,,,,high
Okaloosa Public Schools Foundation,593295821,Ft Walton Bch,FL,T30,,https://projects.propublica.org/nonprofits/organizations/593295821,public,2025-10-17 18:00:47,,,,,,,,not_contacted,no,no,,,,high
Public Library Endowment Fund,246017176,Orlando,FL,,,https://projects.propublica.org/nonprofits/organizations/246017176,public,2025-10-17 18:00:47,,,,,,,,not_contacted,no,no,,,,high
Foundation For Public Research,832951826,Tampa,FL,R03,,https://projects.propublica.org/nonprofits/organizations/832951826,public,2025-10-17 18:00:47,,,,,,,,not_contacted,no,no,,,,high
Public Patent Foundation Inc,200236613,Coral Gables,FL,B990,,https://projects.propublica.org/nonprofits/organizations/200236613,public,2025-10-17 18:00:47,,,,,,,,not_contacted,no,no,,,,high
Gangals Nonprofit Foundation Inc,465228141,Coconut Creek,FL,B82,,https://projects.propublica.org/nonprofits/organizations/465228141,nonprofit,2025-10-17 18:00:48,,,,,,,,not_contacted,no,no,,,,high
Rotary Charity Foundation,596139932,Jacksonville,FL,,,https://projects.propublica.org/nonprofits/organizations/596139932,charity,2025-10-17 18:00:49,,,,,,,,not_contacted,no,no,,,,high
Sfbaa Charity Fund,474193717,Ft Lauderdale,FL,B82,,https://projects.propublica.org/nonprofits/organizations/474193717,charity,2025-10-17 18:00:49,,,,,,,,not_contacted,no,no,,,,high
Kingdom Charitable Trust,367362956,West Palm Bch,FL,T22,,https://projects.propublica.org/nonprofits/organizations/367362956,charitable,2025-10-17 18:00:51,,,,,,,,not_contacted,no,no,,,,high
Nurses Charitable Trust,592137264,Hollywood,FL,,,https://projects.propublica.org/nonprofits/organizations/592137264,charitable,2025-10-17 18:00:51,,,,,,,,not_contacted,no,no,,,,high
Ncf Charitable Trust,204326440,Clearwater,FL,X11,,https://projects.propublica.org/nonprofits/organizations/204326440,charitable,2025-10-17 18:00:51,,,,,,,,not_contacted,no,no,,,,high
Kazilionis Charitable Fund,842051687,Palm Bch Gdns,FL,T11,,https://projects.propublica.org/nonprofits/organizations/842051687,charitable,2025-10-17 18:00:51,,,,,,,,not_contacted,no,no,,,,high
Hollinger Charitable Trust,597045666,Pensacola,FL,T30Z,,https://projects.propublica.org/nonprofits/organizations/597045666,charitable,2025-10-17 18:00:51,,,,,,,,not_contacted,no,no,,,,high
Pardee Charitable Trust,306746432,Orlando,FL,,,https://projects.propublica.org/nonprofits/organizations/306746432,charitable,2025-10-17 18:00:51,,,,,,,,not_contacted,no,no,,,,high
Shackelford Charitable Trust,626363101,Orlando,FL,,,https://projects.propublica.org/nonprofits/organizations/626363101,charitable,2025-10-17 18:00:51,,,,,,,,not_contacted,no,no,,,,high
Fmu Charitable Foundationincorporated,205545418,Surfside,FL,T31,,https://projects.propublica.org/nonprofits/organizations/205545418,charitable,2025-10-17 18:00:51,,,,,,,,not_contacted,no,no,,,,high
Bauer Charitable Trust,596831771,Stuart,FL,T90Z,,https://projects.propublica.org/nonprofits/organizations/596831771,charitable,2025-10-17 18:00:51,,,,,,,,not_contacted,no,no,,,,high
Collective Advantage Philanthropy Foundation,453975289,Fort Pierce,FL,P20,,https://projects.propublica.org/nonprofits/organizations/453975289,philanthropy,2025-10-17 18:00:52,,,,,,,,not_contacted,no,no,,,,high
Gulfstream Philanthropic Foundation,316655334,Ft Lauderdale,FL,T22,,https://projects.propublica.org/nonprofits/organizations/316655334,philanthropy,2025-10-17 18:00:52,,,,,,,,not_contacted,no,no,,,,high
Braman Philanthropic Fund,471887620,Miami,FL,T22,,https://projects.propublica.org/nonprofits/organizations/471887620,philanthropy,2025-10-17 18:00:52,,,,,,,,not_contacted,no,no,,,,high
Ask Philanthropic Foundation,264309215,Miami Beach,FL,,,https://projects.propublica.org/nonprofits/organizations/264309215,philanthropy,2025-10-17 18:00:52,,,,,,,,not_contacted,no,no,,,,high
Philanthropic Foundation Inc,510203864,Largo,FL,,,https://projects.propublica.org/nonprofits/organizations/510203864,philanthropy,2025-10-17 18:00:52,,,,,,,,not_contacted,no,no,,,,high
Phoenix Venture Philanthropy Foundation Inc,134351448,Saint Petersburg,FL,T30,,https://projects.propublica.org/nonprofits/organizations/134351448,philanthropy,2025-10-17 18:00:52,,,,,,,,not_contacted,no,no,,,,high
Wyoming Philanthropic Trust Inc,592290272,Naples,FL,,,https://projects.propublica.org/nonprofits/organizations/592290272,philanthropy,2025-10-17 18:00:52,,,,,,,,not_contacted,no,no,,,,high
Giving Beck Fund,823497666,Ormond Beach,FL,P50,,https://projects.propublica.org/nonprofits/organizations/823497666,giving,2025-10-17 18:00:53,,,,,,,,not_contacted,no,no,,,,high
Business Funding Foundation,920551093,Orlando,FL,W03,,https://projects.propublica.org/nonprofits/organizations/920551093,business,2025-10-17 18:00:56,,,,,,,,not_contacted,no,no,,,,high
Businesses Helping Businesses Foundation,994076573,Orlando,FL,S81,,https://projects.propublica.org/nonprofits/organizations/994076573,business,2025-10-17 18:00:56,,,,,,,,not_contacted,no,no,,,,high
Mosaic Company Foundation,270304734,Tampa,FL,T21,,https://projects.propublica.org/nonprofits/organizations/270304734,company,2025-10-17 18:00:57,,,,,,,,not_contacted,no,no,,,,high
Society Foundation,455577241,Tallahassee,FL,,,https://projects.propublica.org/nonprofits/organizations/455577241,society,2025-10-17 18:01:02,,,,,,,,not_contacted,no,no,,,,high
Southeastern Healthcare Foundation,592357609,Gainesville,FL,E110,,https://projects.propublica.org/nonprofits/organizations/592357609,healthcare,2025-10-17 18:01:05,,,,,,,,not_contacted,no,no,,,,high
Centurion Medical Foundation,452642230,Lighthouse Point,FL,T20,,https://projects.propublica.org/nonprofits/organizations/452642230,medical,2025-10-17 18:01:07,,,,,,,,not_contacted,no,no,,,,high
Bermuda Wellness Foundation,260802143,Celebration,FL,E12,,https://projects.propublica.org/nonprofits/organizations/260802143,wellness,2025-10-17 18:01:09,,,,,,,,not_contacted,no,no,,,,high
Bipolar Wellness Foundation,821389843,Orlando,FL,F01,,https://projects.propublica.org/nonprofits/organizations/821389843,wellness,2025-10-17 18:01:09,,,,,,,,not_contacted,no,no,,,,high
Anglican Human Services Foundation Inc,813815622,Miami,FL,P20,,https://projects.propublica.org/nonprofits/organizations/813815622,human services,2025-10-17 18:01:10,,,,,,,,not_contacted,no,no,,,,high
Human Services Associates Foundation Inc,593746696,Orlando,FL,T113,,https://projects.propublica.org/nonprofits/organizations/593746696,human services,2025-10-17 18:01:10,,,,,,,,not_contacted,no,no,,,,high
Foundation For Human Services Inc,934838558,Coconut Creek,FL,B99,,https://projects.propublica.org/nonprofits/organizations/934838558,human services,2025-10-17 18:01:10,,,,,,,,not_contacted,no,no,,,,high
Social Services Foundation Inc,611637342,Winter Park,FL,P20,,https://projects.propublica.org/nonprofits/organizations/611637342,social services,2025-10-17 18:01:12,,,,,,,,not_contacted,no,no,,,,high
Coras Children Foundation,861890495,Lauderhill,FL,A20,,https://projects.propublica.org/nonprofits/organizations/861890495,children,2025-10-17 18:01:14,,,,,,,,not_contacted,no,no,,,,high
New York Yankees Tampa Foundation Inc,593205804,Tampa,FL,N11,,https://projects.propublica.org/nonprofits/organizations/593205804,new york,2025-10-17 18:01:15,,,,,,,,not_contacted,no,no,,,,high
National Wildlife Foundation,873732528,Miami,FL,D30,,https://projects.propublica.org/nonprofits/organizations/873732528,national,2025-10-17 18:01:18,,,,,,,,not_contacted,no,no,,,,high
Promazo National Foundation,464855681,Boca Raton,FL,J20,,https://projects.propublica.org/nonprofits/organizations/464855681,national,2025-10-17 18:01:18,,,,,,,,not_contacted,no,no,,,,high
United States Military Foundation,550807984,Coral Gables,FL,P60,,https://projects.propublica.org/nonprofits/organizations/550807984,united states,2025-10-17 18:01:20,,,,,,,,not_contacted,no,no,,,,high
United States Dream Foundation Inc,933017946,Sunrise,FL,P20,,https://projects.propublica.org/nonprofits/organizations/933017946,united states,2025-10-17 18:01:20,,,,,,,,not_contacted,no,no,,,,high
United States Obesity Foundation Inc,571176494,Miami,FL,G018,,https://projects.propublica.org/nonprofits/organizations/571176494,united states,2025-10-17 18:01:20,,,,,,,,not_contacted,no,no,,,,high
Foundation For Leadership Foundation,232288310,Bala Cynwyd,PA,B90,,https://projects.propublica.org/nonprofits/organizations/232288310,foundation,2025-10-17 18:01:21,,,,,,,,not_contacted,no,no,,,,high
Kcx Foundation,991161539,Philadelphia,PA,B99,,https://projects.propublica.org/nonprofits/organizations/991161539,foundation,2025-10-17 18:01:21,,,,,,,,not_contacted,no,no,,,,high
Peoples Foundation,871634915,Philadelphia,PA,S31,,https://projects.propublica.org/nonprofits/organizations/871634915,foundation,2025-10-17 18:01:21,,,,,,,,not_contacted,no,no,,,,high
Devereux Foundation,231390618,Villanova,PA,G050,,https://projects.propublica.org/nonprofits/organizations/231390618,foundation,2025-10-17 18:01:21,,,,,,,,not_contacted,no,no,,,,high
Mcelhattan Foundation,251756557,Pittsburgh,PA,B90Z,,https://projects.propublica.org/nonprofits/organizations/251756557,foundation,2025-10-17 18:01:21,,,,,,,,not_contacted,no,no,,,,high
High Foundation,833271708,Lancaster,PA,T20,,https://projects.propublica.org/nonprofits/organizations/833271708,foundation,2025-10-17 18:01:21,,,,,,,,not_contacted,no,no,,,,high
Pittsburgh Foundation,250965466,Pittsburgh,PA,T310,,https://projects.propublica.org/nonprofits/organizations/250965466,foundation,2025-10-17 18:01:21,,,,,,,,not_contacted,no,no,,,,high
Anabaptist Foundation,753187397,Lewisburg,PA,T12,,https://projects.propublica.org/nonprofits/organizations/753187397,foundation,2025-10-17 18:01:21,,,,,,,,not_contacted,no,no,,,,high
Philadelphia Foundation,231581832,Philadelphia,PA,T310,,https://projects.propublica.org/nonprofits/organizations/231581832,foundation,2025-10-17 18:01:21,,,,,,,,not_contacted,no,no,,,,high
Colcom Foundation,311479839,Pittsburgh,PA,T70J,,https://projects.propublica.org/nonprofits/organizations/311479839,foundation,2025-10-17 18:01:21,,,,,,,,not_contacted,no,no,,,,high
Grable Foundation,251309888,Pittsburgh,PA,,,https://projects.propublica.org/nonprofits/organizations/251309888,foundation,2025-10-17 18:01:21,,,,,,,,not_contacted,no,no,,,,high
Seligsohn Foundation,232267682,Bala Cynwyd,PA,,,https://projects.propublica.org/nonprofits/organizations/232267682,foundation,2025-10-17 18:01:21,,,,,,,,not_contacted,no,no,,,,high
Allegheny Foundation,256012303,Pittsburgh,PA,,,https://projects.propublica.org/nonprofits/organizations/256012303,foundation,2025-10-17 18:01:21,,,,,,,,not_contacted,no,no,,,,high
Barnes Foundation,236000149,Philadelphia,PA,A510,,https://projects.propublica.org/nonprofits/organizations/236000149,foundation,2025-10-17 18:01:21,,,,,,,,not_contacted,no,no,,,,high
Mccune Foundation,256210269,Pittsburgh,PA,,,https://projects.propublica.org/nonprofits/organizations/256210269,foundation,2025-10-17 18:01:21,,,,,,,,not_contacted,no,no,,,,high
Wyncote Foundation,263535044,Philadelphia,PA,T20,,https://projects.propublica.org/nonprofits/organizations/263535044,foundation,2025-10-17 18:01:21,,,,,,,,not_contacted,no,no,,,,high
Connelly Foundation,236296825,W Cnshohocken,PA,,,https://projects.propublica.org/nonprofits/organizations/236296825,foundation,2025-10-17 18:01:21,,,,,,,,not_contacted,no,no,,,,high
Bair Foundation,251191561,New Wilmngtn,PA,P320,,https://projects.propublica.org/nonprofits/organizations/251191561,foundation,2025-10-17 18:01:21,,,,,,,,not_contacted,no,no,,,,high
Oberkotter Foundation,232686151,Philadelphia,PA,,,https://projects.propublica.org/nonprofits/organizations/232686151,foundation,2025-10-17 18:01:21,,,,,,,,not_contacted,no,no,,,,high
Inglis Foundation,232326553,Philadelphia,PA,P112,,https://projects.propublica.org/nonprofits/organizations/232326553,foundation,2025-10-17 18:01:21,,,,,,,,not_contacted,no,no,,,,high
Cahouet Foundation,306192502,Pittsburgh,PA,T90,,https://projects.propublica.org/nonprofits/organizations/306192502,foundation,2025-10-17 18:01:21,,,,,,,,not_contacted,no,no,,,,high
Greenberg Foundation,832882842,Equinunk,PA,T20,,https://projects.propublica.org/nonprofits/organizations/832882842,foundation,2025-10-17 18:01:21,,,,,,,,not_contacted,no,no,,,,high
Susquehanna Foundation,232732477,Bala Cynwyd,PA,,,https://projects.propublica.org/nonprofits/organizations/232732477,foundation,2025-10-17 18:01:21,,,,,,,,not_contacted,no,no,,,,high
Todi Foundation,232744913,Gwynedd Vly,PA,T20J,,https://projects.propublica.org/nonprofits/organizations/232744913,foundation,2025-10-17 18:01:21,,,,,,,,not_contacted,no,no,,,,high
Gettysburg Foundation,232969074,Gettysburg,PA,A540,,https://projects.propublica.org/nonprofits/organizations/232969074,foundation,2025-10-17 18:01:21,,,,,,,,not_contacted,no,no,,,,high
Fuel Foundations,834567446,Allentown,PA,T50,,https://projects.propublica.org/nonprofits/organizations/834567446,foundations,2025-10-17 18:01:23,,,,,,,,not_contacted,no,no,,,,high
Growing Foundations,870946406,Philadelphia,PA,P40,,https://projects.propublica.org/nonprofits/organizations/870946406,foundations,2025-10-17 18:01:23,,,,,,,,not_contacted,no,no,,,,high
Chubb Charitable Foundation,262456949,Philadelphia,PA,T20,,https://projects.propublica.org/nonprofits/organizations/262456949,charitable foundation,2025-10-17 18:01:24,,,,,,,,not_contacted,no,no,,,,high
Miter Charitable Foundation,472381136,Harrisburg,PA,B82,,https://projects.propublica.org/nonprofits/organizations/472381136,charitable foundation,2025-10-17 18:01:24,,,,,,,,not_contacted,no,no,,,,high
Sedwick Charitable Foundation,471844352,Butler,PA,T20,,https://projects.propublica.org/nonprofits/organizations/471844352,charitable foundation,2025-10-17 18:01:24,,,,,,,,not_contacted,no,no,,,,high
Angelakis Charitable Foundation,832748427,Bryn Mawr,PA,T20,,https://projects.propublica.org/nonprofits/organizations/832748427,charitable foundation,2025-10-17 18:01:24,,,,,,,,not_contacted,no,no,,,,high
Dsf Charitable Foundation,251847237,Pittsburgh,PA,T22,,https://projects.propublica.org/nonprofits/organizations/251847237,charitable foundation,2025-10-17 18:01:24,,,,,,,,not_contacted,no,no,,,,high
Standard Charitable Foundation,273219112,Monroeville,PA,T21,,https://projects.propublica.org/nonprofits/organizations/273219112,charitable foundation,2025-10-17 18:01:24,,,,,,,,not_contacted,no,no,,,,high
Ll Charitable Foundation,472433049,Philadelphia,PA,T20,,https://projects.propublica.org/nonprofits/organizations/472433049,charitable foundation,2025-10-17 18:01:24,,,,,,,,not_contacted,no,no,,,,high
Adagp Charitable Foundation,30509965,Norristown,PA,T12,,https://projects.propublica.org/nonprofits/organizations/30509965,charitable foundation,2025-10-17 18:01:24,,,,,,,,not_contacted,no,no,,,,high
Northwest Charitable Foundation,271403629,Warren,PA,T21,,https://projects.propublica.org/nonprofits/organizations/271403629,charitable foundation,2025-10-17 18:01:24,,,,,,,,not_contacted,no,no,,,,high
Phn Charitable Foundation,412188011,Sharon,PA,T20,,https://projects.propublica.org/nonprofits/organizations/412188011,charitable foundation,2025-10-17 18:01:24,,,,,,,,not_contacted,no,no,,,,high
Byham Charitable Foundation,251739254,Bridgeville,PA,T20,,https://projects.propublica.org/nonprofits/organizations/251739254,charitable foundation,2025-10-17 18:01:24,,,,,,,,not_contacted,no,no,,,,high
Techgirlz Charitable Foundation,274622350,Wyncote,PA,J22,,https://projects.propublica.org/nonprofits/organizations/274622350,charitable foundation,2025-10-17 18:01:24,,,,,,,,not_contacted,no,no,,,,high
Bison Charitable Foundation,465748145,Canonsburg,PA,T20,,https://projects.propublica.org/nonprofits/organizations/465748145,charitable foundation,2025-10-17 18:01:24,,,,,,,,not_contacted,no,no,,,,high
Wolstenholme Charitable Foundation,232937483,Westfield,PA,T20J,,https://projects.propublica.org/nonprofits/organizations/232937483,charitable foundation,2025-10-17 18:01:24,,,,,,,,not_contacted,no,no,,,,high
Jem Charitable Foundation,472054575,Erie,PA,T20,,https://projects.propublica.org/nonprofits/organizations/472054575,charitable foundation,2025-10-17 18:01:24,,,,,,,,not_contacted,no,no,,,,high
Wlg Charitable Foundation,237649667,Philadelphia,PA,,,https://projects.propublica.org/nonprofits/organizations/237649667,charitable foundation,2025-10-17 18:01:24,,,,,,,,not_contacted,no,no,,,,high
Knoll Charitable Foundation,232939762,E Greenville,PA,B820,,https://projects.propublica.org/nonprofits/organizations/232939762,charitable foundation,2025-10-17 18:01:24,,,,,,,,not_contacted,no,no,,,,high
Meek Charitable Foundation,873240307,Sewickley,PA,T22,,https://projects.propublica.org/nonprofits/organizations/873240307,charitable foundation,2025-10-17 18:01:24,,,,,,,,not_contacted,no,no,,,,high
Hrg Charitable Foundation,922734645,Harrisburg,PA,P20,,https://projects.propublica.org/nonprofits/organizations/922734645,charitable foundation,2025-10-17 18:01:24,,,,,,,,not_contacted,no,no,,,,high
Atairos Charitable Foundation,874028741,Bryn Mawr,PA,T21,,https://projects.propublica.org/nonprofits/organizations/874028741,charitable foundation,2025-10-17 18:01:24,,,,,,,,not_contacted,no,no,,,,high
Bradford Charitable Foundation,455451189,Bridgeville,PA,T11,,https://projects.propublica.org/nonprofits/organizations/455451189,charitable foundation,2025-10-17 18:01:24,,,,,,,,not_contacted,no,no,,,,high
Imc Charitable Foundation,263082840,Malvern,PA,T30,,https://projects.propublica.org/nonprofits/organizations/263082840,charitable foundation,2025-10-17 18:01:24,,,,,,,,not_contacted,no,no,,,,high
Pfcu Charitable Foundation,934646660,Philadelphia,PA,T21,,https://projects.propublica.org/nonprofits/organizations/934646660,charitable foundation,2025-10-17 18:01:24,,,,,,,,not_contacted,no,no,,,,high
Anndon Charitable Foundation,931618829,Uppr Chichstr,PA,D12,,https://projects.propublica.org/nonprofits/organizations/931618829,charitable foundation,2025-10-17 18:01:24,,,,,,,,not_contacted,no,no,,,,high
Jumet Charitable Foundation,203575169,Darlington,PA,B82,,https://projects.propublica.org/nonprofits/organizations/203575169,charitable foundation,2025-10-17 18:01:24,,,,,,,,not_contacted,no,no,,,,high
Lasko Family Foundation,232307053,Philadelphia,PA,,,https://projects.propublica.org/nonprofits/organizations/232307053,family foundation,2025-10-17 18:01:25,,,,,,,,not_contacted,no,no,,,,high
Neubauer Family Foundation,256627704,Philadelphia,PA,T22,,https://projects.propublica.org/nonprofits/organizations/256627704,family foundation,2025-10-17 18:01:25,,,,,,,,not_contacted,no,no,,,,high
Riley Family Foundation,823802429,Valley Forge,PA,T20,,https://projects.propublica.org/nonprofits/organizations/823802429,family foundation,2025-10-17 18:01:25,,,,,,,,not_contacted,no,no,,,,high
1830 Family Foundation,261462775,Philadelphia,PA,T20,,https://projects.propublica.org/nonprofits/organizations/261462775,family foundation,2025-10-17 18:01:25,,,,,,,,not_contacted,no,no,,,,high
Burke Family Foundation,311583757,Pittsburgh,PA,T30Z,,https://projects.propublica.org/nonprofits/organizations/311583757,family foundation,2025-10-17 18:01:25,,,,,,,,not_contacted,no,no,,,,high
Sutphin Family Foundation,311423164,Pittsburgh,PA,T22Z,,https://projects.propublica.org/nonprofits/organizations/311423164,family foundation,2025-10-17 18:01:25,,,,,,,,not_contacted,no,no,,,,high
Kinsley Family Foundation,232870170,Seven Valleys,PA,T22Z,,https://projects.propublica.org/nonprofits/organizations/232870170,family foundation,2025-10-17 18:01:25,,,,,,,,not_contacted,no,no,,,,high
Trivedi Family Foundation,473402778,Bridgeville,PA,T22,,https://projects.propublica.org/nonprofits/organizations/473402778,family foundation,2025-10-17 18:01:25,,,,,,,,not_contacted,no,no,,,,high
Rdl Family Foundation,832312021,Meadville,PA,T20,,https://projects.propublica.org/nonprofits/organizations/832312021,family foundation,2025-10-17 18:01:25,,,,,,,,not_contacted,no,no,,,,high
Holy Family Foundation,251688439,Pittsburgh,PA,,,https://projects.propublica.org/nonprofits/organizations/251688439,family foundation,2025-10-17 18:01:25,,,,,,,,not_contacted,no,no,,,,high
Sokolski Family Foundation,843069198,Baden,PA,T22,,https://projects.propublica.org/nonprofits/organizations/843069198,family foundation,2025-10-17 18:01:25,,,,,,,,not_contacted,no,no,,,,high
Widger Family Foundation,832860358,Philadelphia,PA,,,https://projects.propublica.org/nonprofits/organizations/832860358,family foundation,2025-10-17 18:01:25,,,,,,,,not_contacted,no,no,,,,high
Barnes Family Foundation,810847423,Perkasie,PA,E21,,https://projects.propublica.org/nonprofits/organizations/810847423,family foundation,2025-10-17 18:01:25,,,,,,,,not_contacted,no,no,,,,high
Mascaro Family Foundation,134203614,Pittsburgh,PA,T20,,https://projects.propublica.org/nonprofits/organizations/134203614,family foundation,2025-10-17 18:01:25,,,,,,,,not_contacted,no,no,,,,high
Heinz Family Foundation,251689382,Pittsburgh,PA,T20,,https://projects.propublica.org/nonprofits/organizations/251689382,family foundation,2025-10-17 18:01:25,,,,,,,,not_contacted,no,no,,,,high
Scarcelli Family Foundation,832694911,North Wales,PA,T99,,https://projects.propublica.org/nonprofits/organizations/832694911,family foundation,2025-10-17 18:01:25,,,,,,,,not_contacted,no,no,,,,high
Haldeman Family Foundation,352218296,Philadelphia,PA,T22,,https://projects.propublica.org/nonprofits/organizations/352218296,family foundation,2025-10-17 18:01:25,,,,,,,,not_contacted,no,no,,,,high
Colket Family Foundation,852260055,Newtown Square,PA,T22,,https://projects.propublica.org/nonprofits/organizations/852260055,family foundation,2025-10-17 18:01:25,,,,,,,,not_contacted,no,no,,,,high
Zeigler Family Foundation,461441975,Schwenksville,PA,T22,,https://projects.propublica.org/nonprofits/organizations/461441975,family foundation,2025-10-17 18:01:25,,,,,,,,not_contacted,no,no,,,,high
Wheelhouse Family Foundation,871362862,Pittsburgh,PA,T20,,https://projects.propublica.org/nonprofits/organizations/871362862,family foundation,2025-10-17 18:01:25,,,,,,,,not_contacted,no,no,,,,high
Rice Family Foundation,814690325,Hanover,PA,T20,,https://projects.propublica.org/nonprofits/organizations/814690325,family foundation,2025-10-17 18:01:25,,,,,,,,not_contacted,no,no,,,,high
Hawk Family Foundation,421719365,Dunmore,PA,T20,,https://projects.propublica.org/nonprofits/organizations/421719365,family foundation,2025-10-17 18:01:25,,,,,,,,not_contacted,no,no,,,,high
Dunlap Family Foundation,884360481,Canonsburg,PA,T22,,https://projects.propublica.org/nonprofits/organizations/884360481,family foundation,2025-10-17 18:01:25,,,,,,,,not_contacted,no,no,,,,high
Erlbaum Family Foundation,232962563,Ardmore,PA,T20Z,,https://projects.propublica.org/nonprofits/organizations/232962563,family foundation,2025-10-17 18:01:25,,,,,,,,not_contacted,no,no,,,,high
Nerney Family Foundation,204976135,Wayne,PA,T20,,https://projects.propublica.org/nonprofits/organizations/204976135,family foundation,2025-10-17 18:01:25,,,,,,,,not_contacted,no,no,,,,high
Erie Community Foundation,256032032,Erie,PA,T310,,https://projects.propublica.org/nonprofits/organizations/256032032,community foundation,2025-10-17 18:01:26,,,,,,,,not_contacted,no,no,,,,high
Community Giving Foundation,232982141,Berwick,PA,T310,,https://projects.propublica.org/nonprofits/organizations/232982141,community foundation,2025-10-17 18:01:26,,,,,,,,not_contacted,no,no,,,,high
Penn Community Foundation,232984663,Perkasie,PA,T21,,https://projects.propublica.org/nonprofits/organizations/232984663,community foundation,2025-10-17 18:01:26,,,,,,,,not_contacted,no,no,,,,high
Corry Community Foundation,251850006,Erie,PA,S11,,https://projects.propublica.org/nonprofits/organizations/251850006,community foundation,2025-10-17 18:01:26,,,,,,,,not_contacted,no,no,,,,high
Middletown Community Foundation,233053111,Langhorne,PA,T31,,https://projects.propublica.org/nonprofits/organizations/233053111,community foundation,2025-10-17 18:01:26,,,,,,,,not_contacted,no,no,,,,high
Ironwood Community Foundation,251869268,Lebanon,PA,T90,,https://projects.propublica.org/nonprofits/organizations/251869268,community foundation,2025-10-17 18:01:26,,,,,,,,not_contacted,no,no,,,,high
Wsfs Community Foundation,260542636,Philadelphia,PA,T20,,https://projects.propublica.org/nonprofits/organizations/260542636,community foundation,2025-10-17 18:01:26,,,,,,,,not_contacted,no,no,,,,high
Newtown Community Foundation,870712485,Doylestown,PA,P40,,https://projects.propublica.org/nonprofits/organizations/870712485,community foundation,2025-10-17 18:01:26,,,,,,,,not_contacted,no,no,,,,high
Spartsburg Community Foundation,465082667,Spartansburg,PA,B11,,https://projects.propublica.org/nonprofits/organizations/465082667,community foundation,2025-10-17 18:01:26,,,,,,,,not_contacted,no,no,,,,high
Metrocast Community Foundation,208718632,Frazer,PA,,,https://projects.propublica.org/nonprofits/organizations/208718632,community foundation,2025-10-17 18:01:26,,,,,,,,not_contacted,no,no,,,,high
Clarion Community Foundation,473434248,Clarion,PA,S12,,https://projects.propublica.org/nonprofits/organizations/473434248,community foundation,2025-10-17 18:01:26,,,,,,,,not_contacted,no,no,,,,high
Community Support Foundation,205532884,Silver Spring,PA,L30,,https://projects.propublica.org/nonprofits/organizations/205532884,community foundation,2025-10-17 18:01:26,,,,,,,,not_contacted,no,no,,,,high
Community Youth Foundation,204568868,Lansdale,PA,B82,,https://projects.propublica.org/nonprofits/organizations/204568868,community foundation,2025-10-17 18:01:26,,,,,,,,not_contacted,no,no,,,,high
Dynamic Community Foundation,834309104,Freeport,PA,B82,,https://projects.propublica.org/nonprofits/organizations/834309104,community foundation,2025-10-17 18:01:26,,,,,,,,not_contacted,no,no,,,,high
Emmaus Community Foundation,881889440,Emmaus,PA,S20,,https://projects.propublica.org/nonprofits/organizations/881889440,community foundation,2025-10-17 18:01:26,,,,,,,,not_contacted,no,no,,,,high
Grace Community Foundation,237786666,Allentown,PA,K31Z,,https://projects.propublica.org/nonprofits/organizations/237786666,community foundation,2025-10-17 18:01:26,,,,,,,,not_contacted,no,no,,,,high
Keystone Community Foundation,331691974,Northumberlnd,PA,T20,,https://projects.propublica.org/nonprofits/organizations/331691974,community foundation,2025-10-17 18:01:26,,,,,,,,not_contacted,no,no,,,,high
Oakmont Community Foundation,272881178,Oakmont,PA,N31,,https://projects.propublica.org/nonprofits/organizations/272881178,community foundation,2025-10-17 18:01:26,,,,,,,,not_contacted,no,no,,,,high
Palisades Community Foundation,232993718,Kintnersville,PA,N114,,https://projects.propublica.org/nonprofits/organizations/232993718,community foundation,2025-10-17 18:01:26,,,,,,,,not_contacted,no,no,,,,high
Panther Community Foundation,843033575,Marcus Hook,PA,S31,,https://projects.propublica.org/nonprofits/organizations/843033575,community foundation,2025-10-17 18:01:26,,,,,,,,not_contacted,no,no,,,,high
Wesleyville Community Foundation,823954805,Erie,PA,S20,,https://projects.propublica.org/nonprofits/organizations/823954805,community foundation,2025-10-17 18:01:26,,,,,,,,not_contacted,no,no,,,,high
Community Changers Foundation,993227135,Philadelphia,PA,P20,,https://projects.propublica.org/nonprofits/organizations/993227135,community foundation,2025-10-17 18:01:26,,,,,,,,not_contacted,no,no,,,,high
Mlg Community Foundation,208052059,Lancaster,PA,T21,,https://projects.propublica.org/nonprofits/organizations/208052059,community foundation,2025-10-17 18:01:26,,,,,,,,not_contacted,no,no,,,,high
The Communitys Foundation,232354770,Ridley Park,PA,T31,,https://projects.propublica.org/nonprofits/organizations/232354770,community foundation,2025-10-17 18:01:26,,,,,,,,not_contacted,no,no,,,,high
Lancaster County Community Foundation,200874857,Lancaster,PA,T31,,https://projects.propublica.org/nonprofits/organizations/200874857,community foundation,2025-10-17 18:01:26,,,,,,,,not_contacted,no,no,,,,high
Alex Szeles Private Foundation,766213976,Harrisburg,PA,,,https://projects.propublica.org/nonprofits/organizations/766213976,private foundation,2025-10-17 18:01:28,,,,,,,,not_contacted,no,no,,,,high
Marilyn Jentzen Private Foundation,872740466,Philadelphia,PA,P20,,https://projects.propublica.org/nonprofits/organizations/872740466,private foundation,2025-10-17 18:01:28,,,,,,,,not_contacted,no,no,,,,high
Marian S Lawry Private Foundation,276707238,Pittsburgh,PA,T20,,https://projects.propublica.org/nonprofits/organizations/276707238,private foundation,2025-10-17 18:01:28,,,,,,,,not_contacted,no,no,,,,high
Elaine T Emrick Private Foundation,203260217,Bethlehem,PA,T22,,https://projects.propublica.org/nonprofits/organizations/203260217,private foundation,2025-10-17 18:01:28,,,,,,,,not_contacted,no,no,,,,high
Awc Dde Ay2023 Private Foundation,883040454,Carlisle,PA,,,https://projects.propublica.org/nonprofits/organizations/883040454,private foundation,2025-10-17 18:01:28,,,,,,,,not_contacted,no,no,,,,high
William Griffith Harbison Private Foundation,232668089,Sewickley,PA,,,https://projects.propublica.org/nonprofits/organizations/232668089,private foundation,2025-10-17 18:01:28,,,,,,,,not_contacted,no,no,,,,high
Stanley & Agnes Mckie Private Foundation Tr,311581509,Pittsburgh,PA,T20Z,,https://projects.propublica.org/nonprofits/organizations/311581509,private foundation,2025-10-17 18:01:28,,,,,,,,not_contacted,no,no,,,,high
The Richard F Baruch Private Foundation,232903488,Philadelphia,PA,,,https://projects.propublica.org/nonprofits/organizations/232903488,private foundation,2025-10-17 18:01:28,,,,,,,,not_contacted,no,no,,,,high
J Gerald Robling Private Foundation,826896484,Scranton,PA,T20,,https://projects.propublica.org/nonprofits/organizations/826896484,private foundation,2025-10-17 18:01:28,,,,,,,,not_contacted,no,no,,,,high
Norman And Nancy Norris Private Foundation,232707519,Birchrunville,PA,,,https://projects.propublica.org/nonprofits/organizations/232707519,private foundation,2025-10-17 18:01:28,,,,,,,,not_contacted,no,no,,,,high
Shree Dharmajivan Mission Private Foundation Charitable Trust,273619189,Dalton,PA,T30,,https://projects.propublica.org/nonprofits/organizations/273619189,private foundation,2025-10-17 18:01:28,,,,,,,,not_contacted,no,no,,,,high
Violet L Ansorge Private Foundation Tr 08251999,300532062,Pittsburgh,PA,T20,,https://projects.propublica.org/nonprofits/organizations/300532062,private foundation,2025-10-17 18:01:28,,,,,,,,not_contacted,no,no,,,,high
Roger And Sarah Bancroft Clark Private Foundation,456466686,Pittsburgh,PA,T20,,https://projects.propublica.org/nonprofits/organizations/456466686,private foundation,2025-10-17 18:01:28,,,,,,,,not_contacted,no,no,,,,high
The Richard And Jacquelyn Kurtz Private Foundation,232791486,West Chester,PA,,,https://projects.propublica.org/nonprofits/organizations/232791486,private foundation,2025-10-17 18:01:28,,,,,,,,not_contacted,no,no,,,,high
Louis And Suzanne Mauriello Bonita Private Foundation,232801091,Dunmore,PA,T22Z,,https://projects.propublica.org/nonprofits/organizations/232801091,private foundation,2025-10-17 18:01:28,,,,,,,,not_contacted,no,no,,,,high
Edwin D Martin And Judith M Martin Private Foundation,843817549,Shippensburg,PA,T90,,https://projects.propublica.org/nonprofits/organizations/843817549,private foundation,2025-10-17 18:01:28,,,,,,,,not_contacted,no,no,,,,high
Henry K And Wilma I Mcconnon Family Charitable Private Foundation,843921343,State College,PA,T22,,https://projects.propublica.org/nonprofits/organizations/843921343,private foundation,2025-10-17 18:01:28,,,,,,,,not_contacted,no,no,,,,high
George And Dianne Thornton Private Foundation C/O Dianne Thornton,232969247,York,PA,,,https://projects.propublica.org/nonprofits/organizations/232969247,private foundation,2025-10-17 18:01:28,,,,,,,,not_contacted,no,no,,,,high
The Federation Of Defense And Corporate Counsel Foundation,746055023,King Of Prussia,PA,,,https://projects.propublica.org/nonprofits/organizations/746055023,corporate foundation,2025-10-17 18:01:29,,,,,,,,not_contacted,no,no,,,,high
Corporal Chad Beattie Memorial Scholarship Foundation Inc,991129258,West Alexander,PA,B82,,https://projects.propublica.org/nonprofits/organizations/991129258,corporate foundation,2025-10-17 18:01:29,,,,,,,,not_contacted,no,no,,,,high
Asbury Foundation,251555688,Pittsburgh,PA,,,https://projects.propublica.org/nonprofits/organizations/251555688,corporate foundation,2025-10-17 18:01:29,,,,,,,,not_contacted,no,no,,,,high
Decorative Arts Trust,232048668,Media,PA,A030,,https://projects.propublica.org/nonprofits/organizations/232048668,arts,2025-10-17 18:01:30,,,,,,,,not_contacted,no,no,,,,high
Charter Arts Foundation,453986393,Bethlehem,PA,B11,,https://projects.propublica.org/nonprofits/organizations/453986393,arts,2025-10-17 18:01:30,,,,,,,,not_contacted,no,no,,,,high
Westmoreland Cultural Trust,251213228,Greensburg,PA,T99,,https://projects.propublica.org/nonprofits/organizations/251213228,cultural,2025-10-17 18:01:31,,,,,,,,not_contacted,no,no,,,,high
Cultural Enrichment Fund,232327546,Harrisburg,PA,,,https://projects.propublica.org/nonprofits/organizations/232327546,cultural,2025-10-17 18:01:31,,,,,,,,not_contacted,no,no,,,,high
Collegiate Cultural Foundation,203462976,Media,PA,R62,,https://projects.propublica.org/nonprofits/organizations/203462976,cultural,2025-10-17 18:01:31,,,,,,,,not_contacted,no,no,,,,high
Korean Cultural Foundation,460684526,Kng Of Prussa,PA,A99,,https://projects.propublica.org/nonprofits/organizations/460684526,cultural,2025-10-17 18:01:31,,,,,,,,not_contacted,no,no,,,,high
Carlson Cultural Trust,237752835,Nottingham,PA,,,https://projects.propublica.org/nonprofits/organizations/237752835,cultural,2025-10-17 18:01:31,,,,,,,,not_contacted,no,no,,,,high
The Pittsburgh Cultural Trust,251469002,Pittsburgh,PA,A200,,https://projects.propublica.org/nonprofits/organizations/251469002,cultural,2025-10-17 18:01:31,,,,,,,,not_contacted,no,no,,,,high
Philadelphia Cultural Fund Inc,232683335,Philadelphia,PA,A120,,https://projects.propublica.org/nonprofits/organizations/232683335,cultural,2025-10-17 18:01:31,,,,,,,,not_contacted,no,no,,,,high
Fayette County Cultural Trust,651283985,Connellsville,PA,A80,,https://projects.propublica.org/nonprofits/organizations/651283985,cultural,2025-10-17 18:01:31,,,,,,,,not_contacted,no,no,,,,high
Btb Music Foundation,993599060,Aston,PA,A68,,https://projects.propublica.org/nonprofits/organizations/993599060,music,2025-10-17 18:01:32,,,,,,,,not_contacted,no,no,,,,high
Generations Dance Foundation,922196799,Ft Washington,PA,A62,,https://projects.propublica.org/nonprofits/organizations/922196799,dance,2025-10-17 18:01:35,,,,,,,,not_contacted,no,no,,,,high
Arts Equity & Education Fund,823746641,Newtown Sq,PA,T20,,https://projects.propublica.org/nonprofits/organizations/823746641,arts education,2025-10-17 18:01:37,,,,,,,,not_contacted,no,no,,,,high
Arts And Education Foundation Inc,873945855,Philadelphia,PA,A99,,https://projects.propublica.org/nonprofits/organizations/873945855,arts education,2025-10-17 18:01:37,,,,,,,,not_contacted,no,no,,,,high
Upper Darby Arts And Education Foundation Inc,232934964,Drexel Hill,PA,B82,,https://projects.propublica.org/nonprofits/organizations/232934964,arts education,2025-10-17 18:01:37,,,,,,,,not_contacted,no,no,,,,high
Antonio S Thomas Education Research Arts Foundation,270221149,Philadelphia,PA,P20,,https://projects.propublica.org/nonprofits/organizations/270221149,arts education,2025-10-17 18:01:37,,,,,,,,not_contacted,no,no,,,,high
Penn Hills Arts And Music Education Foundation,300475357,Pittsburgh,PA,B112,,https://projects.propublica.org/nonprofits/organizations/300475357,arts education,2025-10-17 18:01:37,,,,,,,,not_contacted,no,no,,,,high
Silverback Educational Foundation For The Arts Dance And Athletics,464902114,Newtown Square,PA,T22,,https://projects.propublica.org/nonprofits/organizations/464902114,arts education,2025-10-17 18:01:37,,,,,,,,not_contacted,no,no,,,,high
Rossetti Foundation For The Arts & Culture Inc,853018279,Scranton,PA,A20,,https://projects.propublica.org/nonprofits/organizations/853018279,cultural arts,2025-10-17 18:01:39,,,,,,,,not_contacted,no,no,,,,high
Elarbi Foundation For Culture And The Arts,921112651,King Of Prussia,PA,A20,,https://projects.propublica.org/nonprofits/organizations/921112651,cultural arts,2025-10-17 18:01:39,,,,,,,,not_contacted,no,no,,,,high
American Art Culture Foundation Inc,931705203,Philadelphia,PA,A25,,https://projects.propublica.org/nonprofits/organizations/931705203,cultural arts,2025-10-17 18:01:39,,,,,,,,not_contacted,no,no,,,,high
Performing Arts Foundation Inc,136149781,Philadelphia,PA,A60Z,,https://projects.propublica.org/nonprofits/organizations/136149781,performing arts,2025-10-17 18:01:40,,,,,,,,not_contacted,no,no,,,,high
Imagine Performing Arts Fund,874553020,Dalton,PA,A60,,https://projects.propublica.org/nonprofits/organizations/874553020,performing arts,2025-10-17 18:01:40,,,,,,,,not_contacted,no,no,,,,high
Susquehanna Education Foundation,232965845,Milton,PA,P45,,https://projects.propublica.org/nonprofits/organizations/232965845,education,2025-10-17 18:01:41,,,,,,,,not_contacted,no,no,,,,high
Universal Education Foundation,810624170,Pittsburgh,PA,B24,,https://projects.propublica.org/nonprofits/organizations/810624170,education,2025-10-17 18:01:41,,,,,,,,not_contacted,no,no,,,,high
Chester Education Foundation,232576096,Chester,PA,,,https://projects.propublica.org/nonprofits/organizations/232576096,education,2025-10-17 18:01:41,,,,,,,,not_contacted,no,no,,,,high
Lancaster Education Foundation,232583874,Lancaster,PA,B25I,,https://projects.propublica.org/nonprofits/organizations/232583874,education,2025-10-17 18:01:41,,,,,,,,not_contacted,no,no,,,,high
Warwick Education Foundation,232936443,Lititz,PA,T12,,https://projects.propublica.org/nonprofits/organizations/232936443,education,2025-10-17 18:01:41,,,,,,,,not_contacted,no,no,,,,high
Methacton Education Foundation,264751225,Eagleville,PA,B122,,https://projects.propublica.org/nonprofits/organizations/264751225,education,2025-10-17 18:01:41,,,,,,,,not_contacted,no,no,,,,high
Bradford Educational Foundation,251399653,Bradford,PA,B43I,,https://projects.propublica.org/nonprofits/organizations/251399653,educational,2025-10-17 18:01:42,,,,,,,,not_contacted,no,no,,,,high
Bridge Educational Foundation,810673032,Harrisburg,PA,B82,,https://projects.propublica.org/nonprofits/organizations/810673032,educational,2025-10-17 18:01:42,,,,,,,,not_contacted,no,no,,,,high
Waldorf Educational Foundation,236254206,Philadelphia,PA,,,https://projects.propublica.org/nonprofits/organizations/236254206,educational,2025-10-17 18:01:42,,,,,,,,not_contacted,no,no,,,,high
Johnstown Educational Foundation,251513720,Johnstown,PA,,,https://projects.propublica.org/nonprofits/organizations/251513720,educational,2025-10-17 18:01:42,,,,,,,,not_contacted,no,no,,,,high
Oxford Educational Foundation,232774066,Oxford,PA,B94,,https://projects.propublica.org/nonprofits/organizations/232774066,educational,2025-10-17 18:01:42,,,,,,,,not_contacted,no,no,,,,high
Manchester Educational Foundation,821321750,Pittsburgh,PA,B90,,https://projects.propublica.org/nonprofits/organizations/821321750,educational,2025-10-17 18:01:42,,,,,,,,not_contacted,no,no,,,,high
Sava Educational Fund,824820066,Philadelphia,PA,A70,,https://projects.propublica.org/nonprofits/organizations/824820066,educational,2025-10-17 18:01:42,,,,,,,,not_contacted,no,no,,,,high
Dubois Educational Foundation,251102124,Dubois,PA,,,https://projects.propublica.org/nonprofits/organizations/251102124,educational,2025-10-17 18:01:42,,,,,,,,not_contacted,no,no,,,,high
Ridley Educational Foundation,232982560,Folsom,PA,B112,,https://projects.propublica.org/nonprofits/organizations/232982560,educational,2025-10-17 18:01:42,,,,,,,,not_contacted,no,no,,,,high
Clearfield Educational Foundation,251605423,Clearfield,PA,,,https://projects.propublica.org/nonprofits/organizations/251605423,educational,2025-10-17 18:01:42,,,,,,,,not_contacted,no,no,,,,high
Bellefield Educational Trust,256040858,Pittsburgh,PA,,,https://projects.propublica.org/nonprofits/organizations/256040858,educational,2025-10-17 18:01:42,,,,,,,,not_contacted,no,no,,,,high
Pcoa Educational Foundation,832141633,East Stroudsburg,PA,N20,,https://projects.propublica.org/nonprofits/organizations/832141633,educational,2025-10-17 18:01:42,,,,,,,,not_contacted,no,no,,,,high
Athena Educational Foundation,202525035,Dresher,PA,B82,,https://projects.propublica.org/nonprofits/organizations/202525035,educational,2025-10-17 18:01:42,,,,,,,,not_contacted,no,no,,,,high
Canner Educational Foundation,392759264,Biglerville,PA,B11,,https://projects.propublica.org/nonprofits/organizations/392759264,educational,2025-10-17 18:01:42,,,,,,,,not_contacted,no,no,,,,high
Milton Hershey School & School Trust,231353340,Hershey,PA,B200,,https://projects.propublica.org/nonprofits/organizations/231353340,school,2025-10-17 18:01:43,,,,,,,,not_contacted,no,no,,,,high
