sponsor_name,ein,city,state,ntee_code,classification,propublica_url,search_term_found,collected_at,website,email,phone,contact_person,mission_statement,annual_revenue,assets,outreach_status,email_sent,response_received,sponsorship_amount,notes,follow_up_date,priority_level
Ford Foundation,131684331,New York,NY,T21,,https://projects.propublica.org/nonprofits/organizations/131684331,foundation,2025-10-17 17:56:47,,,,,,,,not_contacted,no,no,,,,high
Novo Foundation,470824753,Hurley,NY,T99,,https://projects.propublica.org/nonprofits/organizations/470824753,foundation,2025-10-17 17:56:47,,,,,,,,not_contacted,no,no,,,,high
Druckenmiller Foundation,133735187,New York,NY,,,https://projects.propublica.org/nonprofits/organizations/133735187,foundation,2025-10-17 17:56:47,,,,,,,,not_contacted,no,no,,,,high
Rockefeller Foundation,131659629,New York,NY,,,https://projects.propublica.org/nonprofits/organizations/131659629,foundation,2025-10-17 17:56:47,,,,,,,,not_contacted,no,no,,,,high
Citi Foundation,133781879,New York,NY,T21,,https://projects.propublica.org/nonprofits/organizations/133781879,foundation,2025-10-17 17:56:47,,,,,,,,not_contacted,no,no,,,,high
Gray Foundation,471408100,Albany,NY,T22,,https://projects.propublica.org/nonprofits/organizations/471408100,foundation,2025-10-17 17:56:47,,,,,,,,not_contacted,no,no,,,,high
Starr Foundation,136151545,New York,NY,T22,,https://projects.propublica.org/nonprofits/organizations/136151545,foundation,2025-10-17 17:56:47,,,,,,,,not_contacted,no,no,,,,high
Nhp Foundation,521636004,New York,NY,L200,,https://projects.propublica.org/nonprofits/organizations/521636004,foundation,2025-10-17 17:56:47,,,,,,,,not_contacted,no,no,,,,high
Tiger Foundation,133555671,New York,NY,,,https://projects.propublica.org/nonprofits/organizations/133555671,foundation,2025-10-17 17:56:47,,,,,,,,not_contacted,no,no,,,,high
Uniswap Foundation,883087770,New York,NY,R12,,https://projects.propublica.org/nonprofits/organizations/883087770,foundation,2025-10-17 17:56:47,,,,,,,,not_contacted,no,no,,,,high
Bingle Foundation,853658614,Saratoga Spgs,NY,T20,,https://projects.propublica.org/nonprofits/organizations/853658614,foundation,2025-10-17 17:56:47,,,,,,,,not_contacted,no,no,,,,high
Arcus Foundation,383332791,New York,NY,B82Z,,https://projects.propublica.org/nonprofits/organizations/383332791,foundation,2025-10-17 17:56:47,,,,,,,,not_contacted,no,no,,,,high
Shalem Foundation,133941865,New York,NY,I20,,https://projects.propublica.org/nonprofits/organizations/133941865,foundation,2025-10-17 17:56:47,,,,,,,,not_contacted,no,no,,,,high
Pinkerton Foundation,136206624,New York,NY,,,https://projects.propublica.org/nonprofits/organizations/136206624,foundation,2025-10-17 17:56:47,,,,,,,,not_contacted,no,no,,,,high
Avaaz Foundation,205050267,New York,NY,R03,,https://projects.propublica.org/nonprofits/organizations/205050267,foundation,2025-10-17 17:56:47,,,,,,,,not_contacted,no,no,,,,high
Metlife Foundation,132878224,New York,NY,,,https://projects.propublica.org/nonprofits/organizations/132878224,foundation,2025-10-17 17:56:47,,,,,,,,not_contacted,no,no,,,,high
Manton Foundation,133636372,New York,NY,,,https://projects.propublica.org/nonprofits/organizations/133636372,foundation,2025-10-17 17:56:47,,,,,,,,not_contacted,no,no,,,,high
Alphadyne Foundation,851674725,New York,NY,T20,,https://projects.propublica.org/nonprofits/organizations/851674725,foundation,2025-10-17 17:56:47,,,,,,,,not_contacted,no,no,,,,high
Woodlawn Foundation,133055729,New Rochelle,NY,X220,,https://projects.propublica.org/nonprofits/organizations/133055729,foundation,2025-10-17 17:56:47,,,,,,,,not_contacted,no,no,,,,high
Adirondack Foundation,161535724,Lake Placid,NY,T310,,https://projects.propublica.org/nonprofits/organizations/161535724,foundation,2025-10-17 17:56:47,,,,,,,,not_contacted,no,no,,,,high
Mulago Foundation,946182697,New York,NY,T20,,https://projects.propublica.org/nonprofits/organizations/946182697,foundation,2025-10-17 17:56:47,,,,,,,,not_contacted,no,no,,,,high
Altman Foundation,131623879,New York,NY,,,https://projects.propublica.org/nonprofits/organizations/131623879,foundation,2025-10-17 17:56:47,,,,,,,,not_contacted,no,no,,,,high
Burrows Foundation,223059155,Little Falls,NY,B82,,https://projects.propublica.org/nonprofits/organizations/223059155,foundation,2025-10-17 17:56:47,,,,,,,,not_contacted,no,no,,,,high
Moodys Foundation,134200757,New York,NY,T21,,https://projects.propublica.org/nonprofits/organizations/134200757,foundation,2025-10-17 17:56:47,,,,,,,,not_contacted,no,no,,,,high
Tent Foundation,472761733,New York,NY,T20,,https://projects.propublica.org/nonprofits/organizations/472761733,foundation,2025-10-17 17:56:47,,,,,,,,not_contacted,no,no,,,,high
Underground Foundations,815137417,Saugerties,NY,C60,,https://projects.propublica.org/nonprofits/organizations/815137417,foundations,2025-10-17 17:56:49,,,,,,,,not_contacted,no,no,,,,high
Jewish Foundations,832669071,Suffern,NY,X30,,https://projects.propublica.org/nonprofits/organizations/832669071,foundations,2025-10-17 17:56:49,,,,,,,,not_contacted,no,no,,,,high
Ayco Charitable Foundation,141782466,Cohoes,NY,T300,,https://projects.propublica.org/nonprofits/organizations/141782466,charitable foundation,2025-10-17 17:56:50,,,,,,,,not_contacted,no,no,,,,high
Iag Charitable Foundation,934406877,Albany,NY,T22,,https://projects.propublica.org/nonprofits/organizations/934406877,charitable foundation,2025-10-17 17:56:50,,,,,,,,not_contacted,no,no,,,,high
Blackstone Charitable Foundation,260462996,New York,NY,T21,,https://projects.propublica.org/nonprofits/organizations/260462996,charitable foundation,2025-10-17 17:56:50,,,,,,,,not_contacted,no,no,,,,high
Hourglass Charitable Foundation,872162781,New York,NY,T20,,https://projects.propublica.org/nonprofits/organizations/872162781,charitable foundation,2025-10-17 17:56:50,,,,,,,,not_contacted,no,no,,,,high
Egl Charitable Foundation,273667312,New York,NY,T20,,https://projects.propublica.org/nonprofits/organizations/273667312,charitable foundation,2025-10-17 17:56:50,,,,,,,,not_contacted,no,no,,,,high
Mindich Charitable Foundation,832781828,New York,NY,T20,,https://projects.propublica.org/nonprofits/organizations/832781828,charitable foundation,2025-10-17 17:56:50,,,,,,,,not_contacted,no,no,,,,high
Kyndryl Charitable Foundation,920750973,Rye Brook,NY,T20,,https://projects.propublica.org/nonprofits/organizations/920750973,charitable foundation,2025-10-17 17:56:50,,,,,,,,not_contacted,no,no,,,,high
Finistere Charitable Foundation,822856772,New York,NY,T22,,https://projects.propublica.org/nonprofits/organizations/822856772,charitable foundation,2025-10-17 17:56:50,,,,,,,,not_contacted,no,no,,,,high
Belvedere Charitable Foundation,980509706,New York,NY,T22,,https://projects.propublica.org/nonprofits/organizations/980509706,charitable foundation,2025-10-17 17:56:50,,,,,,,,not_contacted,no,no,,,,high
Integrum Charitable Foundation,880585708,New York,NY,T21,,https://projects.propublica.org/nonprofits/organizations/880585708,charitable foundation,2025-10-17 17:56:50,,,,,,,,not_contacted,no,no,,,,high
Grace Charitable Foundation,383911633,New York,NY,X11,,https://projects.propublica.org/nonprofits/organizations/383911633,charitable foundation,2025-10-17 17:56:50,,,,,,,,not_contacted,no,no,,,,high
Jl Charitable Foundation,842397358,Monroe,NY,T23,,https://projects.propublica.org/nonprofits/organizations/842397358,charitable foundation,2025-10-17 17:56:50,,,,,,,,not_contacted,no,no,,,,high
Manhattan Charitable Foundation,562290295,New York,NY,T20,,https://projects.propublica.org/nonprofits/organizations/562290295,charitable foundation,2025-10-17 17:56:50,,,,,,,,not_contacted,no,no,,,,high
Landegger Charitable Foundation,510180544,Rye Brook,NY,,,https://projects.propublica.org/nonprofits/organizations/510180544,charitable foundation,2025-10-17 17:56:50,,,,,,,,not_contacted,no,no,,,,high
Wayen Charitable Foundation,133466312,Forest Hills,NY,,,https://projects.propublica.org/nonprofits/organizations/133466312,charitable foundation,2025-10-17 17:56:50,,,,,,,,not_contacted,no,no,,,,high
Ebg Charitable Foundation,822512506,Monsey,NY,T30,,https://projects.propublica.org/nonprofits/organizations/822512506,charitable foundation,2025-10-17 17:56:50,,,,,,,,not_contacted,no,no,,,,high
Harjen Charitable Foundation,260276553,New York,NY,T20,,https://projects.propublica.org/nonprofits/organizations/260276553,charitable foundation,2025-10-17 17:56:50,,,,,,,,not_contacted,no,no,,,,high
Arf Charitable Foundation,832786566,New York,NY,T21,,https://projects.propublica.org/nonprofits/organizations/832786566,charitable foundation,2025-10-17 17:56:50,,,,,,,,not_contacted,no,no,,,,high
Jeffrey Charitable Foundation,814615729,Monsey,NY,T20,,https://projects.propublica.org/nonprofits/organizations/814615729,charitable foundation,2025-10-17 17:56:50,,,,,,,,not_contacted,no,no,,,,high
Nexstar Charitable Foundation,136161525,New York,NY,,,https://projects.propublica.org/nonprofits/organizations/136161525,charitable foundation,2025-10-17 17:56:50,,,,,,,,not_contacted,no,no,,,,high
Mfk Charitable Foundation,264457852,Brooklyn,NY,T22,,https://projects.propublica.org/nonprofits/organizations/264457852,charitable foundation,2025-10-17 17:56:50,,,,,,,,not_contacted,no,no,,,,high
Segal Charitable Foundation,113412302,Brooklyn,NY,T90Z,,https://projects.propublica.org/nonprofits/organizations/113412302,charitable foundation,2025-10-17 17:56:50,,,,,,,,not_contacted,no,no,,,,high
Evercore Charitable Foundation,863977771,New York,NY,T21,,https://projects.propublica.org/nonprofits/organizations/863977771,charitable foundation,2025-10-17 17:56:50,,,,,,,,not_contacted,no,no,,,,high
Marelda Charitable Foundation,455510047,New York,NY,T20,,https://projects.propublica.org/nonprofits/organizations/455510047,charitable foundation,2025-10-17 17:56:50,,,,,,,,not_contacted,no,no,,,,high
Kw Charitable Foundation,113366771,Brooklyn,NY,T31J,,https://projects.propublica.org/nonprofits/organizations/113366771,charitable foundation,2025-10-17 17:56:50,,,,,,,,not_contacted,no,no,,,,high
Overdeck Family Foundation,264377643,New York,NY,T22,,https://projects.propublica.org/nonprofits/organizations/264377643,family foundation,2025-10-17 17:56:51,,,,,,,,not_contacted,no,no,,,,high
Blavatnik Family Foundation,812444350,New York,NY,T20,,https://projects.propublica.org/nonprofits/organizations/812444350,family foundation,2025-10-17 17:56:51,,,,,,,,not_contacted,no,no,,,,high
Hao Family Foundation,473853918,Saratoga Spgs,NY,T20,,https://projects.propublica.org/nonprofits/organizations/473853918,family foundation,2025-10-17 17:56:51,,,,,,,,not_contacted,no,no,,,,high
Banga Family Foundation,931621605,New York,NY,T20,,https://projects.propublica.org/nonprofits/organizations/931621605,family foundation,2025-10-17 17:56:51,,,,,,,,not_contacted,no,no,,,,high
Stanley Family Foundation,61157888,Briarcliff,NY,,,https://projects.propublica.org/nonprofits/organizations/61157888,family foundation,2025-10-17 17:56:51,,,,,,,,not_contacted,no,no,,,,high
Sundheim Family Foundation,831563495,New York,NY,T20,,https://projects.propublica.org/nonprofits/organizations/831563495,family foundation,2025-10-17 17:56:51,,,,,,,,not_contacted,no,no,,,,high
Gong Family Foundation,850778984,North Salem,NY,T22,,https://projects.propublica.org/nonprofits/organizations/850778984,family foundation,2025-10-17 17:56:51,,,,,,,,not_contacted,no,no,,,,high
Paulson Family Foundation,263922995,New York,NY,T22,,https://projects.propublica.org/nonprofits/organizations/263922995,family foundation,2025-10-17 17:56:51,,,,,,,,not_contacted,no,no,,,,high
Treehouse Family Foundation,854230020,New York,NY,T20,,https://projects.propublica.org/nonprofits/organizations/854230020,family foundation,2025-10-17 17:56:51,,,,,,,,not_contacted,no,no,,,,high
Lubetzky Family Foundation,821648087,New York,NY,W70,,https://projects.propublica.org/nonprofits/organizations/821648087,family foundation,2025-10-17 17:56:51,,,,,,,,not_contacted,no,no,,,,high
Timashev Family Foundation,821674572,New York,NY,P20,,https://projects.propublica.org/nonprofits/organizations/821674572,family foundation,2025-10-17 17:56:51,,,,,,,,not_contacted,no,no,,,,high
Higgins Family Foundation,384152217,New York,NY,T22,,https://projects.propublica.org/nonprofits/organizations/384152217,family foundation,2025-10-17 17:56:51,,,,,,,,not_contacted,no,no,,,,high
Patterson Family Foundation,356975288,New York,NY,T20,,https://projects.propublica.org/nonprofits/organizations/356975288,family foundation,2025-10-17 17:56:51,,,,,,,,not_contacted,no,no,,,,high
Quad Family Foundation,463835222,Cohoes,NY,T20,,https://projects.propublica.org/nonprofits/organizations/463835222,family foundation,2025-10-17 17:56:51,,,,,,,,not_contacted,no,no,,,,high
Mai Family Foundation,133915987,New York,NY,T20J,,https://projects.propublica.org/nonprofits/organizations/133915987,family foundation,2025-10-17 17:56:51,,,,,,,,not_contacted,no,no,,,,high
Daftuar Family Foundation,474685449,New York,NY,G99,,https://projects.propublica.org/nonprofits/organizations/474685449,family foundation,2025-10-17 17:56:51,,,,,,,,not_contacted,no,no,,,,high
Erie Family Foundation,522339484,New York,NY,T22,,https://projects.propublica.org/nonprofits/organizations/522339484,family foundation,2025-10-17 17:56:51,,,,,,,,not_contacted,no,no,,,,high
Mucci Family Foundation,922880400,Rochester,NY,T22,,https://projects.propublica.org/nonprofits/organizations/922880400,family foundation,2025-10-17 17:56:51,,,,,,,,not_contacted,no,no,,,,high
Fuhrman Family Foundation,461579112,New York,NY,T22,,https://projects.propublica.org/nonprofits/organizations/461579112,family foundation,2025-10-17 17:56:51,,,,,,,,not_contacted,no,no,,,,high
Gerstner Family Foundation,208559135,Armonk,NY,T22,,https://projects.propublica.org/nonprofits/organizations/208559135,family foundation,2025-10-17 17:56:51,,,,,,,,not_contacted,no,no,,,,high
Baratta Family Foundation,830767499,Saratoga Spgs,NY,T22,,https://projects.propublica.org/nonprofits/organizations/830767499,family foundation,2025-10-17 17:56:51,,,,,,,,not_contacted,no,no,,,,high
Fascitelli Family Foundation,133748071,New York,NY,,,https://projects.propublica.org/nonprofits/organizations/133748071,family foundation,2025-10-17 17:56:51,,,,,,,,not_contacted,no,no,,,,high
Marsal Family Foundation,841367157,New York,NY,T20Z,,https://projects.propublica.org/nonprofits/organizations/841367157,family foundation,2025-10-17 17:56:51,,,,,,,,not_contacted,no,no,,,,high
Kaye Family Foundation,134092284,Albany,NY,T20,,https://projects.propublica.org/nonprofits/organizations/134092284,family foundation,2025-10-17 17:56:51,,,,,,,,not_contacted,no,no,,,,high
Sundell Family Foundation,475028854,New York,NY,,,https://projects.propublica.org/nonprofits/organizations/475028854,family foundation,2025-10-17 17:56:51,,,,,,,,not_contacted,no,no,,,,high
Brooklyn Community Foundation,113422729,Brooklyn,NY,T21,,https://projects.propublica.org/nonprofits/organizations/113422729,community foundation,2025-10-17 17:56:52,,,,,,,,not_contacted,no,no,,,,high
Rome Community Foundation,161574338,Rome,NY,T31,,https://projects.propublica.org/nonprofits/organizations/161574338,community foundation,2025-10-17 17:56:52,,,,,,,,not_contacted,no,no,,,,high
Pcsb Community Foundation,821223618,Yorktown Heights,NY,T22,,https://projects.propublica.org/nonprofits/organizations/821223618,community foundation,2025-10-17 17:56:52,,,,,,,,not_contacted,no,no,,,,high
Cortland Community Foundation,161561037,Cortland,NY,T31,,https://projects.propublica.org/nonprofits/organizations/161561037,community foundation,2025-10-17 17:56:52,,,,,,,,not_contacted,no,no,,,,high
Athens Community Foundation,371419086,Athens,NY,T20,,https://projects.propublica.org/nonprofits/organizations/371419086,community foundation,2025-10-17 17:56:52,,,,,,,,not_contacted,no,no,,,,high
Pawling Community Foundation,141748758,Pawling,NY,,,https://projects.propublica.org/nonprofits/organizations/141748758,community foundation,2025-10-17 17:56:52,,,,,,,,not_contacted,no,no,,,,high
Community Solutions Foundation,463772911,Buffalo,NY,P19,,https://projects.propublica.org/nonprofits/organizations/463772911,community foundation,2025-10-17 17:56:52,,,,,,,,not_contacted,no,no,,,,high
Brookmeade Community Foundation,454813106,Rhinebeck,NY,T99,,https://projects.propublica.org/nonprofits/organizations/454813106,community foundation,2025-10-17 17:56:52,,,,,,,,not_contacted,no,no,,,,high
Community Concern Foundation,161447801,Derby,NY,,,https://projects.propublica.org/nonprofits/organizations/161447801,community foundation,2025-10-17 17:56:52,,,,,,,,not_contacted,no,no,,,,high
Cooperstown Community Foundation,166090548,Cooperstown,NY,,,https://projects.propublica.org/nonprofits/organizations/166090548,community foundation,2025-10-17 17:56:52,,,,,,,,not_contacted,no,no,,,,high
World Community Foundation,133612343,New York,NY,,,https://projects.propublica.org/nonprofits/organizations/133612343,community foundation,2025-10-17 17:56:52,,,,,,,,not_contacted,no,no,,,,high
Bethpage Community Foundation,113578002,Bethpage,NY,T31,,https://projects.propublica.org/nonprofits/organizations/113578002,community foundation,2025-10-17 17:56:52,,,,,,,,not_contacted,no,no,,,,high
Boma Community Foundation,834716640,New York,NY,S20,,https://projects.propublica.org/nonprofits/organizations/834716640,community foundation,2025-10-17 17:56:52,,,,,,,,not_contacted,no,no,,,,high
Community Exchange Foundation,271641810,Glens Falls,NY,T99,,https://projects.propublica.org/nonprofits/organizations/271641810,community foundation,2025-10-17 17:56:52,,,,,,,,not_contacted,no,no,,,,high
Community Hope Foundation,853783524,Sprngfld Gdns,NY,P20,,https://projects.propublica.org/nonprofits/organizations/853783524,community foundation,2025-10-17 17:56:52,,,,,,,,not_contacted,no,no,,,,high
Cornwall Community Foundation,463121192,New Windsor,NY,T12,,https://projects.propublica.org/nonprofits/organizations/463121192,community foundation,2025-10-17 17:56:52,,,,,,,,not_contacted,no,no,,,,high
Duryee Community Foundation,844110882,Schenectady,NY,S20,,https://projects.propublica.org/nonprofits/organizations/844110882,community foundation,2025-10-17 17:56:52,,,,,,,,not_contacted,no,no,,,,high
Esopus Community Foundation,862568195,Port Ewen,NY,W99,,https://projects.propublica.org/nonprofits/organizations/862568195,community foundation,2025-10-17 17:56:52,,,,,,,,not_contacted,no,no,,,,high
Leaveners Community Foundation,481172029,Essex,NY,P58,,https://projects.propublica.org/nonprofits/organizations/481172029,community foundation,2025-10-17 17:56:52,,,,,,,,not_contacted,no,no,,,,high
New Community Foundation,464343865,Bronx,NY,S20,,https://projects.propublica.org/nonprofits/organizations/464343865,community foundation,2025-10-17 17:56:52,,,,,,,,not_contacted,no,no,,,,high
Sephardic Community Foundation,861748882,Brooklyn,NY,A23,,https://projects.propublica.org/nonprofits/organizations/861748882,community foundation,2025-10-17 17:56:52,,,,,,,,not_contacted,no,no,,,,high
Andujar Foundation Community,824911984,Buffalo,NY,O50,,https://projects.propublica.org/nonprofits/organizations/824911984,community foundation,2025-10-17 17:56:52,,,,,,,,not_contacted,no,no,,,,high
Community Kollel Foundation,990765557,Far Rockaway,NY,X30,,https://projects.propublica.org/nonprofits/organizations/990765557,community foundation,2025-10-17 17:56:52,,,,,,,,not_contacted,no,no,,,,high
Elevate Community Foundation,844976587,Rochester,NY,Z99,,https://projects.propublica.org/nonprofits/organizations/844976587,community foundation,2025-10-17 17:56:52,,,,,,,,not_contacted,no,no,,,,high
Plmbc Community Foundation,824450245,Buffalo,NY,O50,,https://projects.propublica.org/nonprofits/organizations/824450245,community foundation,2025-10-17 17:56:52,,,,,,,,not_contacted,no,no,,,,high
Nhrg Private Foundation,273949845,Greenlawn,NY,T22,,https://projects.propublica.org/nonprofits/organizations/273949845,private foundation,2025-10-17 17:56:54,,,,,,,,not_contacted,no,no,,,,high
Bitcoin Private Foundation,831305957,New York,NY,U99,,https://projects.propublica.org/nonprofits/organizations/831305957,private foundation,2025-10-17 17:56:54,,,,,,,,not_contacted,no,no,,,,high
Mae Private Foundation,815246407,New York,NY,T50,,https://projects.propublica.org/nonprofits/organizations/815246407,private foundation,2025-10-17 17:56:54,,,,,,,,not_contacted,no,no,,,,high
Allan Patchett Private Foundation,550760574,Amherst,NY,T20,,https://projects.propublica.org/nonprofits/organizations/550760574,private foundation,2025-10-17 17:56:54,,,,,,,,not_contacted,no,no,,,,high
Douglas Cramer Private Foundation,311705313,Woodbury,NY,T22,,https://projects.propublica.org/nonprofits/organizations/311705313,private foundation,2025-10-17 17:56:54,,,,,,,,not_contacted,no,no,,,,high
Private Tutor Foundation Inc,611620448,White Plains,NY,B90,,https://projects.propublica.org/nonprofits/organizations/611620448,private foundation,2025-10-17 17:56:54,,,,,,,,not_contacted,no,no,,,,high
Public Private Alliance Foundation,711016293,Hastings Hdsn,NY,Q01,,https://projects.propublica.org/nonprofits/organizations/711016293,private foundation,2025-10-17 17:56:54,,,,,,,,not_contacted,no,no,,,,high
Rodel Private Charitable Foundation,261512186,Woodbury,NY,T20,,https://projects.propublica.org/nonprofits/organizations/261512186,private foundation,2025-10-17 17:56:54,,,,,,,,not_contacted,no,no,,,,high
Thomas Cramer Private Foundation,311705322,Woodbury,NY,T22,,https://projects.propublica.org/nonprofits/organizations/311705322,private foundation,2025-10-17 17:56:54,,,,,,,,not_contacted,no,no,,,,high
Charna Radbell Private Foundation,226887924,Lawrence,NY,T20,,https://projects.propublica.org/nonprofits/organizations/226887924,private foundation,2025-10-17 17:56:54,,,,,,,,not_contacted,no,no,,,,high
Rafferty Family Private Foundation,276590504,Mamaroneck,NY,T22,,https://projects.propublica.org/nonprofits/organizations/276590504,private foundation,2025-10-17 17:56:54,,,,,,,,not_contacted,no,no,,,,high
James R Shields Private Foundation,300609473,New York,NY,T20,,https://projects.propublica.org/nonprofits/organizations/300609473,private foundation,2025-10-17 17:56:54,,,,,,,,not_contacted,no,no,,,,high
A L Borg Private Foundation,112944989,New York,NY,,,https://projects.propublica.org/nonprofits/organizations/112944989,private foundation,2025-10-17 17:56:54,,,,,,,,not_contacted,no,no,,,,high
Robert Keleher Private Foundation Inc,830773547,East Islip,NY,B82,,https://projects.propublica.org/nonprofits/organizations/830773547,private foundation,2025-10-17 17:56:54,,,,,,,,not_contacted,no,no,,,,high
Private Equity Foundation I Inc,432116245,New York,NY,T12,,https://projects.propublica.org/nonprofits/organizations/432116245,private foundation,2025-10-17 17:56:54,,,,,,,,not_contacted,no,no,,,,high
Jerome E Toffler Private Foundation,357012223,New York,NY,T22,,https://projects.propublica.org/nonprofits/organizations/357012223,private foundation,2025-10-17 17:56:54,,,,,,,,not_contacted,no,no,,,,high
Della Calce Private Foundation Inc,204702349,Vly Cottage,NY,T20,,https://projects.propublica.org/nonprofits/organizations/204702349,private foundation,2025-10-17 17:56:54,,,,,,,,not_contacted,no,no,,,,high
Kimberly Cramer Germ Private Foundation,311705318,Woodbury,NY,T22,,https://projects.propublica.org/nonprofits/organizations/311705318,private foundation,2025-10-17 17:56:54,,,,,,,,not_contacted,no,no,,,,high
Elkie Rosen Private Foundation Inc,863568842,Woodbury,NY,T50,,https://projects.propublica.org/nonprofits/organizations/863568842,private foundation,2025-10-17 17:56:54,,,,,,,,not_contacted,no,no,,,,high
Lauren Cramer Fexy Private Foundation,311705315,Woodbury,NY,T22,,https://projects.propublica.org/nonprofits/organizations/311705315,private foundation,2025-10-17 17:56:54,,,,,,,,not_contacted,no,no,,,,high
Prem & Poonam Private Foundation Inc,473888176,East Elmhurst,NY,K30,,https://projects.propublica.org/nonprofits/organizations/473888176,private foundation,2025-10-17 17:56:54,,,,,,,,not_contacted,no,no,,,,high
Lucille A Napoli Private Foundation,993635996,Bronx,NY,D20,,https://projects.propublica.org/nonprofits/organizations/993635996,private foundation,2025-10-17 17:56:54,,,,,,,,not_contacted,no,no,,,,high
Schwartz Family Private Foundation Inc,934627346,Brooklyn,NY,B12,,https://projects.propublica.org/nonprofits/organizations/934627346,private foundation,2025-10-17 17:56:54,,,,,,,,not_contacted,no,no,,,,high
Lakhani Family Private Charitable Foundation,836795215,Fresh Meadows,NY,T22,,https://projects.propublica.org/nonprofits/organizations/836795215,private foundation,2025-10-17 17:56:54,,,,,,,,not_contacted,no,no,,,,high
Thomas And Jeanne Elmezzi Private Foundation,113343740,Astoria,NY,,,https://projects.propublica.org/nonprofits/organizations/113343740,private foundation,2025-10-17 17:56:54,,,,,,,,not_contacted,no,no,,,,high
The Ralph Lauren Corporate Foundation,522316766,New York,NY,T22,,https://projects.propublica.org/nonprofits/organizations/522316766,corporate foundation,2025-10-17 17:56:55,,,,,,,,not_contacted,no,no,,,,high
North American Jaat Heritage Foundation A Nj Nonprofit Corporat,854194350,Jericho,NY,A23,,https://projects.propublica.org/nonprofits/organizations/854194350,corporate foundation,2025-10-17 17:56:55,,,,,,,,not_contacted,no,no,,,,high
Foundation For Bedford Central Schools A Not For Profit Corporati,461741040,Bedford Hills,NY,B122,,https://projects.propublica.org/nonprofits/organizations/461741040,corporate foundation,2025-10-17 17:56:55,,,,,,,,not_contacted,no,no,,,,high
Artis Contemporary Israeli Art Fund Inc,264184988,New York,NY,A23,,https://projects.propublica.org/nonprofits/organizations/264184988,arts,2025-10-17 17:56:56,,,,,,,,not_contacted,no,no,,,,high
Magnum Cultural Foundation,450573269,New York,NY,A40,,https://projects.propublica.org/nonprofits/organizations/450573269,cultural,2025-10-17 17:56:57,,,,,,,,not_contacted,no,no,,,,high
Cultural Resources Foundation,262993649,Brooklyn,NY,A99,,https://projects.propublica.org/nonprofits/organizations/262993649,cultural,2025-10-17 17:56:57,,,,,,,,not_contacted,no,no,,,,high
Moun Cultural Foundation,392761036,Floral Park,NY,A23,,https://projects.propublica.org/nonprofits/organizations/392761036,cultural,2025-10-17 17:56:57,,,,,,,,not_contacted,no,no,,,,high
Music Intersections Corporation,993334410,Long Is City,NY,A20,,https://projects.propublica.org/nonprofits/organizations/993334410,music,2025-10-17 17:56:58,,,,,,,,not_contacted,no,no,,,,medium
Daniels Music Foundation,320156199,New York,NY,A68,,https://projects.propublica.org/nonprofits/organizations/320156199,music,2025-10-17 17:56:58,,,,,,,,not_contacted,no,no,,,,high
Bergamot Music Incorporated,851413186,New York,NY,A60,,https://projects.propublica.org/nonprofits/organizations/851413186,music,2025-10-17 17:56:58,,,,,,,,not_contacted,no,no,,,,medium
Atlantic Theater Company,133218253,New York,NY,A650,,https://projects.propublica.org/nonprofits/organizations/133218253,theater,2025-10-17 17:57:00,,,,,,,,not_contacted,no,no,,,,medium
Covey Theater Company,921414386,Syracuse,NY,A65,,https://projects.propublica.org/nonprofits/organizations/921414386,theater,2025-10-17 17:57:00,,,,,,,,not_contacted,no,no,,,,medium
Agm Theater Company,822783354,New York City,NY,A60,,https://projects.propublica.org/nonprofits/organizations/822783354,theater,2025-10-17 17:57:00,,,,,,,,not_contacted,no,no,,,,medium
H T Dance Company Chen Dance Center,132968079,New York,NY,,,https://projects.propublica.org/nonprofits/organizations/132968079,dance,2025-10-17 17:57:01,,,,,,,,not_contacted,no,no,,,,medium
Battery Dance Corporation,237418859,New York,NY,,,https://projects.propublica.org/nonprofits/organizations/237418859,dance,2025-10-17 17:57:01,,,,,,,,not_contacted,no,no,,,,medium
Dorrance Dance Incorporated,814741774,New York,NY,A62,,https://projects.propublica.org/nonprofits/organizations/814741774,dance,2025-10-17 17:57:01,,,,,,,,not_contacted,no,no,,,,medium
Dance Heginbotham Incorporated,833349973,Brooklyn,NY,A62,,https://projects.propublica.org/nonprofits/organizations/833349973,dance,2025-10-17 17:57:01,,,,,,,,not_contacted,no,no,,,,medium
Visual Arts Foundation Inc,136261474,New York,NY,A900,,https://projects.propublica.org/nonprofits/organizations/136261474,visual arts,2025-10-17 17:57:02,,,,,,,,not_contacted,no,no,,,,high
Goldfinger Foundation For The Visual Arts,134009859,Waccabuc,NY,T20,,https://projects.propublica.org/nonprofits/organizations/134009859,visual arts,2025-10-17 17:57:02,,,,,,,,not_contacted,no,no,,,,high
Dorothy Dehner Foundation For The Visual Arts,133830526,New York,NY,T20Z,,https://projects.propublica.org/nonprofits/organizations/133830526,visual arts,2025-10-17 17:57:02,,,,,,,,not_contacted,no,no,,,,high
Ardsley Friends Of The Visual Arts Corporation,812626921,Hartsdale,NY,A40,,https://projects.propublica.org/nonprofits/organizations/812626921,visual arts,2025-10-17 17:57:02,,,,,,,,not_contacted,no,no,,,,medium
Buffalo Academy For Visual And Performing Arts Foundation,271423111,Buffalo,NY,B112,,https://projects.propublica.org/nonprofits/organizations/271423111,visual arts,2025-10-17 17:57:02,,,,,,,,not_contacted,no,no,,,,high
Matthew Troyan Foundation For The Visual Arts Ltd,454392048,Brookhaven,NY,B12,,https://projects.propublica.org/nonprofits/organizations/454392048,visual arts,2025-10-17 17:57:02,,,,,,,,not_contacted,no,no,,,,high
Ashford Hollow Foundation For The Visual Performing Arts,160958993,Buffalo,NY,,,https://projects.propublica.org/nonprofits/organizations/160958993,visual arts,2025-10-17 17:57:02,,,,,,,,not_contacted,no,no,,,,high
The Andy Warhol Foundation For The Visual Arts Inc,133410749,New York,NY,,,https://projects.propublica.org/nonprofits/organizations/133410749,visual arts,2025-10-17 17:57:02,,,,,,,,not_contacted,no,no,,,,high
East Harlem Arts & Education,132911879,New York,NY,,,https://projects.propublica.org/nonprofits/organizations/132911879,arts education,2025-10-17 17:57:03,,,,,,,,not_contacted,no,no,,,,medium
Arts & Education Continuum Inc,202850416,New York,NY,A68,,https://projects.propublica.org/nonprofits/organizations/202850416,arts education,2025-10-17 17:57:03,,,,,,,,not_contacted,no,no,,,,medium
Martial Arts Education Society,824612208,New York,NY,T50,,https://projects.propublica.org/nonprofits/organizations/824612208,arts education,2025-10-17 17:57:03,,,,,,,,not_contacted,no,no,,,,medium
Metropolitan Arts & Education Group,112845245,Kings Park,NY,,,https://projects.propublica.org/nonprofits/organizations/112845245,arts education,2025-10-17 17:57:03,,,,,,,,not_contacted,no,no,,,,medium
Broadway For Arts Education Inc,824317611,New York,NY,P20,,https://projects.propublica.org/nonprofits/organizations/824317611,arts education,2025-10-17 17:57:03,,,,,,,,not_contacted,no,no,,,,medium
Center For Arts Education Inc,133938080,New York,NY,A250,,https://projects.propublica.org/nonprofits/organizations/133938080,arts education,2025-10-17 17:57:03,,,,,,,,not_contacted,no,no,,,,medium
Bridge Arts And Education Inc,824839158,Lake Katrine,NY,A99,,https://projects.propublica.org/nonprofits/organizations/824839158,arts education,2025-10-17 17:57:03,,,,,,,,not_contacted,no,no,,,,medium
Citizen Arts And Education Inc,473406266,Brooklyn,NY,A99,,https://projects.propublica.org/nonprofits/organizations/473406266,arts education,2025-10-17 17:57:03,,,,,,,,not_contacted,no,no,,,,medium
Kiva Arts And Education Inc,134000614,New York,NY,A020,,https://projects.propublica.org/nonprofits/organizations/134000614,arts education,2025-10-17 17:57:03,,,,,,,,not_contacted,no,no,,,,medium
Theater Arts Education Alliance Inc,274539823,New York,NY,A33,,https://projects.propublica.org/nonprofits/organizations/274539823,arts education,2025-10-17 17:57:03,,,,,,,,not_contacted,no,no,,,,medium
Art And Resistance Through Education,814884105,Brooklyn,NY,A25,,https://projects.propublica.org/nonprofits/organizations/814884105,arts education,2025-10-17 17:57:03,,,,,,,,not_contacted,no,no,,,,medium
Education In Dance & The Related Arts,30474145,White Plains,NY,B99,,https://projects.propublica.org/nonprofits/organizations/30474145,arts education,2025-10-17 17:57:03,,,,,,,,not_contacted,no,no,,,,medium
Aid For Education Arts And Agriculture,800233928,Elmira,NY,P12,,https://projects.propublica.org/nonprofits/organizations/800233928,arts education,2025-10-17 17:57:03,,,,,,,,not_contacted,no,no,,,,medium
Di Vi Sion Arts & Education Inc,582618633,Bronx,NY,A68,,https://projects.propublica.org/nonprofits/organizations/582618633,arts education,2025-10-17 17:57:03,,,,,,,,not_contacted,no,no,,,,medium
Foundation Of Arts Music And Education,133707599,Bedford Hills,NY,B64Z,,https://projects.propublica.org/nonprofits/organizations/133707599,arts education,2025-10-17 17:57:03,,,,,,,,not_contacted,no,no,,,,high
Dunhuang Art & Education Inc,931679815,Jericho,NY,S80,,https://projects.propublica.org/nonprofits/organizations/931679815,arts education,2025-10-17 17:57:03,,,,,,,,not_contacted,no,no,,,,medium
Character Education And The Arts Inc,352424860,Sayville,NY,B99,,https://projects.propublica.org/nonprofits/organizations/352424860,arts education,2025-10-17 17:57:03,,,,,,,,not_contacted,no,no,,,,medium
National Guild For Community Arts Education Inc,136161108,New York,NY,,,https://projects.propublica.org/nonprofits/organizations/136161108,arts education,2025-10-17 17:57:03,,,,,,,,not_contacted,no,no,,,,medium
Pia Nys Graphic Arts Education Foundation Inc,223149570,Amherst,NY,,,https://projects.propublica.org/nonprofits/organizations/223149570,arts education,2025-10-17 17:57:03,,,,,,,,not_contacted,no,no,,,,high
Sft Endowment For Technology Education & The Arts,680463844,Garden City,NY,T20,,https://projects.propublica.org/nonprofits/organizations/680463844,arts education,2025-10-17 17:57:03,,,,,,,,not_contacted,no,no,,,,medium
Port Jefferson Harbor Education And Arts Conservancy,202114203,Prt Jefferson,NY,A20,,https://projects.propublica.org/nonprofits/organizations/202114203,arts education,2025-10-17 17:57:03,,,,,,,,not_contacted,no,no,,,,medium
Pearl Mae Watson Arts Education Foundation Inc,932519224,Brooklyn,NY,A12,,https://projects.propublica.org/nonprofits/organizations/932519224,arts education,2025-10-17 17:57:03,,,,,,,,not_contacted,no,no,,,,high
Society Of The Educational Arts Inc,113210593,New York,NY,A70Z,,https://projects.propublica.org/nonprofits/organizations/113210593,arts education,2025-10-17 17:57:03,,,,,,,,not_contacted,no,no,,,,medium
Bridging Education And Art Together,274244192,Long Is City,NY,A60,,https://projects.propublica.org/nonprofits/organizations/274244192,arts education,2025-10-17 17:57:03,,,,,,,,not_contacted,no,no,,,,medium
Jazzreach Performing Art & Education Association,113179208,Brooklyn,NY,A680,,https://projects.propublica.org/nonprofits/organizations/113179208,arts education,2025-10-17 17:57:03,,,,,,,,not_contacted,no,no,,,,medium
Caribbean Arts & Culture Foundation,993236975,Buffalo,NY,A23,,https://projects.propublica.org/nonprofits/organizations/993236975,cultural arts,2025-10-17 17:57:04,,,,,,,,not_contacted,no,no,,,,high
Asase Yaa Cultural Arts Foundation Inc,352381871,Brooklyn,NY,B99,,https://projects.propublica.org/nonprofits/organizations/352381871,cultural arts,2025-10-17 17:57:04,,,,,,,,not_contacted,no,no,,,,high
Athens Performing Arts Corporation,812863499,Athens,NY,A12,,https://projects.propublica.org/nonprofits/organizations/812863499,performing arts,2025-10-17 17:57:06,,,,,,,,not_contacted,no,no,,,,medium
Empower Performing Arts Foundation,994570117,Oswego,NY,A12,,https://projects.propublica.org/nonprofits/organizations/994570117,performing arts,2025-10-17 17:57:06,,,,,,,,not_contacted,no,no,,,,high
Pdm Performing Arts Corporation,753032931,Laurelton,NY,A62,,https://projects.propublica.org/nonprofits/organizations/753032931,performing arts,2025-10-17 17:57:06,,,,,,,,not_contacted,no,no,,,,medium
Vortex Performing Arts Incorporated,933936602,East Syracuse,NY,A68,,https://projects.propublica.org/nonprofits/organizations/933936602,performing arts,2025-10-17 17:57:06,,,,,,,,not_contacted,no,no,,,,medium
Laryngology Education,271247007,New York,NY,G90,,https://projects.propublica.org/nonprofits/organizations/271247007,education,2025-10-17 17:57:07,,,,,,,,not_contacted,no,no,,,,medium
Education Advance,813901980,New York,NY,T20,,https://projects.propublica.org/nonprofits/organizations/813901980,education,2025-10-17 17:57:07,,,,,,,,not_contacted,no,no,,,,medium
Delvebright Education,823461869,Bayside,NY,B90,,https://projects.propublica.org/nonprofits/organizations/823461869,education,2025-10-17 17:57:07,,,,,,,,not_contacted,no,no,,,,medium
Agape Education Group,472011621,Brooklyn,NY,O50,,https://projects.propublica.org/nonprofits/organizations/472011621,education,2025-10-17 17:57:07,,,,,,,,not_contacted,no,no,,,,medium
Scope Education Services,112073576,Smithtown,NY,B00A,,https://projects.propublica.org/nonprofits/organizations/112073576,education,2025-10-17 17:57:07,,,,,,,,not_contacted,no,no,,,,medium
El Education Inc,61576405,New York,NY,B99,,https://projects.propublica.org/nonprofits/organizations/61576405,education,2025-10-17 17:57:07,,,,,,,,not_contacted,no,no,,,,medium
Array Education Inc,261525207,New York,NY,B99,,https://projects.propublica.org/nonprofits/organizations/261525207,education,2025-10-17 17:57:07,,,,,,,,not_contacted,no,no,,,,medium
Futures In Education,205496382,Brooklyn,NY,B12,,https://projects.propublica.org/nonprofits/organizations/205496382,education,2025-10-17 17:57:07,,,,,,,,not_contacted,no,no,,,,medium
Heartshare Education Center,900452757,Brooklyn,NY,B28,,https://projects.propublica.org/nonprofits/organizations/900452757,education,2025-10-17 17:57:07,,,,,,,,not_contacted,no,no,,,,medium
Vmts Education Inc,844459778,Brooklyn,NY,A30,,https://projects.propublica.org/nonprofits/organizations/844459778,education,2025-10-17 17:57:07,,,,,,,,not_contacted,no,no,,,,medium
Supermajority Education Fund,843745987,New York,NY,R24,,https://projects.propublica.org/nonprofits/organizations/843745987,education,2025-10-17 17:57:07,,,,,,,,not_contacted,no,no,,,,high
Food Education Fund,263497284,New York,NY,B82,,https://projects.propublica.org/nonprofits/organizations/263497284,education,2025-10-17 17:57:07,,,,,,,,not_contacted,no,no,,,,high
Skyrocket Education Inc,852740460,Merrick,NY,B90,,https://projects.propublica.org/nonprofits/organizations/852740460,education,2025-10-17 17:57:07,,,,,,,,not_contacted,no,no,,,,medium
Arete Education Inc,800789207,Bronx,NY,O50,,https://projects.propublica.org/nonprofits/organizations/800789207,education,2025-10-17 17:57:07,,,,,,,,not_contacted,no,no,,,,medium
Kenya Education Fund,542056227,New York,NY,P80,,https://projects.propublica.org/nonprofits/organizations/542056227,education,2025-10-17 17:57:07,,,,,,,,not_contacted,no,no,,,,high
Commonwise Education Inc,452201993,Bronx,NY,S43,,https://projects.propublica.org/nonprofits/organizations/452201993,education,2025-10-17 17:57:07,,,,,,,,not_contacted,no,no,,,,medium
Education Clinic Inc,134008018,New York,NY,B92,,https://projects.propublica.org/nonprofits/organizations/134008018,education,2025-10-17 17:57:07,,,,,,,,not_contacted,no,no,,,,medium
Comprehensive Education Corp,842350890,Brooklyn,NY,B90,,https://projects.propublica.org/nonprofits/organizations/842350890,education,2025-10-17 17:57:07,,,,,,,,not_contacted,no,no,,,,medium
Polar Education Foundation,205853356,New York,NY,C60,,https://projects.propublica.org/nonprofits/organizations/205853356,education,2025-10-17 17:57:07,,,,,,,,not_contacted,no,no,,,,high
Chess & Education Corp,463721466,Forest Hills,NY,B99,,https://projects.propublica.org/nonprofits/organizations/463721466,education,2025-10-17 17:57:07,,,,,,,,not_contacted,no,no,,,,medium
Middle Way Education,823730873,Kingston,NY,B90,,https://projects.propublica.org/nonprofits/organizations/823730873,education,2025-10-17 17:57:07,,,,,,,,not_contacted,no,no,,,,medium
Education Africa Inc,261835457,New York,NY,Q30,,https://projects.propublica.org/nonprofits/organizations/261835457,education,2025-10-17 17:57:07,,,,,,,,not_contacted,no,no,,,,medium
Humans For Education,474963153,Rochester,NY,B20,,https://projects.propublica.org/nonprofits/organizations/474963153,education,2025-10-17 17:57:07,,,,,,,,not_contacted,no,no,,,,medium
Greece Education Foundaton,270049621,Rochester,NY,B122,,https://projects.propublica.org/nonprofits/organizations/270049621,education,2025-10-17 17:57:07,,,,,,,,not_contacted,no,no,,,,medium
Ascenders Education Advocates,851441628,New York,NY,B90,,https://projects.propublica.org/nonprofits/organizations/851441628,education,2025-10-17 17:57:07,,,,,,,,not_contacted,no,no,,,,medium
Jewish Educational Media,113518767,Brooklyn,NY,X81,,https://projects.propublica.org/nonprofits/organizations/113518767,educational,2025-10-17 17:57:08,,,,,,,,not_contacted,no,no,,,,medium
42 Analytics Educational,300593606,New York,NY,V99,,https://projects.propublica.org/nonprofits/organizations/300593606,educational,2025-10-17 17:57:08,,,,,,,,not_contacted,no,no,,,,medium
Advertising Educational Foundation,133228986,New York,NY,,,https://projects.propublica.org/nonprofits/organizations/133228986,educational,2025-10-17 17:57:08,,,,,,,,not_contacted,no,no,,,,high
Bnos Educational Trust,872475274,Brooklyn,NY,X30,,https://projects.propublica.org/nonprofits/organizations/872475274,educational,2025-10-17 17:57:08,,,,,,,,not_contacted,no,no,,,,high
Kaplan Educational Foundation,200495155,New York,NY,T20,,https://projects.propublica.org/nonprofits/organizations/200495155,educational,2025-10-17 17:57:08,,,,,,,,not_contacted,no,no,,,,high
Map Educational Fund,453265404,New York,NY,G40,,https://projects.propublica.org/nonprofits/organizations/453265404,educational,2025-10-17 17:57:08,,,,,,,,not_contacted,no,no,,,,high
Korean Educational Institute,133679783,New York,NY,,,https://projects.propublica.org/nonprofits/organizations/133679783,educational,2025-10-17 17:57:08,,,,,,,,not_contacted,no,no,,,,medium
Nesca Educational Foundation,831276077,Albany,NY,B82,,https://projects.propublica.org/nonprofits/organizations/831276077,educational,2025-10-17 17:57:08,,,,,,,,not_contacted,no,no,,,,high
Cannon Educational Fund,526223026,Buffalo,NY,T70,,https://projects.propublica.org/nonprofits/organizations/526223026,educational,2025-10-17 17:57:08,,,,,,,,not_contacted,no,no,,,,high
Hauppauge Educational Foundation,311625943,Hauppauge,NY,B123,,https://projects.propublica.org/nonprofits/organizations/311625943,educational,2025-10-17 17:57:08,,,,,,,,not_contacted,no,no,,,,high
Catskill Educational Foundation,203123424,Catskill,NY,B99,,https://projects.propublica.org/nonprofits/organizations/203123424,educational,2025-10-17 17:57:08,,,,,,,,not_contacted,no,no,,,,high
Educational Journal Inc,830378908,Bayside,NY,P84,,https://projects.propublica.org/nonprofits/organizations/830378908,educational,2025-10-17 17:57:08,,,,,,,,not_contacted,no,no,,,,medium
Gescheidt Educational Fund,131739900,Pleasantville,NY,,,https://projects.propublica.org/nonprofits/organizations/131739900,educational,2025-10-17 17:57:08,,,,,,,,not_contacted,no,no,,,,high
Highland Educational Foundation,474154232,Highland,NY,B12,,https://projects.propublica.org/nonprofits/organizations/474154232,educational,2025-10-17 17:57:08,,,,,,,,not_contacted,no,no,,,,high
Menglan Educational Foundation,454574583,Scarsdale,NY,B82,,https://projects.propublica.org/nonprofits/organizations/454574583,educational,2025-10-17 17:57:08,,,,,,,,not_contacted,no,no,,,,high
Outram Educational Foundation,113575425,Brooklyn,NY,B99,,https://projects.propublica.org/nonprofits/organizations/113575425,educational,2025-10-17 17:57:08,,,,,,,,not_contacted,no,no,,,,high
Sefardic Educational Center,273176214,Brooklyn,NY,T30,,https://projects.propublica.org/nonprofits/organizations/273176214,educational,2025-10-17 17:57:08,,,,,,,,not_contacted,no,no,,,,medium
Tep Educational Foundation,991516530,Troy,NY,C60,,https://projects.propublica.org/nonprofits/organizations/991516530,educational,2025-10-17 17:57:08,,,,,,,,not_contacted,no,no,,,,high
Tonbridge Educational Foundation,205556499,New York,NY,B82,,https://projects.propublica.org/nonprofits/organizations/205556499,educational,2025-10-17 17:57:08,,,,,,,,not_contacted,no,no,,,,high
Corinth Educational Foundation,333171331,Corinth,NY,B12,,https://projects.propublica.org/nonprofits/organizations/333171331,educational,2025-10-17 17:57:08,,,,,,,,not_contacted,no,no,,,,high
Educational Products Information,132587587,Southampton,NY,B99Z,,https://projects.propublica.org/nonprofits/organizations/132587587,educational,2025-10-17 17:57:08,,,,,,,,not_contacted,no,no,,,,medium
Educational Relief Association,237346569,Brooklyn,NY,,,https://projects.propublica.org/nonprofits/organizations/237346569,educational,2025-10-17 17:57:08,,,,,,,,not_contacted,no,no,,,,medium
Maimonides Educational Center,20707290,Merrick,NY,X21,,https://projects.propublica.org/nonprofits/organizations/20707290,educational,2025-10-17 17:57:08,,,,,,,,not_contacted,no,no,,,,medium
Mariners Educational Center,134091746,New York,NY,,,https://projects.propublica.org/nonprofits/organizations/134091746,educational,2025-10-17 17:57:08,,,,,,,,not_contacted,no,no,,,,medium
Mazel Educational Center,810880426,Brooklyn,NY,X30,,https://projects.propublica.org/nonprofits/organizations/810880426,educational,2025-10-17 17:57:08,,,,,,,,not_contacted,no,no,,,,medium
Protected Schools Foundation,992490472,Sayville,NY,B90,,https://projects.propublica.org/nonprofits/organizations/992490472,schools,2025-10-17 17:57:10,,,,,,,,not_contacted,no,no,,,,high
Higher Learning Foundation,473440389,Laurelton,NY,B90,,https://projects.propublica.org/nonprofits/organizations/473440389,learning,2025-10-17 17:57:14,,,,,,,,not_contacted,no,no,,,,high
1964 Scholarship,473373182,Buffalo,NY,B82,,https://projects.propublica.org/nonprofits/organizations/473373182,scholarship,2025-10-17 17:57:15,,,,,,,,not_contacted,no,no,,,,medium
Dream Scholarship,811011882,Merrick,NY,B82,,https://projects.propublica.org/nonprofits/organizations/811011882,scholarship,2025-10-17 17:57:15,,,,,,,,not_contacted,no,no,,,,medium
Scholarship Bowling,460930160,Merrick,NY,B82,,https://projects.propublica.org/nonprofits/organizations/460930160,scholarship,2025-10-17 17:57:15,,,,,,,,not_contacted,no,no,,,,medium
Najees Scholarship,923105531,Bronx,NY,B82,,https://projects.propublica.org/nonprofits/organizations/923105531,scholarship,2025-10-17 17:57:15,,,,,,,,not_contacted,no,no,,,,medium
Tailwind Scholarships,461728604,Muttontown,NY,,,https://projects.propublica.org/nonprofits/organizations/461728604,scholarship,2025-10-17 17:57:15,,,,,,,,not_contacted,no,no,,,,medium
Scholarship America Inc,465652357,Victor,NY,,,https://projects.propublica.org/nonprofits/organizations/465652357,scholarship,2025-10-17 17:57:15,,,,,,,,not_contacted,no,no,,,,medium
Fsl Scholarship Foundation,232618766,New York,NY,,,https://projects.propublica.org/nonprofits/organizations/232618766,scholarship,2025-10-17 17:57:15,,,,,,,,not_contacted,no,no,,,,high
Jeffries Family Scholarship,953594410,New York,NY,,,https://projects.propublica.org/nonprofits/organizations/953594410,scholarship,2025-10-17 17:57:15,,,,,,,,not_contacted,no,no,,,,medium
Ash Scholarship Tr,266528097,Norwich,NY,B82,,https://projects.propublica.org/nonprofits/organizations/266528097,scholarship,2025-10-17 17:57:15,,,,,,,,not_contacted,no,no,,,,medium
Sba Scholarship Fund,542184059,New York,NY,B82,,https://projects.propublica.org/nonprofits/organizations/542184059,scholarship,2025-10-17 17:57:15,,,,,,,,not_contacted,no,no,,,,high
Sawyer Scholarship Foundation,136113938,Obernburg,NY,,,https://projects.propublica.org/nonprofits/organizations/136113938,scholarship,2025-10-17 17:57:15,,,,,,,,not_contacted,no,no,,,,high
Calcagno Scholarship Inc,933334911,New York,NY,B82,,https://projects.propublica.org/nonprofits/organizations/933334911,scholarship,2025-10-17 17:57:15,,,,,,,,not_contacted,no,no,,,,medium
Avery Scholarship Foundation,141798357,Roscoe,NY,T22,,https://projects.propublica.org/nonprofits/organizations/141798357,scholarship,2025-10-17 17:57:15,,,,,,,,not_contacted,no,no,,,,high
Adb Scholarship Fund,880849655,Binghamton,NY,B82,,https://projects.propublica.org/nonprofits/organizations/880849655,scholarship,2025-10-17 17:57:15,,,,,,,,not_contacted,no,no,,,,high
Asum Scholarship Fund,465377060,Bronx,NY,B82,,https://projects.propublica.org/nonprofits/organizations/465377060,scholarship,2025-10-17 17:57:15,,,,,,,,not_contacted,no,no,,,,high
Beatitude Scholarship Fund,933352162,Sprngfld Gdns,NY,O55,,https://projects.propublica.org/nonprofits/organizations/933352162,scholarship,2025-10-17 17:57:15,,,,,,,,not_contacted,no,no,,,,high
Flavin Scholarship Fund,161603208,Rochester,NY,B82,,https://projects.propublica.org/nonprofits/organizations/161603208,scholarship,2025-10-17 17:57:15,,,,,,,,not_contacted,no,no,,,,high
Greenwich Community Scholarship,223095905,Greenwich,NY,,,https://projects.propublica.org/nonprofits/organizations/223095905,scholarship,2025-10-17 17:57:15,,,,,,,,not_contacted,no,no,,,,medium
Kvk Scholarship Inc,331720023,Hastings Hdsn,NY,B82,,https://projects.propublica.org/nonprofits/organizations/331720023,scholarship,2025-10-17 17:57:15,,,,,,,,not_contacted,no,no,,,,medium
Life Scholarship Foundation,473207733,E Northport,NY,B82,,https://projects.propublica.org/nonprofits/organizations/473207733,scholarship,2025-10-17 17:57:15,,,,,,,,not_contacted,no,no,,,,high
Oceanside Scholarship Fund,116038132,Oceanside,NY,,,https://projects.propublica.org/nonprofits/organizations/116038132,scholarship,2025-10-17 17:57:15,,,,,,,,not_contacted,no,no,,,,high
Pulaski Scholarship Foundation,113085480,Maspeth,NY,T21Z,,https://projects.propublica.org/nonprofits/organizations/113085480,scholarship,2025-10-17 17:57:15,,,,,,,,not_contacted,no,no,,,,high
Usla Scholarship Inc,161611082,Saranac Lake,NY,B82,,https://projects.propublica.org/nonprofits/organizations/161611082,scholarship,2025-10-17 17:57:15,,,,,,,,not_contacted,no,no,,,,medium
Hemenway Scholarship Inc,881990122,New York,NY,B82,,https://projects.propublica.org/nonprofits/organizations/881990122,scholarship,2025-10-17 17:57:15,,,,,,,,not_contacted,no,no,,,,medium
Humanitas Scholarship Trust,133123849,Bronx,NY,B90,,https://projects.propublica.org/nonprofits/organizations/133123849,scholarship,2025-10-17 17:57:15,,,,,,,,not_contacted,no,no,,,,high
Student Arts Foundation,454120223,Rochester,NY,B99,,https://projects.propublica.org/nonprofits/organizations/454120223,student,2025-10-17 17:57:17,,,,,,,,not_contacted,no,no,,,,high
Rize Student Foundation,874292354,New York,NY,B82,,https://projects.propublica.org/nonprofits/organizations/874292354,student,2025-10-17 17:57:17,,,,,,,,not_contacted,no,no,,,,high
Student Assistance Services Corporation,133264779,Tarrytown,NY,F200,,https://projects.propublica.org/nonprofits/organizations/133264779,student,2025-10-17 17:57:17,,,,,,,,not_contacted,no,no,,,,medium
Student Housing Village Corporation,830463258,Sanborn,NY,B11,,https://projects.propublica.org/nonprofits/organizations/830463258,student,2025-10-17 17:57:17,,,,,,,,not_contacted,no,no,,,,medium
Fit Student Faculty Corporation,131913988,New York,NY,,,https://projects.propublica.org/nonprofits/organizations/131913988,student,2025-10-17 17:57:17,,,,,,,,not_contacted,no,no,,,,medium
Student Legal Services Incorporated,161096225,Syracuse,NY,I80Z,,https://projects.propublica.org/nonprofits/organizations/161096225,student,2025-10-17 17:57:17,,,,,,,,not_contacted,no,no,,,,medium
Student Agencies Foundation Inc,150461439,Ithaca,NY,,,https://projects.propublica.org/nonprofits/organizations/150461439,student,2025-10-17 17:57:17,,,,,,,,not_contacted,no,no,,,,high
Social Register Foundation,821049144,New York,NY,W99,,https://projects.propublica.org/nonprofits/organizations/821049144,social,2025-10-17 17:57:19,,,,,,,,not_contacted,no,no,,,,high
Social Cinema Foundation,823221699,New York,NY,A25,,https://projects.propublica.org/nonprofits/organizations/823221699,social,2025-10-17 17:57:19,,,,,,,,not_contacted,no,no,,,,high
Social Empact Corporation,331538090,Buffalo,NY,C19,,https://projects.propublica.org/nonprofits/organizations/331538090,social,2025-10-17 17:57:19,,,,,,,,not_contacted,no,no,,,,medium
Civic Initiatives Foundation,454110216,New York,NY,A82,,https://projects.propublica.org/nonprofits/organizations/454110216,civic,2025-10-17 17:57:20,,,,,,,,not_contacted,no,no,,,,high
Civic News Company,900915846,New York,NY,B90,,https://projects.propublica.org/nonprofits/organizations/900915846,civic,2025-10-17 17:57:20,,,,,,,,not_contacted,no,no,,,,medium
Civic Involvement Fund,852665963,Brooklyn,NY,,,https://projects.propublica.org/nonprofits/organizations/852665963,civic,2025-10-17 17:57:20,,,,,,,,not_contacted,no,no,,,,high
Civic Broad Street Corporation,463886327,New York,NY,B11,,https://projects.propublica.org/nonprofits/organizations/463886327,civic,2025-10-17 17:57:20,,,,,,,,not_contacted,no,no,,,,medium
Civic 411 Wales Corporation,822312084,New York,NY,L21,,https://projects.propublica.org/nonprofits/organizations/822312084,civic,2025-10-17 17:57:20,,,,,,,,not_contacted,no,no,,,,medium
Public Employees Federation Public Employees Benefits Fund,237357996,Albany,NY,,,https://projects.propublica.org/nonprofits/organizations/237357996,public,2025-10-17 17:57:21,,,,,,,,not_contacted,no,no,,,,high
Nonprofit Finance Fund,133238657,New York,NY,S500,,https://projects.propublica.org/nonprofits/organizations/133238657,nonprofit,2025-10-17 17:57:23,,,,,,,,not_contacted,no,no,,,,high
First Nonprofit Foundation,611452994,New York,NY,T20,,https://projects.propublica.org/nonprofits/organizations/611452994,nonprofit,2025-10-17 17:57:23,,,,,,,,not_contacted,no,no,,,,high
Nonprofit Collective Foundation Inc,821032203,New York,NY,B02,,https://projects.propublica.org/nonprofits/organizations/821032203,nonprofit,2025-10-17 17:57:23,,,,,,,,not_contacted,no,no,,,,high
Nonprofit Transaction Assistance Corporation,871457561,New York,NY,S20,,https://projects.propublica.org/nonprofits/organizations/871457561,nonprofit,2025-10-17 17:57:23,,,,,,,,not_contacted,no,no,,,,medium
Demetrius Foundation Nonprofit Corporation,851872576,Goshen,NY,F12,,https://projects.propublica.org/nonprofits/organizations/851872576,nonprofit,2025-10-17 17:57:23,,,,,,,,not_contacted,no,no,,,,high
Duterimbere Bakery A Nonprofit Corporation,921364907,Brooklyn,NY,Q32,,https://projects.propublica.org/nonprofits/organizations/921364907,nonprofit,2025-10-17 17:57:23,,,,,,,,not_contacted,no,no,,,,medium
Ymath A Nj Nonprofit Corporation,474360803,Warwick,NY,B90,,https://projects.propublica.org/nonprofits/organizations/474360803,nonprofit,2025-10-17 17:57:23,,,,,,,,not_contacted,no,no,,,,medium
Nonprofit Resource Hub Foundation Inc,334109774,Bohemia,NY,B99,,https://projects.propublica.org/nonprofits/organizations/334109774,nonprofit,2025-10-17 17:57:23,,,,,,,,not_contacted,no,no,,,,high
Bunting Charity Lodge Charity Fund Inc,133280088,New York,NY,,,https://projects.propublica.org/nonprofits/organizations/133280088,charity,2025-10-17 17:57:24,,,,,,,,not_contacted,no,no,,,,high
Bolla Charity Foundation,464054300,Garden City,NY,Z99,,https://projects.propublica.org/nonprofits/organizations/464054300,charity,2025-10-17 17:57:24,,,,,,,,not_contacted,no,no,,,,high
Sunshine Charity Foundation,364884766,Brooklyn,NY,T22,,https://projects.propublica.org/nonprofits/organizations/364884766,charity,2025-10-17 17:57:24,,,,,,,,not_contacted,no,no,,,,high
Landmark Charity Foundation,202074411,Brooklyn,NY,T50,,https://projects.propublica.org/nonprofits/organizations/202074411,charity,2025-10-17 17:57:24,,,,,,,,not_contacted,no,no,,,,high
Rosenberg Charity Foundation,113577334,Brooklyn,NY,T21,,https://projects.propublica.org/nonprofits/organizations/113577334,charity,2025-10-17 17:57:24,,,,,,,,not_contacted,no,no,,,,high
Wellspring Charity Fund,133994337,Brooklyn,NY,T20Z,,https://projects.propublica.org/nonprofits/organizations/133994337,charity,2025-10-17 17:57:24,,,,,,,,not_contacted,no,no,,,,high
Eygf Charity Foundation,921316240,Brooklyn,NY,T20,,https://projects.propublica.org/nonprofits/organizations/921316240,charity,2025-10-17 17:57:24,,,,,,,,not_contacted,no,no,,,,high
Bjls Charity Fund,465586809,Suffern,NY,T22,,https://projects.propublica.org/nonprofits/organizations/465586809,charity,2025-10-17 17:57:24,,,,,,,,not_contacted,no,no,,,,high
Charleigh Charitable Trust,463376803,Mineola,NY,T22,,https://projects.propublica.org/nonprofits/organizations/463376803,charitable,2025-10-17 17:57:25,,,,,,,,not_contacted,no,no,,,,high
Howind Charitable Trust,464550482,Melville,NY,T20,,https://projects.propublica.org/nonprofits/organizations/464550482,charitable,2025-10-17 17:57:25,,,,,,,,not_contacted,no,no,,,,high
Crosby Charitable Trust,811669605,Norwich,NY,T12,,https://projects.propublica.org/nonprofits/organizations/811669605,charitable,2025-10-17 17:57:25,,,,,,,,not_contacted,no,no,,,,high
Lorber Charitable Fund,113375574,Jericho,NY,T20Z,,https://projects.propublica.org/nonprofits/organizations/113375574,charitable,2025-10-17 17:57:25,,,,,,,,not_contacted,no,no,,,,high
Unbound Philanthropy,830411606,New York,NY,T20,,https://projects.propublica.org/nonprofits/organizations/830411606,philanthropy,2025-10-17 17:57:26,,,,,,,,not_contacted,no,no,,,,medium
Rechler Philanthropy,113613923,Uniondale,NY,T21,,https://projects.propublica.org/nonprofits/organizations/113613923,philanthropy,2025-10-17 17:57:26,,,,,,,,not_contacted,no,no,,,,medium
Everyday Philanthropy,271912141,New York,NY,,,https://projects.propublica.org/nonprofits/organizations/271912141,philanthropy,2025-10-17 17:57:26,,,,,,,,not_contacted,no,no,,,,medium
Neo Philanthropy Inc,133191113,New York,NY,W99Z,,https://projects.propublica.org/nonprofits/organizations/133191113,philanthropy,2025-10-17 17:57:26,,,,,,,,not_contacted,no,no,,,,medium
Confluence Philanthropy Inc,273018135,New York,NY,T193,,https://projects.propublica.org/nonprofits/organizations/273018135,philanthropy,2025-10-17 17:57:26,,,,,,,,not_contacted,no,no,,,,medium
Thrive Philanthropy Incorporated,883376572,Albany,NY,W01,,https://projects.propublica.org/nonprofits/organizations/883376572,philanthropy,2025-10-17 17:57:26,,,,,,,,not_contacted,no,no,,,,medium
Wild Philanthropy Inc,813779127,New York,NY,Q30,,https://projects.propublica.org/nonprofits/organizations/813779127,philanthropy,2025-10-17 17:57:26,,,,,,,,not_contacted,no,no,,,,medium
Ballotbox Philanthropy Inc,850695204,Sunnyside,NY,S12,,https://projects.propublica.org/nonprofits/organizations/850695204,philanthropy,2025-10-17 17:57:26,,,,,,,,not_contacted,no,no,,,,medium
Albion Philanthropy Inc,920809690,New York,NY,P50,,https://projects.propublica.org/nonprofits/organizations/920809690,philanthropy,2025-10-17 17:57:26,,,,,,,,not_contacted,no,no,,,,medium
Philanthropy Leaders Inc,814810982,Brooklyn,NY,Q33,,https://projects.propublica.org/nonprofits/organizations/814810982,philanthropy,2025-10-17 17:57:26,,,,,,,,not_contacted,no,no,,,,medium
First Spark Philanthropy,853137768,Brooklyn,NY,J02,,https://projects.propublica.org/nonprofits/organizations/853137768,philanthropy,2025-10-17 17:57:26,,,,,,,,not_contacted,no,no,,,,medium
Marshall Philanthropy Inc,920825663,New York,NY,R19,,https://projects.propublica.org/nonprofits/organizations/920825663,philanthropy,2025-10-17 17:57:26,,,,,,,,not_contacted,no,no,,,,medium
Morgenstern Philanthropy Inc,841836546,Franklin Square,NY,X30,,https://projects.propublica.org/nonprofits/organizations/841836546,philanthropy,2025-10-17 17:57:26,,,,,,,,not_contacted,no,no,,,,medium
Philanthropy New York Inc,133001403,New York,NY,,,https://projects.propublica.org/nonprofits/organizations/133001403,philanthropy,2025-10-17 17:57:26,,,,,,,,not_contacted,no,no,,,,medium
Philanthropic Foundation,471704039,New York,NY,T50,,https://projects.propublica.org/nonprofits/organizations/471704039,philanthropy,2025-10-17 17:57:26,,,,,,,,not_contacted,no,no,,,,high
Mirabito Philanthropy Inc,455511762,Binghamton,NY,T20,,https://projects.propublica.org/nonprofits/organizations/455511762,philanthropy,2025-10-17 17:57:26,,,,,,,,not_contacted,no,no,,,,medium
Rockefeller Philanthropy Advisors Inc,133615533,New York,NY,T500,,https://projects.propublica.org/nonprofits/organizations/133615533,philanthropy,2025-10-17 17:57:26,,,,,,,,not_contacted,no,no,,,,medium
Turkish Philanthropy Funds Inc,208392006,New York,NY,Q12,,https://projects.propublica.org/nonprofits/organizations/208392006,philanthropy,2025-10-17 17:57:26,,,,,,,,not_contacted,no,no,,,,high
The Philanthropy Workshop Inc,980592591,New York,NY,T50,,https://projects.propublica.org/nonprofits/organizations/980592591,philanthropy,2025-10-17 17:57:26,,,,,,,,not_contacted,no,no,,,,medium
Growth Philanthropy Network Inc,421625224,New York,NY,,,https://projects.propublica.org/nonprofits/organizations/421625224,philanthropy,2025-10-17 17:57:26,,,,,,,,not_contacted,no,no,,,,medium
White Lotus Philanthropy Ltd,823953939,Mamaroneck,NY,X12,,https://projects.propublica.org/nonprofits/organizations/823953939,philanthropy,2025-10-17 17:57:26,,,,,,,,not_contacted,no,no,,,,medium
Mikey Pipes Philanthropy Inc,922467116,W Hempstead,NY,L81,,https://projects.propublica.org/nonprofits/organizations/922467116,philanthropy,2025-10-17 17:57:26,,,,,,,,not_contacted,no,no,,,,medium
Pearly Gates Philanthropy Inc,990699644,Brooklyn,NY,P42,,https://projects.propublica.org/nonprofits/organizations/990699644,philanthropy,2025-10-17 17:57:26,,,,,,,,not_contacted,no,no,,,,medium
Giving Friends,850609954,Bronx,NY,P58,,https://projects.propublica.org/nonprofits/organizations/850609954,giving,2025-10-17 17:57:28,,,,,,,,not_contacted,no,no,,,,medium
Giving Water,270793179,New York,NY,Q31,,https://projects.propublica.org/nonprofits/organizations/270793179,giving,2025-10-17 17:57:28,,,,,,,,not_contacted,no,no,,,,medium
Giving Better,993333425,Brooklyn,NY,T12,,https://projects.propublica.org/nonprofits/organizations/993333425,giving,2025-10-17 17:57:28,,,,,,,,not_contacted,no,no,,,,medium
Giving Inspiration Giving The Gift Of Life,454789429,Brooklyn,NY,T30,,https://projects.propublica.org/nonprofits/organizations/454789429,giving,2025-10-17 17:57:28,,,,,,,,not_contacted,no,no,,,,medium
Grapevine Giving Foundation,872389502,New York,NY,T50,,https://projects.propublica.org/nonprofits/organizations/872389502,giving,2025-10-17 17:57:28,,,,,,,,not_contacted,no,no,,,,high
Giving Tuesday Inc,842929872,Brooklyn,NY,T12,,https://projects.propublica.org/nonprofits/organizations/842929872,giving,2025-10-17 17:57:28,,,,,,,,not_contacted,no,no,,,,medium
Daily Giving Inc,830829905,White Plains,NY,T30,,https://projects.propublica.org/nonprofits/organizations/830829905,giving,2025-10-17 17:57:28,,,,,,,,not_contacted,no,no,,,,medium
Ananta Giving Foundation,844762582,New York,NY,T30,,https://projects.propublica.org/nonprofits/organizations/844762582,giving,2025-10-17 17:57:28,,,,,,,,not_contacted,no,no,,,,high
Dcg Giving Inc,873949547,New York,NY,H30,,https://projects.propublica.org/nonprofits/organizations/873949547,giving,2025-10-17 17:57:28,,,,,,,,not_contacted,no,no,,,,medium
Giving Back Foundation,273143272,New York,NY,T22,,https://projects.propublica.org/nonprofits/organizations/273143272,giving,2025-10-17 17:57:28,,,,,,,,not_contacted,no,no,,,,high
Aspire Giving Inc,454554217,New York,NY,,,https://projects.propublica.org/nonprofits/organizations/454554217,giving,2025-10-17 17:57:28,,,,,,,,not_contacted,no,no,,,,medium
Caribbean Giving Incorporated,813578825,Cortlandt Mnr,NY,P12,,https://projects.propublica.org/nonprofits/organizations/813578825,giving,2025-10-17 17:57:28,,,,,,,,not_contacted,no,no,,,,medium
Charitable Giving Trust,861324189,New York,NY,A12,,https://projects.propublica.org/nonprofits/organizations/861324189,giving,2025-10-17 17:57:28,,,,,,,,not_contacted,no,no,,,,high
Classroom Giving Inc,851821306,New York,NY,B12,,https://projects.propublica.org/nonprofits/organizations/851821306,giving,2025-10-17 17:57:28,,,,,,,,not_contacted,no,no,,,,medium
Giving For Love,862098308,New York,NY,P20,,https://projects.propublica.org/nonprofits/organizations/862098308,giving,2025-10-17 17:57:28,,,,,,,,not_contacted,no,no,,,,medium
Giving Forward Inc,842933199,White Plains,NY,T50,,https://projects.propublica.org/nonprofits/organizations/842933199,giving,2025-10-17 17:57:28,,,,,,,,not_contacted,no,no,,,,medium
Giving Magic Corporation,922270582,New York,NY,A20,,https://projects.propublica.org/nonprofits/organizations/922270582,giving,2025-10-17 17:57:28,,,,,,,,not_contacted,no,no,,,,medium
Giving Tree Ny,851436186,Amsterdam,NY,P20,,https://projects.propublica.org/nonprofits/organizations/851436186,giving,2025-10-17 17:57:28,,,,,,,,not_contacted,no,no,,,,medium
Sophies Giving Tree,463083925,Canastota,NY,H98,,https://projects.propublica.org/nonprofits/organizations/463083925,giving,2025-10-17 17:57:28,,,,,,,,not_contacted,no,no,,,,medium
Spiral Giving Inc,475355639,Mount Kisco,NY,O51,,https://projects.propublica.org/nonprofits/organizations/475355639,giving,2025-10-17 17:57:28,,,,,,,,not_contacted,no,no,,,,medium
Fringe Giving Inc,331390778,New York,NY,P20,,https://projects.propublica.org/nonprofits/organizations/331390778,giving,2025-10-17 17:57:28,,,,,,,,not_contacted,no,no,,,,medium
Giving Society Corporation,993123379,New York,NY,W11,,https://projects.propublica.org/nonprofits/organizations/993123379,giving,2025-10-17 17:57:28,,,,,,,,not_contacted,no,no,,,,medium
A Giving Heart Inc,862104835,Poughkeepsie,NY,P20,,https://projects.propublica.org/nonprofits/organizations/862104835,giving,2025-10-17 17:57:28,,,,,,,,not_contacted,no,no,,,,medium
Giving Tree Philanthropy Fund,872882740,Corning,NY,T12,,https://projects.propublica.org/nonprofits/organizations/872882740,giving,2025-10-17 17:57:28,,,,,,,,not_contacted,no,no,,,,high
Tadds Giving Heart Inc,334621309,Fort Ann,NY,P30,,https://projects.propublica.org/nonprofits/organizations/334621309,giving,2025-10-17 17:57:28,,,,,,,,not_contacted,no,no,,,,medium
Corporate Source Inc,133882284,Garden City,NY,J30,,https://projects.propublica.org/nonprofits/organizations/133882284,corporate,2025-10-17 17:57:29,,,,,,,,not_contacted,no,no,,,,medium
American Corporate Partners,611556042,New York,NY,P99,,https://projects.propublica.org/nonprofits/organizations/611556042,corporate,2025-10-17 17:57:29,,,,,,,,not_contacted,no,no,,,,medium
Corporate Kingdom Ltd,113259680,Manhasset,NY,I21Z,,https://projects.propublica.org/nonprofits/organizations/113259680,corporate,2025-10-17 17:57:29,,,,,,,,not_contacted,no,no,,,,medium
Jhl Corporate Services Inc,263385174,New York,NY,L11,,https://projects.propublica.org/nonprofits/organizations/263385174,corporate,2025-10-17 17:57:29,,,,,,,,not_contacted,no,no,,,,medium
Corporate Pero Latinos Inc,921636435,Astoria,NY,S80,,https://projects.propublica.org/nonprofits/organizations/921636435,corporate,2025-10-17 17:57:29,,,,,,,,not_contacted,no,no,,,,medium
Corporate Cup Races Inc,473624933,White Plains,NY,,,https://projects.propublica.org/nonprofits/organizations/473624933,corporate,2025-10-17 17:57:29,,,,,,,,not_contacted,no,no,,,,medium
Society For Corporate Governance Inc,131674285,New York,NY,,,https://projects.propublica.org/nonprofits/organizations/131674285,corporate,2025-10-17 17:57:29,,,,,,,,not_contacted,no,no,,,,medium
Eight Corporate Centre Acquisition Company,260746256,New York,NY,S470,,https://projects.propublica.org/nonprofits/organizations/260746256,corporate,2025-10-17 17:57:29,,,,,,,,not_contacted,no,no,,,,medium
Corporate Bet Midrash   Cbm Inc,822697923,Brooklyn,NY,X30,,https://projects.propublica.org/nonprofits/organizations/822697923,corporate,2025-10-17 17:57:29,,,,,,,,not_contacted,no,no,,,,medium
Association Of Lgbtq Corporate Directors,920833033,New York,NY,R26,,https://projects.propublica.org/nonprofits/organizations/920833033,corporate,2025-10-17 17:57:29,,,,,,,,not_contacted,no,no,,,,medium
Irrc Institute For Corporate Responsibility,203929506,New York,NY,,,https://projects.propublica.org/nonprofits/organizations/203929506,corporate,2025-10-17 17:57:29,,,,,,,,not_contacted,no,no,,,,medium
Cci Corporate Communication International Inc,832843460,New York,NY,B60,,https://projects.propublica.org/nonprofits/organizations/832843460,corporate,2025-10-17 17:57:29,,,,,,,,not_contacted,no,no,,,,medium
Corporate Volunteers Of New York,133463352,New York,NY,T40,,https://projects.propublica.org/nonprofits/organizations/133463352,corporate,2025-10-17 17:57:29,,,,,,,,not_contacted,no,no,,,,medium
Interfaith Center On Corporate Responsibility,133235906,New York,NY,,,https://projects.propublica.org/nonprofits/organizations/133235906,corporate,2025-10-17 17:57:29,,,,,,,,not_contacted,no,no,,,,medium
Association Of Corporate Counsel,133216389,New York,NY,,,https://projects.propublica.org/nonprofits/organizations/133216389,corporate,2025-10-17 17:57:29,,,,,,,,not_contacted,no,no,,,,medium
Association Of Corporate Counsel,521647448,Victor,NY,,,https://projects.propublica.org/nonprofits/organizations/521647448,corporate,2025-10-17 17:57:29,,,,,,,,not_contacted,no,no,,,,medium
National Association Of Corporate Directors,43685820,New York,NY,B036,,https://projects.propublica.org/nonprofits/organizations/43685820,corporate,2025-10-17 17:57:29,,,,,,,,not_contacted,no,no,,,,medium
Chief Executives For Corporate Purpose Inc,134024259,New York,NY,T50,,https://projects.propublica.org/nonprofits/organizations/134024259,corporate,2025-10-17 17:57:29,,,,,,,,not_contacted,no,no,,,,medium
Association Of Corporate Patent Counsel Inc,311579087,Latham,NY,,,https://projects.propublica.org/nonprofits/organizations/311579087,corporate,2025-10-17 17:57:29,,,,,,,,not_contacted,no,no,,,,medium
Emerald Corporate Center Economic Development Corporation,141826969,Monticello,NY,S20,,https://projects.propublica.org/nonprofits/organizations/141826969,corporate,2025-10-17 17:57:29,,,,,,,,not_contacted,no,no,,,,medium
Niagara Frontier Corporate Counsel Association Incorporated,161373420,Williamsville,NY,S41,,https://projects.propublica.org/nonprofits/organizations/161373420,corporate,2025-10-17 17:57:29,,,,,,,,not_contacted,no,no,,,,medium
Cristo Rey Brooklyn Corporate Work Study Program,262989325,Brooklyn,NY,B90,,https://projects.propublica.org/nonprofits/organizations/262989325,corporate,2025-10-17 17:57:29,,,,,,,,not_contacted,no,no,,,,medium
Sethi International Center For Corporate Accountability Inc,460509158,New York,NY,,,https://projects.propublica.org/nonprofits/organizations/460509158,corporate,2025-10-17 17:57:29,,,,,,,,not_contacted,no,no,,,,medium
Ny Pa Corporate Cup Soccer Showcase Inc,874429809,Olean,NY,N64,,https://projects.propublica.org/nonprofits/organizations/874429809,corporate,2025-10-17 17:57:29,,,,,,,,not_contacted,no,no,,,,medium
Business Education Council,161399355,Warsaw,NY,J21Z,,https://projects.propublica.org/nonprofits/organizations/161399355,business,2025-10-17 17:57:30,,,,,,,,not_contacted,no,no,,,,medium
Olean Business Development Corporation,455371087,Olean,NY,S20,,https://projects.propublica.org/nonprofits/organizations/455371087,business,2025-10-17 17:57:30,,,,,,,,not_contacted,no,no,,,,medium
Company Theatre,873624825,Rochester,NY,A65,,https://projects.propublica.org/nonprofits/organizations/873624825,company,2025-10-17 17:57:31,,,,,,,,not_contacted,no,no,,,,medium
Cakeface Company,334659718,New York,NY,A62,,https://projects.propublica.org/nonprofits/organizations/334659718,company,2025-10-17 17:57:31,,,,,,,,not_contacted,no,no,,,,medium
Mbd Compass One A Housing Development Fund Company Inc,464020203,Bronx,NY,L20,,https://projects.propublica.org/nonprofits/organizations/464020203,company,2025-10-17 17:57:31,,,,,,,,not_contacted,no,no,,,,high
Mbd Compass One B Housing Development Fund Company Inc,464051731,Bronx,NY,L20,,https://projects.propublica.org/nonprofits/organizations/464051731,company,2025-10-17 17:57:31,,,,,,,,not_contacted,no,no,,,,high
Signature Theatre Company,133641560,New York,NY,A650,,https://projects.propublica.org/nonprofits/organizations/133641560,company,2025-10-17 17:57:31,,,,,,,,not_contacted,no,no,,,,medium
Artpark & Company Inc,237086200,Lewiston,NY,,,https://projects.propublica.org/nonprofits/organizations/237086200,company,2025-10-17 17:57:31,,,,,,,,not_contacted,no,no,,,,medium
Ujima Company Inc,222543797,Buffalo,NY,A65Z,,https://projects.propublica.org/nonprofits/organizations/222543797,company,2025-10-17 17:57:31,,,,,,,,not_contacted,no,no,,,,medium
Hannibal Fire Company,166062091,Hannibal,NY,M24,,https://projects.propublica.org/nonprofits/organizations/166062091,company,2025-10-17 17:57:31,,,,,,,,not_contacted,no,no,,,,medium
Newstead Fire Company,161595660,Akron,NY,M24,,https://projects.propublica.org/nonprofits/organizations/161595660,company,2025-10-17 17:57:31,,,,,,,,not_contacted,no,no,,,,medium
Miller House Company,161244101,Newfane,NY,M24,,https://projects.propublica.org/nonprofits/organizations/161244101,company,2025-10-17 17:57:31,,,,,,,,not_contacted,no,no,,,,medium
Abingdon Theatre Company,133741268,New York,NY,A65,,https://projects.propublica.org/nonprofits/organizations/133741268,company,2025-10-17 17:57:31,,,,,,,,not_contacted,no,no,,,,medium
Poestenkill Fire Company,146101922,Poestenkill,NY,M24,,https://projects.propublica.org/nonprofits/organizations/146101922,company,2025-10-17 17:57:31,,,,,,,,not_contacted,no,no,,,,medium
Elma Fire Company,161372984,Elma,NY,M24,,https://projects.propublica.org/nonprofits/organizations/161372984,company,2025-10-17 17:57:31,,,,,,,,not_contacted,no,no,,,,medium
24 Hour Company,43587685,Brooklyn,NY,A65,,https://projects.propublica.org/nonprofits/organizations/43587685,company,2025-10-17 17:57:31,,,,,,,,not_contacted,no,no,,,,medium
Childrens Theatre Company,134120097,New York,NY,A65,,https://projects.propublica.org/nonprofits/organizations/134120097,company,2025-10-17 17:57:31,,,,,,,,not_contacted,no,no,,,,medium
Notch Theatre Company,821888466,New York,NY,A65,,https://projects.propublica.org/nonprofits/organizations/821888466,company,2025-10-17 17:57:31,,,,,,,,not_contacted,no,no,,,,medium
Monell Engine Company,222549832,Washingtonvle,NY,M23,,https://projects.propublica.org/nonprofits/organizations/222549832,company,2025-10-17 17:57:31,,,,,,,,not_contacted,no,no,,,,medium
Vigilant Fire Company,160750073,West Seneca,NY,,,https://projects.propublica.org/nonprofits/organizations/160750073,company,2025-10-17 17:57:31,,,,,,,,not_contacted,no,no,,,,medium
Hopewell Hose Company,141717474,Hopewell Jct,NY,M24Z,,https://projects.propublica.org/nonprofits/organizations/141717474,company,2025-10-17 17:57:31,,,,,,,,not_contacted,no,no,,,,medium
Cortlandt Engine Company,133978519,Montrose,NY,,,https://projects.propublica.org/nonprofits/organizations/133978519,company,2025-10-17 17:57:31,,,,,,,,not_contacted,no,no,,,,medium
Independent Fire Company,900809821,Valhalla,NY,W99,,https://projects.propublica.org/nonprofits/organizations/900809821,company,2025-10-17 17:57:31,,,,,,,,not_contacted,no,no,,,,medium
Mottville Fire Company,260504184,Mottville,NY,M24,,https://projects.propublica.org/nonprofits/organizations/260504184,company,2025-10-17 17:57:31,,,,,,,,not_contacted,no,no,,,,medium
Amenia Fire Company,141562043,Amenia,NY,M24,,https://projects.propublica.org/nonprofits/organizations/141562043,company,2025-10-17 17:57:31,,,,,,,,not_contacted,no,no,,,,medium
Inch Foundation Inc,992613594,New York,NY,A20,,https://projects.propublica.org/nonprofits/organizations/992613594,inc,2025-10-17 17:57:32,,,,,,,,not_contacted,no,no,,,,high
Pathstone Corporation,472664353,Rochester,NY,,,https://projects.propublica.org/nonprofits/organizations/472664353,corporation,2025-10-17 17:57:34,,,,,,,,not_contacted,no,no,,,,medium
Pathstone Corporation,161265765,Rochester,NY,L200,,https://projects.propublica.org/nonprofits/organizations/161265765,corporation,2025-10-17 17:57:34,,,,,,,,not_contacted,no,no,,,,medium
Pathstone Corporation,474944160,Rochester,NY,,,https://projects.propublica.org/nonprofits/organizations/474944160,corporation,2025-10-17 17:57:34,,,,,,,,not_contacted,no,no,,,,medium
Pathstone Corporation,821424602,Rochester,NY,,,https://projects.propublica.org/nonprofits/organizations/821424602,corporation,2025-10-17 17:57:34,,,,,,,,not_contacted,no,no,,,,medium
Jasa Corporation,133936007,New York,NY,S50Z,,https://projects.propublica.org/nonprofits/organizations/133936007,corporation,2025-10-17 17:57:34,,,,,,,,not_contacted,no,no,,,,medium
Pathstone Corporation,160984913,Rochester,NY,S32Z,,https://projects.propublica.org/nonprofits/organizations/160984913,corporation,2025-10-17 17:57:34,,,,,,,,not_contacted,no,no,,,,medium
Panthera Corporation,204668756,New York,NY,D30,,https://projects.propublica.org/nonprofits/organizations/204668756,corporation,2025-10-17 17:57:34,,,,,,,,not_contacted,no,no,,,,medium
Mmc Corporation,133430322,Bronx,NY,,,https://projects.propublica.org/nonprofits/organizations/133430322,corporation,2025-10-17 17:57:34,,,,,,,,not_contacted,no,no,,,,medium
Homespace Corporation,161360009,Buffalo,NY,L210,,https://projects.propublica.org/nonprofits/organizations/161360009,corporation,2025-10-17 17:57:34,,,,,,,,not_contacted,no,no,,,,medium
Bewco Corporation,237174179,Hauupauge,NY,,,https://projects.propublica.org/nonprofits/organizations/237174179,corporation,2025-10-17 17:57:34,,,,,,,,not_contacted,no,no,,,,medium
Ubf Corporation,510164454,Buffalo,NY,,,https://projects.propublica.org/nonprofits/organizations/510164454,corporation,2025-10-17 17:57:34,,,,,,,,not_contacted,no,no,,,,medium
Anyone Corporation,133599589,New York,NY,A33Z,,https://projects.propublica.org/nonprofits/organizations/133599589,corporation,2025-10-17 17:57:34,,,,,,,,not_contacted,no,no,,,,medium
5814 Corporation,112459248,Rocky Point,NY,,,https://projects.propublica.org/nonprofits/organizations/112459248,corporation,2025-10-17 17:57:34,,,,,,,,not_contacted,no,no,,,,medium
Sewakwatho Corporation,853395695,Akwesasne,NY,F32,,https://projects.propublica.org/nonprofits/organizations/853395695,corporation,2025-10-17 17:57:34,,,,,,,,not_contacted,no,no,,,,medium
Mareve Corporation,133701551,Brooklyn,NY,,,https://projects.propublica.org/nonprofits/organizations/133701551,corporation,2025-10-17 17:57:34,,,,,,,,not_contacted,no,no,,,,medium
Beggedin Corporation,863722255,Corning,NY,T02,,https://projects.propublica.org/nonprofits/organizations/863722255,corporation,2025-10-17 17:57:34,,,,,,,,not_contacted,no,no,,,,medium
Lsm Corporation,20376997,Afton,NY,,,https://projects.propublica.org/nonprofits/organizations/20376997,corporation,2025-10-17 17:57:34,,,,,,,,not_contacted,no,no,,,,medium
Indicatorart Corporation,811602969,Orchard Park,NY,A90,,https://projects.propublica.org/nonprofits/organizations/811602969,corporation,2025-10-17 17:57:34,,,,,,,,not_contacted,no,no,,,,medium
Hartley Corporation,66036296,Garrison,NY,,,https://projects.propublica.org/nonprofits/organizations/66036296,corporation,2025-10-17 17:57:34,,,,,,,,not_contacted,no,no,,,,medium
Nodutdol Corporation,200818107,New York,NY,P84,,https://projects.propublica.org/nonprofits/organizations/200818107,corporation,2025-10-17 17:57:34,,,,,,,,not_contacted,no,no,,,,medium
Bioboat Corporation,464710194,Brooklyn,NY,C30,,https://projects.propublica.org/nonprofits/organizations/464710194,corporation,2025-10-17 17:57:34,,,,,,,,not_contacted,no,no,,,,medium
Sailahead Corporation,810900037,Huntingtn Sta,NY,W30,,https://projects.propublica.org/nonprofits/organizations/810900037,corporation,2025-10-17 17:57:34,,,,,,,,not_contacted,no,no,,,,medium
Infinety Corporation,463847340,Marcellus,NY,B05,,https://projects.propublica.org/nonprofits/organizations/463847340,corporation,2025-10-17 17:57:34,,,,,,,,not_contacted,no,no,,,,medium
5983 Corporation,237218901,Farmingdale,NY,,,https://projects.propublica.org/nonprofits/organizations/237218901,corporation,2025-10-17 17:57:34,,,,,,,,not_contacted,no,no,,,,medium
Rush Corporation,166068485,Rochester,NY,,,https://projects.propublica.org/nonprofits/organizations/166068485,corporation,2025-10-17 17:57:34,,,,,,,,not_contacted,no,no,,,,medium
Strong Association Incorporated,933167218,New York,NY,F01,,https://projects.propublica.org/nonprofits/organizations/933167218,association,2025-10-17 17:57:35,,,,,,,,not_contacted,no,no,,,,medium
Heart And Health Educationfoundation Inc,203919579,Briarcliff Manor,NY,G430,,https://projects.propublica.org/nonprofits/organizations/203919579,health,2025-10-17 17:57:39,,,,,,,,not_contacted,no,no,,,,high
Health Quest Veba Health Savings Trust,274847462,La Grangeville,NY,Y43,,https://projects.propublica.org/nonprofits/organizations/274847462,health,2025-10-17 17:57:39,,,,,,,,not_contacted,no,no,,,,high
Heart And Health Educational Foundation Inc,873296905,Dix Hills,NY,E70,,https://projects.propublica.org/nonprofits/organizations/873296905,health,2025-10-17 17:57:39,,,,,,,,not_contacted,no,no,,,,high
Health Research Inc Postretirement Health Benefits Trust,464309365,Menands,NY,Y43,,https://projects.propublica.org/nonprofits/organizations/464309365,health,2025-10-17 17:57:39,,,,,,,,not_contacted,no,no,,,,high
Israel Healthcare Foundation,273649987,New York,NY,E12,,https://projects.propublica.org/nonprofits/organizations/273649987,healthcare,2025-10-17 17:57:40,,,,,,,,not_contacted,no,no,,,,high
Healthcare Impact Foundation,823038867,New York,NY,E19,,https://projects.propublica.org/nonprofits/organizations/823038867,healthcare,2025-10-17 17:57:40,,,,,,,,not_contacted,no,no,,,,high
Labor Management Healthcare Fund,200422657,Cheektowaga,NY,Y43,,https://projects.propublica.org/nonprofits/organizations/200422657,healthcare,2025-10-17 17:57:40,,,,,,,,not_contacted,no,no,,,,high
Medical Education & Information Association,262865398,Binghamton,NY,B03,,https://projects.propublica.org/nonprofits/organizations/262865398,medical,2025-10-17 17:57:41,,,,,,,,not_contacted,no,no,,,,medium
Medical Excellence Foundation,873870324,Nissequogue,NY,T20,,https://projects.propublica.org/nonprofits/organizations/873870324,medical,2025-10-17 17:57:41,,,,,,,,not_contacted,no,no,,,,high
Warrior Medical Corporation,462888358,Great Neck,NY,G92,,https://projects.propublica.org/nonprofits/organizations/462888358,medical,2025-10-17 17:57:41,,,,,,,,not_contacted,no,no,,,,medium
Wellness Foundation,203265442,Sag Harbor,NY,,,https://projects.propublica.org/nonprofits/organizations/203265442,wellness,2025-10-17 17:57:43,,,,,,,,not_contacted,no,no,,,,high
Wellness Alliance Foundation,810747267,New York,NY,P20,,https://projects.propublica.org/nonprofits/organizations/810747267,wellness,2025-10-17 17:57:43,,,,,,,,not_contacted,no,no,,,,high
Malta Human Services Foundation,133623325,New York,NY,Q330,,https://projects.propublica.org/nonprofits/organizations/133623325,human services,2025-10-17 17:57:44,,,,,,,,not_contacted,no,no,,,,high
Trinity Human Services Corporation,133171439,Brooklyn,NY,,,https://projects.propublica.org/nonprofits/organizations/133171439,human services,2025-10-17 17:57:44,,,,,,,,not_contacted,no,no,,,,medium
Spectrum Human Services Foundation Inc,222832638,Orchard Park,NY,P28Z,,https://projects.propublica.org/nonprofits/organizations/222832638,human services,2025-10-17 17:57:44,,,,,,,,not_contacted,no,no,,,,high
Abba Human Services Foundation Inc,843805419,New City,NY,E92,,https://projects.propublica.org/nonprofits/organizations/843805419,human services,2025-10-17 17:57:44,,,,,,,,not_contacted,no,no,,,,high
Foundation For Human Services Inc,141792786,Loch Sheldrke,NY,T20J,,https://projects.propublica.org/nonprofits/organizations/141792786,human services,2025-10-17 17:57:44,,,,,,,,not_contacted,no,no,,,,high
Immigrant Social Services Inc,132689273,New York,NY,P84Z,,https://projects.propublica.org/nonprofits/organizations/132689273,social services,2025-10-17 17:57:46,,,,,,,,not_contacted,no,no,,,,medium
Grand Central Neighborhood Social Services Corporation,133534255,New York,NY,P850,,https://projects.propublica.org/nonprofits/organizations/133534255,social services,2025-10-17 17:57:46,,,,,,,,not_contacted,no,no,,,,medium
Youth Renewal Fund,133641489,New York,NY,B25I,,https://projects.propublica.org/nonprofits/organizations/133641489,youth,2025-10-17 17:57:47,,,,,,,,not_contacted,no,no,,,,high
Youth Foundation Inc,136093036,New York,NY,,,https://projects.propublica.org/nonprofits/organizations/136093036,youth,2025-10-17 17:57:47,,,,,,,,not_contacted,no,no,,,,high
Swieca Children Foundation,464310665,New York,NY,T30,,https://projects.propublica.org/nonprofits/organizations/464310665,children,2025-10-17 17:57:48,,,,,,,,not_contacted,no,no,,,,high
Albanian Children Fund,133964543,Staten Island,NY,,,https://projects.propublica.org/nonprofits/organizations/133964543,children,2025-10-17 17:57:48,,,,,,,,not_contacted,no,no,,,,high
Bertas Children Foundation,824200867,Bronx,NY,Q33,,https://projects.propublica.org/nonprofits/organizations/824200867,children,2025-10-17 17:57:48,,,,,,,,not_contacted,no,no,,,,high
New York Foundation,135626345,New York,NY,,,https://projects.propublica.org/nonprofits/organizations/135626345,new york,2025-10-17 17:57:49,,,,,,,,not_contacted,no,no,,,,high
Wine Spectator California Scholarship Foundation,133129027,New York,NY,,,https://projects.propublica.org/nonprofits/organizations/133129027,california,2025-10-17 17:57:50,,,,,,,,not_contacted,no,no,,,,high
National Currency Foundation,452547457,New York,NY,A80,,https://projects.propublica.org/nonprofits/organizations/452547457,national,2025-10-17 17:57:52,,,,,,,,not_contacted,no,no,,,,high
American Cancer Foundation Of America Inc,833979648,Staten Island,NY,G30,,https://projects.propublica.org/nonprofits/organizations/833979648,american,2025-10-17 17:57:53,,,,,,,,not_contacted,no,no,,,,high
United States Fund For Unicef,131760110,New York,NY,Q420,,https://projects.propublica.org/nonprofits/organizations/131760110,united states,2025-10-17 17:57:54,,,,,,,,not_contacted,no,no,,,,high
Maia United States Foundation,854292493,New York,NY,Q30,,https://projects.propublica.org/nonprofits/organizations/854292493,united states,2025-10-17 17:57:54,,,,,,,,not_contacted,no,no,,,,high
United States Go Foundation,133621764,New York,NY,Z99Z,,https://projects.propublica.org/nonprofits/organizations/133621764,united states,2025-10-17 17:57:54,,,,,,,,not_contacted,no,no,,,,high
Foundation Foundation,475374786,Lytle Creek,CA,P32,,https://projects.propublica.org/nonprofits/organizations/475374786,foundation,2025-10-17 17:57:55,,,,,,,,not_contacted,no,no,,,,high
Springwell Foundationi,932444083,Walnut Creek,CA,W70,,https://projects.propublica.org/nonprofits/organizations/932444083,foundation,2025-10-17 17:57:55,,,,,,,,not_contacted,no,no,,,,high
Armanino Foundation,812649898,San Ramon,CA,T23,,https://projects.propublica.org/nonprofits/organizations/812649898,foundation,2025-10-17 17:57:55,,,,,,,,not_contacted,no,no,,,,high
Seenfire Foundation,474734762,San Marino,CA,A02,,https://projects.propublica.org/nonprofits/organizations/474734762,foundation,2025-10-17 17:57:55,,,,,,,,not_contacted,no,no,,,,high
Ujimaa Foundation,270549307,Oakland,CA,B80,,https://projects.propublica.org/nonprofits/organizations/270549307,foundation,2025-10-17 17:57:55,,,,,,,,not_contacted,no,no,,,,high
Napipa Foundation,821406941,San Jose,CA,B03,,https://projects.propublica.org/nonprofits/organizations/821406941,foundation,2025-10-17 17:57:55,,,,,,,,not_contacted,no,no,,,,high
Seaoc Foundation,680363273,Sacramento,CA,U42,,https://projects.propublica.org/nonprofits/organizations/680363273,foundation,2025-10-17 17:57:55,,,,,,,,not_contacted,no,no,,,,high
Transcend Foundation,271261375,Long Beach,CA,N60,,https://projects.propublica.org/nonprofits/organizations/271261375,foundation,2025-10-17 17:57:55,,,,,,,,not_contacted,no,no,,,,high
Prism Foundation,273951660,Oakland,CA,R112,,https://projects.propublica.org/nonprofits/organizations/273951660,foundation,2025-10-17 17:57:55,,,,,,,,not_contacted,no,no,,,,high
Ael Foundation,680370324,Los Altos,CA,T20Z,,https://projects.propublica.org/nonprofits/organizations/680370324,foundation,2025-10-17 17:57:55,,,,,,,,not_contacted,no,no,,,,high
Rozellestrong Foundation,474053945,Oakland,CA,H12,,https://projects.propublica.org/nonprofits/organizations/474053945,foundation,2025-10-17 17:57:55,,,,,,,,not_contacted,no,no,,,,high
Alyden Foundation,462274751,Riverside,CA,E80,,https://projects.propublica.org/nonprofits/organizations/462274751,foundation,2025-10-17 17:57:55,,,,,,,,not_contacted,no,no,,,,high
Firemouse Foundation,831156190,Menifee,CA,T50,,https://projects.propublica.org/nonprofits/organizations/831156190,foundation,2025-10-17 17:57:55,,,,,,,,not_contacted,no,no,,,,high
G3 Foundation,463769137,Costa Mesa,CA,Q99,,https://projects.propublica.org/nonprofits/organizations/463769137,foundation,2025-10-17 17:57:55,,,,,,,,not_contacted,no,no,,,,high
Jgc Foundation,815073709,Burbank,CA,F20,,https://projects.propublica.org/nonprofits/organizations/815073709,foundation,2025-10-17 17:57:55,,,,,,,,not_contacted,no,no,,,,high
Parrot Foundation,273038305,Sacramento,CA,D20,,https://projects.propublica.org/nonprofits/organizations/273038305,foundation,2025-10-17 17:57:55,,,,,,,,not_contacted,no,no,,,,high
Torchbearers Foundation,593820836,Pls Vrds Pnsl,CA,B82,,https://projects.propublica.org/nonprofits/organizations/593820836,foundation,2025-10-17 17:57:55,,,,,,,,not_contacted,no,no,,,,high
Welsh Foundation,260365905,Moreno Valley,CA,T40,,https://projects.propublica.org/nonprofits/organizations/260365905,foundation,2025-10-17 17:57:55,,,,,,,,not_contacted,no,no,,,,high
Dream Foundation,921359756,Stockton,CA,F30,,https://projects.propublica.org/nonprofits/organizations/921359756,foundation,2025-10-17 17:57:55,,,,,,,,not_contacted,no,no,,,,high
Linqfoundation Foundation,335013224,Woodland Hills,CA,U99,,https://projects.propublica.org/nonprofits/organizations/335013224,foundation,2025-10-17 17:57:55,,,,,,,,not_contacted,no,no,,,,high
Krl Foundation,943387536,Los Altos,CA,T20,,https://projects.propublica.org/nonprofits/organizations/943387536,foundation,2025-10-17 17:57:55,,,,,,,,not_contacted,no,no,,,,high
Aff Foundation,611988533,Arcadia,CA,M24,,https://projects.propublica.org/nonprofits/organizations/611988533,foundation,2025-10-17 17:57:55,,,,,,,,not_contacted,no,no,,,,high
Itanner Foundation,462900841,Pacific Plsds,CA,G12,,https://projects.propublica.org/nonprofits/organizations/462900841,foundation,2025-10-17 17:57:55,,,,,,,,not_contacted,no,no,,,,high
Filrose Foundation,274185200,San Jose,CA,Q33,,https://projects.propublica.org/nonprofits/organizations/274185200,foundation,2025-10-17 17:57:55,,,,,,,,not_contacted,no,no,,,,high
Chg Foundation,330586911,Chula Vista,CA,E80,,https://projects.propublica.org/nonprofits/organizations/330586911,foundation,2025-10-17 17:57:55,,,,,,,,not_contacted,no,no,,,,high
Miracle Foundationsd,824929684,Spring Valley,CA,D99,,https://projects.propublica.org/nonprofits/organizations/824929684,foundations,2025-10-17 17:57:57,,,,,,,,not_contacted,no,no,,,,high
Solid Foundations,384135960,Goleta,CA,O50,,https://projects.propublica.org/nonprofits/organizations/384135960,foundations,2025-10-17 17:57:57,,,,,,,,not_contacted,no,no,,,,high
Formosa Foundations,332377871,Cupertino,CA,B12,,https://projects.propublica.org/nonprofits/organizations/332377871,foundations,2025-10-17 17:57:57,,,,,,,,not_contacted,no,no,,,,high
Sturdy Foundations,871838756,Compton,CA,L41,,https://projects.propublica.org/nonprofits/organizations/871838756,foundations,2025-10-17 17:57:57,,,,,,,,not_contacted,no,no,,,,high
Brt Charitable Foundation,842541048,San Francisco,CA,T20,,https://projects.propublica.org/nonprofits/organizations/842541048,charitable foundation,2025-10-17 17:57:58,,,,,,,,not_contacted,no,no,,,,high
Shunpike Charitable Foundation,832004366,Rch Cucamonga,CA,E80,,https://projects.propublica.org/nonprofits/organizations/832004366,charitable foundation,2025-10-17 17:57:58,,,,,,,,not_contacted,no,no,,,,high
Shekels Charitable Foundation,461614102,Los Angeles,CA,P99,,https://projects.propublica.org/nonprofits/organizations/461614102,charitable foundation,2025-10-17 17:57:58,,,,,,,,not_contacted,no,no,,,,high
Ares Charitable Foundation,843666714,Los Angeles,CA,T12,,https://projects.propublica.org/nonprofits/organizations/843666714,charitable foundation,2025-10-17 17:57:58,,,,,,,,not_contacted,no,no,,,,high
Kalmanovitz Charitable Foundation,946760317,Mill Valley,CA,T21,,https://projects.propublica.org/nonprofits/organizations/946760317,charitable foundation,2025-10-17 17:57:58,,,,,,,,not_contacted,no,no,,,,high
Qualcomm Charitable Foundation,274621444,San Diego,CA,T21,,https://projects.propublica.org/nonprofits/organizations/274621444,charitable foundation,2025-10-17 17:57:58,,,,,,,,not_contacted,no,no,,,,high
Groundswell Charitable Foundation,871530516,El Segundo,CA,T30,,https://projects.propublica.org/nonprofits/organizations/871530516,charitable foundation,2025-10-17 17:57:58,,,,,,,,not_contacted,no,no,,,,high
Lu Charitable Foundation,372081596,San Francisco,CA,T20,,https://projects.propublica.org/nonprofits/organizations/372081596,charitable foundation,2025-10-17 17:57:58,,,,,,,,not_contacted,no,no,,,,high
Douglas Charitable Foundation,956096827,Beverly Hills,CA,,,https://projects.propublica.org/nonprofits/organizations/956096827,charitable foundation,2025-10-17 17:57:58,,,,,,,,not_contacted,no,no,,,,high
Wadhwani Charitable Foundation,770450893,Los Altos,CA,T30Z,,https://projects.propublica.org/nonprofits/organizations/770450893,charitable foundation,2025-10-17 17:57:58,,,,,,,,not_contacted,no,no,,,,high
Esb Charitable Foundation,203759208,San Francisco,CA,T22,,https://projects.propublica.org/nonprofits/organizations/203759208,charitable foundation,2025-10-17 17:57:58,,,,,,,,not_contacted,no,no,,,,high
Iherb Charitable Foundation,464349259,Irvine,CA,T21,,https://projects.propublica.org/nonprofits/organizations/464349259,charitable foundation,2025-10-17 17:57:58,,,,,,,,not_contacted,no,no,,,,high
Beagle Charitable Foundation,770529181,Redwood City,CA,T22,,https://projects.propublica.org/nonprofits/organizations/770529181,charitable foundation,2025-10-17 17:57:58,,,,,,,,not_contacted,no,no,,,,high
Hinz Charitable Foundation,853258539,Pasadena,CA,X21,,https://projects.propublica.org/nonprofits/organizations/853258539,charitable foundation,2025-10-17 17:57:58,,,,,,,,not_contacted,no,no,,,,high
Carrington Charitable Foundation,272073758,Aliso Viejo,CA,T20,,https://projects.propublica.org/nonprofits/organizations/272073758,charitable foundation,2025-10-17 17:57:58,,,,,,,,not_contacted,no,no,,,,high
Rhf Charitable Foundation,472747112,Long Beach,CA,L11,,https://projects.propublica.org/nonprofits/organizations/472747112,charitable foundation,2025-10-17 17:57:58,,,,,,,,not_contacted,no,no,,,,high
Vardhamana Charitable Foundation,473397245,La Canada,CA,T20,,https://projects.propublica.org/nonprofits/organizations/473397245,charitable foundation,2025-10-17 17:57:58,,,,,,,,not_contacted,no,no,,,,high
Cedar Charitable Foundation,452994986,Newport Beach,CA,B11,,https://projects.propublica.org/nonprofits/organizations/452994986,charitable foundation,2025-10-17 17:57:58,,,,,,,,not_contacted,no,no,,,,high
Mustique Charitable Foundation,263084333,Los Angeles,CA,T30,,https://projects.propublica.org/nonprofits/organizations/263084333,charitable foundation,2025-10-17 17:57:58,,,,,,,,not_contacted,no,no,,,,high
Flickr Charitable Foundation,883091608,San Francisco,CA,T31,,https://projects.propublica.org/nonprofits/organizations/883091608,charitable foundation,2025-10-17 17:57:58,,,,,,,,not_contacted,no,no,,,,high
Armrod Charitable Foundation,680370503,Rocklin,CA,T20Z,,https://projects.propublica.org/nonprofits/organizations/680370503,charitable foundation,2025-10-17 17:57:58,,,,,,,,not_contacted,no,no,,,,high
Woo Charitable Foundation,332210422,Rch Palos Vrd,CA,T20,,https://projects.propublica.org/nonprofits/organizations/332210422,charitable foundation,2025-10-17 17:57:58,,,,,,,,not_contacted,no,no,,,,high
Monarch Charitable Foundation,330766046,Torrance,CA,T22Z,,https://projects.propublica.org/nonprofits/organizations/330766046,charitable foundation,2025-10-17 17:57:58,,,,,,,,not_contacted,no,no,,,,high
Raidy Charitable Foundation,330826574,Monrovia,CA,T20Z,,https://projects.propublica.org/nonprofits/organizations/330826574,charitable foundation,2025-10-17 17:57:58,,,,,,,,not_contacted,no,no,,,,high
Willette Charitable Foundation,462360622,Irvine,CA,T20,,https://projects.propublica.org/nonprofits/organizations/462360622,charitable foundation,2025-10-17 17:57:58,,,,,,,,not_contacted,no,no,,,,high
Argyros Family Foundation,953421867,Costa Mesa,CA,,,https://projects.propublica.org/nonprofits/organizations/953421867,family foundation,2025-10-17 17:57:59,,,,,,,,not_contacted,no,no,,,,high
Sobrato Family Foundation,770348912,Mountain View,CA,,,https://projects.propublica.org/nonprofits/organizations/770348912,family foundation,2025-10-17 17:57:59,,,,,,,,not_contacted,no,no,,,,high
Rosenthal Family Foundation,262982710,Los Angeles,CA,T20,,https://projects.propublica.org/nonprofits/organizations/262982710,family foundation,2025-10-17 17:57:59,,,,,,,,not_contacted,no,no,,,,high
Koum Family Foundation,475446562,Palo Alto,CA,T20,,https://projects.propublica.org/nonprofits/organizations/475446562,family foundation,2025-10-17 17:57:59,,,,,,,,not_contacted,no,no,,,,high
Baszucki Family Foundation,320660398,San Mateo,CA,T20,,https://projects.propublica.org/nonprofits/organizations/320660398,family foundation,2025-10-17 17:57:59,,,,,,,,not_contacted,no,no,,,,high
Pichai Family Foundation,832405611,San Francisco,CA,T22,,https://projects.propublica.org/nonprofits/organizations/832405611,family foundation,2025-10-17 17:57:59,,,,,,,,not_contacted,no,no,,,,high
Biswas Family Foundation,921348652,San Francisco,CA,T20,,https://projects.propublica.org/nonprofits/organizations/921348652,family foundation,2025-10-17 17:57:59,,,,,,,,not_contacted,no,no,,,,high
Amin Family Foundation,853990823,Los Angeles,CA,T20,,https://projects.propublica.org/nonprofits/organizations/853990823,family foundation,2025-10-17 17:57:59,,,,,,,,not_contacted,no,no,,,,high
Breyer Family Foundation,471114091,Palo Alto,CA,T20,,https://projects.propublica.org/nonprofits/organizations/471114091,family foundation,2025-10-17 17:57:59,,,,,,,,not_contacted,no,no,,,,high
Bicket Family Foundation,921219558,San Francisco,CA,T20,,https://projects.propublica.org/nonprofits/organizations/921219558,family foundation,2025-10-17 17:57:59,,,,,,,,not_contacted,no,no,,,,high
Lorber Family Foundation,611733138,Redwood City,CA,Z99,,https://projects.propublica.org/nonprofits/organizations/611733138,family foundation,2025-10-17 17:57:59,,,,,,,,not_contacted,no,no,,,,high
California Family Foundation,770053005,Menlo Park,CA,B24Z,,https://projects.propublica.org/nonprofits/organizations/770053005,family foundation,2025-10-17 17:57:59,,,,,,,,not_contacted,no,no,,,,high
Bravo Family Foundation,823513069,San Francisco,CA,Q33,,https://projects.propublica.org/nonprofits/organizations/823513069,family foundation,2025-10-17 17:57:59,,,,,,,,not_contacted,no,no,,,,high
Issa Family Foundation,330834068,Vista,CA,T22,,https://projects.propublica.org/nonprofits/organizations/330834068,family foundation,2025-10-17 17:57:59,,,,,,,,not_contacted,no,no,,,,high
Molina Family Foundation,201479392,Rolling Hills,CA,V30,,https://projects.propublica.org/nonprofits/organizations/201479392,family foundation,2025-10-17 17:57:59,,,,,,,,not_contacted,no,no,,,,high
Rodan Family Foundation,830761600,Orinda,CA,,,https://projects.propublica.org/nonprofits/organizations/830761600,family foundation,2025-10-17 17:57:59,,,,,,,,not_contacted,no,no,,,,high
Mazursky Family Foundation,954509550,Los Angeles,CA,T99Z,,https://projects.propublica.org/nonprofits/organizations/954509550,family foundation,2025-10-17 17:57:59,,,,,,,,not_contacted,no,no,,,,high
Simonian Family Foundation,882707665,Beverly Hills,CA,T20,,https://projects.propublica.org/nonprofits/organizations/882707665,family foundation,2025-10-17 17:57:59,,,,,,,,not_contacted,no,no,,,,high
Hogan Family Foundation,364254944,Newbury Park,CA,T20,,https://projects.propublica.org/nonprofits/organizations/364254944,family foundation,2025-10-17 17:57:59,,,,,,,,not_contacted,no,no,,,,high
Mangan Family Foundation,934677719,San Diego,CA,T50,,https://projects.propublica.org/nonprofits/organizations/934677719,family foundation,2025-10-17 17:57:59,,,,,,,,not_contacted,no,no,,,,high
Kissick Family Foundation,954443453,Sherman Oaks,CA,,,https://projects.propublica.org/nonprofits/organizations/954443453,family foundation,2025-10-17 17:57:59,,,,,,,,not_contacted,no,no,,,,high
Spaht Family Foundation,832183149,San Francisco,CA,T20,,https://projects.propublica.org/nonprofits/organizations/832183149,family foundation,2025-10-17 17:57:59,,,,,,,,not_contacted,no,no,,,,high
Haque Family Foundation,472482967,Saratoga,CA,T20,,https://projects.propublica.org/nonprofits/organizations/472482967,family foundation,2025-10-17 17:57:59,,,,,,,,not_contacted,no,no,,,,high
Crabill Family Foundation,832152945,San Francisco,CA,P20,,https://projects.propublica.org/nonprofits/organizations/832152945,family foundation,2025-10-17 17:57:59,,,,,,,,not_contacted,no,no,,,,high
Priem Family Foundation,943340371,Burlingame,CA,T22,,https://projects.propublica.org/nonprofits/organizations/943340371,family foundation,2025-10-17 17:57:59,,,,,,,,not_contacted,no,no,,,,high
California Community Foundation,953510055,Los Angeles,CA,T310,,https://projects.propublica.org/nonprofits/organizations/953510055,community foundation,2025-10-17 17:58:00,,,,,,,,not_contacted,no,no,,,,high
Marin Community Foundation,943007979,Novato,CA,T310,,https://projects.propublica.org/nonprofits/organizations/943007979,community foundation,2025-10-17 17:58:00,,,,,,,,not_contacted,no,no,,,,high
Brawley Community Foundation,770629281,Brawley,CA,S21,,https://projects.propublica.org/nonprofits/organizations/770629281,community foundation,2025-10-17 17:58:00,,,,,,,,not_contacted,no,no,,,,high
Latino Community Foundation,810564400,San Francisco,CA,P11,,https://projects.propublica.org/nonprofits/organizations/810564400,community foundation,2025-10-17 17:58:00,,,,,,,,not_contacted,no,no,,,,high
Pasadena Community Foundation,200253310,Pasadena,CA,T31,,https://projects.propublica.org/nonprofits/organizations/200253310,community foundation,2025-10-17 17:58:00,,,,,,,,not_contacted,no,no,,,,high
International Community Foundation,330457858,National City,CA,T31,,https://projects.propublica.org/nonprofits/organizations/330457858,community foundation,2025-10-17 17:58:00,,,,,,,,not_contacted,no,no,,,,high
Desert Community Foundation,954725924,Palm Desert,CA,T31,,https://projects.propublica.org/nonprofits/organizations/954725924,community foundation,2025-10-17 17:58:00,,,,,,,,not_contacted,no,no,,,,high
Stanislaus Community Foundation,680483054,Modesto,CA,T31,,https://projects.propublica.org/nonprofits/organizations/680483054,community foundation,2025-10-17 17:58:00,,,,,,,,not_contacted,no,no,,,,high
Community Hospice Foundation,770562224,Modesto,CA,P11,,https://projects.propublica.org/nonprofits/organizations/770562224,community foundation,2025-10-17 17:58:00,,,,,,,,not_contacted,no,no,,,,high
Richmond Community Foundation,943337754,Richmond,CA,T310,,https://projects.propublica.org/nonprofits/organizations/943337754,community foundation,2025-10-17 17:58:00,,,,,,,,not_contacted,no,no,,,,high
Community College Foundation,680016439,Sacramento,CA,B114,,https://projects.propublica.org/nonprofits/organizations/680016439,community foundation,2025-10-17 17:58:00,,,,,,,,not_contacted,no,no,,,,high
Kern Community Foundation,770555874,Bakersfield,CA,T31,,https://projects.propublica.org/nonprofits/organizations/770555874,community foundation,2025-10-17 17:58:00,,,,,,,,not_contacted,no,no,,,,high
Placer Community Foundation,201485011,Auburn,CA,T31,,https://projects.propublica.org/nonprofits/organizations/201485011,community foundation,2025-10-17 17:58:00,,,,,,,,not_contacted,no,no,,,,high
Anaheim Community Foundation,330033023,Anahiem,CA,T31Z,,https://projects.propublica.org/nonprofits/organizations/330033023,community foundation,2025-10-17 17:58:00,,,,,,,,not_contacted,no,no,,,,high
Solano Community Foundation,680354961,Fairfield,CA,T31,,https://projects.propublica.org/nonprofits/organizations/680354961,community foundation,2025-10-17 17:58:00,,,,,,,,not_contacted,no,no,,,,high
Preserve Community Foundation,264732039,Carmel,CA,B82,,https://projects.propublica.org/nonprofits/organizations/264732039,community foundation,2025-10-17 17:58:00,,,,,,,,not_contacted,no,no,,,,high
Telosa Community Foundation,874419122,Santa Rosa,CA,V34,,https://projects.propublica.org/nonprofits/organizations/874419122,community foundation,2025-10-17 17:58:00,,,,,,,,not_contacted,no,no,,,,high
Community Roots Foundation,462630292,Laguna Niguel,CA,B11,,https://projects.propublica.org/nonprofits/organizations/462630292,community foundation,2025-10-17 17:58:00,,,,,,,,not_contacted,no,no,,,,high
Savusavu Community Foundation,201038213,Villa Park,CA,T31,,https://projects.propublica.org/nonprofits/organizations/201038213,community foundation,2025-10-17 17:58:00,,,,,,,,not_contacted,no,no,,,,high
Redlands Community Foundation,912143250,Redlands,CA,B11,,https://projects.propublica.org/nonprofits/organizations/912143250,community foundation,2025-10-17 17:58:00,,,,,,,,not_contacted,no,no,,,,high
Kinecta Community Foundation,954715293,Manhattan Bch,CA,T31,,https://projects.propublica.org/nonprofits/organizations/954715293,community foundation,2025-10-17 17:58:00,,,,,,,,not_contacted,no,no,,,,high
Crockett Community Foundation,680348673,Crockett,CA,T31,,https://projects.propublica.org/nonprofits/organizations/680348673,community foundation,2025-10-17 17:58:00,,,,,,,,not_contacted,no,no,,,,high
Coronado Community Foundation,852982760,Coronado,CA,T31,,https://projects.propublica.org/nonprofits/organizations/852982760,community foundation,2025-10-17 17:58:00,,,,,,,,not_contacted,no,no,,,,high
Open Community Foundation,873982059,San Francisco,CA,W99,,https://projects.propublica.org/nonprofits/organizations/873982059,community foundation,2025-10-17 17:58:00,,,,,,,,not_contacted,no,no,,,,high
Columbia Community Foundation,821220459,San Diego,CA,S22,,https://projects.propublica.org/nonprofits/organizations/821220459,community foundation,2025-10-17 17:58:00,,,,,,,,not_contacted,no,no,,,,high
Private Foundation,943303674,San Francisco,CA,T20,,https://projects.propublica.org/nonprofits/organizations/943303674,private foundation,2025-10-17 17:58:02,,,,,,,,not_contacted,no,no,,,,high
Everlasting Private Foundation,770425562,Cupertino,CA,X20Z,,https://projects.propublica.org/nonprofits/organizations/770425562,private foundation,2025-10-17 17:58:02,,,,,,,,not_contacted,no,no,,,,high
Kmjm Private Foundation,871519012,Fremont,CA,T22,,https://projects.propublica.org/nonprofits/organizations/871519012,private foundation,2025-10-17 17:58:02,,,,,,,,not_contacted,no,no,,,,high
Private Redemption Foundation,542195251,Los Angeles,CA,X30,,https://projects.propublica.org/nonprofits/organizations/542195251,private foundation,2025-10-17 17:58:02,,,,,,,,not_contacted,no,no,,,,high
Klokkevold Private Foundation,932701122,Sacramento,CA,P20,,https://projects.propublica.org/nonprofits/organizations/932701122,private foundation,2025-10-17 17:58:02,,,,,,,,not_contacted,no,no,,,,high
Olesen Private Foundation,455461459,San Jose,CA,T22,,https://projects.propublica.org/nonprofits/organizations/455461459,private foundation,2025-10-17 17:58:02,,,,,,,,not_contacted,no,no,,,,high
Henry Private Foundation,475578143,Encinitas,CA,T22,,https://projects.propublica.org/nonprofits/organizations/475578143,private foundation,2025-10-17 17:58:02,,,,,,,,not_contacted,no,no,,,,high
Birchfield Private Foundation,932220018,Bakersfield,CA,L01,,https://projects.propublica.org/nonprofits/organizations/932220018,private foundation,2025-10-17 17:58:02,,,,,,,,not_contacted,no,no,,,,high
Lombardy Private Foundation,884320905,Temple City,CA,X20,,https://projects.propublica.org/nonprofits/organizations/884320905,private foundation,2025-10-17 17:58:02,,,,,,,,not_contacted,no,no,,,,high
Oar Private Foundation,861834686,Irvine,CA,X99,,https://projects.propublica.org/nonprofits/organizations/861834686,private foundation,2025-10-17 17:58:02,,,,,,,,not_contacted,no,no,,,,high
Pen Private Foundation,621528968,Los Angeles,CA,,,https://projects.propublica.org/nonprofits/organizations/621528968,private foundation,2025-10-17 17:58:02,,,,,,,,not_contacted,no,no,,,,high
Cornerstone Private Foundation,921987060,Irvine,CA,T22,,https://projects.propublica.org/nonprofits/organizations/921987060,private foundation,2025-10-17 17:58:02,,,,,,,,not_contacted,no,no,,,,high
Noah Private Foundation,900781709,Cupertino,CA,T20,,https://projects.propublica.org/nonprofits/organizations/900781709,private foundation,2025-10-17 17:58:02,,,,,,,,not_contacted,no,no,,,,high
Orbys Private Foundation,861294008,Gilroy,CA,T20,,https://projects.propublica.org/nonprofits/organizations/861294008,private foundation,2025-10-17 17:58:02,,,,,,,,not_contacted,no,no,,,,high
Lighthouse Private Foundation,846446282,Antelope,CA,T50,,https://projects.propublica.org/nonprofits/organizations/846446282,private foundation,2025-10-17 17:58:02,,,,,,,,not_contacted,no,no,,,,high
Williams Family Private Foundation,272203213,Palo Alto,CA,T20,,https://projects.propublica.org/nonprofits/organizations/272203213,private foundation,2025-10-17 17:58:02,,,,,,,,not_contacted,no,no,,,,high
Mary Pickford Private Foundation,811171385,Murrieta,CA,T20,,https://projects.propublica.org/nonprofits/organizations/811171385,private foundation,2025-10-17 17:58:02,,,,,,,,not_contacted,no,no,,,,high
Louma G Private Foundation,814820581,Los Angeles,CA,H12,,https://projects.propublica.org/nonprofits/organizations/814820581,private foundation,2025-10-17 17:58:02,,,,,,,,not_contacted,no,no,,,,high
Dca Chen Private Foundation,473084353,Pasadena,CA,E70,,https://projects.propublica.org/nonprofits/organizations/473084353,private foundation,2025-10-17 17:58:02,,,,,,,,not_contacted,no,no,,,,high
Van Auken Private Foundation,262931752,Danville,CA,T22,,https://projects.propublica.org/nonprofits/organizations/262931752,private foundation,2025-10-17 17:58:02,,,,,,,,not_contacted,no,no,,,,high
Golden Baobab Private Foundation,842540387,San Jose,CA,T20,,https://projects.propublica.org/nonprofits/organizations/842540387,private foundation,2025-10-17 17:58:02,,,,,,,,not_contacted,no,no,,,,high
Cherith Christian Private Foundation,954222174,Palo Alto,CA,,,https://projects.propublica.org/nonprofits/organizations/954222174,private foundation,2025-10-17 17:58:02,,,,,,,,not_contacted,no,no,,,,high
Chius Family Private Foundation,831154050,Norwalk,CA,P20,,https://projects.propublica.org/nonprofits/organizations/831154050,private foundation,2025-10-17 17:58:02,,,,,,,,not_contacted,no,no,,,,high
Helpful Fish Private Foundation,872272719,Santa Ana,CA,T22,,https://projects.propublica.org/nonprofits/organizations/872272719,private foundation,2025-10-17 17:58:02,,,,,,,,not_contacted,no,no,,,,high
Weaver Family Private Foundation,371423304,Laguna Beach,CA,T22,,https://projects.propublica.org/nonprofits/organizations/371423304,private foundation,2025-10-17 17:58:02,,,,,,,,not_contacted,no,no,,,,high
Corporate Financial Foundation,923244396,Carmel By The,CA,P20,,https://projects.propublica.org/nonprofits/organizations/923244396,corporate foundation,2025-10-17 17:58:03,,,,,,,,not_contacted,no,no,,,,high
Thibault Foundation A California Nonprofit Public Benefit Corporati,943347294,Redwood City,CA,T20,,https://projects.propublica.org/nonprofits/organizations/943347294,corporate foundation,2025-10-17 17:58:03,,,,,,,,not_contacted,no,no,,,,high
The Herman Foundation A California Nonprofit Public Benefit Corporati,352376324,Los Angeles,CA,T22,,https://projects.propublica.org/nonprofits/organizations/352376324,corporate foundation,2025-10-17 17:58:03,,,,,,,,not_contacted,no,no,,,,high
Chiou Yuh Lee Foundation A California Public Benefit Corporat,843399642,Huntingtn Bch,CA,B82,,https://projects.propublica.org/nonprofits/organizations/843399642,corporate foundation,2025-10-17 17:58:03,,,,,,,,not_contacted,no,no,,,,high
R C Baker Foundation A California Nonprofit Public Benefit Corporati,453850225,Encinitas,CA,T20,,https://projects.propublica.org/nonprofits/organizations/453850225,corporate foundation,2025-10-17 17:58:03,,,,,,,,not_contacted,no,no,,,,high
Inside Circle Foundation A California Public Benefit Corpora,680448494,Carmichael,CA,I40,,https://projects.propublica.org/nonprofits/organizations/680448494,corporate foundation,2025-10-17 17:58:03,,,,,,,,not_contacted,no,no,,,,high
Art Of Ballet Performing Arts Corporation,275106308,Richmond,CA,A60,,https://projects.propublica.org/nonprofits/organizations/275106308,arts,2025-10-17 17:58:04,,,,,,,,not_contacted,no,no,,,,medium
Moonlight Cultural Foundation,237359530,Vista,CA,A650,,https://projects.propublica.org/nonprofits/organizations/237359530,cultural,2025-10-17 17:58:05,,,,,,,,not_contacted,no,no,,,,high
Armenian Cultural Foundation,930660517,Montrose,CA,A230,,https://projects.propublica.org/nonprofits/organizations/930660517,cultural,2025-10-17 17:58:05,,,,,,,,not_contacted,no,no,,,,high
Giving Music A Music Charity,452611021,Los Angeles,CA,A68,,https://projects.propublica.org/nonprofits/organizations/452611021,music,2025-10-17 17:58:06,,,,,,,,not_contacted,no,no,,,,medium
Music Center Foundation,237298290,Los Angeles,CA,A120,,https://projects.propublica.org/nonprofits/organizations/237298290,music,2025-10-17 17:58:06,,,,,,,,not_contacted,no,no,,,,high
Theater Education 4 Theater Nerds Inc,825529024,Folsom,CA,A65,,https://projects.propublica.org/nonprofits/organizations/825529024,theater,2025-10-17 17:58:08,,,,,,,,not_contacted,no,no,,,,medium
Transcendence Theater Company,462182873,Sonoma,CA,A60,,https://projects.propublica.org/nonprofits/organizations/462182873,theater,2025-10-17 17:58:08,,,,,,,,not_contacted,no,no,,,,medium
Latino Theater Company,954572361,Los Angeles,CA,A65,,https://projects.propublica.org/nonprofits/organizations/954572361,theater,2025-10-17 17:58:08,,,,,,,,not_contacted,no,no,,,,medium
Stanford Theater Foundation,770197543,Los Altos,CA,,,https://projects.propublica.org/nonprofits/organizations/770197543,theater,2025-10-17 17:58:08,,,,,,,,not_contacted,no,no,,,,high
Fox Theater Foundation,770306813,Bakersfield,CA,Z99Z,,https://projects.propublica.org/nonprofits/organizations/770306813,theater,2025-10-17 17:58:08,,,,,,,,not_contacted,no,no,,,,high
Park Theater Trust,843216944,Lafayette,CA,A65,,https://projects.propublica.org/nonprofits/organizations/843216944,theater,2025-10-17 17:58:08,,,,,,,,not_contacted,no,no,,,,high
Dance Fund,203900047,N Hollywood,CA,A600,,https://projects.propublica.org/nonprofits/organizations/203900047,dance,2025-10-17 17:58:09,,,,,,,,not_contacted,no,no,,,,high
Calidanza Dance Company,462474047,Sacramento,CA,A62,,https://projects.propublica.org/nonprofits/organizations/462474047,dance,2025-10-17 17:58:09,,,,,,,,not_contacted,no,no,,,,medium
Academy Of Visual And Performing Arts Foundation,203270837,Culver City,CA,A25,,https://projects.propublica.org/nonprofits/organizations/203270837,visual arts,2025-10-17 17:58:10,,,,,,,,not_contacted,no,no,,,,high
Fletcher Benton Foundation For The Visual Arts,853783802,San Francisco,CA,A20,,https://projects.propublica.org/nonprofits/organizations/853783802,visual arts,2025-10-17 17:58:10,,,,,,,,not_contacted,no,no,,,,high
Art Vistas Incorporated,475216886,San Jose,CA,A25,,https://projects.propublica.org/nonprofits/organizations/475216886,visual arts,2025-10-17 17:58:10,,,,,,,,not_contacted,no,no,,,,medium
On The Fringe Visual And Performing Arts Incorporated,474750598,Vallejo,CA,A25,,https://projects.propublica.org/nonprofits/organizations/474750598,visual arts,2025-10-17 17:58:10,,,,,,,,not_contacted,no,no,,,,medium
Star Arts Education,464515815,Gilroy,CA,A60,,https://projects.propublica.org/nonprofits/organizations/464515815,arts education,2025-10-17 17:58:11,,,,,,,,not_contacted,no,no,,,,medium
Arts & Education Nation,873854004,Sunland,CA,A20,,https://projects.propublica.org/nonprofits/organizations/873854004,arts education,2025-10-17 17:58:11,,,,,,,,not_contacted,no,no,,,,medium
Sunseed Arts & Education,542135923,Grass Valley,CA,A65,,https://projects.propublica.org/nonprofits/organizations/542135923,arts education,2025-10-17 17:58:11,,,,,,,,not_contacted,no,no,,,,medium
Sac Arts Education,474099047,Citrus Hts,CA,B25,,https://projects.propublica.org/nonprofits/organizations/474099047,arts education,2025-10-17 17:58:11,,,,,,,,not_contacted,no,no,,,,medium
Leap Arts In Education,942602967,San Francisco,CA,,,https://projects.propublica.org/nonprofits/organizations/942602967,arts education,2025-10-17 17:58:11,,,,,,,,not_contacted,no,no,,,,medium
Anthropomorphic Arts And Education,770479860,Milpitas,CA,A20,,https://projects.propublica.org/nonprofits/organizations/770479860,arts education,2025-10-17 17:58:11,,,,,,,,not_contacted,no,no,,,,medium
Burbank Arts Education Foundation,205128863,Burbank,CA,B122,,https://projects.propublica.org/nonprofits/organizations/205128863,arts education,2025-10-17 17:58:11,,,,,,,,not_contacted,no,no,,,,high
America Arts Education Association,812398446,Saratoga,CA,A60,,https://projects.propublica.org/nonprofits/organizations/812398446,arts education,2025-10-17 17:58:11,,,,,,,,not_contacted,no,no,,,,medium
Professional Arts Education Center,330713444,Torrance,CA,B82,,https://projects.propublica.org/nonprofits/organizations/330713444,arts education,2025-10-17 17:58:11,,,,,,,,not_contacted,no,no,,,,medium
Sacramento Community Education & Arts,873999491,Citrus Hts,CA,A25,,https://projects.propublica.org/nonprofits/organizations/873999491,arts education,2025-10-17 17:58:11,,,,,,,,not_contacted,no,no,,,,medium
Islamic Education & Arts Center,994568449,Santa Clara,CA,X40,,https://projects.propublica.org/nonprofits/organizations/994568449,arts education,2025-10-17 17:58:11,,,,,,,,not_contacted,no,no,,,,medium
Legacy Education & Arts Foundation,990924945,San Pedro,CA,A25,,https://projects.propublica.org/nonprofits/organizations/990924945,arts education,2025-10-17 17:58:11,,,,,,,,not_contacted,no,no,,,,high
Momoy Arts & Education Circle,333799262,Santa Maria,CA,A20,,https://projects.propublica.org/nonprofits/organizations/333799262,arts education,2025-10-17 17:58:11,,,,,,,,not_contacted,no,no,,,,medium
Beehive Arts And Education,992864998,Oakland,CA,B99,,https://projects.propublica.org/nonprofits/organizations/992864998,arts education,2025-10-17 17:58:11,,,,,,,,not_contacted,no,no,,,,medium
San Francisco Arts Education Project,237092484,San Francisco,CA,A25,,https://projects.propublica.org/nonprofits/organizations/237092484,arts education,2025-10-17 17:58:11,,,,,,,,not_contacted,no,no,,,,medium
Arts Education Connection San Diego,952464304,San Diego,CA,A25,,https://projects.propublica.org/nonprofits/organizations/952464304,arts education,2025-10-17 17:58:11,,,,,,,,not_contacted,no,no,,,,medium
Seeds Arts And Education Inc,262446056,Laguna Beach,CA,B82,,https://projects.propublica.org/nonprofits/organizations/262446056,arts education,2025-10-17 17:58:11,,,,,,,,not_contacted,no,no,,,,medium
Natomas Arts And Education Foundation,680475414,Sacramento,CA,B112,,https://projects.propublica.org/nonprofits/organizations/680475414,arts education,2025-10-17 17:58:11,,,,,,,,not_contacted,no,no,,,,high
Foundation For Promoting Arts Education,680590047,Redding,CA,B112,,https://projects.propublica.org/nonprofits/organizations/680590047,arts education,2025-10-17 17:58:11,,,,,,,,not_contacted,no,no,,,,high
Emerson Arts And Education Foundation,263286259,Los Angeles,CA,A20,,https://projects.propublica.org/nonprofits/organizations/263286259,arts education,2025-10-17 17:58:11,,,,,,,,not_contacted,no,no,,,,high
Creekside Arts And Education Inc,833369544,Willow Creek,CA,B94,,https://projects.propublica.org/nonprofits/organizations/833369544,arts education,2025-10-17 17:58:11,,,,,,,,not_contacted,no,no,,,,medium
East Whittier Arts Education Foundation,272105790,Whittier,CA,A12,,https://projects.propublica.org/nonprofits/organizations/272105790,arts education,2025-10-17 17:58:11,,,,,,,,not_contacted,no,no,,,,high
Fame Fine Arts & Music Education,454322514,Dsrt Hot Spgs,CA,A20,,https://projects.propublica.org/nonprofits/organizations/454322514,arts education,2025-10-17 17:58:11,,,,,,,,not_contacted,no,no,,,,medium
Global Variety Arts Education Foundation,933984683,Newport Beach,CA,B12,,https://projects.propublica.org/nonprofits/organizations/933984683,arts education,2025-10-17 17:58:11,,,,,,,,not_contacted,no,no,,,,high
Rebirth & Rise Arts And Education,510458288,Oakland,CA,A61,,https://projects.propublica.org/nonprofits/organizations/510458288,arts education,2025-10-17 17:58:11,,,,,,,,not_contacted,no,no,,,,medium
Cultural Arts Rotary Foundation,770467599,Fresno,CA,P58,,https://projects.propublica.org/nonprofits/organizations/770467599,cultural arts,2025-10-17 17:58:12,,,,,,,,not_contacted,no,no,,,,high
Artsakh Arts & Cultural Foundation,821391892,Glendale,CA,A12,,https://projects.propublica.org/nonprofits/organizations/821391892,cultural arts,2025-10-17 17:58:12,,,,,,,,not_contacted,no,no,,,,high
Oceanside Cultural Arts Foundation,330357137,Oceanside,CA,A20,,https://projects.propublica.org/nonprofits/organizations/330357137,cultural arts,2025-10-17 17:58:12,,,,,,,,not_contacted,no,no,,,,high
Tulare Cultural Arts Foundation,770470854,Tulare,CA,A120,,https://projects.propublica.org/nonprofits/organizations/770470854,cultural arts,2025-10-17 17:58:12,,,,,,,,not_contacted,no,no,,,,high
Youth Cultural Arts Foundation,911906431,Buena Park,CA,P80,,https://projects.propublica.org/nonprofits/organizations/911906431,cultural arts,2025-10-17 17:58:12,,,,,,,,not_contacted,no,no,,,,high
Cultural Noire Performing Arts Company,844034898,San Diego,CA,A65,,https://projects.propublica.org/nonprofits/organizations/844034898,cultural arts,2025-10-17 17:58:12,,,,,,,,not_contacted,no,no,,,,medium
Torrance Cultural Arts Center Foundation,330625499,Torrance,CA,A51Z,,https://projects.propublica.org/nonprofits/organizations/330625499,cultural arts,2025-10-17 17:58:12,,,,,,,,not_contacted,no,no,,,,high
Arts And Beyond Cultural Foundation,934566686,Los Angeles,CA,,,https://projects.propublica.org/nonprofits/organizations/934566686,cultural arts,2025-10-17 17:58:12,,,,,,,,not_contacted,no,no,,,,high
Wace Educational Education,510172322,Santa Maria,CA,,,https://projects.propublica.org/nonprofits/organizations/510172322,education,2025-10-17 17:58:15,,,,,,,,not_contacted,no,no,,,,medium
Centro Biblico Educativo Bible Education Inc,800506251,N Highlands,CA,X20,,https://projects.propublica.org/nonprofits/organizations/800506251,education,2025-10-17 17:58:15,,,,,,,,not_contacted,no,no,,,,medium
Education,873071602,Fremont,CA,F01,,https://projects.propublica.org/nonprofits/organizations/873071602,education,2025-10-17 17:58:15,,,,,,,,not_contacted,no,no,,,,medium
San Joaquin County Office Of Education Educational Foundation,680342748,Stockton,CA,B122,,https://projects.propublica.org/nonprofits/organizations/680342748,education,2025-10-17 17:58:15,,,,,,,,not_contacted,no,no,,,,high
Rocketship Education,204040597,Redwood City,CA,B29,,https://projects.propublica.org/nonprofits/organizations/204040597,education,2025-10-17 17:58:15,,,,,,,,not_contacted,no,no,,,,medium
Cambiar Education,813508420,San Diego,CA,B90,,https://projects.propublica.org/nonprofits/organizations/813508420,education,2025-10-17 17:58:15,,,,,,,,not_contacted,no,no,,,,medium
Mirus Education,651310822,San Diego,CA,B29,,https://projects.propublica.org/nonprofits/organizations/651310822,education,2025-10-17 17:58:15,,,,,,,,not_contacted,no,no,,,,medium
Sfv Education,460813836,Sun Valley,CA,B11,,https://projects.propublica.org/nonprofits/organizations/460813836,education,2025-10-17 17:58:15,,,,,,,,not_contacted,no,no,,,,medium
Education Outside,460590185,San Francisco,CA,B19,,https://projects.propublica.org/nonprofits/organizations/460590185,education,2025-10-17 17:58:15,,,,,,,,not_contacted,no,no,,,,medium
Bridge Education,822558971,Sierra Madre,CA,B21,,https://projects.propublica.org/nonprofits/organizations/822558971,education,2025-10-17 17:58:15,,,,,,,,not_contacted,no,no,,,,medium
Innovation Education,473886933,Lancaster,CA,B90,,https://projects.propublica.org/nonprofits/organizations/473886933,education,2025-10-17 17:58:15,,,,,,,,not_contacted,no,no,,,,medium
Dost Education,820670099,San Francisco,CA,B99,,https://projects.propublica.org/nonprofits/organizations/820670099,education,2025-10-17 17:58:15,,,,,,,,not_contacted,no,no,,,,medium
Ground Education,822375504,Long Beach,CA,B90,,https://projects.propublica.org/nonprofits/organizations/822375504,education,2025-10-17 17:58:15,,,,,,,,not_contacted,no,no,,,,medium
Abundant Education,832417506,San Jose,CA,B99,,https://projects.propublica.org/nonprofits/organizations/832417506,education,2025-10-17 17:58:15,,,,,,,,not_contacted,no,no,,,,medium
Waterfront Education,461543808,Torrance,CA,M40,,https://projects.propublica.org/nonprofits/organizations/461543808,education,2025-10-17 17:58:15,,,,,,,,not_contacted,no,no,,,,medium
Building Education,815150344,San Francisco,CA,B90,,https://projects.propublica.org/nonprofits/organizations/815150344,education,2025-10-17 17:58:15,,,,,,,,not_contacted,no,no,,,,medium
Goodbeat Education,883801386,Los Angeles,CA,B94,,https://projects.propublica.org/nonprofits/organizations/883801386,education,2025-10-17 17:58:15,,,,,,,,not_contacted,no,no,,,,medium
Latitude Education,853571507,San Jose,CA,B80,,https://projects.propublica.org/nonprofits/organizations/853571507,education,2025-10-17 17:58:15,,,,,,,,not_contacted,no,no,,,,medium
Education Matters,471593822,Richmond,CA,,,https://projects.propublica.org/nonprofits/organizations/471593822,education,2025-10-17 17:58:15,,,,,,,,not_contacted,no,no,,,,medium
Catalyst Education,882112587,San Jose,CA,B90,,https://projects.propublica.org/nonprofits/organizations/882112587,education,2025-10-17 17:58:15,,,,,,,,not_contacted,no,no,,,,medium
Stemist Education,881192628,San Jose,CA,B80,,https://projects.propublica.org/nonprofits/organizations/881192628,education,2025-10-17 17:58:15,,,,,,,,not_contacted,no,no,,,,medium
Accelerated Education,953778954,Long Beach,CA,,,https://projects.propublica.org/nonprofits/organizations/953778954,education,2025-10-17 17:58:15,,,,,,,,not_contacted,no,no,,,,medium
Actual Education,881308514,Los Angeles,CA,B99,,https://projects.propublica.org/nonprofits/organizations/881308514,education,2025-10-17 17:58:15,,,,,,,,not_contacted,no,no,,,,medium
Fsb Education,473838270,Newport Beach,CA,P20,,https://projects.propublica.org/nonprofits/organizations/473838270,education,2025-10-17 17:58:15,,,,,,,,not_contacted,no,no,,,,medium
Cds Education,923089988,Los Angeles,CA,B20,,https://projects.propublica.org/nonprofits/organizations/923089988,education,2025-10-17 17:58:15,,,,,,,,not_contacted,no,no,,,,medium
American Hellenic Educational Assn Golden Gate District 21 Educationa,943331172,San Francisco,CA,B82,,https://projects.propublica.org/nonprofits/organizations/943331172,educational,2025-10-17 17:58:16,,,,,,,,not_contacted,no,no,,,,medium
Educational Alternatives,822564676,Westlake Vlg,CA,B01,,https://projects.propublica.org/nonprofits/organizations/822564676,educational,2025-10-17 17:58:16,,,,,,,,not_contacted,no,no,,,,medium
Educational Edge,823432024,San Diego,CA,P20,,https://projects.propublica.org/nonprofits/organizations/823432024,educational,2025-10-17 17:58:16,,,,,,,,not_contacted,no,no,,,,medium
Educational Explorations,942585653,Sebastopol,CA,,,https://projects.propublica.org/nonprofits/organizations/942585653,educational,2025-10-17 17:58:16,,,,,,,,not_contacted,no,no,,,,medium
Educational Ministries,460926468,Rocklin,CA,X99,,https://projects.propublica.org/nonprofits/organizations/460926468,educational,2025-10-17 17:58:16,,,,,,,,not_contacted,no,no,,,,medium
Educational Missions,921273536,Redlands,CA,B90,,https://projects.propublica.org/nonprofits/organizations/921273536,educational,2025-10-17 17:58:16,,,,,,,,not_contacted,no,no,,,,medium
Petaluma Educational Fdn,942847212,Petaluma,CA,B82Z,,https://projects.propublica.org/nonprofits/organizations/942847212,educational,2025-10-17 17:58:16,,,,,,,,not_contacted,no,no,,,,medium
Western Educational Corporation,811960983,Lancaster,CA,B28,,https://projects.propublica.org/nonprofits/organizations/811960983,educational,2025-10-17 17:58:16,,,,,,,,not_contacted,no,no,,,,medium
Viewpoint Educational Foundation,952242261,Calabasas,CA,,,https://projects.propublica.org/nonprofits/organizations/952242261,educational,2025-10-17 17:58:16,,,,,,,,not_contacted,no,no,,,,high
Lancer Educational Housingcorporation,260271058,Riverside,CA,,,https://projects.propublica.org/nonprofits/organizations/260271058,educational,2025-10-17 17:58:16,,,,,,,,not_contacted,no,no,,,,medium
Cpm Educational Program,680331449,Elk Grove,CA,B99Z,,https://projects.propublica.org/nonprofits/organizations/680331449,educational,2025-10-17 17:58:16,,,,,,,,not_contacted,no,no,,,,medium
Ihr Educational Broadcasting,680411982,Loomis,CA,,,https://projects.propublica.org/nonprofits/organizations/680411982,educational,2025-10-17 17:58:16,,,,,,,,not_contacted,no,no,,,,medium
Carlsbad Educational Foundation,953768448,Carlsbad,CA,,,https://projects.propublica.org/nonprofits/organizations/953768448,educational,2025-10-17 17:58:16,,,,,,,,not_contacted,no,no,,,,high
Pasadena Educational Foundation,237149451,Pasadena,CA,T30,,https://projects.propublica.org/nonprofits/organizations/237149451,educational,2025-10-17 17:58:16,,,,,,,,not_contacted,no,no,,,,high
Piedmont Educational Foundation,946426176,Piedmont,CA,B17J,,https://projects.propublica.org/nonprofits/organizations/946426176,educational,2025-10-17 17:58:16,,,,,,,,not_contacted,no,no,,,,high
Key Educational Group,810736483,Dublin,CA,B11,,https://projects.propublica.org/nonprofits/organizations/810736483,educational,2025-10-17 17:58:16,,,,,,,,not_contacted,no,no,,,,medium
Educational Results Partnership,954839405,Sacramento,CA,B90,,https://projects.propublica.org/nonprofits/organizations/954839405,educational,2025-10-17 17:58:16,,,,,,,,not_contacted,no,no,,,,medium
Community Educational Television,330046339,Tustin,CA,X820,,https://projects.propublica.org/nonprofits/organizations/330046339,educational,2025-10-17 17:58:16,,,,,,,,not_contacted,no,no,,,,medium
Thornston Educational Fund,522350466,Wrightwood,CA,B12,,https://projects.propublica.org/nonprofits/organizations/522350466,educational,2025-10-17 17:58:16,,,,,,,,not_contacted,no,no,,,,high
Moraga Educational Foundation,942791659,Moraga,CA,B20,,https://projects.propublica.org/nonprofits/organizations/942791659,educational,2025-10-17 17:58:16,,,,,,,,not_contacted,no,no,,,,high
Prime Educational Solutions,851177591,Temecula,CA,B19,,https://projects.propublica.org/nonprofits/organizations/851177591,educational,2025-10-17 17:58:16,,,,,,,,not_contacted,no,no,,,,medium
Redlands Educational Partnership,330281561,Redlands,CA,B95Z,,https://projects.propublica.org/nonprofits/organizations/330281561,educational,2025-10-17 17:58:16,,,,,,,,not_contacted,no,no,,,,medium
Alliant Educational Foundation,542110067,San Diego,CA,B43,,https://projects.propublica.org/nonprofits/organizations/542110067,educational,2025-10-17 17:58:16,,,,,,,,not_contacted,no,no,,,,high
National University Corporation Osaka University,814272694,Berkeley,CA,Q22,,https://projects.propublica.org/nonprofits/organizations/814272694,university,2025-10-17 17:58:20,,,,,,,,not_contacted,no,no,,,,medium
Corporate University,460799143,Fresno,CA,B60,,https://projects.propublica.org/nonprofits/organizations/460799143,university,2025-10-17 17:58:20,,,,,,,,not_contacted,no,no,,,,medium
Giving University,912168191,Anaheim,CA,P80,,https://projects.propublica.org/nonprofits/organizations/912168191,university,2025-10-17 17:58:20,,,,,,,,not_contacted,no,no,,,,medium
Scholarship Prep,473943780,Santa Ana,CA,B24,,https://projects.propublica.org/nonprofits/organizations/473943780,scholarship,2025-10-17 17:58:23,,,,,,,,not_contacted,no,no,,,,medium
Kja Scholarship,870961873,Irvine,CA,B82,,https://projects.propublica.org/nonprofits/organizations/870961873,scholarship,2025-10-17 17:58:23,,,,,,,,not_contacted,no,no,,,,medium
Orhy Scholarship,845040665,Irvine,CA,B82,,https://projects.propublica.org/nonprofits/organizations/845040665,scholarship,2025-10-17 17:58:23,,,,,,,,not_contacted,no,no,,,,medium
Sunset Scholarship,883242357,Fresno,CA,B82,,https://projects.propublica.org/nonprofits/organizations/883242357,scholarship,2025-10-17 17:58:23,,,,,,,,not_contacted,no,no,,,,medium
Scholarships Incorporated,946109114,San Lorenzo,CA,,,https://projects.propublica.org/nonprofits/organizations/946109114,scholarship,2025-10-17 17:58:23,,,,,,,,not_contacted,no,no,,,,medium
Dental Scholarships,205131098,Aliso Viejo,CA,P20,,https://projects.propublica.org/nonprofits/organizations/205131098,scholarship,2025-10-17 17:58:23,,,,,,,,not_contacted,no,no,,,,medium
Spellman Scholarships,863542457,Rcho Santa Fe,CA,N60,,https://projects.propublica.org/nonprofits/organizations/863542457,scholarship,2025-10-17 17:58:23,,,,,,,,not_contacted,no,no,,,,medium
Hispanic Scholarship Fund,521051044,El Segundo,CA,B820,,https://projects.propublica.org/nonprofits/organizations/521051044,scholarship,2025-10-17 17:58:23,,,,,,,,not_contacted,no,no,,,,high
Islamic Scholarship Fund,208540050,Berkeley,CA,B82,,https://projects.propublica.org/nonprofits/organizations/208540050,scholarship,2025-10-17 17:58:23,,,,,,,,not_contacted,no,no,,,,high
Desert Scholarship Foundation,812886019,Palm Desert,CA,B82,,https://projects.propublica.org/nonprofits/organizations/812886019,scholarship,2025-10-17 17:58:23,,,,,,,,not_contacted,no,no,,,,high
Iranian Scholarship Fund,203100594,Menlo Park,CA,B82,,https://projects.propublica.org/nonprofits/organizations/203100594,scholarship,2025-10-17 17:58:23,,,,,,,,not_contacted,no,no,,,,high
Rossmoor Scholarship Foundation,946126368,Walnut Creek,CA,B82Z,,https://projects.propublica.org/nonprofits/organizations/946126368,scholarship,2025-10-17 17:58:23,,,,,,,,not_contacted,no,no,,,,high
Munoz Family Scholarship,812033181,La Jolla,CA,B80,,https://projects.propublica.org/nonprofits/organizations/812033181,scholarship,2025-10-17 17:58:23,,,,,,,,not_contacted,no,no,,,,medium
Croatian Scholarship Fund,680231056,San Ramon,CA,,,https://projects.propublica.org/nonprofits/organizations/680231056,scholarship,2025-10-17 17:58:23,,,,,,,,not_contacted,no,no,,,,high
Scaife Scholarship Foundation,943161402,Oakland,CA,,,https://projects.propublica.org/nonprofits/organizations/943161402,scholarship,2025-10-17 17:58:23,,,,,,,,not_contacted,no,no,,,,high
Almanor Scholarship Fund,946066722,Chester,CA,,,https://projects.propublica.org/nonprofits/organizations/946066722,scholarship,2025-10-17 17:58:23,,,,,,,,not_contacted,no,no,,,,high
California Scholarship Federation,946124075,Laguna Niguel,CA,,,https://projects.propublica.org/nonprofits/organizations/946124075,scholarship,2025-10-17 17:58:23,,,,,,,,not_contacted,no,no,,,,medium
Hayfork Scholarship Foundation,237411434,Hayfork,CA,,,https://projects.propublica.org/nonprofits/organizations/237411434,scholarship,2025-10-17 17:58:23,,,,,,,,not_contacted,no,no,,,,high
Hope Scholarship Foundation,912156704,Los Angeles,CA,B82,,https://projects.propublica.org/nonprofits/organizations/912156704,scholarship,2025-10-17 17:58:23,,,,,,,,not_contacted,no,no,,,,high
Paradise Scholarship Foundation,237013007,Paradise,CA,B82Z,,https://projects.propublica.org/nonprofits/organizations/237013007,scholarship,2025-10-17 17:58:23,,,,,,,,not_contacted,no,no,,,,high
Smith Scholarship Foundation,271079975,Cerritos,CA,B82,,https://projects.propublica.org/nonprofits/organizations/271079975,scholarship,2025-10-17 17:58:23,,,,,,,,not_contacted,no,no,,,,high
Anc Scholarship Foundation,204562752,Lake View Ter,CA,B82,,https://projects.propublica.org/nonprofits/organizations/204562752,scholarship,2025-10-17 17:58:23,,,,,,,,not_contacted,no,no,,,,high
Asus Scholarship Foundation,852889969,Fremont,CA,B12,,https://projects.propublica.org/nonprofits/organizations/852889969,scholarship,2025-10-17 17:58:23,,,,,,,,not_contacted,no,no,,,,high
Cio Scholarship Fund,200332093,Laguna Beach,CA,B82,,https://projects.propublica.org/nonprofits/organizations/200332093,scholarship,2025-10-17 17:58:23,,,,,,,,not_contacted,no,no,,,,high
Mariachi Scholarship Foundation,330866851,Bonita,CA,A25,,https://projects.propublica.org/nonprofits/organizations/330866851,scholarship,2025-10-17 17:58:23,,,,,,,,not_contacted,no,no,,,,high
Asher Student Foundation,381690200,San Francisco,CA,B80,,https://projects.propublica.org/nonprofits/organizations/381690200,student,2025-10-17 17:58:25,,,,,,,,not_contacted,no,no,,,,high
Student Athlete Foundation,843262312,Corona,CA,N40,,https://projects.propublica.org/nonprofits/organizations/843262312,student,2025-10-17 17:58:25,,,,,,,,not_contacted,no,no,,,,high
Curious Student Foundation,814649987,Victorville,CA,B90,,https://projects.propublica.org/nonprofits/organizations/814649987,student,2025-10-17 17:58:25,,,,,,,,not_contacted,no,no,,,,high
Student Voice Foundation,823494227,Irvine,CA,,,https://projects.propublica.org/nonprofits/organizations/823494227,student,2025-10-17 17:58:25,,,,,,,,not_contacted,no,no,,,,high
Community Bible Community Development Corporation,952895839,Pasadena,CA,L210,,https://projects.propublica.org/nonprofits/organizations/952895839,community,2025-10-17 17:58:26,,,,,,,,not_contacted,no,no,,,,medium
Social Impact Fund,461820448,Los Angeles,CA,T12,,https://projects.propublica.org/nonprofits/organizations/461820448,social,2025-10-17 17:58:27,,,,,,,,not_contacted,no,no,,,,high
Social Justice Foundation,261135315,Thousand Oaks,CA,B99,,https://projects.propublica.org/nonprofits/organizations/261135315,social,2025-10-17 17:58:27,,,,,,,,not_contacted,no,no,,,,high
Social Giving Network,453853147,Beverly Hills,CA,T30,,https://projects.propublica.org/nonprofits/organizations/453853147,social,2025-10-17 17:58:27,,,,,,,,not_contacted,no,no,,,,medium
Coptic Social Corporation,953630013,Los Angeles,CA,,,https://projects.propublica.org/nonprofits/organizations/953630013,social,2025-10-17 17:58:27,,,,,,,,not_contacted,no,no,,,,medium
Civic Space Foundation,881045135,San Francisco,CA,B99,,https://projects.propublica.org/nonprofits/organizations/881045135,civic,2025-10-17 17:58:28,,,,,,,,not_contacted,no,no,,,,high
Civic Circle Foundation,562631326,Corona,CA,P330,,https://projects.propublica.org/nonprofits/organizations/562631326,civic,2025-10-17 17:58:28,,,,,,,,not_contacted,no,no,,,,high
Harbor Civic Foundation,954753398,San Pedro,CA,W24,,https://projects.propublica.org/nonprofits/organizations/954753398,civic,2025-10-17 17:58:28,,,,,,,,not_contacted,no,no,,,,high
Charitysmith Nonprofit Foundation,870636433,Truckee,CA,T31,,https://projects.propublica.org/nonprofits/organizations/870636433,nonprofit,2025-10-17 17:58:31,,,,,,,,not_contacted,no,no,,,,high
Adesso Nonprofit Foundation,844075301,Walnut,CA,T20,,https://projects.propublica.org/nonprofits/organizations/844075301,nonprofit,2025-10-17 17:58:31,,,,,,,,not_contacted,no,no,,,,high
Washington Charitable Foundation,883626175,Los Angeles,CA,Q20,,https://projects.propublica.org/nonprofits/organizations/883626175,charitable,2025-10-17 17:58:33,,,,,,,,not_contacted,no,no,,,,high
Dpk Charitable Foundation,884378188,San Diego,CA,B12,,https://projects.propublica.org/nonprofits/organizations/884378188,charitable,2025-10-17 17:58:33,,,,,,,,not_contacted,no,no,,,,high
Navigation Charitable Fund,921117448,Berkeley,CA,U05,,https://projects.propublica.org/nonprofits/organizations/921117448,charitable,2025-10-17 17:58:33,,,,,,,,not_contacted,no,no,,,,high
Daffy Charitable Fund,863177440,Los Altos,CA,T30,,https://projects.propublica.org/nonprofits/organizations/863177440,charitable,2025-10-17 17:58:33,,,,,,,,not_contacted,no,no,,,,high
Riverside Charitable Corporation,954158713,Tustin,CA,L80,,https://projects.propublica.org/nonprofits/organizations/954158713,charitable,2025-10-17 17:58:33,,,,,,,,not_contacted,no,no,,,,medium
Open Philanthropy,810737472,Palo Alto,CA,B60,,https://projects.propublica.org/nonprofits/organizations/810737472,philanthropy,2025-10-17 17:58:34,,,,,,,,not_contacted,no,no,,,,medium
Philanthropy International,870643877,Claremont,CA,T20,,https://projects.propublica.org/nonprofits/organizations/870643877,philanthropy,2025-10-17 17:58:34,,,,,,,,not_contacted,no,no,,,,medium
Philanthropy Worldwide,830759082,Irvine,CA,T50,,https://projects.propublica.org/nonprofits/organizations/830759082,philanthropy,2025-10-17 17:58:34,,,,,,,,not_contacted,no,no,,,,medium
Common Philanthropy,991616162,San Diego,CA,A30,,https://projects.propublica.org/nonprofits/organizations/991616162,philanthropy,2025-10-17 17:58:34,,,,,,,,not_contacted,no,no,,,,medium
Generation Philanthropy,274006256,N Hollywood,CA,P12,,https://projects.propublica.org/nonprofits/organizations/274006256,philanthropy,2025-10-17 17:58:34,,,,,,,,not_contacted,no,no,,,,medium
Allied Philanthropy,873384943,Irvine,CA,T50,,https://projects.propublica.org/nonprofits/organizations/873384943,philanthropy,2025-10-17 17:58:34,,,,,,,,not_contacted,no,no,,,,medium
Ballers Philanthropy,611979940,Pomona,CA,T50,,https://projects.propublica.org/nonprofits/organizations/611979940,philanthropy,2025-10-17 17:58:34,,,,,,,,not_contacted,no,no,,,,medium
Focusing Philanthropy Inc,452405071,Santa Monica,CA,T30,,https://projects.propublica.org/nonprofits/organizations/452405071,philanthropy,2025-10-17 17:58:34,,,,,,,,not_contacted,no,no,,,,medium
Hispanics In Philanthropy,943040607,San Francisco,CA,,,https://projects.propublica.org/nonprofits/organizations/943040607,philanthropy,2025-10-17 17:58:34,,,,,,,,not_contacted,no,no,,,,medium
Ea Michelson Philanthropy,943131676,Belmont,CA,,,https://projects.propublica.org/nonprofits/organizations/943131676,philanthropy,2025-10-17 17:58:34,,,,,,,,not_contacted,no,no,,,,medium
One Earth Philanthropy,852588841,Culver City,CA,C99,,https://projects.propublica.org/nonprofits/organizations/852588841,philanthropy,2025-10-17 17:58:34,,,,,,,,not_contacted,no,no,,,,medium
Factor Philanthropy Inc,933328725,Palo Alto,CA,S05,,https://projects.propublica.org/nonprofits/organizations/933328725,philanthropy,2025-10-17 17:58:34,,,,,,,,not_contacted,no,no,,,,medium
Legacy Philanthropy Works,472584632,Santa Barbara,CA,C30,,https://projects.propublica.org/nonprofits/organizations/472584632,philanthropy,2025-10-17 17:58:34,,,,,,,,not_contacted,no,no,,,,medium
Philanthropy U Inc,810956313,San Mateo,CA,Q33,,https://projects.propublica.org/nonprofits/organizations/810956313,philanthropy,2025-10-17 17:58:34,,,,,,,,not_contacted,no,no,,,,medium
Intrepid Philanthropy Foundation,300527867,San Francisco,CA,T20,,https://projects.propublica.org/nonprofits/organizations/300527867,philanthropy,2025-10-17 17:58:34,,,,,,,,not_contacted,no,no,,,,high
Democratizing Philanthropy Project,882293441,Oakland,CA,S02,,https://projects.propublica.org/nonprofits/organizations/882293441,philanthropy,2025-10-17 17:58:34,,,,,,,,not_contacted,no,no,,,,medium
Chamberlin Family Philanthropy,205794764,Richmond,CA,T22,,https://projects.propublica.org/nonprofits/organizations/205794764,philanthropy,2025-10-17 17:58:34,,,,,,,,not_contacted,no,no,,,,medium
Andreessen Philanthropy Institute,463571398,Los Altos,CA,T23,,https://projects.propublica.org/nonprofits/organizations/463571398,philanthropy,2025-10-17 17:58:34,,,,,,,,not_contacted,no,no,,,,medium
Sone Philanthropy Inc,853397356,San Mateo,CA,T20,,https://projects.propublica.org/nonprofits/organizations/853397356,philanthropy,2025-10-17 17:58:34,,,,,,,,not_contacted,no,no,,,,medium
Arch To Philanthropy,471669728,San Diego,CA,F12,,https://projects.propublica.org/nonprofits/organizations/471669728,philanthropy,2025-10-17 17:58:34,,,,,,,,not_contacted,no,no,,,,medium
Global Philanthropy Foundation,471637839,Santa Monica,CA,T02,,https://projects.propublica.org/nonprofits/organizations/471637839,philanthropy,2025-10-17 17:58:34,,,,,,,,not_contacted,no,no,,,,high
Global Youth Philanthropy,460807833,Cupertino,CA,O50,,https://projects.propublica.org/nonprofits/organizations/460807833,philanthropy,2025-10-17 17:58:34,,,,,,,,not_contacted,no,no,,,,medium
Legacy Philanthropy Inc,861242214,Burbank,CA,O50,,https://projects.propublica.org/nonprofits/organizations/861242214,philanthropy,2025-10-17 17:58:34,,,,,,,,not_contacted,no,no,,,,medium
Philanthropy By Design,943109447,Mill Valley,CA,T50,,https://projects.propublica.org/nonprofits/organizations/943109447,philanthropy,2025-10-17 17:58:34,,,,,,,,not_contacted,no,no,,,,medium
Philanthropy Financial Inc,300237551,Fresno,CA,T50,,https://projects.propublica.org/nonprofits/organizations/300237551,philanthropy,2025-10-17 17:58:34,,,,,,,,not_contacted,no,no,,,,medium
Giving Forward Giving Back Inc,451543726,Sacramento,CA,X20,,https://projects.propublica.org/nonprofits/organizations/451543726,giving,2025-10-17 17:58:36,,,,,,,,not_contacted,no,no,,,,medium
Sunlight Giving,471820379,Palo Alto,CA,T20,,https://projects.propublica.org/nonprofits/organizations/471820379,giving,2025-10-17 17:58:36,,,,,,,,not_contacted,no,no,,,,medium
Giving Exchange,462898471,Walnut Creek,CA,Q33,,https://projects.propublica.org/nonprofits/organizations/462898471,giving,2025-10-17 17:58:36,,,,,,,,not_contacted,no,no,,,,medium
Ezer Giving,934622404,Oroville,CA,X12,,https://projects.propublica.org/nonprofits/organizations/934622404,giving,2025-10-17 17:58:36,,,,,,,,not_contacted,no,no,,,,medium
Impact Giving,900423363,Laguna Beach,CA,B90,,https://projects.propublica.org/nonprofits/organizations/900423363,giving,2025-10-17 17:58:36,,,,,,,,not_contacted,no,no,,,,medium
Proper Giving,812502304,Santa Monica,CA,,,https://projects.propublica.org/nonprofits/organizations/812502304,giving,2025-10-17 17:58:36,,,,,,,,not_contacted,no,no,,,,medium
Giving Harmony,842614304,Yorba Linda,CA,T50,,https://projects.propublica.org/nonprofits/organizations/842614304,giving,2025-10-17 17:58:36,,,,,,,,not_contacted,no,no,,,,medium
Team Giving,475266590,Newcastle,CA,T50,,https://projects.propublica.org/nonprofits/organizations/475266590,giving,2025-10-17 17:58:36,,,,,,,,not_contacted,no,no,,,,medium
Giving Cup,452607514,Saratoga,CA,O50,,https://projects.propublica.org/nonprofits/organizations/452607514,giving,2025-10-17 17:58:36,,,,,,,,not_contacted,no,no,,,,medium
Amazing Giving,471588002,Sacramento,CA,,,https://projects.propublica.org/nonprofits/organizations/471588002,giving,2025-10-17 17:58:36,,,,,,,,not_contacted,no,no,,,,medium
Devotee Giving,475445000,Laguna Beach,CA,X70,,https://projects.propublica.org/nonprofits/organizations/475445000,giving,2025-10-17 17:58:36,,,,,,,,not_contacted,no,no,,,,medium
Giving Cake,813517902,Los Altos,CA,K30,,https://projects.propublica.org/nonprofits/organizations/813517902,giving,2025-10-17 17:58:36,,,,,,,,not_contacted,no,no,,,,medium
Giving Center,461883892,Clovis,CA,B82,,https://projects.propublica.org/nonprofits/organizations/461883892,giving,2025-10-17 17:58:36,,,,,,,,not_contacted,no,no,,,,medium
Giving Cupcakes,881156086,San Jose,CA,K12,,https://projects.propublica.org/nonprofits/organizations/881156086,giving,2025-10-17 17:58:36,,,,,,,,not_contacted,no,no,,,,medium
Giving Design,815308477,Culver City,CA,F30,,https://projects.propublica.org/nonprofits/organizations/815308477,giving,2025-10-17 17:58:36,,,,,,,,not_contacted,no,no,,,,medium
Giving Foundation,810705849,San Diego,CA,P20,,https://projects.propublica.org/nonprofits/organizations/810705849,giving,2025-10-17 17:58:36,,,,,,,,not_contacted,no,no,,,,high
Giving Gifts,820642193,Irvine,CA,Q33,,https://projects.propublica.org/nonprofits/organizations/820642193,giving,2025-10-17 17:58:36,,,,,,,,not_contacted,no,no,,,,medium
Giving Grace,843169799,Yuba City,CA,P99,,https://projects.propublica.org/nonprofits/organizations/843169799,giving,2025-10-17 17:58:36,,,,,,,,not_contacted,no,no,,,,medium
Giving Hand,822776831,Los Angeles,CA,P20,,https://projects.propublica.org/nonprofits/organizations/822776831,giving,2025-10-17 17:58:36,,,,,,,,not_contacted,no,no,,,,medium
Giving Homes,811162411,Alamo,CA,L41,,https://projects.propublica.org/nonprofits/organizations/811162411,giving,2025-10-17 17:58:36,,,,,,,,not_contacted,no,no,,,,medium
Giving Initiative,474385709,San Jose,CA,P20,,https://projects.propublica.org/nonprofits/organizations/474385709,giving,2025-10-17 17:58:36,,,,,,,,not_contacted,no,no,,,,medium
Giving Sun,320631024,Elk Grove,CA,T50,,https://projects.propublica.org/nonprofits/organizations/320631024,giving,2025-10-17 17:58:36,,,,,,,,not_contacted,no,no,,,,medium
Giving Waters,883317551,Corning,CA,K99,,https://projects.propublica.org/nonprofits/organizations/883317551,giving,2025-10-17 17:58:36,,,,,,,,not_contacted,no,no,,,,medium
Giving Web,474379370,Lake Forest,CA,T50,,https://projects.propublica.org/nonprofits/organizations/474379370,giving,2025-10-17 17:58:36,,,,,,,,not_contacted,no,no,,,,medium
Corporate Directors Forum,330459645,San Diego,CA,,,https://projects.propublica.org/nonprofits/organizations/330459645,corporate,2025-10-17 17:58:37,,,,,,,,not_contacted,no,no,,,,medium
Corporate Ethics International,753133181,San Diego,CA,A70,,https://projects.propublica.org/nonprofits/organizations/753133181,corporate,2025-10-17 17:58:37,,,,,,,,not_contacted,no,no,,,,medium
Corporate Spiritual Consulting,522413778,Novato,CA,B90,,https://projects.propublica.org/nonprofits/organizations/522413778,corporate,2025-10-17 17:58:37,,,,,,,,not_contacted,no,no,,,,medium
Corporate Christian Parish,237013786,Upland,CA,,,https://projects.propublica.org/nonprofits/organizations/237013786,corporate,2025-10-17 17:58:37,,,,,,,,not_contacted,no,no,,,,medium
Corporate America Charities,954517398,Torrance,CA,T30,,https://projects.propublica.org/nonprofits/organizations/954517398,corporate,2025-10-17 17:58:37,,,,,,,,not_contacted,no,no,,,,medium
Corporate Fund For Housing,953935881,Long Beach,CA,L200,,https://projects.propublica.org/nonprofits/organizations/953935881,corporate,2025-10-17 17:58:37,,,,,,,,not_contacted,no,no,,,,high
Corporate Event Marketing Assoc,223170734,Roseville,CA,,,https://projects.propublica.org/nonprofits/organizations/223170734,corporate,2025-10-17 17:58:37,,,,,,,,not_contacted,no,no,,,,medium
Stop Corporate Wage Theft,933665848,Oakland,CA,,,https://projects.propublica.org/nonprofits/organizations/933665848,corporate,2025-10-17 17:58:37,,,,,,,,not_contacted,no,no,,,,medium
Institute For Corporate Counsel,953660785,Los Angeles,CA,B90Z,,https://projects.propublica.org/nonprofits/organizations/953660785,corporate,2025-10-17 17:58:37,,,,,,,,not_contacted,no,no,,,,medium
Corporate Innovators Huddle Inc,463473593,Menlo Park,CA,S40,,https://projects.propublica.org/nonprofits/organizations/463473593,corporate,2025-10-17 17:58:37,,,,,,,,not_contacted,no,no,,,,medium
Immigrants In Corporate Inc,883623082,Escondido,CA,J99,,https://projects.propublica.org/nonprofits/organizations/883623082,corporate,2025-10-17 17:58:37,,,,,,,,not_contacted,no,no,,,,medium
Montgomery Corporate Center Inc,522447181,Los Angeles,CA,S47,,https://projects.propublica.org/nonprofits/organizations/522447181,corporate,2025-10-17 17:58:37,,,,,,,,not_contacted,no,no,,,,medium
Corporate Directors Forum Institute,331543461,San Diego,CA,B90,,https://projects.propublica.org/nonprofits/organizations/331543461,corporate,2025-10-17 17:58:37,,,,,,,,not_contacted,no,no,,,,medium
Association Of Corporate Counsel,521590386,Elk Grove,CA,,,https://projects.propublica.org/nonprofits/organizations/521590386,corporate,2025-10-17 17:58:37,,,,,,,,not_contacted,no,no,,,,medium
So Cal Corporate Growth Partners,451455707,San Dimas,CA,S30,,https://projects.propublica.org/nonprofits/organizations/451455707,corporate,2025-10-17 17:58:37,,,,,,,,not_contacted,no,no,,,,medium
Amazing Family Corporate Childcare Agency,843307114,Victorville,CA,E62,,https://projects.propublica.org/nonprofits/organizations/843307114,corporate,2025-10-17 17:58:37,,,,,,,,not_contacted,no,no,,,,medium
Community And Corporate Bridging International,900779126,Vallejo,CA,W99,,https://projects.propublica.org/nonprofits/organizations/900779126,corporate,2025-10-17 17:58:37,,,,,,,,not_contacted,no,no,,,,medium
Corporate Asian American Employee Network,510660037,San Francisco,CA,B03,,https://projects.propublica.org/nonprofits/organizations/510660037,corporate,2025-10-17 17:58:37,,,,,,,,not_contacted,no,no,,,,medium
Latino Institute For Corporate Inclusion,510654559,Oakland,CA,R20,,https://projects.propublica.org/nonprofits/organizations/510654559,corporate,2025-10-17 17:58:37,,,,,,,,not_contacted,no,no,,,,medium
Order Of Corporate Reunion Corp,861923000,Walnut,CA,X20,,https://projects.propublica.org/nonprofits/organizations/861923000,corporate,2025-10-17 17:58:37,,,,,,,,not_contacted,no,no,,,,medium
Us China Corporate Citizen Association,863087140,Alhambra,CA,S41,,https://projects.propublica.org/nonprofits/organizations/863087140,corporate,2025-10-17 17:58:37,,,,,,,,not_contacted,no,no,,,,medium
Association Of Corporate Counsel,330589295,Santee,CA,,,https://projects.propublica.org/nonprofits/organizations/330589295,corporate,2025-10-17 17:58:37,,,,,,,,not_contacted,no,no,,,,medium
Association Of Corporate Counsel,951267965,Sherman Oaks,CA,,,https://projects.propublica.org/nonprofits/organizations/951267965,corporate,2025-10-17 17:58:37,,,,,,,,not_contacted,no,no,,,,medium
Antaeus Company,954548826,Glendale,CA,A20,,https://projects.propublica.org/nonprofits/organizations/954548826,company,2025-10-17 17:58:39,,,,,,,,not_contacted,no,no,,,,medium
Theosophy Company,956003120,Los Angeles,CA,X99Z,,https://projects.propublica.org/nonprofits/organizations/956003120,company,2025-10-17 17:58:39,,,,,,,,not_contacted,no,no,,,,medium
Stealth Company,611961705,Visalia,CA,X20,,https://projects.propublica.org/nonprofits/organizations/611961705,company,2025-10-17 17:58:39,,,,,,,,not_contacted,no,no,,,,medium
Company C,223865899,Pleasant Hill,CA,,,https://projects.propublica.org/nonprofits/organizations/223865899,company,2025-10-17 17:58:39,,,,,,,,not_contacted,no,no,,,,medium
Mania Company,872882155,Reseda,CA,Q33,,https://projects.propublica.org/nonprofits/organizations/872882155,company,2025-10-17 17:58:39,,,,,,,,not_contacted,no,no,,,,medium
Womens Company,953772283,Beverly Hills,CA,,,https://projects.propublica.org/nonprofits/organizations/953772283,company,2025-10-17 17:58:39,,,,,,,,not_contacted,no,no,,,,medium
Droc Company,921098917,Costa Mesa,CA,,,https://projects.propublica.org/nonprofits/organizations/921098917,company,2025-10-17 17:58:39,,,,,,,,not_contacted,no,no,,,,medium
Bravehart Company,992821337,Ventura,CA,W12,,https://projects.propublica.org/nonprofits/organizations/992821337,company,2025-10-17 17:58:39,,,,,,,,not_contacted,no,no,,,,medium
Care & Company,760747562,Claremont,CA,P46,,https://projects.propublica.org/nonprofits/organizations/760747562,company,2025-10-17 17:58:39,,,,,,,,not_contacted,no,no,,,,medium
Company One,942462531,Grass Valley,CA,,,https://projects.propublica.org/nonprofits/organizations/942462531,company,2025-10-17 17:58:39,,,,,,,,not_contacted,no,no,,,,medium
Cpifcj Company,872323870,San Francisco,CA,B05,,https://projects.propublica.org/nonprofits/organizations/872323870,company,2025-10-17 17:58:39,,,,,,,,not_contacted,no,no,,,,medium
Dreamdiver Company,882002941,Menifee,CA,X20,,https://projects.propublica.org/nonprofits/organizations/882002941,company,2025-10-17 17:58:39,,,,,,,,not_contacted,no,no,,,,medium
Efftuel Company,882790926,Fresno,CA,B12,,https://projects.propublica.org/nonprofits/organizations/882790926,company,2025-10-17 17:58:39,,,,,,,,not_contacted,no,no,,,,medium
Jourdan & Company,371621140,Los Angeles,CA,W99,,https://projects.propublica.org/nonprofits/organizations/371621140,company,2025-10-17 17:58:39,,,,,,,,not_contacted,no,no,,,,medium
Junior Company,841672620,Valley Vlg,CA,A65,,https://projects.propublica.org/nonprofits/organizations/841672620,company,2025-10-17 17:58:39,,,,,,,,not_contacted,no,no,,,,medium
Kafewoo Company,881176873,Tustin,CA,D20,,https://projects.propublica.org/nonprofits/organizations/881176873,company,2025-10-17 17:58:39,,,,,,,,not_contacted,no,no,,,,medium
Mytheatre Company,844249426,Oakland,CA,,,https://projects.propublica.org/nonprofits/organizations/844249426,company,2025-10-17 17:58:39,,,,,,,,not_contacted,no,no,,,,medium
Realm Company,993758819,Santa Monica,CA,A63,,https://projects.propublica.org/nonprofits/organizations/993758819,company,2025-10-17 17:58:39,,,,,,,,not_contacted,no,no,,,,medium
Seaview Company,237133356,Newport Beach,CA,N50,,https://projects.propublica.org/nonprofits/organizations/237133356,company,2025-10-17 17:58:39,,,,,,,,not_contacted,no,no,,,,medium
Southland Company,813919555,Los Angeles,CA,A60,,https://projects.propublica.org/nonprofits/organizations/813919555,company,2025-10-17 17:58:39,,,,,,,,not_contacted,no,no,,,,medium
Thrive Company,923542356,Murrieta,CA,A01,,https://projects.propublica.org/nonprofits/organizations/923542356,company,2025-10-17 17:58:39,,,,,,,,not_contacted,no,no,,,,medium
Carewell Company,834460736,Fair Oaks,CA,L99,,https://projects.propublica.org/nonprofits/organizations/834460736,company,2025-10-17 17:58:39,,,,,,,,not_contacted,no,no,,,,medium
Drkitcat Company,995122974,San Diego,CA,D20,,https://projects.propublica.org/nonprofits/organizations/995122974,company,2025-10-17 17:58:39,,,,,,,,not_contacted,no,no,,,,medium
Echoher Company,332824383,San Francisco,CA,J99,,https://projects.propublica.org/nonprofits/organizations/332824383,company,2025-10-17 17:58:39,,,,,,,,not_contacted,no,no,,,,medium
Meddac Company,994593620,Fort Irwin,CA,P20,,https://projects.propublica.org/nonprofits/organizations/994593620,company,2025-10-17 17:58:39,,,,,,,,not_contacted,no,no,,,,medium
Rand Corporation,951958142,Santa Monica,CA,W050,,https://projects.propublica.org/nonprofits/organizations/951958142,corporation,2025-10-17 17:58:42,,,,,,,,not_contacted,no,no,,,,medium
Gmto Corporation,262637707,Pasadena,CA,U31,,https://projects.propublica.org/nonprofits/organizations/262637707,corporation,2025-10-17 17:58:42,,,,,,,,not_contacted,no,no,,,,medium
Sbcs Corporation,952693142,Chula Vista,CA,P200,,https://projects.propublica.org/nonprofits/organizations/952693142,corporation,2025-10-17 17:58:42,,,,,,,,not_contacted,no,no,,,,medium
Caritas Corporation,330694603,Irvine,CA,L200,,https://projects.propublica.org/nonprofits/organizations/330694603,corporation,2025-10-17 17:58:42,,,,,,,,not_contacted,no,no,,,,medium
Watttime Corporation,471444637,Oakland,CA,U19,,https://projects.propublica.org/nonprofits/organizations/471444637,corporation,2025-10-17 17:58:42,,,,,,,,not_contacted,no,no,,,,medium
Mongabayorg Corporation,453714703,Menlo Park,CA,C36,,https://projects.propublica.org/nonprofits/organizations/453714703,corporation,2025-10-17 17:58:42,,,,,,,,not_contacted,no,no,,,,medium
Decro Corporation,330362163,Culver City,CA,,,https://projects.propublica.org/nonprofits/organizations/330362163,corporation,2025-10-17 17:58:42,,,,,,,,not_contacted,no,no,,,,medium
Oakendell Corporation,942621063,San Andreas,CA,P700,,https://projects.propublica.org/nonprofits/organizations/942621063,corporation,2025-10-17 17:58:42,,,,,,,,not_contacted,no,no,,,,medium
Wynks Corporation,463920896,San Gabriel,CA,E50,,https://projects.propublica.org/nonprofits/organizations/463920896,corporation,2025-10-17 17:58:42,,,,,,,,not_contacted,no,no,,,,medium
Nara Corporation,942435892,Berkeley,CA,,,https://projects.propublica.org/nonprofits/organizations/942435892,corporation,2025-10-17 17:58:42,,,,,,,,not_contacted,no,no,,,,medium
Catticus Corporation,953579940,Berkeley,CA,,,https://projects.propublica.org/nonprofits/organizations/953579940,corporation,2025-10-17 17:58:42,,,,,,,,not_contacted,no,no,,,,medium
Ashreinu Corporation,954178454,Los Angeles,CA,,,https://projects.propublica.org/nonprofits/organizations/954178454,corporation,2025-10-17 17:58:42,,,,,,,,not_contacted,no,no,,,,medium
Fatjo Corporation,770405043,Los Banos,CA,C99Z,,https://projects.propublica.org/nonprofits/organizations/770405043,corporation,2025-10-17 17:58:42,,,,,,,,not_contacted,no,no,,,,medium
Kabree Corporation,912035393,San Bruno,CA,E90,,https://projects.propublica.org/nonprofits/organizations/912035393,corporation,2025-10-17 17:58:42,,,,,,,,not_contacted,no,no,,,,medium
Scoc Corporation,943326097,Fairfield,CA,L21,,https://projects.propublica.org/nonprofits/organizations/943326097,corporation,2025-10-17 17:58:42,,,,,,,,not_contacted,no,no,,,,medium
Shikabania Corporation,475539706,Mill Valley,CA,B24,,https://projects.propublica.org/nonprofits/organizations/475539706,corporation,2025-10-17 17:58:42,,,,,,,,not_contacted,no,no,,,,medium
Sconnect Corporation,884367132,Cupertino,CA,B20,,https://projects.propublica.org/nonprofits/organizations/884367132,corporation,2025-10-17 17:58:42,,,,,,,,not_contacted,no,no,,,,medium
Stemboost Corporation,822741857,Cupertino,CA,B80,,https://projects.propublica.org/nonprofits/organizations/822741857,corporation,2025-10-17 17:58:42,,,,,,,,not_contacted,no,no,,,,medium
Sknvue Corporation,853201916,Oceanside,CA,T70,,https://projects.propublica.org/nonprofits/organizations/853201916,corporation,2025-10-17 17:58:42,,,,,,,,not_contacted,no,no,,,,medium
Prosqd Corporation,863378602,Tustin,CA,O12,,https://projects.propublica.org/nonprofits/organizations/863378602,corporation,2025-10-17 17:58:42,,,,,,,,not_contacted,no,no,,,,medium
Reciproka Corporation,871506504,Redding,CA,Q20,,https://projects.propublica.org/nonprofits/organizations/871506504,corporation,2025-10-17 17:58:42,,,,,,,,not_contacted,no,no,,,,medium
Gametymers Corporation,263728164,Woodland Hls,CA,N62,,https://projects.propublica.org/nonprofits/organizations/263728164,corporation,2025-10-17 17:58:42,,,,,,,,not_contacted,no,no,,,,medium
Healthunity Corporation,874065923,Palo Alto,CA,U40,,https://projects.propublica.org/nonprofits/organizations/874065923,corporation,2025-10-17 17:58:42,,,,,,,,not_contacted,no,no,,,,medium
Hindupedia Corporation,271488493,Cupertino,CA,A20,,https://projects.propublica.org/nonprofits/organizations/271488493,corporation,2025-10-17 17:58:42,,,,,,,,not_contacted,no,no,,,,medium
Santi Corporation,814380773,Redding,CA,Q40,,https://projects.propublica.org/nonprofits/organizations/814380773,corporation,2025-10-17 17:58:42,,,,,,,,not_contacted,no,no,,,,medium
Ethan Dallas Hopeful Hearts Mental Health Scholarship,993225136,Santee,CA,F01,,https://projects.propublica.org/nonprofits/organizations/993225136,health,2025-10-17 17:58:47,,,,,,,,not_contacted,no,no,,,,medium
Aids Healthcare Foundation,954112121,Los Angeles,CA,P74Z,,https://projects.propublica.org/nonprofits/organizations/954112121,healthcare,2025-10-17 17:58:48,,,,,,,,not_contacted,no,no,,,,high
Northbay Healthcare Corporation,680046750,Fairfield,CA,E210,,https://projects.propublica.org/nonprofits/organizations/680046750,healthcare,2025-10-17 17:58:48,,,,,,,,not_contacted,no,no,,,,medium
Mexican Medical Incorporated,956196019,Lemon Grove,CA,Q300,,https://projects.propublica.org/nonprofits/organizations/956196019,medical,2025-10-17 17:58:49,,,,,,,,not_contacted,no,no,,,,medium
Grossmont Hospital Corporation,330449527,San Diego,CA,E220,,https://projects.propublica.org/nonprofits/organizations/330449527,hospital,2025-10-17 17:58:50,,,,,,,,not_contacted,no,no,,,,medium
Hoag Hospital Foundation,953222343,Newport Beach,CA,E112,,https://projects.propublica.org/nonprofits/organizations/953222343,hospital,2025-10-17 17:58:50,,,,,,,,not_contacted,no,no,,,,high
Washington Hospital Foundation,942886219,Fremont,CA,E20I,,https://projects.propublica.org/nonprofits/organizations/942886219,hospital,2025-10-17 17:58:50,,,,,,,,not_contacted,no,no,,,,high
Grossmont Hospital Foundation,330124488,San Diego,CA,E22I,,https://projects.propublica.org/nonprofits/organizations/330124488,hospital,2025-10-17 17:58:50,,,,,,,,not_contacted,no,no,,,,high
Coronado Hospital Foundation,953273985,San Diego,CA,E110,,https://projects.propublica.org/nonprofits/organizations/953273985,hospital,2025-10-17 17:58:50,,,,,,,,not_contacted,no,no,,,,high
Human Service Foundation,942788195,Alamo,CA,,,https://projects.propublica.org/nonprofits/organizations/942788195,human services,2025-10-17 17:58:53,,,,,,,,not_contacted,no,no,,,,high
Urdc Human Services Corporation,954410426,Arcadia,CA,,,https://projects.propublica.org/nonprofits/organizations/954410426,human services,2025-10-17 17:58:53,,,,,,,,not_contacted,no,no,,,,medium
Vermont Village Human Services Corporation,300142944,Los Angeles,CA,W99,,https://projects.propublica.org/nonprofits/organizations/300142944,human services,2025-10-17 17:58:53,,,,,,,,not_contacted,no,no,,,,medium
Sierra Quest Human Services Foundation Inc,611602221,Mariposa,CA,P32,,https://projects.propublica.org/nonprofits/organizations/611602221,human services,2025-10-17 17:58:53,,,,,,,,not_contacted,no,no,,,,high
White Diamond Human Services Foundation Inc,824209709,Carson,CA,F70,,https://projects.propublica.org/nonprofits/organizations/824209709,human services,2025-10-17 17:58:53,,,,,,,,not_contacted,no,no,,,,high
Childrens Children Incorporated,842724278,San Jose,CA,B82,,https://projects.propublica.org/nonprofits/organizations/842724278,children,2025-10-17 17:58:57,,,,,,,,not_contacted,no,no,,,,medium
Children Pay Children Corporation,872301181,Van Nuys,CA,P30,,https://projects.propublica.org/nonprofits/organizations/872301181,children,2025-10-17 17:58:57,,,,,,,,not_contacted,no,no,,,,medium
Giving Children Hope,953464287,Buena Park,CA,Q330,,https://projects.propublica.org/nonprofits/organizations/953464287,children,2025-10-17 17:58:57,,,,,,,,not_contacted,no,no,,,,medium
Olive Children Foundation,271798340,Fremont,CA,B82,,https://projects.propublica.org/nonprofits/organizations/271798340,children,2025-10-17 17:58:57,,,,,,,,not_contacted,no,no,,,,high
New York Foundation For Leadership,460470325,Glendale,CA,B82,,https://projects.propublica.org/nonprofits/organizations/460470325,new york,2025-10-17 17:58:58,,,,,,,,not_contacted,no,no,,,,high
Art Institute Of New York Corporation,883090264,Los Angeles,CA,A25,,https://projects.propublica.org/nonprofits/organizations/883090264,new york,2025-10-17 17:58:58,,,,,,,,not_contacted,no,no,,,,medium
Pediatric Cancer Research Foundation New York,273051697,Irvine,CA,G123,,https://projects.propublica.org/nonprofits/organizations/273051697,new york,2025-10-17 17:58:58,,,,,,,,not_contacted,no,no,,,,high
5 Th New York Volunteer Infantry Company C Duryees Zouaves Inc,330940803,Huntingtn Bch,CA,A84,,https://projects.propublica.org/nonprofits/organizations/330940803,new york,2025-10-17 17:58:58,,,,,,,,not_contacted,no,no,,,,medium
National City Chamber Foundation,832467397,National City,CA,S30,,https://projects.propublica.org/nonprofits/organizations/832467397,national,2025-10-17 17:59:00,,,,,,,,not_contacted,no,no,,,,high
National City Otnc Foundation,861265012,National City,CA,A20,,https://projects.propublica.org/nonprofits/organizations/861265012,national,2025-10-17 17:59:00,,,,,,,,not_contacted,no,no,,,,high
701 National City Boulevard Fund,270370274,National City,CA,S99,,https://projects.propublica.org/nonprofits/organizations/270370274,national,2025-10-17 17:59:00,,,,,,,,not_contacted,no,no,,,,high
National City Public Safety Foundation,562609133,National City,CA,M12,,https://projects.propublica.org/nonprofits/organizations/562609133,national,2025-10-17 17:59:00,,,,,,,,not_contacted,no,no,,,,high
National City Rotary Club Foundation,330644806,National City,CA,P20,,https://projects.propublica.org/nonprofits/organizations/330644806,national,2025-10-17 17:59:00,,,,,,,,not_contacted,no,no,,,,high
American Canyon Arts Foundation,680347469,American Cyn,CA,A99Z,,https://projects.propublica.org/nonprofits/organizations/680347469,american,2025-10-17 17:59:01,,,,,,,,not_contacted,no,no,,,,high
United States Energy Foundation,831740146,San Francisco,CA,T30,,https://projects.propublica.org/nonprofits/organizations/831740146,united states,2025-10-17 17:59:03,,,,,,,,not_contacted,no,no,,,,high
United States Rugby Foundation,815187776,San Diego,CA,N60,,https://projects.propublica.org/nonprofits/organizations/815187776,united states,2025-10-17 17:59:03,,,,,,,,not_contacted,no,no,,,,high
United States International Foundation,994429484,Los Angeles,CA,P20,,https://projects.propublica.org/nonprofits/organizations/994429484,united states,2025-10-17 17:59:03,,,,,,,,not_contacted,no,no,,,,high
United States Lifesaving Foundation,134337152,Laguna Beach,CA,,,https://projects.propublica.org/nonprofits/organizations/134337152,united states,2025-10-17 17:59:03,,,,,,,,not_contacted,no,no,,,,high
United States Mission Corporation,941585260,San Jose,CA,,,https://projects.propublica.org/nonprofits/organizations/941585260,united states,2025-10-17 17:59:03,,,,,,,,not_contacted,no,no,,,,medium
The Foundation,920742101,Austin,TX,B20,,https://projects.propublica.org/nonprofits/organizations/920742101,foundation,2025-10-17 17:59:04,,,,,,,,not_contacted,no,no,,,,high
Minaret Foundation,833372048,Houston,TX,P20,,https://projects.propublica.org/nonprofits/organizations/833372048,foundation,2025-10-17 17:59:04,,,,,,,,not_contacted,no,no,,,,high
Ruwawuri Foundation,842657861,Fort Worth,TX,Q30,,https://projects.propublica.org/nonprofits/organizations/842657861,foundation,2025-10-17 17:59:04,,,,,,,,not_contacted,no,no,,,,high
Pursuit Foundation,742179425,Houston,TX,P820,,https://projects.propublica.org/nonprofits/organizations/742179425,foundation,2025-10-17 17:59:04,,,,,,,,not_contacted,no,no,,,,high
Longview Foundation,873513657,Longview,TX,T31,,https://projects.propublica.org/nonprofits/organizations/873513657,foundation,2025-10-17 17:59:04,,,,,,,,not_contacted,no,no,,,,high
Sarofim Foundation,237065248,Houston,TX,,,https://projects.propublica.org/nonprofits/organizations/237065248,foundation,2025-10-17 17:59:04,,,,,,,,not_contacted,no,no,,,,high
Sarofim Foundation,372090276,Houston,TX,T20,,https://projects.propublica.org/nonprofits/organizations/372090276,foundation,2025-10-17 17:59:04,,,,,,,,not_contacted,no,no,,,,high
Moody Foundation,741403105,Galveston,TX,T22,,https://projects.propublica.org/nonprofits/organizations/741403105,foundation,2025-10-17 17:59:04,,,,,,,,not_contacted,no,no,,,,high
Odonnell Foundation,756023326,Dallas,TX,,,https://projects.propublica.org/nonprofits/organizations/756023326,foundation,2025-10-17 17:59:04,,,,,,,,not_contacted,no,no,,,,high
Kinder Foundation,760519073,Houston,TX,T20Z,,https://projects.propublica.org/nonprofits/organizations/760519073,foundation,2025-10-17 17:59:04,,,,,,,,not_contacted,no,no,,,,high
Trellis Foundation,814714749,Round Rock,TX,P20,,https://projects.propublica.org/nonprofits/organizations/814714749,foundation,2025-10-17 17:59:04,,,,,,,,not_contacted,no,no,,,,high
Fmh Foundation,272504803,Midland,TX,T22,,https://projects.propublica.org/nonprofits/organizations/272504803,foundation,2025-10-17 17:59:04,,,,,,,,not_contacted,no,no,,,,high
Philecology Foundation,208987808,Fort Worth,TX,T22,,https://projects.propublica.org/nonprofits/organizations/208987808,foundation,2025-10-17 17:59:04,,,,,,,,not_contacted,no,no,,,,high
Musk Foundation,770587507,Austin,TX,T21,,https://projects.propublica.org/nonprofits/organizations/770587507,foundation,2025-10-17 17:59:04,,,,,,,,not_contacted,no,no,,,,high
Karakin Foundation,752692023,Abilene,TX,T22Z,,https://projects.propublica.org/nonprofits/organizations/752692023,foundation,2025-10-17 17:59:04,,,,,,,,not_contacted,no,no,,,,high
Buckner Foundation,752125945,Dallas,TX,P12,,https://projects.propublica.org/nonprofits/organizations/752125945,foundation,2025-10-17 17:59:04,,,,,,,,not_contacted,no,no,,,,high
Cenikor Foundation,760031861,Houston,TX,,,https://projects.propublica.org/nonprofits/organizations/760031861,foundation,2025-10-17 17:59:04,,,,,,,,not_contacted,no,no,,,,high
Fondren Foundation,746042565,Houston,TX,,,https://projects.propublica.org/nonprofits/organizations/746042565,foundation,2025-10-17 17:59:04,,,,,,,,not_contacted,no,no,,,,high
Impetus Foundation,271602489,San Antonio,TX,T22,,https://projects.propublica.org/nonprofits/organizations/271602489,foundation,2025-10-17 17:59:04,,,,,,,,not_contacted,no,no,,,,high
Gardenia Foundation,924001588,Houston,TX,T20,,https://projects.propublica.org/nonprofits/organizations/924001588,foundation,2025-10-17 17:59:04,,,,,,,,not_contacted,no,no,,,,high
Hildebrand Foundation,760699250,Houston,TX,T21,,https://projects.propublica.org/nonprofits/organizations/760699250,foundation,2025-10-17 17:59:04,,,,,,,,not_contacted,no,no,,,,high
1687 Foundation,263772474,Mckinney,TX,T20,,https://projects.propublica.org/nonprofits/organizations/263772474,foundation,2025-10-17 17:59:04,,,,,,,,not_contacted,no,no,,,,high
Hamill Foundation,237028238,Houston,TX,,,https://projects.propublica.org/nonprofits/organizations/237028238,foundation,2025-10-17 17:59:04,,,,,,,,not_contacted,no,no,,,,high
Legett Foundation,752696419,Abilene,TX,T50Z,,https://projects.propublica.org/nonprofits/organizations/752696419,foundation,2025-10-17 17:59:04,,,,,,,,not_contacted,no,no,,,,high
Truchard Foundation,742816894,Austin,TX,T90Z,,https://projects.propublica.org/nonprofits/organizations/742816894,foundation,2025-10-17 17:59:04,,,,,,,,not_contacted,no,no,,,,high
Foundations Kenya,845023505,Brenham,TX,B12,,https://projects.propublica.org/nonprofits/organizations/845023505,foundations,2025-10-17 17:59:05,,,,,,,,not_contacted,no,no,,,,high
Altacair Foundations,933696589,Edinburg,TX,E80,,https://projects.propublica.org/nonprofits/organizations/933696589,foundations,2025-10-17 17:59:05,,,,,,,,not_contacted,no,no,,,,high
Sure Foundations,990323395,Plainview,TX,X21,,https://projects.propublica.org/nonprofits/organizations/990323395,foundations,2025-10-17 17:59:05,,,,,,,,not_contacted,no,no,,,,high
Atg Foundations,453625588,Houston,TX,B80,,https://projects.propublica.org/nonprofits/organizations/453625588,foundations,2025-10-17 17:59:05,,,,,,,,not_contacted,no,no,,,,high
Collegiate Foundations,851186824,Houston,TX,T50,,https://projects.propublica.org/nonprofits/organizations/851186824,foundations,2025-10-17 17:59:05,,,,,,,,not_contacted,no,no,,,,high
Eben Foundations,994456945,Grand Prairie,TX,A25,,https://projects.propublica.org/nonprofits/organizations/994456945,foundations,2025-10-17 17:59:05,,,,,,,,not_contacted,no,no,,,,high
Frontier Foundations,472333402,Austin,TX,Q30,,https://projects.propublica.org/nonprofits/organizations/472333402,foundations,2025-10-17 17:59:05,,,,,,,,not_contacted,no,no,,,,high
Covenant Foundations,332382216,Goliad,TX,,,https://projects.propublica.org/nonprofits/organizations/332382216,foundations,2025-10-17 17:59:05,,,,,,,,not_contacted,no,no,,,,high
Fast Foundations,332121882,Richmond,TX,P12,,https://projects.propublica.org/nonprofits/organizations/332121882,foundations,2025-10-17 17:59:05,,,,,,,,not_contacted,no,no,,,,high
Seven Foundations,882377597,Cypress,TX,T22,,https://projects.propublica.org/nonprofits/organizations/882377597,foundations,2025-10-17 17:59:05,,,,,,,,not_contacted,no,no,,,,high
Altrusa International Foundations Inc,453759162,Richardson,TX,,,https://projects.propublica.org/nonprofits/organizations/453759162,foundations,2025-10-17 17:59:05,,,,,,,,not_contacted,no,no,,,,high
Cdr Charitable Foundation,832875097,Richmond,TX,O12,,https://projects.propublica.org/nonprofits/organizations/832875097,charitable foundation,2025-10-17 17:59:06,,,,,,,,not_contacted,no,no,,,,high
Rainwater Charitable Foundation,800870036,Fort Worth,TX,T20,,https://projects.propublica.org/nonprofits/organizations/800870036,charitable foundation,2025-10-17 17:59:06,,,,,,,,not_contacted,no,no,,,,high
Warren Charitable Foundation,300490635,Midland,TX,T22,,https://projects.propublica.org/nonprofits/organizations/300490635,charitable foundation,2025-10-17 17:59:06,,,,,,,,not_contacted,no,no,,,,high
Woodforest Charitable Foundation,202516951,The Woodlands,TX,T22,,https://projects.propublica.org/nonprofits/organizations/202516951,charitable foundation,2025-10-17 17:59:06,,,,,,,,not_contacted,no,no,,,,high
Hamon Charitable Foundation,752734057,Dallas,TX,T20Z,,https://projects.propublica.org/nonprofits/organizations/752734057,charitable foundation,2025-10-17 17:59:06,,,,,,,,not_contacted,no,no,,,,high
Sankaran Charitable Foundation,934967456,Dallas,TX,T11,,https://projects.propublica.org/nonprofits/organizations/934967456,charitable foundation,2025-10-17 17:59:06,,,,,,,,not_contacted,no,no,,,,high
Wellmed Charitable Foundation,205087010,San Antonio,TX,B60,,https://projects.propublica.org/nonprofits/organizations/205087010,charitable foundation,2025-10-17 17:59:06,,,,,,,,not_contacted,no,no,,,,high
Halliburton Charitable Foundation,262383244,Houston,TX,T21,,https://projects.propublica.org/nonprofits/organizations/262383244,charitable foundation,2025-10-17 17:59:06,,,,,,,,not_contacted,no,no,,,,high
Henderson Charitable Foundation,872394863,Webster,TX,B12,,https://projects.propublica.org/nonprofits/organizations/872394863,charitable foundation,2025-10-17 17:59:06,,,,,,,,not_contacted,no,no,,,,high
Jkj Charitable Foundation,760573833,Houston,TX,T20,,https://projects.propublica.org/nonprofits/organizations/760573833,charitable foundation,2025-10-17 17:59:06,,,,,,,,not_contacted,no,no,,,,high
Specs Charitable Foundation,760488033,Houston,TX,T99Z,,https://projects.propublica.org/nonprofits/organizations/760488033,charitable foundation,2025-10-17 17:59:06,,,,,,,,not_contacted,no,no,,,,high
Nrj Charitable Foundation,822552424,Irving,TX,T30,,https://projects.propublica.org/nonprofits/organizations/822552424,charitable foundation,2025-10-17 17:59:06,,,,,,,,not_contacted,no,no,,,,high
Coserv Charitable Foundation,134281766,Corinth,TX,T30,,https://projects.propublica.org/nonprofits/organizations/134281766,charitable foundation,2025-10-17 17:59:06,,,,,,,,not_contacted,no,no,,,,high
Sparrow Charitable Foundation,200488561,Dallas,TX,T22,,https://projects.propublica.org/nonprofits/organizations/200488561,charitable foundation,2025-10-17 17:59:06,,,,,,,,not_contacted,no,no,,,,high
Harte Charitable Foundation,450489907,San Antonio,TX,T22,,https://projects.propublica.org/nonprofits/organizations/450489907,charitable foundation,2025-10-17 17:59:06,,,,,,,,not_contacted,no,no,,,,high
Coleman Charitable Foundation,473700583,Georgetown,TX,T90,,https://projects.propublica.org/nonprofits/organizations/473700583,charitable foundation,2025-10-17 17:59:06,,,,,,,,not_contacted,no,no,,,,high
Winston Charitable Foundation,742877210,Houston,TX,T90,,https://projects.propublica.org/nonprofits/organizations/742877210,charitable foundation,2025-10-17 17:59:06,,,,,,,,not_contacted,no,no,,,,high
Ensworth Charitable Foundation,66026018,Dallas,TX,,,https://projects.propublica.org/nonprofits/organizations/66026018,charitable foundation,2025-10-17 17:59:06,,,,,,,,not_contacted,no,no,,,,high
Mcdaniel Charitable Foundation,760538313,Hitchcock,TX,T20,,https://projects.propublica.org/nonprofits/organizations/760538313,charitable foundation,2025-10-17 17:59:06,,,,,,,,not_contacted,no,no,,,,high
Cotton Charitable Foundation,208229692,Houston,TX,T30,,https://projects.propublica.org/nonprofits/organizations/208229692,charitable foundation,2025-10-17 17:59:06,,,,,,,,not_contacted,no,no,,,,high
Dawson Charitable Foundation,934773299,San Antonio,TX,T22,,https://projects.propublica.org/nonprofits/organizations/934773299,charitable foundation,2025-10-17 17:59:06,,,,,,,,not_contacted,no,no,,,,high
Ghba Charitable Foundation,464656185,Houston,TX,T12,,https://projects.propublica.org/nonprofits/organizations/464656185,charitable foundation,2025-10-17 17:59:06,,,,,,,,not_contacted,no,no,,,,high
Tvec Charitable Foundation,455548476,Kaufman,TX,P80,,https://projects.propublica.org/nonprofits/organizations/455548476,charitable foundation,2025-10-17 17:59:06,,,,,,,,not_contacted,no,no,,,,high
Ask Charitable Foundation,810764533,Austin,TX,T20,,https://projects.propublica.org/nonprofits/organizations/810764533,charitable foundation,2025-10-17 17:59:06,,,,,,,,not_contacted,no,no,,,,high
Gvec Charitable Foundation,453420216,Gonzales,TX,L82,,https://projects.propublica.org/nonprofits/organizations/453420216,charitable foundation,2025-10-17 17:59:06,,,,,,,,not_contacted,no,no,,,,high
Family Foundation,832501840,Austin,TX,T22,,https://projects.propublica.org/nonprofits/organizations/832501840,family foundation,2025-10-17 17:59:08,,,,,,,,not_contacted,no,no,,,,high
My Family The Family Foundation,311703407,Orange,TX,L41,,https://projects.propublica.org/nonprofits/organizations/311703407,family foundation,2025-10-17 17:59:08,,,,,,,,not_contacted,no,no,,,,high
Family Gifting Foundation,203316295,Grapevine,TX,P20,,https://projects.propublica.org/nonprofits/organizations/203316295,family foundation,2025-10-17 17:59:08,,,,,,,,not_contacted,no,no,,,,high
Rose Family Foundation,320617032,Dallas,TX,T20,,https://projects.propublica.org/nonprofits/organizations/320617032,family foundation,2025-10-17 17:59:08,,,,,,,,not_contacted,no,no,,,,high
Mulva Family Foundation,203221183,Austin,TX,T20,,https://projects.propublica.org/nonprofits/organizations/203221183,family foundation,2025-10-17 17:59:08,,,,,,,,not_contacted,no,no,,,,high
Mays Family Foundation,742691624,San Antonio,TX,,,https://projects.propublica.org/nonprofits/organizations/742691624,family foundation,2025-10-17 17:59:08,,,,,,,,not_contacted,no,no,,,,high
Marshall Family Foundation,992718530,Houston,TX,,,https://projects.propublica.org/nonprofits/organizations/992718530,family foundation,2025-10-17 17:59:08,,,,,,,,not_contacted,no,no,,,,high
Phillips Family Foundation,750590214,Houston,TX,T22,,https://projects.propublica.org/nonprofits/organizations/750590214,family foundation,2025-10-17 17:59:08,,,,,,,,not_contacted,no,no,,,,high
Petersen Family Foundation,814547001,Sugar Land,TX,T20,,https://projects.propublica.org/nonprofits/organizations/814547001,family foundation,2025-10-17 17:59:08,,,,,,,,not_contacted,no,no,,,,high
Zorich Family Foundation,760664404,Houston,TX,T20,,https://projects.propublica.org/nonprofits/organizations/760664404,family foundation,2025-10-17 17:59:08,,,,,,,,not_contacted,no,no,,,,high
Canterbury Family Foundation,934491278,Houston,TX,B12,,https://projects.propublica.org/nonprofits/organizations/934491278,family foundation,2025-10-17 17:59:08,,,,,,,,not_contacted,no,no,,,,high
Greehey Family Foundation,481308657,San Antonio,TX,T22,,https://projects.propublica.org/nonprofits/organizations/481308657,family foundation,2025-10-17 17:59:08,,,,,,,,not_contacted,no,no,,,,high
Kozmetsky Family Foundation,472082155,Dallas,TX,T20,,https://projects.propublica.org/nonprofits/organizations/472082155,family foundation,2025-10-17 17:59:08,,,,,,,,not_contacted,no,no,,,,high
Ksl Family Foundation,921081180,San Antonio,TX,T20,,https://projects.propublica.org/nonprofits/organizations/921081180,family foundation,2025-10-17 17:59:08,,,,,,,,not_contacted,no,no,,,,high
Bright Family Foundation,921760586,Lewisville,TX,T20,,https://projects.propublica.org/nonprofits/organizations/921760586,family foundation,2025-10-17 17:59:08,,,,,,,,not_contacted,no,no,,,,high
Whitacre Family Foundation,200184488,San Antonio,TX,T21,,https://projects.propublica.org/nonprofits/organizations/200184488,family foundation,2025-10-17 17:59:08,,,,,,,,not_contacted,no,no,,,,high
Byers Family Foundation,880867120,Austin,TX,,,https://projects.propublica.org/nonprofits/organizations/880867120,family foundation,2025-10-17 17:59:08,,,,,,,,not_contacted,no,no,,,,high
Marek Family Foundation,746108373,Houston,TX,,,https://projects.propublica.org/nonprofits/organizations/746108373,family foundation,2025-10-17 17:59:08,,,,,,,,not_contacted,no,no,,,,high
Orr Family Foundation,473317225,Austin,TX,T22,,https://projects.propublica.org/nonprofits/organizations/473317225,family foundation,2025-10-17 17:59:08,,,,,,,,not_contacted,no,no,,,,high
Lu Family Foundation,752953588,Plano,TX,T20,,https://projects.propublica.org/nonprofits/organizations/752953588,family foundation,2025-10-17 17:59:08,,,,,,,,not_contacted,no,no,,,,high
Donovitz Family Foundation,992834508,Westlake,TX,T12,,https://projects.propublica.org/nonprofits/organizations/992834508,family foundation,2025-10-17 17:59:08,,,,,,,,not_contacted,no,no,,,,high
Blevins Family Foundation,934343104,College Sta,TX,T20,,https://projects.propublica.org/nonprofits/organizations/934343104,family foundation,2025-10-17 17:59:08,,,,,,,,not_contacted,no,no,,,,high
Aycock Family Foundation,331398716,Houston,TX,X20,,https://projects.propublica.org/nonprofits/organizations/331398716,family foundation,2025-10-17 17:59:08,,,,,,,,not_contacted,no,no,,,,high
Markham Family Foundation,810847409,Westlake,TX,P12,,https://projects.propublica.org/nonprofits/organizations/810847409,family foundation,2025-10-17 17:59:08,,,,,,,,not_contacted,no,no,,,,high
Budd Family Foundation,263836252,Dallas,TX,T22,,https://projects.propublica.org/nonprofits/organizations/263836252,family foundation,2025-10-17 17:59:08,,,,,,,,not_contacted,no,no,,,,high
Crossculture Community Foundation,842974290,Dallas,TX,X20,,https://projects.propublica.org/nonprofits/organizations/842974290,community foundation,2025-10-17 17:59:09,,,,,,,,not_contacted,no,no,,,,high
Austin Community Foundation,741934031,Austin,TX,T310,,https://projects.propublica.org/nonprofits/organizations/741934031,community foundation,2025-10-17 17:59:09,,,,,,,,not_contacted,no,no,,,,high
Navarro Community Foundation,750800663,Corsicana,TX,,,https://projects.propublica.org/nonprofits/organizations/750800663,community foundation,2025-10-17 17:59:09,,,,,,,,not_contacted,no,no,,,,high
Community Focus Foundation,455599267,Sugar Land,TX,S20,,https://projects.propublica.org/nonprofits/organizations/455599267,community foundation,2025-10-17 17:59:09,,,,,,,,not_contacted,no,no,,,,high
Community Testing Foundation,384228125,Spring Branch,TX,P20,,https://projects.propublica.org/nonprofits/organizations/384228125,community foundation,2025-10-17 17:59:09,,,,,,,,not_contacted,no,no,,,,high
Graham Community Foundation,201480110,Graham,TX,B90,,https://projects.propublica.org/nonprofits/organizations/201480110,community foundation,2025-10-17 17:59:09,,,,,,,,not_contacted,no,no,,,,high
Truscott Community Foundation,204853185,Truscott,TX,T30,,https://projects.propublica.org/nonprofits/organizations/204853185,community foundation,2025-10-17 17:59:09,,,,,,,,not_contacted,no,no,,,,high
Eecu Community Foundation,833400460,Fort Worth,TX,T50,,https://projects.propublica.org/nonprofits/organizations/833400460,community foundation,2025-10-17 17:59:09,,,,,,,,not_contacted,no,no,,,,high
Cuero Community Foundation,810791445,Cuero,TX,T31,,https://projects.propublica.org/nonprofits/organizations/810791445,community foundation,2025-10-17 17:59:09,,,,,,,,not_contacted,no,no,,,,high
Eastland Community Foundation,201742507,Eastland,TX,C199,,https://projects.propublica.org/nonprofits/organizations/201742507,community foundation,2025-10-17 17:59:09,,,,,,,,not_contacted,no,no,,,,high
Valverde Community Foundation,742097659,Del Rio,TX,,,https://projects.propublica.org/nonprofits/organizations/742097659,community foundation,2025-10-17 17:59:09,,,,,,,,not_contacted,no,no,,,,high
Sealy Community Foundation,760626282,Sealy,TX,C50,,https://projects.propublica.org/nonprofits/organizations/760626282,community foundation,2025-10-17 17:59:09,,,,,,,,not_contacted,no,no,,,,high
Bell Community Foundation,834508828,Temple,TX,P12,,https://projects.propublica.org/nonprofits/organizations/834508828,community foundation,2025-10-17 17:59:09,,,,,,,,not_contacted,no,no,,,,high
Gracesprings Community Foundation,455554673,Houston,TX,P20,,https://projects.propublica.org/nonprofits/organizations/455554673,community foundation,2025-10-17 17:59:09,,,,,,,,not_contacted,no,no,,,,high
Willpower Community Foundation,834334211,Dripping Spgs,TX,P20,,https://projects.propublica.org/nonprofits/organizations/834334211,community foundation,2025-10-17 17:59:09,,,,,,,,not_contacted,no,no,,,,high
Trinity Community Foundation,474461806,Arlington,TX,N31,,https://projects.propublica.org/nonprofits/organizations/474461806,community foundation,2025-10-17 17:59:09,,,,,,,,not_contacted,no,no,,,,high
Community Transformation Foundation,854211816,Georgetown,TX,T20,,https://projects.propublica.org/nonprofits/organizations/854211816,community foundation,2025-10-17 17:59:09,,,,,,,,not_contacted,no,no,,,,high
Garwood Community Foundation,800579711,Garwood,TX,T31,,https://projects.propublica.org/nonprofits/organizations/800579711,community foundation,2025-10-17 17:59:09,,,,,,,,not_contacted,no,no,,,,high
Lively Community Foundation,832923960,Houston,TX,T23,,https://projects.propublica.org/nonprofits/organizations/832923960,community foundation,2025-10-17 17:59:09,,,,,,,,not_contacted,no,no,,,,high
Palacios Community Foundation,760590386,Blessing,TX,T20,,https://projects.propublica.org/nonprofits/organizations/760590386,community foundation,2025-10-17 17:59:09,,,,,,,,not_contacted,no,no,,,,high
Baker Community Foundation,263919368,Fort Worth,TX,T22,,https://projects.propublica.org/nonprofits/organizations/263919368,community foundation,2025-10-17 17:59:09,,,,,,,,not_contacted,no,no,,,,high
Bellaire Community Foundation,843154787,Bellaire,TX,T31,,https://projects.propublica.org/nonprofits/organizations/843154787,community foundation,2025-10-17 17:59:09,,,,,,,,not_contacted,no,no,,,,high
Bellville Community Foundation,746087473,Bellville,TX,T30,,https://projects.propublica.org/nonprofits/organizations/746087473,community foundation,2025-10-17 17:59:09,,,,,,,,not_contacted,no,no,,,,high
Community Acts Foundation,815364334,Victoria,TX,F60,,https://projects.propublica.org/nonprofits/organizations/815364334,community foundation,2025-10-17 17:59:09,,,,,,,,not_contacted,no,no,,,,high
Community Energy Foundation,743046476,Tyler,TX,T22,,https://projects.propublica.org/nonprofits/organizations/743046476,community foundation,2025-10-17 17:59:09,,,,,,,,not_contacted,no,no,,,,high
Hreem Private Foundation,934786049,Sugar Land,TX,T31,,https://projects.propublica.org/nonprofits/organizations/934786049,private foundation,2025-10-17 17:59:10,,,,,,,,not_contacted,no,no,,,,high
Copart Private Foundation,202676843,Dallas,TX,T21,,https://projects.propublica.org/nonprofits/organizations/202676843,private foundation,2025-10-17 17:59:10,,,,,,,,not_contacted,no,no,,,,high
Burkhart Private Foundation,884342161,Fairfield,TX,T20,,https://projects.propublica.org/nonprofits/organizations/884342161,private foundation,2025-10-17 17:59:10,,,,,,,,not_contacted,no,no,,,,high
Srivastava Private Foundation,995057843,Frisco,TX,T20,,https://projects.propublica.org/nonprofits/organizations/995057843,private foundation,2025-10-17 17:59:10,,,,,,,,not_contacted,no,no,,,,high
Shah Private Foundation,263875444,Spring,TX,T12,,https://projects.propublica.org/nonprofits/organizations/263875444,private foundation,2025-10-17 17:59:10,,,,,,,,not_contacted,no,no,,,,high
Kamdar Private Foundation,611583054,Houston,TX,T90,,https://projects.propublica.org/nonprofits/organizations/611583054,private foundation,2025-10-17 17:59:10,,,,,,,,not_contacted,no,no,,,,high
Starfish Private Foundation,473930038,Fort Worth,TX,T22,,https://projects.propublica.org/nonprofits/organizations/473930038,private foundation,2025-10-17 17:59:10,,,,,,,,not_contacted,no,no,,,,high
Caraway Private Foundation,854176168,Abilene,TX,T22,,https://projects.propublica.org/nonprofits/organizations/854176168,private foundation,2025-10-17 17:59:10,,,,,,,,not_contacted,no,no,,,,high
Aundh Private Foundation,263937632,Houston,TX,Q33,,https://projects.propublica.org/nonprofits/organizations/263937632,private foundation,2025-10-17 17:59:10,,,,,,,,not_contacted,no,no,,,,high
Kanchwala Private Foundation,461638049,Cypress,TX,T20,,https://projects.propublica.org/nonprofits/organizations/461638049,private foundation,2025-10-17 17:59:10,,,,,,,,not_contacted,no,no,,,,high
Private Property Foundation,742706255,W Lake Hills,TX,R99,,https://projects.propublica.org/nonprofits/organizations/742706255,private foundation,2025-10-17 17:59:10,,,,,,,,not_contacted,no,no,,,,high
Ps Private Foundation,934820889,Frisco,TX,B90,,https://projects.propublica.org/nonprofits/organizations/934820889,private foundation,2025-10-17 17:59:10,,,,,,,,not_contacted,no,no,,,,high
Keast Private Foundation,884134662,Houston,TX,B90,,https://projects.propublica.org/nonprofits/organizations/884134662,private foundation,2025-10-17 17:59:10,,,,,,,,not_contacted,no,no,,,,high
Private Education Foundation,994225005,Houston,TX,B82,,https://projects.propublica.org/nonprofits/organizations/994225005,private foundation,2025-10-17 17:59:10,,,,,,,,not_contacted,no,no,,,,high
Srinitha Private Foundation,332955902,Frisco,TX,B99,,https://projects.propublica.org/nonprofits/organizations/332955902,private foundation,2025-10-17 17:59:10,,,,,,,,not_contacted,no,no,,,,high
Liao Family Private Foundation,452572998,Houston,TX,T22,,https://projects.propublica.org/nonprofits/organizations/452572998,private foundation,2025-10-17 17:59:10,,,,,,,,not_contacted,no,no,,,,high
Hemani Private Family Foundation,810881830,Irving,TX,T20,,https://projects.propublica.org/nonprofits/organizations/810881830,private foundation,2025-10-17 17:59:10,,,,,,,,not_contacted,no,no,,,,high
Ohare Family Private Foundation,752802946,Austin,TX,T2,,https://projects.propublica.org/nonprofits/organizations/752802946,private foundation,2025-10-17 17:59:10,,,,,,,,not_contacted,no,no,,,,high
Barfield Family Private Foundation,300142147,Hurst,TX,T22,,https://projects.propublica.org/nonprofits/organizations/300142147,private foundation,2025-10-17 17:59:10,,,,,,,,not_contacted,no,no,,,,high
Daan Nonprofit Private Foundation,453204342,Sugarland,TX,T20,,https://projects.propublica.org/nonprofits/organizations/453204342,private foundation,2025-10-17 17:59:10,,,,,,,,not_contacted,no,no,,,,high
Rajdeepa Family Private Foundation,854301304,Bellaire,TX,T22,,https://projects.propublica.org/nonprofits/organizations/854301304,private foundation,2025-10-17 17:59:10,,,,,,,,not_contacted,no,no,,,,high
Boyd Morse Private Foundation,760605572,Houston,TX,T20,,https://projects.propublica.org/nonprofits/organizations/760605572,private foundation,2025-10-17 17:59:10,,,,,,,,not_contacted,no,no,,,,high
Carden Family Private Foundation,364547925,Spring,TX,T20,,https://projects.propublica.org/nonprofits/organizations/364547925,private foundation,2025-10-17 17:59:10,,,,,,,,not_contacted,no,no,,,,high
George Hedgepeth Private Foundation,436202511,Dallas,TX,,,https://projects.propublica.org/nonprofits/organizations/436202511,private foundation,2025-10-17 17:59:10,,,,,,,,not_contacted,no,no,,,,high
Ibrahim Ganim Private Foundation,921325542,Houston,TX,B40,,https://projects.propublica.org/nonprofits/organizations/921325542,private foundation,2025-10-17 17:59:10,,,,,,,,not_contacted,no,no,,,,high
Corporate Landlord Foundation,934889595,Mckinney,TX,T50,,https://projects.propublica.org/nonprofits/organizations/934889595,corporate foundation,2025-10-17 17:59:11,,,,,,,,not_contacted,no,no,,,,high
Monsegue Bailey Foundation Corporate,853282202,Missouri City,TX,B05,,https://projects.propublica.org/nonprofits/organizations/853282202,corporate foundation,2025-10-17 17:59:11,,,,,,,,not_contacted,no,no,,,,high
Hhl Foundation A California Nonprofit Public Benefit Corporati,912168280,Austin,TX,T22,,https://projects.propublica.org/nonprofits/organizations/912168280,corporate foundation,2025-10-17 17:59:11,,,,,,,,not_contacted,no,no,,,,high
Arte Y Pasion Flamenco And Spanish Performing Arts Company Inc,871343485,Dallas,TX,A20,,https://projects.propublica.org/nonprofits/organizations/871343485,arts,2025-10-17 17:59:12,,,,,,,,not_contacted,no,no,,,,medium
Shine Arts Foundation,863303561,Plano,TX,A25,,https://projects.propublica.org/nonprofits/organizations/863303561,arts,2025-10-17 17:59:12,,,,,,,,not_contacted,no,no,,,,high
Bwr Cultural Foundation,933382895,Leander,TX,W30,,https://projects.propublica.org/nonprofits/organizations/933382895,cultural,2025-10-17 17:59:14,,,,,,,,not_contacted,no,no,,,,high
Texas Cultural Foundation,923536134,San Antonio,TX,A23,,https://projects.propublica.org/nonprofits/organizations/923536134,cultural,2025-10-17 17:59:14,,,,,,,,not_contacted,no,no,,,,high
Cultural Horizons Foundation,821029786,Fort Worth,TX,B82,,https://projects.propublica.org/nonprofits/organizations/821029786,cultural,2025-10-17 17:59:14,,,,,,,,not_contacted,no,no,,,,high
Prelude Music Foundation,471645705,Houston,TX,A68,,https://projects.propublica.org/nonprofits/organizations/471645705,music,2025-10-17 17:59:15,,,,,,,,not_contacted,no,no,,,,high
Music Learning Foundation,752985743,Rockwall,TX,A25,,https://projects.propublica.org/nonprofits/organizations/752985743,music,2025-10-17 17:59:15,,,,,,,,not_contacted,no,no,,,,high
Scratch Theater Company,993806783,Fort Worth,TX,A60,,https://projects.propublica.org/nonprofits/organizations/993806783,theater,2025-10-17 17:59:16,,,,,,,,not_contacted,no,no,,,,medium
Fredericksburg Theater Company,742819088,Fredericksbrg,TX,A650,,https://projects.propublica.org/nonprofits/organizations/742819088,theater,2025-10-17 17:59:16,,,,,,,,not_contacted,no,no,,,,medium
State Theater Company,742243193,Austin,TX,A65Z,,https://projects.propublica.org/nonprofits/organizations/742243193,theater,2025-10-17 17:59:16,,,,,,,,not_contacted,no,no,,,,medium
Driven Theater Company,364683902,Houston,TX,A65,,https://projects.propublica.org/nonprofits/organizations/364683902,theater,2025-10-17 17:59:16,,,,,,,,not_contacted,no,no,,,,medium
Division Of Visual And Performing Arts Education,474671908,Wichita Falls,TX,A25,,https://projects.propublica.org/nonprofits/organizations/474671908,visual arts,2025-10-17 17:59:19,,,,,,,,not_contacted,no,no,,,,medium
Pearland Foundation For The Performing And Visual Arts,471422834,Pearland,TX,A60,,https://projects.propublica.org/nonprofits/organizations/471422834,visual arts,2025-10-17 17:59:19,,,,,,,,not_contacted,no,no,,,,high
Monarch Arts Education Inc,471027901,Tomball,TX,A6C,,https://projects.propublica.org/nonprofits/organizations/471027901,arts education,2025-10-17 17:59:20,,,,,,,,not_contacted,no,no,,,,medium
Literary Education & Arts Foundation,472490662,San Antonio,TX,A25,,https://projects.propublica.org/nonprofits/organizations/472490662,arts education,2025-10-17 17:59:20,,,,,,,,not_contacted,no,no,,,,high
Parents For Arts Education,861997457,Round Rock,TX,,,https://projects.propublica.org/nonprofits/organizations/861997457,arts education,2025-10-17 17:59:20,,,,,,,,not_contacted,no,no,,,,medium
Resources Educational Arts Program,832020570,Austin,TX,P40,,https://projects.propublica.org/nonprofits/organizations/832020570,arts education,2025-10-17 17:59:20,,,,,,,,not_contacted,no,no,,,,medium
Continuum Fine Arts Education Outreach,475157135,Humble,TX,,,https://projects.propublica.org/nonprofits/organizations/475157135,arts education,2025-10-17 17:59:20,,,,,,,,not_contacted,no,no,,,,medium
Frontera Arts And Education Collaborative,934522880,Austin,TX,A25,,https://projects.propublica.org/nonprofits/organizations/934522880,arts education,2025-10-17 17:59:20,,,,,,,,not_contacted,no,no,,,,medium
Sanderson Arts And Education Alliance,743003481,Sanderson,TX,A90,,https://projects.propublica.org/nonprofits/organizations/743003481,arts education,2025-10-17 17:59:20,,,,,,,,not_contacted,no,no,,,,medium
Creative Collaborations For Arts Education,994201529,Dallas,TX,A20,,https://projects.propublica.org/nonprofits/organizations/994201529,arts education,2025-10-17 17:59:20,,,,,,,,not_contacted,no,no,,,,medium
International Graphic Arts Education Association Inc,237425568,Bandera,TX,,,https://projects.propublica.org/nonprofits/organizations/237425568,arts education,2025-10-17 17:59:20,,,,,,,,not_contacted,no,no,,,,medium
Sino Us Arts Education Alliance Inc,825095234,Sugar Land,TX,B01,,https://projects.propublica.org/nonprofits/organizations/825095234,arts education,2025-10-17 17:59:20,,,,,,,,not_contacted,no,no,,,,medium
Sky Ryders Arts And Education Inc,920276856,Houston,TX,A25,,https://projects.propublica.org/nonprofits/organizations/920276856,arts education,2025-10-17 17:59:20,,,,,,,,not_contacted,no,no,,,,medium
Soflo Creative Arts And Education Center,272983343,Austin,TX,A20,,https://projects.propublica.org/nonprofits/organizations/272983343,arts education,2025-10-17 17:59:20,,,,,,,,not_contacted,no,no,,,,medium
Texas Coalition For Quality Arts Education,760544695,Houston,TX,A01,,https://projects.propublica.org/nonprofits/organizations/760544695,arts education,2025-10-17 17:59:20,,,,,,,,not_contacted,no,no,,,,medium
Texas Art Education Inc,760016192,Dallas,TX,A25A,,https://projects.propublica.org/nonprofits/organizations/760016192,arts education,2025-10-17 17:59:20,,,,,,,,not_contacted,no,no,,,,medium
Texas Art Education Foundation,814322669,Dallas,TX,A25,,https://projects.propublica.org/nonprofits/organizations/814322669,arts education,2025-10-17 17:59:20,,,,,,,,not_contacted,no,no,,,,high
Latino Arts Culture And Education Organization,473743649,Austin,TX,A20,,https://projects.propublica.org/nonprofits/organizations/473743649,arts education,2025-10-17 17:59:20,,,,,,,,not_contacted,no,no,,,,medium
Sunnyvale Theatre Arts Guild For Education,843018081,Sunnyvale,TX,B12,,https://projects.propublica.org/nonprofits/organizations/843018081,arts education,2025-10-17 17:59:20,,,,,,,,not_contacted,no,no,,,,medium
Brio Cultural Arts Music And Education,822852351,Houston,TX,A20,,https://projects.propublica.org/nonprofits/organizations/822852351,arts education,2025-10-17 17:59:20,,,,,,,,not_contacted,no,no,,,,medium
Gordon Education Initiatives For The Performing Arts,300779155,Houston,TX,A99,,https://projects.propublica.org/nonprofits/organizations/300779155,arts education,2025-10-17 17:59:20,,,,,,,,not_contacted,no,no,,,,medium
Terrell Alliance For Education And The Arts,752887144,Terrell,TX,A260,,https://projects.propublica.org/nonprofits/organizations/752887144,arts education,2025-10-17 17:59:20,,,,,,,,not_contacted,no,no,,,,medium
Bowie Alliance For Education And The Arts,461859300,Bowie,TX,A60,,https://projects.propublica.org/nonprofits/organizations/461859300,arts education,2025-10-17 17:59:20,,,,,,,,not_contacted,no,no,,,,medium
Lockhart Arts Music And Broadcasting Education Corporation,932516104,Lockhart,TX,A34,,https://projects.propublica.org/nonprofits/organizations/932516104,arts education,2025-10-17 17:59:20,,,,,,,,not_contacted,no,no,,,,medium
West Dallas Music And Arts Education Center,753006689,Dallas,TX,A6E,,https://projects.propublica.org/nonprofits/organizations/753006689,arts education,2025-10-17 17:59:20,,,,,,,,not_contacted,no,no,,,,medium
Ballroom Cultural Arts Foundation,200126402,Marfa,TX,A40,,https://projects.propublica.org/nonprofits/organizations/200126402,cultural arts,2025-10-17 17:59:21,,,,,,,,not_contacted,no,no,,,,high
Sugar Land Cultural Arts Foundation,760614663,Sugar Land,TX,N20,,https://projects.propublica.org/nonprofits/organizations/760614663,cultural arts,2025-10-17 17:59:21,,,,,,,,not_contacted,no,no,,,,high
Cleburne Performing Arts Foundation,134335970,Cleburne,TX,A60,,https://projects.propublica.org/nonprofits/organizations/134335970,performing arts,2025-10-17 17:59:22,,,,,,,,not_contacted,no,no,,,,high
Uplift Education,752659683,Dallas,TX,B20Z,,https://projects.propublica.org/nonprofits/organizations/752659683,education,2025-10-17 17:59:23,,,,,,,,not_contacted,no,no,,,,medium
Orenda Education,742774612,Georgetown,TX,F20,,https://projects.propublica.org/nonprofits/organizations/742774612,education,2025-10-17 17:59:23,,,,,,,,not_contacted,no,no,,,,medium
Restore Education,262966263,San Antonio,TX,B80,,https://projects.propublica.org/nonprofits/organizations/262966263,education,2025-10-17 17:59:23,,,,,,,,not_contacted,no,no,,,,medium
Lumin Education,751612054,Dallas,TX,B24Z,,https://projects.propublica.org/nonprofits/organizations/751612054,education,2025-10-17 17:59:23,,,,,,,,not_contacted,no,no,,,,medium
Momentum Education,844102530,Bellaire,TX,,,https://projects.propublica.org/nonprofits/organizations/844102530,education,2025-10-17 17:59:23,,,,,,,,not_contacted,no,no,,,,medium
Revolutionary Education,850804540,Humble,TX,A80,,https://projects.propublica.org/nonprofits/organizations/850804540,education,2025-10-17 17:59:23,,,,,,,,not_contacted,no,no,,,,medium
Sapience Education,862956026,Tomball,TX,X40,,https://projects.propublica.org/nonprofits/organizations/862956026,education,2025-10-17 17:59:23,,,,,,,,not_contacted,no,no,,,,medium
Fact Education,822242610,Royse City,TX,B03,,https://projects.propublica.org/nonprofits/organizations/822242610,education,2025-10-17 17:59:23,,,,,,,,not_contacted,no,no,,,,medium
Monarch Education,821216451,Killeen,TX,B29,,https://projects.propublica.org/nonprofits/organizations/821216451,education,2025-10-17 17:59:23,,,,,,,,not_contacted,no,no,,,,medium
Recovering Education,841811024,Katy,TX,T50,,https://projects.propublica.org/nonprofits/organizations/841811024,education,2025-10-17 17:59:23,,,,,,,,not_contacted,no,no,,,,medium
Winlanes Education,462217777,Austin,TX,,,https://projects.propublica.org/nonprofits/organizations/462217777,education,2025-10-17 17:59:23,,,,,,,,not_contacted,no,no,,,,medium
Action Education,853935399,San Antonio,TX,B90,,https://projects.propublica.org/nonprofits/organizations/853935399,education,2025-10-17 17:59:23,,,,,,,,not_contacted,no,no,,,,medium
Awake Education,463093581,Midlothian,TX,B29,,https://projects.propublica.org/nonprofits/organizations/463093581,education,2025-10-17 17:59:23,,,,,,,,not_contacted,no,no,,,,medium
Corelife Education,834506413,Pearland,TX,B90,,https://projects.propublica.org/nonprofits/organizations/834506413,education,2025-10-17 17:59:23,,,,,,,,not_contacted,no,no,,,,medium
Education Axis,822534750,Sugar Land,TX,B03,,https://projects.propublica.org/nonprofits/organizations/822534750,education,2025-10-17 17:59:23,,,,,,,,not_contacted,no,no,,,,medium
Education Festival,300856289,Fort Worth,TX,B90,,https://projects.propublica.org/nonprofits/organizations/300856289,education,2025-10-17 17:59:23,,,,,,,,not_contacted,no,no,,,,medium
Equal Education,832369947,Cypress,TX,B90,,https://projects.propublica.org/nonprofits/organizations/832369947,education,2025-10-17 17:59:23,,,,,,,,not_contacted,no,no,,,,medium
Imbrace Education,472660361,San Antonio,TX,B90,,https://projects.propublica.org/nonprofits/organizations/472660361,education,2025-10-17 17:59:23,,,,,,,,not_contacted,no,no,,,,medium
Jabez Education,921332733,Flower Mound,TX,X11,,https://projects.propublica.org/nonprofits/organizations/921332733,education,2025-10-17 17:59:23,,,,,,,,not_contacted,no,no,,,,medium
Millennial Education,991947944,Dallas,TX,B80,,https://projects.propublica.org/nonprofits/organizations/991947944,education,2025-10-17 17:59:23,,,,,,,,not_contacted,no,no,,,,medium
Mys Education,844870367,Manvel,TX,F30,,https://projects.propublica.org/nonprofits/organizations/844870367,education,2025-10-17 17:59:23,,,,,,,,not_contacted,no,no,,,,medium
Nara Education,994198904,Humble,TX,T30,,https://projects.propublica.org/nonprofits/organizations/994198904,education,2025-10-17 17:59:23,,,,,,,,not_contacted,no,no,,,,medium
Telos Education,842683859,Fort Worth,TX,,,https://projects.propublica.org/nonprofits/organizations/842683859,education,2025-10-17 17:59:23,,,,,,,,not_contacted,no,no,,,,medium
Unique Education,843641954,Beaumont,TX,O50,,https://projects.propublica.org/nonprofits/organizations/843641954,education,2025-10-17 17:59:23,,,,,,,,not_contacted,no,no,,,,medium
Use Education,843445244,Austin,TX,S20,,https://projects.propublica.org/nonprofits/organizations/843445244,education,2025-10-17 17:59:23,,,,,,,,not_contacted,no,no,,,,medium
Educational Publishing,870771598,Austin,TX,A33,,https://projects.propublica.org/nonprofits/organizations/870771598,educational,2025-10-17 17:59:25,,,,,,,,not_contacted,no,no,,,,medium
Educational Link,752555443,Dallas,TX,B99,,https://projects.propublica.org/nonprofits/organizations/752555443,educational,2025-10-17 17:59:25,,,,,,,,not_contacted,no,no,,,,medium
Educational Developers Inc,760660789,Houston,TX,Q33,,https://projects.propublica.org/nonprofits/organizations/760660789,educational,2025-10-17 17:59:25,,,,,,,,not_contacted,no,no,,,,medium
Usaa Educational Foundation,742411017,San Antonio,TX,B82,,https://projects.propublica.org/nonprofits/organizations/742411017,educational,2025-10-17 17:59:25,,,,,,,,not_contacted,no,no,,,,high
Spring Educational Foundation,834095382,Spring,TX,B25,,https://projects.propublica.org/nonprofits/organizations/834095382,educational,2025-10-17 17:59:25,,,,,,,,not_contacted,no,no,,,,high
Bryan Educational Institute,760470234,Houston,TX,A54,,https://projects.propublica.org/nonprofits/organizations/760470234,educational,2025-10-17 17:59:25,,,,,,,,not_contacted,no,no,,,,medium
Educational First Steps,752334053,Dallas,TX,B82J,,https://projects.propublica.org/nonprofits/organizations/752334053,educational,2025-10-17 17:59:25,,,,,,,,not_contacted,no,no,,,,medium
Educational Opportunities Inc,756043290,Dallas,TX,B192,,https://projects.propublica.org/nonprofits/organizations/756043290,educational,2025-10-17 17:59:25,,,,,,,,not_contacted,no,no,,,,medium
Lead Educational Foundation,872489666,Lufkin,TX,B20,,https://projects.propublica.org/nonprofits/organizations/872489666,educational,2025-10-17 17:59:25,,,,,,,,not_contacted,no,no,,,,high
Christian Educational Ministries,752620990,Whitehouse,TX,X80,,https://projects.propublica.org/nonprofits/organizations/752620990,educational,2025-10-17 17:59:25,,,,,,,,not_contacted,no,no,,,,medium
Webster Educational Foundation,465374393,Livingston,TX,T20,,https://projects.propublica.org/nonprofits/organizations/465374393,educational,2025-10-17 17:59:25,,,,,,,,not_contacted,no,no,,,,high
Noggin Educational Foundation,475193384,Grand Prairie,TX,B20,,https://projects.propublica.org/nonprofits/organizations/475193384,educational,2025-10-17 17:59:25,,,,,,,,not_contacted,no,no,,,,high
International Educational Services,742478708,Los Fresnos,TX,P700,,https://projects.propublica.org/nonprofits/organizations/742478708,educational,2025-10-17 17:59:25,,,,,,,,not_contacted,no,no,,,,medium
Mustardseed Educational Resources,923016527,Providnce Vlg,TX,B25,,https://projects.propublica.org/nonprofits/organizations/923016527,educational,2025-10-17 17:59:25,,,,,,,,not_contacted,no,no,,,,medium
Calallen Educational Foundation,264252668,Corp Christi,TX,B112,,https://projects.propublica.org/nonprofits/organizations/264252668,educational,2025-10-17 17:59:25,,,,,,,,not_contacted,no,no,,,,high
Calmerton Educational Foundation,956015454,Dallas,TX,B00J,,https://projects.propublica.org/nonprofits/organizations/956015454,educational,2025-10-17 17:59:25,,,,,,,,not_contacted,no,no,,,,high
Comanche Educational Foundation,473136704,Comanche,TX,T30,,https://projects.propublica.org/nonprofits/organizations/473136704,educational,2025-10-17 17:59:25,,,,,,,,not_contacted,no,no,,,,high
Educational Advancement Foundation,237001761,Austin,TX,,,https://projects.propublica.org/nonprofits/organizations/237001761,educational,2025-10-17 17:59:25,,,,,,,,not_contacted,no,no,,,,high
Bowie Educational Foundation,752115489,Bowie,TX,,,https://projects.propublica.org/nonprofits/organizations/752115489,educational,2025-10-17 17:59:25,,,,,,,,not_contacted,no,no,,,,high
Vicktory Educational Foundation,262996191,Houston,TX,T20,,https://projects.propublica.org/nonprofits/organizations/262996191,educational,2025-10-17 17:59:25,,,,,,,,not_contacted,no,no,,,,high
Fales Educational Trust,46044998,Dallas,TX,,,https://projects.propublica.org/nonprofits/organizations/46044998,educational,2025-10-17 17:59:25,,,,,,,,not_contacted,no,no,,,,high
Amblesideonline Educational Foundation,811503534,Addison,TX,B99,,https://projects.propublica.org/nonprofits/organizations/811503534,educational,2025-10-17 17:59:25,,,,,,,,not_contacted,no,no,,,,high
Brazos Educational Radio,742629255,Bryan,TX,,,https://projects.propublica.org/nonprofits/organizations/742629255,educational,2025-10-17 17:59:25,,,,,,,,not_contacted,no,no,,,,medium
Sojourner Educational Foundation,453262955,Snyder,TX,B82,,https://projects.propublica.org/nonprofits/organizations/453262955,educational,2025-10-17 17:59:25,,,,,,,,not_contacted,no,no,,,,high
Smith Educational Fund,46033742,Dallas,TX,,,https://projects.propublica.org/nonprofits/organizations/46033742,educational,2025-10-17 17:59:25,,,,,,,,not_contacted,no,no,,,,high
Irving Schools Foundation,752072755,Irving,TX,,,https://projects.propublica.org/nonprofits/organizations/752072755,schools,2025-10-17 17:59:27,,,,,,,,not_contacted,no,no,,,,high
Wayside Schools Foundation,815208844,Austin,TX,B12,,https://projects.propublica.org/nonprofits/organizations/815208844,schools,2025-10-17 17:59:27,,,,,,,,not_contacted,no,no,,,,high
College Station Parks Foundation,920980137,College Sta,TX,N32,,https://projects.propublica.org/nonprofits/organizations/920980137,college,2025-10-17 17:59:30,,,,,,,,not_contacted,no,no,,,,high
Galveston College Foundation,760512266,Galveston,TX,B82,,https://projects.propublica.org/nonprofits/organizations/760512266,college,2025-10-17 17:59:30,,,,,,,,not_contacted,no,no,,,,high
Learning Corporate,884061609,Houston,TX,P99,,https://projects.propublica.org/nonprofits/organizations/884061609,learning,2025-10-17 17:59:31,,,,,,,,not_contacted,no,no,,,,medium
Auditory Learning Foundation,43652601,San Antonio,TX,G11,,https://projects.propublica.org/nonprofits/organizations/43652601,learning,2025-10-17 17:59:31,,,,,,,,not_contacted,no,no,,,,high
Scholarship Network,843649647,Crosby,TX,B82,,https://projects.propublica.org/nonprofits/organizations/843649647,scholarship,2025-10-17 17:59:32,,,,,,,,not_contacted,no,no,,,,medium
Sdk Scholarship,874304524,Cedar Hil,TX,B82,,https://projects.propublica.org/nonprofits/organizations/874304524,scholarship,2025-10-17 17:59:32,,,,,,,,not_contacted,no,no,,,,medium
Patriot Scholarship,920852763,San Antonio,TX,B82,,https://projects.propublica.org/nonprofits/organizations/920852763,scholarship,2025-10-17 17:59:32,,,,,,,,not_contacted,no,no,,,,medium
Disbro Scholarship Inc,742917936,Austin,TX,B82,,https://projects.propublica.org/nonprofits/organizations/742917936,scholarship,2025-10-17 17:59:32,,,,,,,,not_contacted,no,no,,,,medium
Simoo Scholarships,872352292,Aubrey,TX,P12,,https://projects.propublica.org/nonprofits/organizations/872352292,scholarship,2025-10-17 17:59:32,,,,,,,,not_contacted,no,no,,,,medium
Firstgen Scholarships,455494000,Wimberley,TX,B82,,https://projects.propublica.org/nonprofits/organizations/455494000,scholarship,2025-10-17 17:59:32,,,,,,,,not_contacted,no,no,,,,medium
Tcr Scholarships,460532965,Marion,TX,B19,,https://projects.propublica.org/nonprofits/organizations/460532965,scholarship,2025-10-17 17:59:32,,,,,,,,not_contacted,no,no,,,,medium
Ohana Scholarships,880623125,Arlington,TX,B82,,https://projects.propublica.org/nonprofits/organizations/880623125,scholarship,2025-10-17 17:59:32,,,,,,,,not_contacted,no,no,,,,medium
Stars Scholarship Fund,431977563,Mcallen,TX,B82,,https://projects.propublica.org/nonprofits/organizations/431977563,scholarship,2025-10-17 17:59:32,,,,,,,,not_contacted,no,no,,,,high
Poncin Scholarship Fund,916069573,Dallas,TX,,,https://projects.propublica.org/nonprofits/organizations/916069573,scholarship,2025-10-17 17:59:32,,,,,,,,not_contacted,no,no,,,,high
Hendrick Scholarship Foundation,752376396,Plano,TX,B82,,https://projects.propublica.org/nonprofits/organizations/752376396,scholarship,2025-10-17 17:59:32,,,,,,,,not_contacted,no,no,,,,high
Chairmans Scholarship Foundation,760321771,Houston,TX,,,https://projects.propublica.org/nonprofits/organizations/760321771,scholarship,2025-10-17 17:59:32,,,,,,,,not_contacted,no,no,,,,high
Tsrhc Scholarship Fund,752106637,Dallas,TX,B82Z,,https://projects.propublica.org/nonprofits/organizations/752106637,scholarship,2025-10-17 17:59:32,,,,,,,,not_contacted,no,no,,,,high
Roughrider Scholarship Foundation,752261125,Center,TX,,,https://projects.propublica.org/nonprofits/organizations/752261125,scholarship,2025-10-17 17:59:32,,,,,,,,not_contacted,no,no,,,,high
Knight Scholarship Inc,300152906,Lubbock,TX,,,https://projects.propublica.org/nonprofits/organizations/300152906,scholarship,2025-10-17 17:59:32,,,,,,,,not_contacted,no,no,,,,medium
Swapa Scholarship Fund,752831556,Dallas,TX,B84,,https://projects.propublica.org/nonprofits/organizations/752831556,scholarship,2025-10-17 17:59:32,,,,,,,,not_contacted,no,no,,,,high
Landman Scholarship Trust,237122144,Fort Worth,TX,,,https://projects.propublica.org/nonprofits/organizations/237122144,scholarship,2025-10-17 17:59:32,,,,,,,,not_contacted,no,no,,,,high
Worthings Scholarship Fund,741160916,Dallas,TX,,,https://projects.propublica.org/nonprofits/organizations/741160916,scholarship,2025-10-17 17:59:32,,,,,,,,not_contacted,no,no,,,,high
Eog Scholarship Fund,760479501,Houston,TX,B82,,https://projects.propublica.org/nonprofits/organizations/760479501,scholarship,2025-10-17 17:59:32,,,,,,,,not_contacted,no,no,,,,high
Entrepreneurs Scholarship Program,814347265,Desoto,TX,B82,,https://projects.propublica.org/nonprofits/organizations/814347265,scholarship,2025-10-17 17:59:32,,,,,,,,not_contacted,no,no,,,,medium
Weslaco Scholarship Foundation,200232625,Weslaco,TX,B82,,https://projects.propublica.org/nonprofits/organizations/200232625,scholarship,2025-10-17 17:59:32,,,,,,,,not_contacted,no,no,,,,high
Glenn Medical Scholarship,436819944,Dallas,TX,B82,,https://projects.propublica.org/nonprofits/organizations/436819944,scholarship,2025-10-17 17:59:32,,,,,,,,not_contacted,no,no,,,,medium
Urg Scholarship Foundation,472246255,Georgetown,TX,B82,,https://projects.propublica.org/nonprofits/organizations/472246255,scholarship,2025-10-17 17:59:32,,,,,,,,not_contacted,no,no,,,,high
International Student Foundation,208665417,Dallas,TX,B82,,https://projects.propublica.org/nonprofits/organizations/208665417,student,2025-10-17 17:59:33,,,,,,,,not_contacted,no,no,,,,high
Atlantic Student Financecorporation,205412189,Waco,TX,B82,,https://projects.propublica.org/nonprofits/organizations/205412189,student,2025-10-17 17:59:33,,,,,,,,not_contacted,no,no,,,,medium
Social Responsibility Corporation,201421874,San Antonio,TX,S50,,https://projects.propublica.org/nonprofits/organizations/201421874,social,2025-10-17 17:59:36,,,,,,,,not_contacted,no,no,,,,medium
Lakeway Civic Corporation,746084723,Lakeway,TX,,,https://projects.propublica.org/nonprofits/organizations/746084723,civic,2025-10-17 17:59:37,,,,,,,,not_contacted,no,no,,,,medium
Public Library Foundation,742577609,Seguin,TX,,,https://projects.propublica.org/nonprofits/organizations/742577609,public,2025-10-17 17:59:38,,,,,,,,not_contacted,no,no,,,,high
Patterns Public Education,831066277,Round Rock,TX,B99,,https://projects.propublica.org/nonprofits/organizations/831066277,public,2025-10-17 17:59:38,,,,,,,,not_contacted,no,no,,,,medium
Epoch Public Foundation,680650661,Houston,TX,R60,,https://projects.propublica.org/nonprofits/organizations/680650661,public,2025-10-17 17:59:38,,,,,,,,not_contacted,no,no,,,,high
Shamballa Nonprofit Corporation,993428579,The Woodlands,TX,Q20,,https://projects.propublica.org/nonprofits/organizations/993428579,nonprofit,2025-10-17 17:59:39,,,,,,,,not_contacted,no,no,,,,medium
Ldf Nonprofit Foundation,463093399,Laredo,TX,S30,,https://projects.propublica.org/nonprofits/organizations/463093399,nonprofit,2025-10-17 17:59:39,,,,,,,,not_contacted,no,no,,,,high
Alora Nonprofit Corporation,852638646,Pipe Creek,TX,P20,,https://projects.propublica.org/nonprofits/organizations/852638646,nonprofit,2025-10-17 17:59:39,,,,,,,,not_contacted,no,no,,,,medium
Rehoboth Nonprofit Corporation,990636342,Leander,TX,P70,,https://projects.propublica.org/nonprofits/organizations/990636342,nonprofit,2025-10-17 17:59:39,,,,,,,,not_contacted,no,no,,,,medium
Rumix Nonprofit Corporation,831413460,Austin,TX,U99,,https://projects.propublica.org/nonprofits/organizations/831413460,nonprofit,2025-10-17 17:59:39,,,,,,,,not_contacted,no,no,,,,medium
Ameren Charitable Trust,436022693,Dallas,TX,B99Z,,https://projects.propublica.org/nonprofits/organizations/436022693,charitable,2025-10-17 17:59:42,,,,,,,,not_contacted,no,no,,,,high
Hab Charitable Corporation,820722046,Fort Worth,TX,T12,,https://projects.propublica.org/nonprofits/organizations/820722046,charitable,2025-10-17 17:59:42,,,,,,,,not_contacted,no,no,,,,medium
Southport Charitable Trust,756095894,Dallas,TX,,,https://projects.propublica.org/nonprofits/organizations/756095894,charitable,2025-10-17 17:59:42,,,,,,,,not_contacted,no,no,,,,high
Ssb Charitable Corporation,820722937,Fort Worth,TX,T12,,https://projects.propublica.org/nonprofits/organizations/820722937,charitable,2025-10-17 17:59:42,,,,,,,,not_contacted,no,no,,,,medium
Northaven Charitable Givingfoundation,260850444,Dallas,TX,S50,,https://projects.propublica.org/nonprofits/organizations/260850444,charitable,2025-10-17 17:59:42,,,,,,,,not_contacted,no,no,,,,high
Oos Charitable Corporation,820722754,Fort Worth,TX,T12,,https://projects.propublica.org/nonprofits/organizations/820722754,charitable,2025-10-17 17:59:42,,,,,,,,not_contacted,no,no,,,,medium
Philanthropy Southwest,510163529,Dallas,TX,T00C,,https://projects.propublica.org/nonprofits/organizations/510163529,philanthropy,2025-10-17 17:59:43,,,,,,,,not_contacted,no,no,,,,medium
Philanthropy Kids,311451439,Dallas,TX,B90,,https://projects.propublica.org/nonprofits/organizations/311451439,philanthropy,2025-10-17 17:59:43,,,,,,,,not_contacted,no,no,,,,medium
Ace Philanthropy,934878375,College Station,TX,B03,,https://projects.propublica.org/nonprofits/organizations/934878375,philanthropy,2025-10-17 17:59:43,,,,,,,,not_contacted,no,no,,,,medium
Foodie Philanthropy,471459795,Fort Worth,TX,T30,,https://projects.propublica.org/nonprofits/organizations/471459795,philanthropy,2025-10-17 17:59:43,,,,,,,,not_contacted,no,no,,,,medium
Technova Philanthropy,995054865,Irving,TX,J20,,https://projects.propublica.org/nonprofits/organizations/995054865,philanthropy,2025-10-17 17:59:43,,,,,,,,not_contacted,no,no,,,,medium
Cavitt Philanthropy,871522146,Little Elm,TX,W99,,https://projects.propublica.org/nonprofits/organizations/871522146,philanthropy,2025-10-17 17:59:43,,,,,,,,not_contacted,no,no,,,,medium
Opulent Philanthropy Inc,453088713,Houston,TX,T30,,https://projects.propublica.org/nonprofits/organizations/453088713,philanthropy,2025-10-17 17:59:43,,,,,,,,not_contacted,no,no,,,,medium
Women Inspiring Philanthropy,352487053,Arlington,TX,T12,,https://projects.propublica.org/nonprofits/organizations/352487053,philanthropy,2025-10-17 17:59:43,,,,,,,,not_contacted,no,no,,,,medium
Faith & Philanthropy Institute,364489504,Grand Prairie,TX,X21,,https://projects.propublica.org/nonprofits/organizations/364489504,philanthropy,2025-10-17 17:59:43,,,,,,,,not_contacted,no,no,,,,medium
Civet Philanthropy Foundation,842072153,League City,TX,E12,,https://projects.propublica.org/nonprofits/organizations/842072153,philanthropy,2025-10-17 17:59:43,,,,,,,,not_contacted,no,no,,,,high
Humble Philanthropy Inc,990905158,Dallas,TX,O53,,https://projects.propublica.org/nonprofits/organizations/990905158,philanthropy,2025-10-17 17:59:43,,,,,,,,not_contacted,no,no,,,,medium
Philanthropy In Action,934356288,Tyler,TX,A12,,https://projects.propublica.org/nonprofits/organizations/934356288,philanthropy,2025-10-17 17:59:43,,,,,,,,not_contacted,no,no,,,,medium
Chinese Philanthropy Globalpartnership Inc,208652800,Sugar Land,TX,Q33,,https://projects.propublica.org/nonprofits/organizations/208652800,philanthropy,2025-10-17 17:59:43,,,,,,,,not_contacted,no,no,,,,medium
Philanthropic Foundation,751518589,Dallas,TX,T70Z,,https://projects.propublica.org/nonprofits/organizations/751518589,philanthropy,2025-10-17 17:59:43,,,,,,,,not_contacted,no,no,,,,high
Hill Country Philanthropy Inc,472791522,Austin,TX,T99,,https://projects.propublica.org/nonprofits/organizations/472791522,philanthropy,2025-10-17 17:59:43,,,,,,,,not_contacted,no,no,,,,medium
Houston Philanthropy Circle Inc,843742407,Houston,TX,T03,,https://projects.propublica.org/nonprofits/organizations/843742407,philanthropy,2025-10-17 17:59:43,,,,,,,,not_contacted,no,no,,,,medium
Philanthropy Foundation Of Texoma,871558998,Sherman,TX,T31,,https://projects.propublica.org/nonprofits/organizations/871558998,philanthropy,2025-10-17 17:59:43,,,,,,,,not_contacted,no,no,,,,high
Texas Philanthropy Network Inc,994218112,San Antonio,TX,P20,,https://projects.propublica.org/nonprofits/organizations/994218112,philanthropy,2025-10-17 17:59:43,,,,,,,,not_contacted,no,no,,,,medium
Cypress Recreational Youth Sports Philanthropy,932762261,Cypress,TX,N60,,https://projects.propublica.org/nonprofits/organizations/932762261,philanthropy,2025-10-17 17:59:43,,,,,,,,not_contacted,no,no,,,,medium
Wild Estate Wealth Guardians & Philanthropy Partners,934506973,Allen,TX,,,https://projects.propublica.org/nonprofits/organizations/934506973,philanthropy,2025-10-17 17:59:43,,,,,,,,not_contacted,no,no,,,,medium
Giving Inc,752193860,Dallas,TX,,,https://projects.propublica.org/nonprofits/organizations/752193860,giving,2025-10-17 17:59:44,,,,,,,,not_contacted,no,no,,,,medium
Giving Jean,933671277,Blanco,TX,P40,,https://projects.propublica.org/nonprofits/organizations/933671277,giving,2025-10-17 17:59:44,,,,,,,,not_contacted,no,no,,,,medium
Giving Couch,872571263,Orange,TX,X20,,https://projects.propublica.org/nonprofits/organizations/872571263,giving,2025-10-17 17:59:44,,,,,,,,not_contacted,no,no,,,,medium
Abundant Giving,821503949,Houston,TX,S12,,https://projects.propublica.org/nonprofits/organizations/821503949,giving,2025-10-17 17:59:44,,,,,,,,not_contacted,no,no,,,,medium
Aq Giving,881938342,Prosper,TX,B12,,https://projects.propublica.org/nonprofits/organizations/881938342,giving,2025-10-17 17:59:44,,,,,,,,not_contacted,no,no,,,,medium
Gateway Giving,883308511,Dallas,TX,O50,,https://projects.propublica.org/nonprofits/organizations/883308511,giving,2025-10-17 17:59:44,,,,,,,,not_contacted,no,no,,,,medium
Givers Giving,932217428,Wichita Falls,TX,J22,,https://projects.propublica.org/nonprofits/organizations/932217428,giving,2025-10-17 17:59:44,,,,,,,,not_contacted,no,no,,,,medium
Giving Cheerfully,934127230,Mt Pleasant,TX,P01,,https://projects.propublica.org/nonprofits/organizations/934127230,giving,2025-10-17 17:59:44,,,,,,,,not_contacted,no,no,,,,medium
Giving Coats,921557726,Fulshear,TX,P20,,https://projects.propublica.org/nonprofits/organizations/921557726,giving,2025-10-17 17:59:44,,,,,,,,not_contacted,no,no,,,,medium
Giving Fridge,814467335,Dallas,TX,T50,,https://projects.propublica.org/nonprofits/organizations/814467335,giving,2025-10-17 17:59:44,,,,,,,,not_contacted,no,no,,,,medium
Giving Life,862105354,Amarillo,TX,E80,,https://projects.propublica.org/nonprofits/organizations/862105354,giving,2025-10-17 17:59:44,,,,,,,,not_contacted,no,no,,,,medium
Giving Tree,992416466,Baytown,TX,P19,,https://projects.propublica.org/nonprofits/organizations/992416466,giving,2025-10-17 17:59:44,,,,,,,,not_contacted,no,no,,,,medium
Giving Wings,365106268,Austin,TX,W12,,https://projects.propublica.org/nonprofits/organizations/365106268,giving,2025-10-17 17:59:44,,,,,,,,not_contacted,no,no,,,,medium
Gratefully Giving,852619490,San Antonio,TX,O53,,https://projects.propublica.org/nonprofits/organizations/852619490,giving,2025-10-17 17:59:44,,,,,,,,not_contacted,no,no,,,,medium
Practice Giving,934139710,Weatherford,TX,T50,,https://projects.propublica.org/nonprofits/organizations/934139710,giving,2025-10-17 17:59:44,,,,,,,,not_contacted,no,no,,,,medium
Giving Grounds,301434457,Conroe,TX,T12,,https://projects.propublica.org/nonprofits/organizations/301434457,giving,2025-10-17 17:59:44,,,,,,,,not_contacted,no,no,,,,medium
Giving Outreach,883301757,Spring,TX,T30,,https://projects.propublica.org/nonprofits/organizations/883301757,giving,2025-10-17 17:59:44,,,,,,,,not_contacted,no,no,,,,medium
Giving Promises,331426808,Wylie,TX,E19,,https://projects.propublica.org/nonprofits/organizations/331426808,giving,2025-10-17 17:59:44,,,,,,,,not_contacted,no,no,,,,medium
Giving Station,991349649,San Antonio,TX,K31,,https://projects.propublica.org/nonprofits/organizations/991349649,giving,2025-10-17 17:59:44,,,,,,,,not_contacted,no,no,,,,medium
Joyous Giving,832116442,Houston,TX,F20,,https://projects.propublica.org/nonprofits/organizations/832116442,giving,2025-10-17 17:59:44,,,,,,,,not_contacted,no,no,,,,medium
Giving Grace Inc,812233677,Denton,TX,P80,,https://projects.propublica.org/nonprofits/organizations/812233677,giving,2025-10-17 17:59:44,,,,,,,,not_contacted,no,no,,,,medium
Wheels Of Giving,874156005,Dallas,TX,P20,,https://projects.propublica.org/nonprofits/organizations/874156005,giving,2025-10-17 17:59:44,,,,,,,,not_contacted,no,no,,,,medium
Giving Hope Inc,752117176,Denton,TX,P85Z,,https://projects.propublica.org/nonprofits/organizations/752117176,giving,2025-10-17 17:59:44,,,,,,,,not_contacted,no,no,,,,medium
Giving On Purpose,453947286,Dallas,TX,G123,,https://projects.propublica.org/nonprofits/organizations/453947286,giving,2025-10-17 17:59:44,,,,,,,,not_contacted,no,no,,,,medium
Noble Giving Inc,852379785,Killeen,TX,A12,,https://projects.propublica.org/nonprofits/organizations/852379785,giving,2025-10-17 17:59:44,,,,,,,,not_contacted,no,no,,,,medium
Corporate Coffee,842468793,Garland,TX,R03,,https://projects.propublica.org/nonprofits/organizations/842468793,corporate,2025-10-17 17:59:45,,,,,,,,not_contacted,no,no,,,,medium
Corporate Senior Center,470894189,Houston,TX,P81,,https://projects.propublica.org/nonprofits/organizations/470894189,corporate,2025-10-17 17:59:45,,,,,,,,not_contacted,no,no,,,,medium
Corporate Connections Academy,813370600,Trinity,TX,J03,,https://projects.propublica.org/nonprofits/organizations/813370600,corporate,2025-10-17 17:59:45,,,,,,,,not_contacted,no,no,,,,medium
Corporate Employees Recreation Association,750825659,Fort Worth,TX,,,https://projects.propublica.org/nonprofits/organizations/750825659,corporate,2025-10-17 17:59:45,,,,,,,,not_contacted,no,no,,,,medium
Corporate Park Community Assoc,751703720,Houston,TX,,,https://projects.propublica.org/nonprofits/organizations/751703720,corporate,2025-10-17 17:59:45,,,,,,,,not_contacted,no,no,,,,medium
Alliance For Corporate Excellence,332290127,Dallas,TX,W01,,https://projects.propublica.org/nonprofits/organizations/332290127,corporate,2025-10-17 17:59:45,,,,,,,,not_contacted,no,no,,,,medium
Corporate Community Relations Council,760071979,Houston,TX,,,https://projects.propublica.org/nonprofits/organizations/760071979,corporate,2025-10-17 17:59:45,,,,,,,,not_contacted,no,no,,,,medium
Corporate E Discovery Forum,260638134,Cedar Hill,TX,,,https://projects.propublica.org/nonprofits/organizations/260638134,corporate,2025-10-17 17:59:45,,,,,,,,not_contacted,no,no,,,,medium
Corporate Girl Christ Minded,850714011,Oak Point,TX,J99,,https://projects.propublica.org/nonprofits/organizations/850714011,corporate,2025-10-17 17:59:45,,,,,,,,not_contacted,no,no,,,,medium
Corporate Jewel Professional Women,814854469,Fort Worth,TX,,,https://projects.propublica.org/nonprofits/organizations/814854469,corporate,2025-10-17 17:59:45,,,,,,,,not_contacted,no,no,,,,medium
Corporate Prayer Resources Inc,752821290,Dallas,TX,X990,,https://projects.propublica.org/nonprofits/organizations/752821290,corporate,2025-10-17 17:59:45,,,,,,,,not_contacted,no,no,,,,medium
Houston Corporate Paralegal Association,760382522,Houston,TX,,,https://projects.propublica.org/nonprofits/organizations/760382522,corporate,2025-10-17 17:59:45,,,,,,,,not_contacted,no,no,,,,medium
Citizens Corporate Charity Inc,863089448,Richardson,TX,S20,,https://projects.propublica.org/nonprofits/organizations/863089448,corporate,2025-10-17 17:59:45,,,,,,,,not_contacted,no,no,,,,medium
Corporate Counsel On Course,994563498,Houston,TX,B03,,https://projects.propublica.org/nonprofits/organizations/994563498,corporate,2025-10-17 17:59:45,,,,,,,,not_contacted,no,no,,,,medium
Corporate Travel Department Association,262106540,Houston,TX,S41,,https://projects.propublica.org/nonprofits/organizations/262106540,corporate,2025-10-17 17:59:45,,,,,,,,not_contacted,no,no,,,,medium
Dallas Corporate Recycling Council,752399664,Dallas,TX,,,https://projects.propublica.org/nonprofits/organizations/752399664,corporate,2025-10-17 17:59:45,,,,,,,,not_contacted,no,no,,,,medium
American Society Of Corporate Executives,590678381,Austin,TX,,,https://projects.propublica.org/nonprofits/organizations/590678381,corporate,2025-10-17 17:59:45,,,,,,,,not_contacted,no,no,,,,medium
Academy Advisory Corporate Council Inc,200519203,San Antonio,TX,O20,,https://projects.propublica.org/nonprofits/organizations/200519203,corporate,2025-10-17 17:59:45,,,,,,,,not_contacted,no,no,,,,medium
Partnership For Corporate Aviation Training,270391417,San Antonio,TX,M40,,https://projects.propublica.org/nonprofits/organizations/270391417,corporate,2025-10-17 17:59:45,,,,,,,,not_contacted,no,no,,,,medium
Association Of Corporate Counsel,201390930,Austin,TX,,,https://projects.propublica.org/nonprofits/organizations/201390930,corporate,2025-10-17 17:59:45,,,,,,,,not_contacted,no,no,,,,medium
Amarillo Business Foundation,752859752,Amarillo,TX,T22,,https://projects.propublica.org/nonprofits/organizations/752859752,business,2025-10-17 17:59:47,,,,,,,,not_contacted,no,no,,,,high
77 Company,933729343,Corsicana,TX,X20,,https://projects.propublica.org/nonprofits/organizations/933729343,company,2025-10-17 17:59:48,,,,,,,,not_contacted,no,no,,,,medium
Artrandi Company,852830647,Austin,TX,A20,,https://projects.propublica.org/nonprofits/organizations/852830647,company,2025-10-17 17:59:48,,,,,,,,not_contacted,no,no,,,,medium
Edinvest Company,742537669,Waco,TX,B90,,https://projects.propublica.org/nonprofits/organizations/742537669,company,2025-10-17 17:59:48,,,,,,,,not_contacted,no,no,,,,medium
Gilkapo Company,933755776,El Paso,TX,E60,,https://projects.propublica.org/nonprofits/organizations/933755776,company,2025-10-17 17:59:48,,,,,,,,not_contacted,no,no,,,,medium
Tutorscope Company,853527322,Murphy,TX,B90,,https://projects.propublica.org/nonprofits/organizations/853527322,company,2025-10-17 17:59:48,,,,,,,,not_contacted,no,no,,,,medium
Worshipbuddy Company,933532161,Sunnyvale,TX,X20,,https://projects.propublica.org/nonprofits/organizations/933532161,company,2025-10-17 17:59:48,,,,,,,,not_contacted,no,no,,,,medium
Helpinghumanitylife Company,872977163,Fort Worth,TX,P20,,https://projects.propublica.org/nonprofits/organizations/872977163,company,2025-10-17 17:59:48,,,,,,,,not_contacted,no,no,,,,medium
Fitness Company,863799638,Addison,TX,E60,,https://projects.propublica.org/nonprofits/organizations/863799638,company,2025-10-17 17:59:48,,,,,,,,not_contacted,no,no,,,,medium
Company Of Lions,853993035,New Braunfels,TX,X20,,https://projects.propublica.org/nonprofits/organizations/853993035,company,2025-10-17 17:59:48,,,,,,,,not_contacted,no,no,,,,medium
Gods Company,943476983,Keller,TX,,,https://projects.propublica.org/nonprofits/organizations/943476983,company,2025-10-17 17:59:48,,,,,,,,not_contacted,no,no,,,,medium
Preservation Freehold Company,900475369,Lewisville,TX,L20,,https://projects.propublica.org/nonprofits/organizations/900475369,company,2025-10-17 17:59:48,,,,,,,,not_contacted,no,no,,,,medium
East Broadcasting Company,951461574,Frisco,TX,X840,,https://projects.propublica.org/nonprofits/organizations/951461574,company,2025-10-17 17:59:48,,,,,,,,not_contacted,no,no,,,,medium
Hcpa Services Company,311747629,Houston,TX,A11,,https://projects.propublica.org/nonprofits/organizations/311747629,company,2025-10-17 17:59:48,,,,,,,,not_contacted,no,no,,,,medium
Ust Realty Company,205716703,Houston,TX,B114,,https://projects.propublica.org/nonprofits/organizations/205716703,company,2025-10-17 17:59:48,,,,,,,,not_contacted,no,no,,,,medium
Vortex Repertory Company,742513984,Austin,TX,A650,,https://projects.propublica.org/nonprofits/organizations/742513984,company,2025-10-17 17:59:48,,,,,,,,not_contacted,no,no,,,,medium
Harbor Playhouse Company,741293583,Corp Christi,TX,A650,,https://projects.propublica.org/nonprofits/organizations/741293583,company,2025-10-17 17:59:48,,,,,,,,not_contacted,no,no,,,,medium
Waverley Holding Company,760423548,Galveston,TX,,,https://projects.propublica.org/nonprofits/organizations/760423548,company,2025-10-17 17:59:48,,,,,,,,not_contacted,no,no,,,,medium
Christian Broadcasting Company,751427364,Abilene,TX,A34Z,,https://projects.propublica.org/nonprofits/organizations/751427364,company,2025-10-17 17:59:48,,,,,,,,not_contacted,no,no,,,,medium
Unity Theatre Company,742763040,Brenham,TX,A650,,https://projects.propublica.org/nonprofits/organizations/742763040,company,2025-10-17 17:59:48,,,,,,,,not_contacted,no,no,,,,medium
Magnolia Cemetery Company,740759030,Beaumont,TX,,,https://projects.propublica.org/nonprofits/organizations/740759030,company,2025-10-17 17:59:48,,,,,,,,not_contacted,no,no,,,,medium
Dallas Ballet Company,752303405,Dallas,TX,A620,,https://projects.propublica.org/nonprofits/organizations/752303405,company,2025-10-17 17:59:48,,,,,,,,not_contacted,no,no,,,,medium
Vitacca Productions & Company,454906167,Houston,TX,,,https://projects.propublica.org/nonprofits/organizations/454906167,company,2025-10-17 17:59:48,,,,,,,,not_contacted,no,no,,,,medium
Uptown Dance Company,721566512,Houston,TX,A62,,https://projects.propublica.org/nonprofits/organizations/721566512,company,2025-10-17 17:59:48,,,,,,,,not_contacted,no,no,,,,medium
Centrestage Theatre Company,760325190,Kingwood,TX,A650,,https://projects.propublica.org/nonprofits/organizations/760325190,company,2025-10-17 17:59:48,,,,,,,,not_contacted,no,no,,,,medium
Girls Inc Foundation Inc,371491187,Dallas,TX,P30,,https://projects.propublica.org/nonprofits/organizations/371491187,inc,2025-10-17 17:59:49,,,,,,,,not_contacted,no,no,,,,high
Liftfund Inc,742712770,San Antonio,TX,S43,,https://projects.propublica.org/nonprofits/organizations/742712770,inc,2025-10-17 17:59:49,,,,,,,,not_contacted,no,no,,,,high
Beehivefund Corporation,383602558,Spring,TX,T99,,https://projects.propublica.org/nonprofits/organizations/383602558,corporation,2025-10-17 17:59:50,,,,,,,,not_contacted,no,no,,,,high
Comunidad Corporation,752589674,Dallas,TX,L20Z,,https://projects.propublica.org/nonprofits/organizations/752589674,corporation,2025-10-17 17:59:50,,,,,,,,not_contacted,no,no,,,,medium
San Corporation,203985241,Katy,TX,X90,,https://projects.propublica.org/nonprofits/organizations/203985241,corporation,2025-10-17 17:59:50,,,,,,,,not_contacted,no,no,,,,medium
Spearhead Corporation,752281974,Spearman,TX,N31I,,https://projects.propublica.org/nonprofits/organizations/752281974,corporation,2025-10-17 17:59:50,,,,,,,,not_contacted,no,no,,,,medium
Dwipod Corporation,260756556,New Braunfels,TX,P20,,https://projects.propublica.org/nonprofits/organizations/260756556,corporation,2025-10-17 17:59:50,,,,,,,,not_contacted,no,no,,,,medium
Adora Corporation,472212522,Glen Rose,TX,B28,,https://projects.propublica.org/nonprofits/organizations/472212522,corporation,2025-10-17 17:59:50,,,,,,,,not_contacted,no,no,,,,medium
Pegues Corporation,752528295,Longview,TX,L20,,https://projects.propublica.org/nonprofits/organizations/752528295,corporation,2025-10-17 17:59:50,,,,,,,,not_contacted,no,no,,,,medium
Gatehouse Corporation,752514849,Midland,TX,,,https://projects.propublica.org/nonprofits/organizations/752514849,corporation,2025-10-17 17:59:50,,,,,,,,not_contacted,no,no,,,,medium
Narayanleela Corporation,851814623,Frisco,TX,X70,,https://projects.propublica.org/nonprofits/organizations/851814623,corporation,2025-10-17 17:59:50,,,,,,,,not_contacted,no,no,,,,medium
Litspire Corporation,932288468,Frisco,TX,B12,,https://projects.propublica.org/nonprofits/organizations/932288468,corporation,2025-10-17 17:59:50,,,,,,,,not_contacted,no,no,,,,medium
Gcoi Corporation,453684171,Spring,TX,T30,,https://projects.propublica.org/nonprofits/organizations/453684171,corporation,2025-10-17 17:59:50,,,,,,,,not_contacted,no,no,,,,medium
Workpen Corporation,923175487,Cedar Park,TX,B90,,https://projects.propublica.org/nonprofits/organizations/923175487,corporation,2025-10-17 17:59:50,,,,,,,,not_contacted,no,no,,,,medium
Aimnate Corporation,873047544,Mckinney,TX,P20,,https://projects.propublica.org/nonprofits/organizations/873047544,corporation,2025-10-17 17:59:50,,,,,,,,not_contacted,no,no,,,,medium
Bais Corporation,831793205,Beaumont,TX,I80,,https://projects.propublica.org/nonprofits/organizations/831793205,corporation,2025-10-17 17:59:50,,,,,,,,not_contacted,no,no,,,,medium
Cottonwood Corporation,742617916,Hubbard,TX,Y50,,https://projects.propublica.org/nonprofits/organizations/742617916,corporation,2025-10-17 17:59:50,,,,,,,,not_contacted,no,no,,,,medium
Czerka Corporation,813327739,Temple,TX,,,https://projects.propublica.org/nonprofits/organizations/813327739,corporation,2025-10-17 17:59:50,,,,,,,,not_contacted,no,no,,,,medium
Educationist Corporation,852535843,Austin,TX,B99,,https://projects.propublica.org/nonprofits/organizations/852535843,corporation,2025-10-17 17:59:50,,,,,,,,not_contacted,no,no,,,,medium
Evolvezone Corporation,873021305,Livingston,TX,P01,,https://projects.propublica.org/nonprofits/organizations/873021305,corporation,2025-10-17 17:59:50,,,,,,,,not_contacted,no,no,,,,medium
Flhr Corporation,882870277,Katy,TX,Z99,,https://projects.propublica.org/nonprofits/organizations/882870277,corporation,2025-10-17 17:59:50,,,,,,,,not_contacted,no,no,,,,medium
Foundery Corporation,453526808,Crockett,TX,S20,,https://projects.propublica.org/nonprofits/organizations/453526808,corporation,2025-10-17 17:59:50,,,,,,,,not_contacted,no,no,,,,medium
Ihope Corporation,851600912,Richardson,TX,P60,,https://projects.propublica.org/nonprofits/organizations/851600912,corporation,2025-10-17 17:59:50,,,,,,,,not_contacted,no,no,,,,medium
Iroboticspk Corporation,920392582,Cedar Hill,TX,O50,,https://projects.propublica.org/nonprofits/organizations/920392582,corporation,2025-10-17 17:59:50,,,,,,,,not_contacted,no,no,,,,medium
Iron Corporation,471816501,Dallas,TX,W70,,https://projects.propublica.org/nonprofits/organizations/471816501,corporation,2025-10-17 17:59:50,,,,,,,,not_contacted,no,no,,,,medium
Khameron Corporation,824226761,Houston,TX,P42,,https://projects.propublica.org/nonprofits/organizations/824226761,corporation,2025-10-17 17:59:50,,,,,,,,not_contacted,no,no,,,,medium
Levantatech Corporation,921523847,Harwood,TX,B60,,https://projects.propublica.org/nonprofits/organizations/921523847,corporation,2025-10-17 17:59:50,,,,,,,,not_contacted,no,no,,,,medium
Irving Healthcare Foundation,751570933,Irving,TX,E22I,,https://projects.propublica.org/nonprofits/organizations/751570933,healthcare,2025-10-17 17:59:56,,,,,,,,not_contacted,no,no,,,,high
Tenet Healthcare Foundation,742873537,Dallas,TX,T90Z,,https://projects.propublica.org/nonprofits/organizations/742873537,healthcare,2025-10-17 17:59:56,,,,,,,,not_contacted,no,no,,,,high
Ogh Healthcare Foundation,831341228,Perryton,TX,E12,,https://projects.propublica.org/nonprofits/organizations/831341228,healthcare,2025-10-17 17:59:56,,,,,,,,not_contacted,no,no,,,,high
Medina Healthcare Fund,680561314,Hondo,TX,E112,,https://projects.propublica.org/nonprofits/organizations/680561314,healthcare,2025-10-17 17:59:56,,,,,,,,not_contacted,no,no,,,,high
Uvalde Healthcare Foundation,272933693,Uvalde,TX,E60,,https://projects.propublica.org/nonprofits/organizations/272933693,healthcare,2025-10-17 17:59:56,,,,,,,,not_contacted,no,no,,,,high
Georgetown Healthcare Foundation,742626552,Georgetown,TX,,,https://projects.propublica.org/nonprofits/organizations/742626552,healthcare,2025-10-17 17:59:56,,,,,,,,not_contacted,no,no,,,,high
Bayside Healthcare Foundation,205853573,Anahuac,TX,E60,,https://projects.propublica.org/nonprofits/organizations/205853573,healthcare,2025-10-17 17:59:56,,,,,,,,not_contacted,no,no,,,,high
Ems Healthcare Foundation,922847931,Spring,TX,B02,,https://projects.propublica.org/nonprofits/organizations/922847931,healthcare,2025-10-17 17:59:56,,,,,,,,not_contacted,no,no,,,,high
Southern Newspapers Inc Media Employeess Medical Plan Trust,760087045,Houston,TX,,,https://projects.propublica.org/nonprofits/organizations/760087045,medical,2025-10-17 17:59:58,,,,,,,,not_contacted,no,no,,,,high
Southwestern Medical Foundation,750945939,Dallas,TX,B110,,https://projects.propublica.org/nonprofits/organizations/750945939,medical,2025-10-17 17:59:58,,,,,,,,not_contacted,no,no,,,,high
Electrical Medical Trust,741621269,Houston,TX,,,https://projects.propublica.org/nonprofits/organizations/741621269,medical,2025-10-17 17:59:58,,,,,,,,not_contacted,no,no,,,,high
Medical Benevolence Foundation,626046138,Sugar Land,TX,Q300,,https://projects.propublica.org/nonprofits/organizations/626046138,medical,2025-10-17 17:59:58,,,,,,,,not_contacted,no,no,,,,high
Sunland Medical Foundation,431977757,Sachse,TX,E20,,https://projects.propublica.org/nonprofits/organizations/431977757,medical,2025-10-17 17:59:58,,,,,,,,not_contacted,no,no,,,,high
Southwest Human Development Services Corporation,742378120,Austin,TX,K40Z,,https://projects.propublica.org/nonprofits/organizations/742378120,human services,2025-10-17 18:00:02,,,,,,,,not_contacted,no,no,,,,medium
Education And Social Services Institute,471861464,Dallas,TX,B90,,https://projects.propublica.org/nonprofits/organizations/471861464,social services,2025-10-17 18:00:03,,,,,,,,not_contacted,no,no,,,,medium
Susan G Komen Breast Cancer Foundation,752875179,Dallas,TX,,,https://projects.propublica.org/nonprofits/organizations/752875179,new york,2025-10-17 18:00:07,,,,,,,,not_contacted,no,no,,,,high
Susan G Komen Breast Cancer Foundation,912049420,Dallas,TX,G320,,https://projects.propublica.org/nonprofits/organizations/912049420,new york,2025-10-17 18:00:07,,,,,,,,not_contacted,no,no,,,,high
National Mentoring Foundation,862113567,San Antonio,TX,B80,,https://projects.propublica.org/nonprofits/organizations/862113567,national,2025-10-17 18:00:09,,,,,,,,not_contacted,no,no,,,,high
National Piano Foundation,366129524,Dallas,TX,,,https://projects.propublica.org/nonprofits/organizations/366129524,national,2025-10-17 18:00:09,,,,,,,,not_contacted,no,no,,,,high
National Instruments Foundation,383667781,Austin,TX,T20,,https://projects.propublica.org/nonprofits/organizations/383667781,national,2025-10-17 18:00:09,,,,,,,,not_contacted,no,no,,,,high
Awareness Foundation,271564922,Englewood,FL,T20,,https://projects.propublica.org/nonprofits/organizations/271564922,foundation,2025-10-17 18:00:13,,,,,,,,not_contacted,no,no,,,,high
Hocag Foundation,863327293,Cape Coral,FL,,,https://projects.propublica.org/nonprofits/organizations/863327293,foundation,2025-10-17 18:00:13,,,,,,,,not_contacted,no,no,,,,high
Ohf Foundation,923658979,Tallahassee,FL,B90,,https://projects.propublica.org/nonprofits/organizations/923658979,foundation,2025-10-17 18:00:13,,,,,,,,not_contacted,no,no,,,,high
Cloverfields Foundation,201919362,Naples,FL,T22,,https://projects.propublica.org/nonprofits/organizations/201919362,foundation,2025-10-17 18:00:13,,,,,,,,not_contacted,no,no,,,,high
Kovner Foundation,223468030,Jupiter,FL,T22,,https://projects.propublica.org/nonprofits/organizations/223468030,foundation,2025-10-17 18:00:13,,,,,,,,not_contacted,no,no,,,,high
Brightside Foundation,934714500,Lantana,FL,T22,,https://projects.propublica.org/nonprofits/organizations/934714500,foundation,2025-10-17 18:00:13,,,,,,,,not_contacted,no,no,,,,high
Patocs Foundation,522067644,Marco Island,FL,T20Z,,https://projects.propublica.org/nonprofits/organizations/522067644,foundation,2025-10-17 18:00:13,,,,,,,,not_contacted,no,no,,,,high
Rock Foundation,61603870,N Palm Beach,FL,T22,,https://projects.propublica.org/nonprofits/organizations/61603870,foundation,2025-10-17 18:00:13,,,,,,,,not_contacted,no,no,,,,high
Pentecost Foundation,271471062,Bradenton,FL,T22,,https://projects.propublica.org/nonprofits/organizations/271471062,foundation,2025-10-17 18:00:13,,,,,,,,not_contacted,no,no,,,,high
Aws Foundation,650148545,Doral,FL,J22,,https://projects.propublica.org/nonprofits/organizations/650148545,foundation,2025-10-17 18:00:13,,,,,,,,not_contacted,no,no,,,,high
Klorfine Foundation,227743385,Riviera Beach,FL,,,https://projects.propublica.org/nonprofits/organizations/227743385,foundation,2025-10-17 18:00:13,,,,,,,,not_contacted,no,no,,,,high
Taft Foundation,201232852,Fort Lauderdale,FL,T20,,https://projects.propublica.org/nonprofits/organizations/201232852,foundation,2025-10-17 18:00:13,,,,,,,,not_contacted,no,no,,,,high
Brunetti Foundation,237346205,Hialeah,FL,,,https://projects.propublica.org/nonprofits/organizations/237346205,foundation,2025-10-17 18:00:13,,,,,,,,not_contacted,no,no,,,,high
Volo Foundation,472415681,Palm Bch Gdns,FL,T22,,https://projects.propublica.org/nonprofits/organizations/472415681,foundation,2025-10-17 18:00:13,,,,,,,,not_contacted,no,no,,,,high
Gogo Foundation,465139252,West Palm Bch,FL,T50,,https://projects.propublica.org/nonprofits/organizations/465139252,foundation,2025-10-17 18:00:13,,,,,,,,not_contacted,no,no,,,,high
Ujala Foundation,263274193,Bonita Springs,FL,T20,,https://projects.propublica.org/nonprofits/organizations/263274193,foundation,2025-10-17 18:00:13,,,,,,,,not_contacted,no,no,,,,high
Melville Foundation,222777140,N Palm Beach,FL,,,https://projects.propublica.org/nonprofits/organizations/222777140,foundation,2025-10-17 18:00:13,,,,,,,,not_contacted,no,no,,,,high
Rsps Foundation,922576228,Delray Beach,FL,T20,,https://projects.propublica.org/nonprofits/organizations/922576228,foundation,2025-10-17 18:00:13,,,,,,,,not_contacted,no,no,,,,high
Shaluly Foundation,462860780,Safety Harbor,FL,T31,,https://projects.propublica.org/nonprofits/organizations/462860780,foundation,2025-10-17 18:00:13,,,,,,,,not_contacted,no,no,,,,high
Wescustogo Foundation,203848164,Captiva,FL,T20,,https://projects.propublica.org/nonprofits/organizations/203848164,foundation,2025-10-17 18:00:13,,,,,,,,not_contacted,no,no,,,,high
Harder Foundation,386048242,Naples,FL,,,https://projects.propublica.org/nonprofits/organizations/386048242,foundation,2025-10-17 18:00:13,,,,,,,,not_contacted,no,no,,,,high
Schoen Foundation,650379356,Naples,FL,,,https://projects.propublica.org/nonprofits/organizations/650379356,foundation,2025-10-17 18:00:13,,,,,,,,not_contacted,no,no,,,,high
Cadena Foundation,812702562,Hallandle Bch,FL,Q33,,https://projects.propublica.org/nonprofits/organizations/812702562,foundation,2025-10-17 18:00:13,,,,,,,,not_contacted,no,no,,,,high
Preeclampsia Foundation,912073087,Melbourne,FL,H80,,https://projects.propublica.org/nonprofits/organizations/912073087,foundation,2025-10-17 18:00:13,,,,,,,,not_contacted,no,no,,,,high
Lr Foundation,932326341,Miami,FL,T20,,https://projects.propublica.org/nonprofits/organizations/932326341,foundation,2025-10-17 18:00:13,,,,,,,,not_contacted,no,no,,,,high
Faith Foundations,994703566,Bonifay,FL,X20,,https://projects.propublica.org/nonprofits/organizations/994703566,foundations,2025-10-17 18:00:14,,,,,,,,not_contacted,no,no,,,,high
Pouring Foundations,934207597,Cantonment,FL,Z99,,https://projects.propublica.org/nonprofits/organizations/934207597,foundations,2025-10-17 18:00:14,,,,,,,,not_contacted,no,no,,,,high
Turner Foundations,832852821,St Petersburg,FL,J30,,https://projects.propublica.org/nonprofits/organizations/832852821,foundations,2025-10-17 18:00:14,,,,,,,,not_contacted,no,no,,,,high
Victorious Foundations,824512308,Jacksonville,FL,K99,,https://projects.propublica.org/nonprofits/organizations/824512308,foundations,2025-10-17 18:00:14,,,,,,,,not_contacted,no,no,,,,high
Massey Legacy Foundation Inc,921241612,Ocoee,FL,T31,,https://projects.propublica.org/nonprofits/organizations/921241612,foundations,2025-10-17 18:00:14,,,,,,,,not_contacted,no,no,,,,high
Mightycause Charitable Foundation,272499903,Marianna,FL,T50,,https://projects.propublica.org/nonprofits/organizations/272499903,charitable foundation,2025-10-17 18:00:15,,,,,,,,not_contacted,no,no,,,,high
Moore Charitable Foundation,922765938,Sanford,FL,,,https://projects.propublica.org/nonprofits/organizations/922765938,charitable foundation,2025-10-17 18:00:15,,,,,,,,not_contacted,no,no,,,,high
Fanatics Charitable Foundation,921289552,Jacksonville,FL,T11,,https://projects.propublica.org/nonprofits/organizations/921289552,charitable foundation,2025-10-17 18:00:15,,,,,,,,not_contacted,no,no,,,,high
Ventus Charitable Foundation,472853600,Palm Bch Gdns,FL,T20,,https://projects.propublica.org/nonprofits/organizations/472853600,charitable foundation,2025-10-17 18:00:15,,,,,,,,not_contacted,no,no,,,,high
Turquoise Charitable Foundation,871174327,Clearwater,FL,T20,,https://projects.propublica.org/nonprofits/organizations/871174327,charitable foundation,2025-10-17 18:00:15,,,,,,,,not_contacted,no,no,,,,high
Fora Charitable Foundation,921437986,Miami,FL,T20,,https://projects.propublica.org/nonprofits/organizations/921437986,charitable foundation,2025-10-17 18:00:15,,,,,,,,not_contacted,no,no,,,,high
Relgalf Charitable Foundation,596874133,West Palm Bch,FL,,,https://projects.propublica.org/nonprofits/organizations/596874133,charitable foundation,2025-10-17 18:00:15,,,,,,,,not_contacted,no,no,,,,high
Ahuja Charitable Foundation,341685088,Naples,FL,,,https://projects.propublica.org/nonprofits/organizations/341685088,charitable foundation,2025-10-17 18:00:15,,,,,,,,not_contacted,no,no,,,,high
Wynne Charitable Foundation,261583201,Miami,FL,T20,,https://projects.propublica.org/nonprofits/organizations/261583201,charitable foundation,2025-10-17 18:00:15,,,,,,,,not_contacted,no,no,,,,high
Byby Charitable Foundation,471679016,Surfside,FL,T22,,https://projects.propublica.org/nonprofits/organizations/471679016,charitable foundation,2025-10-17 18:00:15,,,,,,,,not_contacted,no,no,,,,high
Sunshine Charitable Foundation,883462136,Doral,FL,T99,,https://projects.propublica.org/nonprofits/organizations/883462136,charitable foundation,2025-10-17 18:00:15,,,,,,,,not_contacted,no,no,,,,high
Mihalich Charitable Foundation,843987414,Delray Beach,FL,T20,,https://projects.propublica.org/nonprofits/organizations/843987414,charitable foundation,2025-10-17 18:00:15,,,,,,,,not_contacted,no,no,,,,high
Nubren Charitable Foundation,134011269,Surfside,FL,T22,,https://projects.propublica.org/nonprofits/organizations/134011269,charitable foundation,2025-10-17 18:00:15,,,,,,,,not_contacted,no,no,,,,high
Eden Charitable Foundation,232706163,Jupiter,FL,,,https://projects.propublica.org/nonprofits/organizations/232706163,charitable foundation,2025-10-17 18:00:15,,,,,,,,not_contacted,no,no,,,,high
Rb Charitable Foundation,854291663,Palm Bch Gdns,FL,T20,,https://projects.propublica.org/nonprofits/organizations/854291663,charitable foundation,2025-10-17 18:00:15,,,,,,,,not_contacted,no,no,,,,high
Dl Charitable Foundation,205321479,Sarasota,FL,T22,,https://projects.propublica.org/nonprofits/organizations/205321479,charitable foundation,2025-10-17 18:00:15,,,,,,,,not_contacted,no,no,,,,high
Gureghian Charitable Foundation,272512489,Palm Beach,FL,T22,,https://projects.propublica.org/nonprofits/organizations/272512489,charitable foundation,2025-10-17 18:00:15,,,,,,,,not_contacted,no,no,,,,high
Wow Charitable Foundation,274344349,Green Cove Springs,FL,T20,,https://projects.propublica.org/nonprofits/organizations/274344349,charitable foundation,2025-10-17 18:00:15,,,,,,,,not_contacted,no,no,,,,high
Beckett Charitable Foundation,541188521,The Villages,FL,,,https://projects.propublica.org/nonprofits/organizations/541188521,charitable foundation,2025-10-17 18:00:15,,,,,,,,not_contacted,no,no,,,,high
Duo Charitable Foundation,586365349,Ponte Vedra,FL,T20Z,,https://projects.propublica.org/nonprofits/organizations/586365349,charitable foundation,2025-10-17 18:00:15,,,,,,,,not_contacted,no,no,,,,high
Hubert Charitable Foundation,721462516,N Ft Myers,FL,T22,,https://projects.propublica.org/nonprofits/organizations/721462516,charitable foundation,2025-10-17 18:00:15,,,,,,,,not_contacted,no,no,,,,high
Hascoe Charitable Foundation,43647404,Fisher Island,FL,T21,,https://projects.propublica.org/nonprofits/organizations/43647404,charitable foundation,2025-10-17 18:00:15,,,,,,,,not_contacted,no,no,,,,high
Stuhley Charitable Foundation,882706164,Nokomis,FL,P20,,https://projects.propublica.org/nonprofits/organizations/882706164,charitable foundation,2025-10-17 18:00:15,,,,,,,,not_contacted,no,no,,,,high
Charitable Foundation Usa,431783807,Naples,FL,T70,,https://projects.propublica.org/nonprofits/organizations/431783807,charitable foundation,2025-10-17 18:00:15,,,,,,,,not_contacted,no,no,,,,high
Uriel Charitable Foundation,133386873,Boca Raton,FL,T20,,https://projects.propublica.org/nonprofits/organizations/133386873,charitable foundation,2025-10-17 18:00:15,,,,,,,,not_contacted,no,no,,,,high
Berges Family Foundation,471426743,Vero Beach,FL,W99,,https://projects.propublica.org/nonprofits/organizations/471426743,family foundation,2025-10-17 18:00:17,,,,,,,,not_contacted,no,no,,,,high
Edwardson Family Foundation,363757845,Boca Grande,FL,,,https://projects.propublica.org/nonprofits/organizations/363757845,family foundation,2025-10-17 18:00:17,,,,,,,,not_contacted,no,no,,,,high
Vinik Family Foundation,911917506,Tampa,FL,B82,,https://projects.propublica.org/nonprofits/organizations/911917506,family foundation,2025-10-17 18:00:17,,,,,,,,not_contacted,no,no,,,,high
Hayes Family Foundation,372168030,Sarasota,FL,B19,,https://projects.propublica.org/nonprofits/organizations/372168030,family foundation,2025-10-17 18:00:17,,,,,,,,not_contacted,no,no,,,,high
Youngquist Family Foundation,332449996,Naples,FL,T20,,https://projects.propublica.org/nonprofits/organizations/332449996,family foundation,2025-10-17 18:00:17,,,,,,,,not_contacted,no,no,,,,high
Kmj Family Foundation,260554486,Bonita Spgs,FL,T22,,https://projects.propublica.org/nonprofits/organizations/260554486,family foundation,2025-10-17 18:00:17,,,,,,,,not_contacted,no,no,,,,high
Ferri Family Foundation,464350290,Key Largo,FL,T20,,https://projects.propublica.org/nonprofits/organizations/464350290,family foundation,2025-10-17 18:00:17,,,,,,,,not_contacted,no,no,,,,high
Scaife Family Foundation,251427015,West Palm Beach,FL,,,https://projects.propublica.org/nonprofits/organizations/251427015,family foundation,2025-10-17 18:00:17,,,,,,,,not_contacted,no,no,,,,high
Straz Family Foundation,391776211,Tampa,FL,T99Z,,https://projects.propublica.org/nonprofits/organizations/391776211,family foundation,2025-10-17 18:00:17,,,,,,,,not_contacted,no,no,,,,high
Hayes Family Foundation,823120634,Ft Lauderdale,FL,T22,,https://projects.propublica.org/nonprofits/organizations/823120634,family foundation,2025-10-17 18:00:17,,,,,,,,not_contacted,no,no,,,,high
Adams Family Foundation,461605016,Naples,FL,T20,,https://projects.propublica.org/nonprofits/organizations/461605016,family foundation,2025-10-17 18:00:17,,,,,,,,not_contacted,no,no,,,,high
Prentice Family Foundation,202557712,Jacksonville,FL,T20,,https://projects.propublica.org/nonprofits/organizations/202557712,family foundation,2025-10-17 18:00:17,,,,,,,,not_contacted,no,no,,,,high
Hayes Family Foundation,823326755,Jupiter,FL,T20,,https://projects.propublica.org/nonprofits/organizations/823326755,family foundation,2025-10-17 18:00:17,,,,,,,,not_contacted,no,no,,,,high
Winston Family Foundation,592678732,Jacksonville,FL,,,https://projects.propublica.org/nonprofits/organizations/592678732,family foundation,2025-10-17 18:00:17,,,,,,,,not_contacted,no,no,,,,high
Skl Family Foundation,455537478,Nokomis,FL,P12,,https://projects.propublica.org/nonprofits/organizations/455537478,family foundation,2025-10-17 18:00:17,,,,,,,,not_contacted,no,no,,,,high
Cline Family Foundation,262866189,Palm Bch Gdns,FL,T22,,https://projects.propublica.org/nonprofits/organizations/262866189,family foundation,2025-10-17 18:00:17,,,,,,,,not_contacted,no,no,,,,high
Stiller Family Foundation,820542046,West Palm Bch,FL,P50,,https://projects.propublica.org/nonprofits/organizations/820542046,family foundation,2025-10-17 18:00:17,,,,,,,,not_contacted,no,no,,,,high
Almira Family Foundation,205116468,Fort Myers,FL,T20,,https://projects.propublica.org/nonprofits/organizations/205116468,family foundation,2025-10-17 18:00:17,,,,,,,,not_contacted,no,no,,,,high
Abbhi Family Foundation,843757532,Coral Gables,FL,T99,,https://projects.propublica.org/nonprofits/organizations/843757532,family foundation,2025-10-17 18:00:17,,,,,,,,not_contacted,no,no,,,,high
Abramson Family Foundation,311482888,Jupiter,FL,T20Z,,https://projects.propublica.org/nonprofits/organizations/311482888,family foundation,2025-10-17 18:00:17,,,,,,,,not_contacted,no,no,,,,high
Falic Family Foundation,202734770,Hollywood,FL,T20,,https://projects.propublica.org/nonprofits/organizations/202734770,family foundation,2025-10-17 18:00:17,,,,,,,,not_contacted,no,no,,,,high
Fruth Family Foundation,710956112,Bonita Spgs,FL,T21,,https://projects.propublica.org/nonprofits/organizations/710956112,family foundation,2025-10-17 18:00:17,,,,,,,,not_contacted,no,no,,,,high
Ruane Family Foundation,461612574,N Palm Beach,FL,T22,,https://projects.propublica.org/nonprofits/organizations/461612574,family foundation,2025-10-17 18:00:17,,,,,,,,not_contacted,no,no,,,,high
Wong Family Foundation,471376636,Palm City,FL,T20,,https://projects.propublica.org/nonprofits/organizations/471376636,family foundation,2025-10-17 18:00:17,,,,,,,,not_contacted,no,no,,,,high
Hosseini Family Foundation,841947963,Daytona Beach,FL,T22,,https://projects.propublica.org/nonprofits/organizations/841947963,family foundation,2025-10-17 18:00:17,,,,,,,,not_contacted,no,no,,,,high
Community Service Foundation,590866939,Clearwater,FL,,,https://projects.propublica.org/nonprofits/organizations/590866939,community foundation,2025-10-17 18:00:18,,,,,,,,not_contacted,no,no,,,,high
Bethel Community Foundation,593391995,St Petersburg,FL,B24,,https://projects.propublica.org/nonprofits/organizations/593391995,community foundation,2025-10-17 18:00:18,,,,,,,,not_contacted,no,no,,,,high
Angelink Community Foundation,852671534,Naples,FL,,,https://projects.propublica.org/nonprofits/organizations/852671534,community foundation,2025-10-17 18:00:18,,,,,,,,not_contacted,no,no,,,,high
Wellcare Community Foundation,274212954,Tampa,FL,T20,,https://projects.propublica.org/nonprofits/organizations/274212954,community foundation,2025-10-17 18:00:18,,,,,,,,not_contacted,no,no,,,,high
Community First Foundation,201107861,Panama City,FL,T31,,https://projects.propublica.org/nonprofits/organizations/201107861,community foundation,2025-10-17 18:00:18,,,,,,,,not_contacted,no,no,,,,high
Community Awareness Foundation,821395382,Miami,FL,P20,,https://projects.propublica.org/nonprofits/organizations/821395382,community foundation,2025-10-17 18:00:18,,,,,,,,not_contacted,no,no,,,,high
Community Wellness Foundation,460892277,Sarasota,FL,O50,,https://projects.propublica.org/nonprofits/organizations/460892277,community foundation,2025-10-17 18:00:18,,,,,,,,not_contacted,no,no,,,,high
Link Community Foundation,920725529,Sarasota,FL,S11,,https://projects.propublica.org/nonprofits/organizations/920725529,community foundation,2025-10-17 18:00:18,,,,,,,,not_contacted,no,no,,,,high
Palms Community Foundation,464129403,Ft Lauderdale,FL,S20,,https://projects.propublica.org/nonprofits/organizations/464129403,community foundation,2025-10-17 18:00:18,,,,,,,,not_contacted,no,no,,,,high
Placida Community Foundation,473358590,Placida,FL,B82,,https://projects.propublica.org/nonprofits/organizations/473358590,community foundation,2025-10-17 18:00:18,,,,,,,,not_contacted,no,no,,,,high
Zazza Community Foundation,462658414,Melbourne,FL,O12,,https://projects.propublica.org/nonprofits/organizations/462658414,community foundation,2025-10-17 18:00:18,,,,,,,,not_contacted,no,no,,,,high
Community Forum Foundation,830780284,Fort Myers,FL,S20,,https://projects.propublica.org/nonprofits/organizations/830780284,community foundation,2025-10-17 18:00:18,,,,,,,,not_contacted,no,no,,,,high
Community Foundation Inc,933691841,Daytona Beach,FL,N50,,https://projects.propublica.org/nonprofits/organizations/933691841,community foundation,2025-10-17 18:00:18,,,,,,,,not_contacted,no,no,,,,high
Cornerstone Community Foundation,933618902,Fort Myers,FL,T23,,https://projects.propublica.org/nonprofits/organizations/933618902,community foundation,2025-10-17 18:00:18,,,,,,,,not_contacted,no,no,,,,high
Esteam Community Foundation Incorporated,810930229,Orlando,FL,T30,,https://projects.propublica.org/nonprofits/organizations/810930229,community foundation,2025-10-17 18:00:18,,,,,,,,not_contacted,no,no,,,,high
Gilead Community Foundation Inc,863765448,Miami,FL,S20,,https://projects.propublica.org/nonprofits/organizations/863765448,community foundation,2025-10-17 18:00:18,,,,,,,,not_contacted,no,no,,,,high
Pinellas Community Foundation,237113194,Clearwater,FL,T31Z,,https://projects.propublica.org/nonprofits/organizations/237113194,community foundation,2025-10-17 18:00:18,,,,,,,,not_contacted,no,no,,,,high
Givewell Community Foundation Inc,593649871,Lakeland,FL,T31,,https://projects.propublica.org/nonprofits/organizations/593649871,community foundation,2025-10-17 18:00:18,,,,,,,,not_contacted,no,no,,,,high
Collier Community Foundation Inc,592396243,Naples,FL,,,https://projects.propublica.org/nonprofits/organizations/592396243,community foundation,2025-10-17 18:00:18,,,,,,,,not_contacted,no,no,,,,high
Indian River Community Foundation,201729243,Vero Beach,FL,T31,,https://projects.propublica.org/nonprofits/organizations/201729243,community foundation,2025-10-17 18:00:18,,,,,,,,not_contacted,no,no,,,,high
Manatee Community Foundation Inc,650833500,Bradenton,FL,T31,,https://projects.propublica.org/nonprofits/organizations/650833500,community foundation,2025-10-17 18:00:18,,,,,,,,not_contacted,no,no,,,,high
Charlotte Community Foundation Inc,650455319,Punta Gorda,FL,T310,,https://projects.propublica.org/nonprofits/organizations/650455319,community foundation,2025-10-17 18:00:18,,,,,,,,not_contacted,no,no,,,,high
Community Police Relations Foundation,823570045,Miami Beach,FL,T12,,https://projects.propublica.org/nonprofits/organizations/823570045,community foundation,2025-10-17 18:00:18,,,,,,,,not_contacted,no,no,,,,high
Lba Community Foundation Inc,465646185,Coral Gables,FL,,,https://projects.propublica.org/nonprofits/organizations/465646185,community foundation,2025-10-17 18:00:18,,,,,,,,not_contacted,no,no,,,,high
Cape Coral Community Foundation,237410312,Cape Coral,FL,T31,,https://projects.propublica.org/nonprofits/organizations/237410312,community foundation,2025-10-17 18:00:18,,,,,,,,not_contacted,no,no,,,,high
Bartholomew Private Foundation,262198972,Naples,FL,T20,,https://projects.propublica.org/nonprofits/organizations/262198972,private foundation,2025-10-17 18:00:19,,,,,,,,not_contacted,no,no,,,,high
Jath Private Foundation,856802069,Venice,FL,,,https://projects.propublica.org/nonprofits/organizations/856802069,private foundation,2025-10-17 18:00:19,,,,,,,,not_contacted,no,no,,,,high
Tehra Private Foundation,866662141,St Petersburg,FL,,,https://projects.propublica.org/nonprofits/organizations/866662141,private foundation,2025-10-17 18:00:19,,,,,,,,not_contacted,no,no,,,,high
Mufuka Private Foundation,371465512,St Petersburg,FL,B92,,https://projects.propublica.org/nonprofits/organizations/371465512,private foundation,2025-10-17 18:00:19,,,,,,,,not_contacted,no,no,,,,high
Umalinda Private Foundation,271529353,Hollywood,FL,B90,,https://projects.propublica.org/nonprofits/organizations/271529353,private foundation,2025-10-17 18:00:19,,,,,,,,not_contacted,no,no,,,,high
Wooldridge Private Foundation,921315465,Fort Lauderdale,FL,,,https://projects.propublica.org/nonprofits/organizations/921315465,private foundation,2025-10-17 18:00:19,,,,,,,,not_contacted,no,no,,,,high
Teh Private Foundation,276969895,Miami Beach,FL,T20,,https://projects.propublica.org/nonprofits/organizations/276969895,private foundation,2025-10-17 18:00:19,,,,,,,,not_contacted,no,no,,,,high
Crawford Howard Private Foundation,650756107,West Palm Bch,FL,T30Z,,https://projects.propublica.org/nonprofits/organizations/650756107,private foundation,2025-10-17 18:00:19,,,,,,,,not_contacted,no,no,,,,high
Salie Family Private Foundation,311595419,Sarasota,FL,X20Z,,https://projects.propublica.org/nonprofits/organizations/311595419,private foundation,2025-10-17 18:00:19,,,,,,,,not_contacted,no,no,,,,high
Fricks Private Foundation Tr,656387910,Naples,FL,T22,,https://projects.propublica.org/nonprofits/organizations/656387910,private foundation,2025-10-17 18:00:19,,,,,,,,not_contacted,no,no,,,,high
Kristine Olsen Private Foundation,656400516,North Palm Beach,FL,T230,,https://projects.propublica.org/nonprofits/organizations/656400516,private foundation,2025-10-17 18:00:19,,,,,,,,not_contacted,no,no,,,,high
Kate Obstgarten Private Foundation,201567943,Boca Raton,FL,T20,,https://projects.propublica.org/nonprofits/organizations/201567943,private foundation,2025-10-17 18:00:19,,,,,,,,not_contacted,no,no,,,,high
David Friedman Private Foundation,264582066,Boca Raton,FL,T22,,https://projects.propublica.org/nonprofits/organizations/264582066,private foundation,2025-10-17 18:00:19,,,,,,,,not_contacted,no,no,,,,high
Mcb Private Foundation Inc,812212003,Santa Rsa Bch,FL,T22,,https://projects.propublica.org/nonprofits/organizations/812212003,private foundation,2025-10-17 18:00:19,,,,,,,,not_contacted,no,no,,,,high
Stan Fried Private Foundation,651022940,North Palm Beach,FL,T22,,https://projects.propublica.org/nonprofits/organizations/651022940,private foundation,2025-10-17 18:00:19,,,,,,,,not_contacted,no,no,,,,high
Egger Private Foundation Inc,650746709,Fort Myers,FL,,,https://projects.propublica.org/nonprofits/organizations/650746709,private foundation,2025-10-17 18:00:19,,,,,,,,not_contacted,no,no,,,,high
Littleton Private Family Foundation,872746004,Longwood,FL,T20,,https://projects.propublica.org/nonprofits/organizations/872746004,private foundation,2025-10-17 18:00:19,,,,,,,,not_contacted,no,no,,,,high
Oconnell Private Family Foundation,473939104,Bonita Spgs,FL,T20,,https://projects.propublica.org/nonprofits/organizations/473939104,private foundation,2025-10-17 18:00:19,,,,,,,,not_contacted,no,no,,,,high
Silberstein Family Private Foundation,874108797,Hollywood,FL,T99,,https://projects.propublica.org/nonprofits/organizations/874108797,private foundation,2025-10-17 18:00:19,,,,,,,,not_contacted,no,no,,,,high
Giving Private Family Foundation,926643987,Fort Walton Beach,FL,A70,,https://projects.propublica.org/nonprofits/organizations/926643987,private foundation,2025-10-17 18:00:19,,,,,,,,not_contacted,no,no,,,,high
Private Key Foundation Inc,841948159,Miami,FL,B12,,https://projects.propublica.org/nonprofits/organizations/841948159,private foundation,2025-10-17 18:00:19,,,,,,,,not_contacted,no,no,,,,high
Turning Point Private Foundation,871490574,P C Beach,FL,T20,,https://projects.propublica.org/nonprofits/organizations/871490574,private foundation,2025-10-17 18:00:19,,,,,,,,not_contacted,no,no,,,,high
Mcdermott Private Foundation,656062921,North Palm Beach,FL,,,https://projects.propublica.org/nonprofits/organizations/656062921,private foundation,2025-10-17 18:00:19,,,,,,,,not_contacted,no,no,,,,high
Bayfront Privat Foundation,592953803,P C Beach,FL,,,https://projects.propublica.org/nonprofits/organizations/592953803,private foundation,2025-10-17 18:00:19,,,,,,,,not_contacted,no,no,,,,high
Langham Private Foundation Tr,926361152,Sarasota,FL,T20,,https://projects.propublica.org/nonprofits/organizations/926361152,private foundation,2025-10-17 18:00:19,,,,,,,,not_contacted,no,no,,,,high
Corporate Creations Foundation Inc,208077460,Palm Beach Gardens,FL,T31,,https://projects.propublica.org/nonprofits/organizations/208077460,corporate foundation,2025-10-17 18:00:20,,,,,,,,not_contacted,no,no,,,,high
Corporate Social Responsibilty Foundation Inc,271182867,Miami,FL,B03,,https://projects.propublica.org/nonprofits/organizations/271182867,corporate foundation,2025-10-17 18:00:20,,,,,,,,not_contacted,no,no,,,,high
Pit Stop Corporate Foundation Inc,854269259,Sarasota,FL,P99,,https://projects.propublica.org/nonprofits/organizations/854269259,corporate foundation,2025-10-17 18:00:20,,,,,,,,not_contacted,no,no,,,,high
Women Corporate Directors Education And Development Foundation Inc,460910287,Palm Bch Gdns,FL,S03,,https://projects.propublica.org/nonprofits/organizations/460910287,corporate foundation,2025-10-17 18:00:20,,,,,,,,not_contacted,no,no,,,,high
The Carmen And Joe Unanue Family Foundation A Nj Nonprofit Corporat,223382542,West Palm Beach,FL,T22Z,,https://projects.propublica.org/nonprofits/organizations/223382542,corporate foundation,2025-10-17 18:00:20,,,,,,,,not_contacted,no,no,,,,high
Lance Corporal Justin J Wilson Us Marines Memorial Foundation Inc,800638842,The Villages,FL,P20,,https://projects.propublica.org/nonprofits/organizations/800638842,corporate foundation,2025-10-17 18:00:20,,,,,,,,not_contacted,no,no,,,,high
C A Smith International Educational And Community Corporat,831869410,Ft Lauderdale,FL,T99,,https://projects.propublica.org/nonprofits/organizations/831869410,corporate foundation,2025-10-17 18:00:20,,,,,,,,not_contacted,no,no,,,,medium
Arison Arts Foundation,137450689,Coral Gables,FL,T22,,https://projects.propublica.org/nonprofits/organizations/137450689,arts,2025-10-17 18:00:21,,,,,,,,not_contacted,no,no,,,,high
Foundation4 Arts Inc,473242187,Tallahassee,FL,P20,,https://projects.propublica.org/nonprofits/organizations/473242187,arts,2025-10-17 18:00:21,,,,,,,,not_contacted,no,no,,,,high
Basser Arts Foundation,133193560,Palm Beach Gardens,FL,,,https://projects.propublica.org/nonprofits/organizations/133193560,arts,2025-10-17 18:00:21,,,,,,,,not_contacted,no,no,,,,high
Cultural Preservation Corporation,592518861,Pt Charlotte,FL,,,https://projects.propublica.org/nonprofits/organizations/592518861,cultural,2025-10-17 18:00:23,,,,,,,,not_contacted,no,no,,,,medium
Sabers Cultural Incorporated,991677805,Miami,FL,S20,,https://projects.propublica.org/nonprofits/organizations/991677805,cultural,2025-10-17 18:00:23,,,,,,,,not_contacted,no,no,,,,medium
Latin Grammy Cultural Foundation,464770436,Doral,FL,A68,,https://projects.propublica.org/nonprofits/organizations/464770436,cultural,2025-10-17 18:00:23,,,,,,,,not_contacted,no,no,,,,high
Targhee Music Foundation,472340433,Belleair Bluffs,FL,N20,,https://projects.propublica.org/nonprofits/organizations/472340433,music,2025-10-17 18:00:24,,,,,,,,not_contacted,no,no,,,,high
Ethical Music Corporation,264733456,Boca Raton,FL,A25,,https://projects.propublica.org/nonprofits/organizations/264733456,music,2025-10-17 18:00:24,,,,,,,,not_contacted,no,no,,,,medium
Music & Recovery Incorporated,843168582,Silver Spgs,FL,A20,,https://projects.propublica.org/nonprofits/organizations/843168582,music,2025-10-17 18:00:24,,,,,,,,not_contacted,no,no,,,,medium
Tavares Theater Company,464355981,Tavares,FL,A65,,https://projects.propublica.org/nonprofits/organizations/464355981,theater,2025-10-17 18:00:25,,,,,,,,not_contacted,no,no,,,,medium
Theater Production Corporation,475619462,Cutler Bay,FL,A65,,https://projects.propublica.org/nonprofits/organizations/475619462,theater,2025-10-17 18:00:25,,,,,,,,not_contacted,no,no,,,,medium
Fleming Island Theater Incorporated,823273907,Florahome,FL,A65,,https://projects.propublica.org/nonprofits/organizations/823273907,theater,2025-10-17 18:00:25,,,,,,,,not_contacted,no,no,,,,medium
Movement Dance Foundation,861808269,Miami,FL,A62,,https://projects.propublica.org/nonprofits/organizations/861808269,dance,2025-10-17 18:00:26,,,,,,,,not_contacted,no,no,,,,high
Focus Dance Corporation,451495218,Lake Mary,FL,A62,,https://projects.propublica.org/nonprofits/organizations/451495218,dance,2025-10-17 18:00:26,,,,,,,,not_contacted,no,no,,,,medium
Imagine Dance Incorporated,923257392,Oviedo,FL,A61,,https://projects.propublica.org/nonprofits/organizations/923257392,dance,2025-10-17 18:00:26,,,,,,,,not_contacted,no,no,,,,medium
Dance Esaias Corporation,657020895,Miami,FL,A62,,https://projects.propublica.org/nonprofits/organizations/657020895,dance,2025-10-17 18:00:26,,,,,,,,not_contacted,no,no,,,,medium
Momentum Dance Company,592186047,Miami,FL,,,https://projects.propublica.org/nonprofits/organizations/592186047,dance,2025-10-17 18:00:26,,,,,,,,not_contacted,no,no,,,,medium
Broadway Dance Company,814505649,Melbourne,FL,A62,,https://projects.propublica.org/nonprofits/organizations/814505649,dance,2025-10-17 18:00:26,,,,,,,,not_contacted,no,no,,,,medium
Visual Arts Center Endowment Trust Inc,263606606,Punta Gorda,FL,A112,,https://projects.propublica.org/nonprofits/organizations/263606606,visual arts,2025-10-17 18:00:27,,,,,,,,not_contacted,no,no,,,,high
Orlando Visual Performing Arts Foundation Inc,334615608,Oviedo,FL,A25,,https://projects.propublica.org/nonprofits/organizations/334615608,visual arts,2025-10-17 18:00:27,,,,,,,,not_contacted,no,no,,,,high
Victor Agnoni Visual Arts Foundation Inc,815467132,Winter Park,FL,A40,,https://projects.propublica.org/nonprofits/organizations/815467132,visual arts,2025-10-17 18:00:27,,,,,,,,not_contacted,no,no,,,,high
Gainesville Leon N Hicks Junior Visual Arts Guild Corporation,462858614,Tallahassee,FL,B82,,https://projects.propublica.org/nonprofits/organizations/462858614,visual arts,2025-10-17 18:00:27,,,,,,,,not_contacted,no,no,,,,medium
African Diasporic Arts And Educatio Education Inc,883432198,Winter Garden,FL,A20,,https://projects.propublica.org/nonprofits/organizations/883432198,arts education,2025-10-17 18:00:29,,,,,,,,not_contacted,no,no,,,,medium
Arts Ensemble Education Foundationinc,208151336,Lake Wales,FL,A250,,https://projects.propublica.org/nonprofits/organizations/208151336,arts education,2025-10-17 18:00:29,,,,,,,,not_contacted,no,no,,,,high
Intracoastal Arts Education Inc,813647154,Tallahassee,FL,A25,,https://projects.propublica.org/nonprofits/organizations/813647154,arts education,2025-10-17 18:00:29,,,,,,,,not_contacted,no,no,,,,medium
Zunzun Arts And Education,454840920,Miami,FL,A99,,https://projects.propublica.org/nonprofits/organizations/454840920,arts education,2025-10-17 18:00:29,,,,,,,,not_contacted,no,no,,,,medium
Integrity Arts & Education Inc,333888475,Lakeland,FL,B90,,https://projects.propublica.org/nonprofits/organizations/333888475,arts education,2025-10-17 18:00:29,,,,,,,,not_contacted,no,no,,,,medium
Florida Alliance For Arts Education,592563990,Palm Coast,FL,,,https://projects.propublica.org/nonprofits/organizations/592563990,arts education,2025-10-17 18:00:29,,,,,,,,not_contacted,no,no,,,,medium
Florida Education And Arts Trust,933022791,Palm Beach,FL,T20,,https://projects.propublica.org/nonprofits/organizations/933022791,arts education,2025-10-17 18:00:29,,,,,,,,not_contacted,no,no,,,,high
Legacy Education And Arts Foundation,842892928,Ocoee,FL,P20,,https://projects.propublica.org/nonprofits/organizations/842892928,arts education,2025-10-17 18:00:29,,,,,,,,not_contacted,no,no,,,,high
Shriver Education For The Arts,842941641,Sarasota,FL,A25,,https://projects.propublica.org/nonprofits/organizations/842941641,arts education,2025-10-17 18:00:29,,,,,,,,not_contacted,no,no,,,,medium
Mindful Art Education,884409462,Miami,FL,A25,,https://projects.propublica.org/nonprofits/organizations/884409462,arts education,2025-10-17 18:00:29,,,,,,,,not_contacted,no,no,,,,medium
Renaissance Arts And Education Inc,650829459,Palmetto,FL,B24Z,,https://projects.propublica.org/nonprofits/organizations/650829459,arts education,2025-10-17 18:00:29,,,,,,,,not_contacted,no,no,,,,medium
Arts In Motion Community Youth Theatre/Arts Education Inc,593313339,Dade City,FL,A65,,https://projects.propublica.org/nonprofits/organizations/593313339,arts education,2025-10-17 18:00:29,,,,,,,,not_contacted,no,no,,,,medium
Delphonse Education And Performing Arts Center,371594723,Jacksonville,FL,A25,,https://projects.propublica.org/nonprofits/organizations/371594723,arts education,2025-10-17 18:00:29,,,,,,,,not_contacted,no,no,,,,medium
Multicultural Education Through The Arts Inc,813736577,Panama City,FL,,,https://projects.propublica.org/nonprofits/organizations/813736577,arts education,2025-10-17 18:00:29,,,,,,,,not_contacted,no,no,,,,medium
Pinellas Friends Of Arts Education Inc,832552891,St Petersburg,FL,A25,,https://projects.propublica.org/nonprofits/organizations/832552891,arts education,2025-10-17 18:00:29,,,,,,,,not_contacted,no,no,,,,medium
Rosaria Music And Arts Education Inc,933600045,Pensacola,FL,A12,,https://projects.propublica.org/nonprofits/organizations/933600045,arts education,2025-10-17 18:00:29,,,,,,,,not_contacted,no,no,,,,medium
Florida Art Education Association,510182663,Tallahassee,FL,,,https://projects.propublica.org/nonprofits/organizations/510182663,arts education,2025-10-17 18:00:29,,,,,,,,not_contacted,no,no,,,,medium
Art Education Gathering Inc,883816173,St Petersburg,FL,A25,,https://projects.propublica.org/nonprofits/organizations/883816173,arts education,2025-10-17 18:00:29,,,,,,,,not_contacted,no,no,,,,medium
Miami Art Education Inc,475312803,Miami,FL,A25,,https://projects.propublica.org/nonprofits/organizations/475312803,arts education,2025-10-17 18:00:29,,,,,,,,not_contacted,no,no,,,,medium
Pinellas Art Education Association,455032817,Clearwater,FL,A03,,https://projects.propublica.org/nonprofits/organizations/455032817,arts education,2025-10-17 18:00:29,,,,,,,,not_contacted,no,no,,,,medium
Faiths Place Center For Arts Education Inc,800812101,West Palm Bch,FL,A68,,https://projects.propublica.org/nonprofits/organizations/800812101,arts education,2025-10-17 18:00:29,,,,,,,,not_contacted,no,no,,,,medium
Garden Route Arts Communication And Education Inc,463497797,Lutz,FL,A34,,https://projects.propublica.org/nonprofits/organizations/463497797,arts education,2025-10-17 18:00:29,,,,,,,,not_contacted,no,no,,,,medium
Daytona Educational Literacy Technology And Arts,474183806,Port Orange,FL,B12,,https://projects.propublica.org/nonprofits/organizations/474183806,arts education,2025-10-17 18:00:29,,,,,,,,not_contacted,no,no,,,,medium
Foundation For Art Research & Education,133568620,Naples,FL,,,https://projects.propublica.org/nonprofits/organizations/133568620,arts education,2025-10-17 18:00:29,,,,,,,,not_contacted,no,no,,,,high
Manatee Art Education Association Inc,824396540,Anna Maria,FL,A25,,https://projects.propublica.org/nonprofits/organizations/824396540,arts education,2025-10-17 18:00:29,,,,,,,,not_contacted,no,no,,,,medium
Uzn Multi Cultural Arts Corporation,611728536,Wesley Chapel,FL,A20,,https://projects.propublica.org/nonprofits/organizations/611728536,cultural arts,2025-10-17 18:00:30,,,,,,,,not_contacted,no,no,,,,medium
Capoeira Cultural Arts Foundation Inc,831555457,Boynton Beach,FL,A20,,https://projects.propublica.org/nonprofits/organizations/831555457,cultural arts,2025-10-17 18:00:30,,,,,,,,not_contacted,no,no,,,,high
Millennium Cultural Arts Foundation Inc,393095891,Cooper City,FL,A63,,https://projects.propublica.org/nonprofits/organizations/393095891,cultural arts,2025-10-17 18:00:30,,,,,,,,not_contacted,no,no,,,,high
Asian   American Cultural Arts Foundation Inc,461059897,Sunrise,FL,A99,,https://projects.propublica.org/nonprofits/organizations/461059897,cultural arts,2025-10-17 18:00:30,,,,,,,,not_contacted,no,no,,,,high
Tnl Performing Arts Foundation,882795027,Tallahassee,FL,A61,,https://projects.propublica.org/nonprofits/organizations/882795027,performing arts,2025-10-17 18:00:31,,,,,,,,not_contacted,no,no,,,,high
International Performing Arts Foundation,474757421,Miami,FL,A62,,https://projects.propublica.org/nonprofits/organizations/474757421,performing arts,2025-10-17 18:00:31,,,,,,,,not_contacted,no,no,,,,high
Broward Performing Arts Foundation Inc,592657043,Ft Lauderdale,FL,,,https://projects.propublica.org/nonprofits/organizations/592657043,performing arts,2025-10-17 18:00:31,,,,,,,,not_contacted,no,no,,,,high
Florida Education Association,800553107,Alva,FL,,,https://projects.propublica.org/nonprofits/organizations/800553107,education,2025-10-17 18:00:32,,,,,,,,not_contacted,no,no,,,,medium
Authors4 Education,853289906,Parkland,FL,B90,,https://projects.propublica.org/nonprofits/organizations/853289906,education,2025-10-17 18:00:32,,,,,,,,not_contacted,no,no,,,,medium
Elite Education,822626384,Miami,FL,B90,,https://projects.propublica.org/nonprofits/organizations/822626384,education,2025-10-17 18:00:32,,,,,,,,not_contacted,no,no,,,,medium
Enabling Education,881387935,Lakewood Rch,FL,B82,,https://projects.propublica.org/nonprofits/organizations/881387935,education,2025-10-17 18:00:32,,,,,,,,not_contacted,no,no,,,,medium
Panoscience Education,843904403,Cocoa,FL,U02,,https://projects.propublica.org/nonprofits/organizations/843904403,education,2025-10-17 18:00:32,,,,,,,,not_contacted,no,no,,,,medium
Global Education,882872743,Miami,FL,B02,,https://projects.propublica.org/nonprofits/organizations/882872743,education,2025-10-17 18:00:32,,,,,,,,not_contacted,no,no,,,,medium
Florida Education Association,593093131,Altamonte Spg,FL,,,https://projects.propublica.org/nonprofits/organizations/593093131,education,2025-10-17 18:00:32,,,,,,,,not_contacted,no,no,,,,medium
Florida Education Association,592759454,Panama City,FL,,,https://projects.propublica.org/nonprofits/organizations/592759454,education,2025-10-17 18:00:32,,,,,,,,not_contacted,no,no,,,,medium
Florida Education Association,592528802,Orange Park,FL,,,https://projects.propublica.org/nonprofits/organizations/592528802,education,2025-10-17 18:00:32,,,,,,,,not_contacted,no,no,,,,medium
Florida Education Association,592300298,Orange Park,FL,,,https://projects.propublica.org/nonprofits/organizations/592300298,education,2025-10-17 18:00:32,,,,,,,,not_contacted,no,no,,,,medium
Florida Education Association,593548168,Tallahassee,FL,,,https://projects.propublica.org/nonprofits/organizations/593548168,education,2025-10-17 18:00:32,,,,,,,,not_contacted,no,no,,,,medium
Florida Education Association,593068636,Tallahassee,FL,,,https://projects.propublica.org/nonprofits/organizations/593068636,education,2025-10-17 18:00:32,,,,,,,,not_contacted,no,no,,,,medium
Florida Education Association,593030730,Orange Park,FL,,,https://projects.propublica.org/nonprofits/organizations/593030730,education,2025-10-17 18:00:32,,,,,,,,not_contacted,no,no,,,,medium
Florida Education Association,592537458,Valparaiso,FL,,,https://projects.propublica.org/nonprofits/organizations/592537458,education,2025-10-17 18:00:32,,,,,,,,not_contacted,no,no,,,,medium
Higher Education Consortium For Special Education,310889861,Tampa,FL,,,https://projects.propublica.org/nonprofits/organizations/310889861,education,2025-10-17 18:00:32,,,,,,,,not_contacted,no,no,,,,medium
Florida Education Association,592976428,Tallahassee,FL,,,https://projects.propublica.org/nonprofits/organizations/592976428,education,2025-10-17 18:00:32,,,,,,,,not_contacted,no,no,,,,medium
Florida Education Association,592051514,Orange Park,FL,,,https://projects.propublica.org/nonprofits/organizations/592051514,education,2025-10-17 18:00:32,,,,,,,,not_contacted,no,no,,,,medium
Wholehearted Education Inc,851620895,Sarasota,FL,A90,,https://projects.propublica.org/nonprofits/organizations/851620895,education,2025-10-17 18:00:32,,,,,,,,not_contacted,no,no,,,,medium
Haute Education,812956902,Miami Gardens,FL,A20,,https://projects.propublica.org/nonprofits/organizations/812956902,education,2025-10-17 18:00:32,,,,,,,,not_contacted,no,no,,,,medium
Igb Education,863922477,Gainesville,FL,B90,,https://projects.propublica.org/nonprofits/organizations/863922477,education,2025-10-17 18:00:32,,,,,,,,not_contacted,no,no,,,,medium
Florida Education Association,519225141,Ocala,FL,,,https://projects.propublica.org/nonprofits/organizations/519225141,education,2025-10-17 18:00:32,,,,,,,,not_contacted,no,no,,,,medium
Florida Education Association,591024149,Pensacola,FL,,,https://projects.propublica.org/nonprofits/organizations/591024149,education,2025-10-17 18:00:32,,,,,,,,not_contacted,no,no,,,,medium
Florida Education Association,592121724,Tallahassee,FL,,,https://projects.propublica.org/nonprofits/organizations/592121724,education,2025-10-17 18:00:32,,,,,,,,not_contacted,no,no,,,,medium
Florida Education Association,510225118,Tallahassee,FL,,,https://projects.propublica.org/nonprofits/organizations/510225118,education,2025-10-17 18:00:32,,,,,,,,not_contacted,no,no,,,,medium
Educational Highway,921438815,Zephyrhills,FL,B90,,https://projects.propublica.org/nonprofits/organizations/921438815,educational,2025-10-17 18:00:34,,,,,,,,not_contacted,no,no,,,,medium
Educational Harbor Inc,474468310,Parrish,FL,B90,,https://projects.propublica.org/nonprofits/organizations/474468310,educational,2025-10-17 18:00:34,,,,,,,,not_contacted,no,no,,,,medium
Educationre,271738294,Ft Lauderdale,FL,B02,,https://projects.propublica.org/nonprofits/organizations/271738294,educational,2025-10-17 18:00:34,,,,,,,,not_contacted,no,no,,,,medium
Educational Opportunities Inc,591269611,Mulberry,FL,X20Z,,https://projects.propublica.org/nonprofits/organizations/591269611,educational,2025-10-17 18:00:34,,,,,,,,not_contacted,no,no,,,,medium
Educational Horizons Inc,593405435,Satellite Bch,FL,B21Z,,https://projects.propublica.org/nonprofits/organizations/593405435,educational,2025-10-17 18:00:34,,,,,,,,not_contacted,no,no,,,,medium
Educational Pathways Inc,352583681,Naples,FL,B20,,https://projects.propublica.org/nonprofits/organizations/352583681,educational,2025-10-17 18:00:34,,,,,,,,not_contacted,no,no,,,,medium
Okeechobee Educational Foundation,650219235,Okeechobee,FL,B95Z,,https://projects.propublica.org/nonprofits/organizations/650219235,educational,2025-10-17 18:00:34,,,,,,,,not_contacted,no,no,,,,high
Eureka Educational Academy,845133449,Palmetto Bay,FL,B20,,https://projects.propublica.org/nonprofits/organizations/845133449,educational,2025-10-17 18:00:34,,,,,,,,not_contacted,no,no,,,,medium
Osman Educational Foundation,383420052,Belleair Bluff,FL,T20Z,,https://projects.propublica.org/nonprofits/organizations/383420052,educational,2025-10-17 18:00:34,,,,,,,,not_contacted,no,no,,,,high
Global Educational Foundation,990437647,Hollywood,FL,T30,,https://projects.propublica.org/nonprofits/organizations/990437647,educational,2025-10-17 18:00:34,,,,,,,,not_contacted,no,no,,,,high
Educational Center Inc,800403570,Boca Raton,FL,,,https://projects.propublica.org/nonprofits/organizations/800403570,educational,2025-10-17 18:00:34,,,,,,,,not_contacted,no,no,,,,medium
Compass Educational Foundation,465276997,Sanford,FL,B40,,https://projects.propublica.org/nonprofits/organizations/465276997,educational,2025-10-17 18:00:34,,,,,,,,not_contacted,no,no,,,,high
Educational Philanthropic Foundation,995098366,Delray Beach,FL,M40,,https://projects.propublica.org/nonprofits/organizations/995098366,educational,2025-10-17 18:00:34,,,,,,,,not_contacted,no,no,,,,high
Educational Power Corp,812224266,Plantation,FL,B90,,https://projects.propublica.org/nonprofits/organizations/812224266,educational,2025-10-17 18:00:34,,,,,,,,not_contacted,no,no,,,,medium
Educational Resources Incorporated,363486580,Sarasota,FL,E70,,https://projects.propublica.org/nonprofits/organizations/363486580,educational,2025-10-17 18:00:34,,,,,,,,not_contacted,no,no,,,,medium
Educational Visions Inc,371912478,Palm City,FL,B60,,https://projects.propublica.org/nonprofits/organizations/371912478,educational,2025-10-17 18:00:34,,,,,,,,not_contacted,no,no,,,,medium
Hibernian Educational Foundation,464726641,Naples,FL,B82,,https://projects.propublica.org/nonprofits/organizations/464726641,educational,2025-10-17 18:00:34,,,,,,,,not_contacted,no,no,,,,high
Jackson Educational Foundation,811193047,Tampa,FL,B99,,https://projects.propublica.org/nonprofits/organizations/811193047,educational,2025-10-17 18:00:34,,,,,,,,not_contacted,no,no,,,,high
Strickland Educational Services,923811463,Orlando,FL,B12,,https://projects.propublica.org/nonprofits/organizations/923811463,educational,2025-10-17 18:00:34,,,,,,,,not_contacted,no,no,,,,medium
Wispa Educational Institute,853269170,Saint Cloud,FL,U99,,https://projects.propublica.org/nonprofits/organizations/853269170,educational,2025-10-17 18:00:34,,,,,,,,not_contacted,no,no,,,,medium
Allied Educational Foundation,136202432,Palm Bch Gdns,FL,,,https://projects.propublica.org/nonprofits/organizations/136202432,educational,2025-10-17 18:00:34,,,,,,,,not_contacted,no,no,,,,high
Aci Educational Corp,852145724,Miami Lakes,FL,B42,,https://projects.propublica.org/nonprofits/organizations/852145724,educational,2025-10-17 18:00:34,,,,,,,,not_contacted,no,no,,,,medium
Apcc Educational Foundation,334719773,Avon Park,FL,B12,,https://projects.propublica.org/nonprofits/organizations/334719773,educational,2025-10-17 18:00:34,,,,,,,,not_contacted,no,no,,,,high
Educational Adventures Inc,365104586,Melbourne,FL,O99,,https://projects.propublica.org/nonprofits/organizations/365104586,educational,2025-10-17 18:00:34,,,,,,,,not_contacted,no,no,,,,medium
Educational Compass Incorporated,862379996,Coconut Creek,FL,A20,,https://projects.propublica.org/nonprofits/organizations/862379996,educational,2025-10-17 18:00:34,,,,,,,,not_contacted,no,no,,,,medium
Canterbury School Corporation,591058089,Fort Myers,FL,B200,,https://projects.propublica.org/nonprofits/organizations/591058089,school,2025-10-17 18:00:35,,,,,,,,not_contacted,no,no,,,,medium
College Yes Incorporated,273327660,Sarasota,FL,B82,,https://projects.propublica.org/nonprofits/organizations/273327660,college,2025-10-17 18:00:39,,,,,,,,not_contacted,no,no,,,,medium
Cornwall College Foundation,830566106,Miramar,FL,P20,,https://projects.propublica.org/nonprofits/organizations/830566106,college,2025-10-17 18:00:39,,,,,,,,not_contacted,no,no,,,,high
College Arch Corporation,853148276,Hollywood,FL,B90,,https://projects.propublica.org/nonprofits/organizations/853148276,college,2025-10-17 18:00:39,,,,,,,,not_contacted,no,no,,,,medium
Scriptshot Learning Corporation,822841805,High Springs,FL,B20,,https://projects.propublica.org/nonprofits/organizations/822841805,learning,2025-10-17 18:00:40,,,,,,,,not_contacted,no,no,,,,medium
Caravan Learning Incorporated,474000298,Apopka,FL,B90,,https://projects.propublica.org/nonprofits/organizations/474000298,learning,2025-10-17 18:00:40,,,,,,,,not_contacted,no,no,,,,medium
Learning Ground Foundation,272405391,Tampa,FL,A25,,https://projects.propublica.org/nonprofits/organizations/272405391,learning,2025-10-17 18:00:40,,,,,,,,not_contacted,no,no,,,,high
Chamber Learning Foundation,834001091,Doral,FL,P20,,https://projects.propublica.org/nonprofits/organizations/834001091,learning,2025-10-17 18:00:40,,,,,,,,not_contacted,no,no,,,,high
Exposed Learning Foundation,833778224,Orlando,FL,O50,,https://projects.propublica.org/nonprofits/organizations/833778224,learning,2025-10-17 18:00:40,,,,,,,,not_contacted,no,no,,,,high
Bwi Scholarship Fund,822948311,Jacksonville,FL,B82,,https://projects.propublica.org/nonprofits/organizations/822948311,scholarship,2025-10-17 18:00:41,,,,,,,,not_contacted,no,no,,,,high
Haiti Scholarships,452577468,Dunedin,FL,B82,,https://projects.propublica.org/nonprofits/organizations/452577468,scholarship,2025-10-17 18:00:41,,,,,,,,not_contacted,no,no,,,,medium
Fairfaxwood Scholarship Foundation,822523335,Boca Raton,FL,T20,,https://projects.propublica.org/nonprofits/organizations/822523335,scholarship,2025-10-17 18:00:41,,,,,,,,not_contacted,no,no,,,,high
Nail Scholarship Foundation,300729447,Coral Gables,FL,B82,,https://projects.propublica.org/nonprofits/organizations/300729447,scholarship,2025-10-17 18:00:41,,,,,,,,not_contacted,no,no,,,,high
Hollar Scholarship Foundation,208409933,Orlando,FL,T20,,https://projects.propublica.org/nonprofits/organizations/208409933,scholarship,2025-10-17 18:00:41,,,,,,,,not_contacted,no,no,,,,high
Scholarship Plug Inc,872110289,Lauderhill,FL,B82,,https://projects.propublica.org/nonprofits/organizations/872110289,scholarship,2025-10-17 18:00:41,,,,,,,,not_contacted,no,no,,,,medium
Minnesouri Scholarship Foundation,431929305,Marco Island,FL,B82,,https://projects.propublica.org/nonprofits/organizations/431929305,scholarship,2025-10-17 18:00:41,,,,,,,,not_contacted,no,no,,,,high
Rembert Scholarship Tr,527224351,Stuart,FL,,,https://projects.propublica.org/nonprofits/organizations/527224351,scholarship,2025-10-17 18:00:41,,,,,,,,not_contacted,no,no,,,,medium
Michael Trojnar Scholarship,10652846,Jacksonville,FL,T22,,https://projects.propublica.org/nonprofits/organizations/10652846,scholarship,2025-10-17 18:00:41,,,,,,,,not_contacted,no,no,,,,medium
758 Scholarship Foundation,881559695,Orlando,FL,B82,,https://projects.propublica.org/nonprofits/organizations/881559695,scholarship,2025-10-17 18:00:41,,,,,,,,not_contacted,no,no,,,,high
Get Scholarship Ready,463000414,Miami Gardens,FL,B60,,https://projects.propublica.org/nonprofits/organizations/463000414,scholarship,2025-10-17 18:00:41,,,,,,,,not_contacted,no,no,,,,medium
Higginbotham Scholarship Foundation,593737977,Cocoa,FL,B82,,https://projects.propublica.org/nonprofits/organizations/593737977,scholarship,2025-10-17 18:00:41,,,,,,,,not_contacted,no,no,,,,high
Mcleod Scholarship Foundation,824898907,Orange Park,FL,B82,,https://projects.propublica.org/nonprofits/organizations/824898907,scholarship,2025-10-17 18:00:41,,,,,,,,not_contacted,no,no,,,,high
Nse Scholarship Inc,920375534,Miami,FL,B82,,https://projects.propublica.org/nonprofits/organizations/920375534,scholarship,2025-10-17 18:00:41,,,,,,,,not_contacted,no,no,,,,medium
Scholarship Lady Inc,873943314,Clermont,FL,O01,,https://projects.propublica.org/nonprofits/organizations/873943314,scholarship,2025-10-17 18:00:41,,,,,,,,not_contacted,no,no,,,,medium
Scholarship Recognition Inc,592360670,Sebring,FL,B82,,https://projects.propublica.org/nonprofits/organizations/592360670,scholarship,2025-10-17 18:00:41,,,,,,,,not_contacted,no,no,,,,medium
Fauquier Scholarship Fund,546123242,Orlando,FL,,,https://projects.propublica.org/nonprofits/organizations/546123242,scholarship,2025-10-17 18:00:41,,,,,,,,not_contacted,no,no,,,,high
Crew Scholarship Foundation,993235744,Winter Garden,FL,B82,,https://projects.propublica.org/nonprofits/organizations/993235744,scholarship,2025-10-17 18:00:41,,,,,,,,not_contacted,no,no,,,,high
Her Scholarship Fund,991089598,Orlando,FL,A12,,https://projects.propublica.org/nonprofits/organizations/991089598,scholarship,2025-10-17 18:00:41,,,,,,,,not_contacted,no,no,,,,high
Invictus Scholarship Inc,934380278,West Palm Bch,FL,B82,,https://projects.propublica.org/nonprofits/organizations/934380278,scholarship,2025-10-17 18:00:41,,,,,,,,not_contacted,no,no,,,,medium
Fjm Scholarship,923876585,Miami Springs,FL,B82,,https://projects.propublica.org/nonprofits/organizations/923876585,scholarship,2025-10-17 18:00:41,,,,,,,,not_contacted,no,no,,,,medium
Flcarh Scholarship Foundation Inc,264784058,Clearwater,FL,B82,,https://projects.propublica.org/nonprofits/organizations/264784058,scholarship,2025-10-17 18:00:41,,,,,,,,not_contacted,no,no,,,,high
Valencia I Williams Scholarship Fund,462705890,Orlando,FL,P60,,https://projects.propublica.org/nonprofits/organizations/462705890,scholarship,2025-10-17 18:00:41,,,,,,,,not_contacted,no,no,,,,high
Moaacc Scholorship Corporation,593563724,Patrick Afb,FL,B82,,https://projects.propublica.org/nonprofits/organizations/593563724,scholarship,2025-10-17 18:00:41,,,,,,,,not_contacted,no,no,,,,medium
Airmar Scholarships Inc,881805272,St Petersburg,FL,B82,,https://projects.propublica.org/nonprofits/organizations/881805272,scholarship,2025-10-17 18:00:41,,,,,,,,not_contacted,no,no,,,,medium
Global Student Fund,611959171,Hallandle Bch,FL,T20,,https://projects.propublica.org/nonprofits/organizations/611959171,student,2025-10-17 18:00:42,,,,,,,,not_contacted,no,no,,,,high
Student Resources Corporation,205923004,Palm Harbor,FL,W60,,https://projects.propublica.org/nonprofits/organizations/205923004,student,2025-10-17 18:00:42,,,,,,,,not_contacted,no,no,,,,medium
Student American International Incorporated,61450817,Davie,FL,Q210,,https://projects.propublica.org/nonprofits/organizations/61450817,student,2025-10-17 18:00:42,,,,,,,,not_contacted,no,no,,,,medium
Efam Student Foundation Inc,273478599,Miami,FL,B90,,https://projects.propublica.org/nonprofits/organizations/273478599,student,2025-10-17 18:00:42,,,,,,,,not_contacted,no,no,,,,high
Extraordinary Student Education Inc,924017049,Gibsonton,FL,B28,,https://projects.propublica.org/nonprofits/organizations/924017049,student,2025-10-17 18:00:42,,,,,,,,not_contacted,no,no,,,,medium
Lao American Student Foundation,880830215,St Petersburg,FL,O99,,https://projects.propublica.org/nonprofits/organizations/880830215,student,2025-10-17 18:00:42,,,,,,,,not_contacted,no,no,,,,high
Social Circle Foundation,823346161,Miami,FL,T20,,https://projects.propublica.org/nonprofits/organizations/823346161,social,2025-10-17 18:00:45,,,,,,,,not_contacted,no,no,,,,high
Social Strategies Foundation,820649478,Jacksonville,FL,P30,,https://projects.propublica.org/nonprofits/organizations/820649478,social,2025-10-17 18:00:45,,,,,,,,not_contacted,no,no,,,,high
Social Harmony Corporation,474127399,N Miami Beach,FL,A20,,https://projects.propublica.org/nonprofits/organizations/474127399,social,2025-10-17 18:00:45,,,,,,,,not_contacted,no,no,,,,medium
Civic Engagement Corporation,832382705,Fort Lauderdale,FL,A99,,https://projects.propublica.org/nonprofits/organizations/832382705,civic,2025-10-17 18:00:46,,,,,,,,not_contacted,no,no,,,,medium
Broward Public Library Foundation,592224746,Ft Lauderdale,FL,B71I,,https://projects.propublica.org/nonprofits/organizations/592224746,public,2025-10-17 18:00:47,,,,,,,,not_contacted,no,no,,,,high
Wxel Public Broadcasting Corporation,274811899,Boynton Beach,FL,,,https://projects.propublica.org/nonprofits/organizations/274811899,public,2025-10-17 18:00:47,,,,,,,,not_contacted,no,no,,,,medium
Okaloosa Public Schools Foundation,593295821,Ft Walton Bch,FL,T30,,https://projects.propublica.org/nonprofits/organizations/593295821,public,2025-10-17 18:00:47,,,,,,,,not_contacted,no,no,,,,high
Public Library Endowment Fund,246017176,Orlando,FL,,,https://projects.propublica.org/nonprofits/organizations/246017176,public,2025-10-17 18:00:47,,,,,,,,not_contacted,no,no,,,,high
Educational Public Radio Inc,161717708,Laud By Sea,FL,A340,,https://projects.propublica.org/nonprofits/organizations/161717708,public,2025-10-17 18:00:47,,,,,,,,not_contacted,no,no,,,,medium
Foundation For Public Research,832951826,Tampa,FL,R03,,https://projects.propublica.org/nonprofits/organizations/832951826,public,2025-10-17 18:00:47,,,,,,,,not_contacted,no,no,,,,high
Public Patent Foundation Inc,200236613,Coral Gables,FL,B990,,https://projects.propublica.org/nonprofits/organizations/200236613,public,2025-10-17 18:00:47,,,,,,,,not_contacted,no,no,,,,high
Slap Nonprofit Corporation,933406843,Jacksonville,FL,I71,,https://projects.propublica.org/nonprofits/organizations/933406843,nonprofit,2025-10-17 18:00:48,,,,,,,,not_contacted,no,no,,,,medium
Seeds Nonprofit Incorporated,593188348,Fort Meade,FL,P20,,https://projects.propublica.org/nonprofits/organizations/593188348,nonprofit,2025-10-17 18:00:48,,,,,,,,not_contacted,no,no,,,,medium
Expectchange Nonprofit Corporation,272978993,Santa Rsa Bch,FL,J20,,https://projects.propublica.org/nonprofits/organizations/272978993,nonprofit,2025-10-17 18:00:48,,,,,,,,not_contacted,no,no,,,,medium
Gangals Nonprofit Foundation Inc,465228141,Coconut Creek,FL,B82,,https://projects.propublica.org/nonprofits/organizations/465228141,nonprofit,2025-10-17 18:00:48,,,,,,,,not_contacted,no,no,,,,high
Charity Incorporated,591050408,Jacksonville,FL,,,https://projects.propublica.org/nonprofits/organizations/591050408,charity,2025-10-17 18:00:49,,,,,,,,not_contacted,no,no,,,,medium
Rotary Charity Foundation,596139932,Jacksonville,FL,,,https://projects.propublica.org/nonprofits/organizations/596139932,charity,2025-10-17 18:00:49,,,,,,,,not_contacted,no,no,,,,high
Sfbaa Charity Fund,474193717,Ft Lauderdale,FL,B82,,https://projects.propublica.org/nonprofits/organizations/474193717,charity,2025-10-17 18:00:49,,,,,,,,not_contacted,no,no,,,,high
Kingdom Charitable Trust,367362956,West Palm Bch,FL,T22,,https://projects.propublica.org/nonprofits/organizations/367362956,charitable,2025-10-17 18:00:51,,,,,,,,not_contacted,no,no,,,,high
Nurses Charitable Trust,592137264,Hollywood,FL,,,https://projects.propublica.org/nonprofits/organizations/592137264,charitable,2025-10-17 18:00:51,,,,,,,,not_contacted,no,no,,,,high
Ncf Charitable Trust,204326440,Clearwater,FL,X11,,https://projects.propublica.org/nonprofits/organizations/204326440,charitable,2025-10-17 18:00:51,,,,,,,,not_contacted,no,no,,,,high
Kazilionis Charitable Fund,842051687,Palm Bch Gdns,FL,T11,,https://projects.propublica.org/nonprofits/organizations/842051687,charitable,2025-10-17 18:00:51,,,,,,,,not_contacted,no,no,,,,high
Hollinger Charitable Trust,597045666,Pensacola,FL,T30Z,,https://projects.propublica.org/nonprofits/organizations/597045666,charitable,2025-10-17 18:00:51,,,,,,,,not_contacted,no,no,,,,high
Pardee Charitable Trust,306746432,Orlando,FL,,,https://projects.propublica.org/nonprofits/organizations/306746432,charitable,2025-10-17 18:00:51,,,,,,,,not_contacted,no,no,,,,high
Shackelford Charitable Trust,626363101,Orlando,FL,,,https://projects.propublica.org/nonprofits/organizations/626363101,charitable,2025-10-17 18:00:51,,,,,,,,not_contacted,no,no,,,,high
Fmu Charitable Foundationincorporated,205545418,Surfside,FL,T31,,https://projects.propublica.org/nonprofits/organizations/205545418,charitable,2025-10-17 18:00:51,,,,,,,,not_contacted,no,no,,,,high
Bauer Charitable Trust,596831771,Stuart,FL,T90Z,,https://projects.propublica.org/nonprofits/organizations/596831771,charitable,2025-10-17 18:00:51,,,,,,,,not_contacted,no,no,,,,high
Philanthropy Tank Inc,463206074,Boca Raton,FL,T50,,https://projects.propublica.org/nonprofits/organizations/463206074,philanthropy,2025-10-17 18:00:52,,,,,,,,not_contacted,no,no,,,,medium
Philanthropy In Motorsports,923506842,Ormond Beach,FL,P20,,https://projects.propublica.org/nonprofits/organizations/923506842,philanthropy,2025-10-17 18:00:52,,,,,,,,not_contacted,no,no,,,,medium
Philanthropy Initiative Inc,880943397,Naples,FL,T50,,https://projects.propublica.org/nonprofits/organizations/880943397,philanthropy,2025-10-17 18:00:52,,,,,,,,not_contacted,no,no,,,,medium
Philanthropy Latin America,933700038,Miami,FL,T50,,https://projects.propublica.org/nonprofits/organizations/933700038,philanthropy,2025-10-17 18:00:52,,,,,,,,not_contacted,no,no,,,,medium
Pionero Philanthropy Inc,371910514,Oakland Park,FL,W12,,https://projects.propublica.org/nonprofits/organizations/371910514,philanthropy,2025-10-17 18:00:52,,,,,,,,not_contacted,no,no,,,,medium
Second Spoon Philanthropy,933274203,Miami,FL,K30,,https://projects.propublica.org/nonprofits/organizations/933274203,philanthropy,2025-10-17 18:00:52,,,,,,,,not_contacted,no,no,,,,medium
Women In Philanthropy,333508531,Sarasota,FL,T11,,https://projects.propublica.org/nonprofits/organizations/333508531,philanthropy,2025-10-17 18:00:52,,,,,,,,not_contacted,no,no,,,,medium
Mard Philanthropy Services Limited,834534455,Boca Raton,FL,T50,,https://projects.propublica.org/nonprofits/organizations/834534455,philanthropy,2025-10-17 18:00:52,,,,,,,,not_contacted,no,no,,,,medium
Center On Muslim Philanthropy,471863760,Kissimmee,FL,W70,,https://projects.propublica.org/nonprofits/organizations/471863760,philanthropy,2025-10-17 18:00:52,,,,,,,,not_contacted,no,no,,,,medium
Toklas Philanthropy Labs Inc,882082196,Boca Raton,FL,T30,,https://projects.propublica.org/nonprofits/organizations/882082196,philanthropy,2025-10-17 18:00:52,,,,,,,,not_contacted,no,no,,,,medium
Collective Advantage Philanthropy Foundation,453975289,Fort Pierce,FL,P20,,https://projects.propublica.org/nonprofits/organizations/453975289,philanthropy,2025-10-17 18:00:52,,,,,,,,not_contacted,no,no,,,,high
Vb Philanthropy Club Inc,933031302,Bonita Spgs,FL,T12,,https://projects.propublica.org/nonprofits/organizations/933031302,philanthropy,2025-10-17 18:00:52,,,,,,,,not_contacted,no,no,,,,medium
Gulfstream Philanthropic Foundation,316655334,Ft Lauderdale,FL,T22,,https://projects.propublica.org/nonprofits/organizations/316655334,philanthropy,2025-10-17 18:00:52,,,,,,,,not_contacted,no,no,,,,high
Braman Philanthropic Fund,471887620,Miami,FL,T22,,https://projects.propublica.org/nonprofits/organizations/471887620,philanthropy,2025-10-17 18:00:52,,,,,,,,not_contacted,no,no,,,,high
Ask Philanthropic Foundation,264309215,Miami Beach,FL,,,https://projects.propublica.org/nonprofits/organizations/264309215,philanthropy,2025-10-17 18:00:52,,,,,,,,not_contacted,no,no,,,,high
Philanthropic Foundation Inc,510203864,Largo,FL,,,https://projects.propublica.org/nonprofits/organizations/510203864,philanthropy,2025-10-17 18:00:52,,,,,,,,not_contacted,no,no,,,,high
The Pet Philanthropy Circle Inc,453185522,North Miami Beach,FL,D20,,https://projects.propublica.org/nonprofits/organizations/453185522,philanthropy,2025-10-17 18:00:52,,,,,,,,not_contacted,no,no,,,,medium
Phoenix Venture Philanthropy Foundation Inc,134351448,Saint Petersburg,FL,T30,,https://projects.propublica.org/nonprofits/organizations/134351448,philanthropy,2025-10-17 18:00:52,,,,,,,,not_contacted,no,no,,,,high
Philanthropy From The Heart Inc,462846553,North Miami,FL,K34,,https://projects.propublica.org/nonprofits/organizations/462846553,philanthropy,2025-10-17 18:00:52,,,,,,,,not_contacted,no,no,,,,medium
Sports Through Education And Philanthropy Inc,334139233,Miami,FL,O50,,https://projects.propublica.org/nonprofits/organizations/334139233,philanthropy,2025-10-17 18:00:52,,,,,,,,not_contacted,no,no,,,,medium
Wyoming Philanthropic Trust Inc,592290272,Naples,FL,,,https://projects.propublica.org/nonprofits/organizations/592290272,philanthropy,2025-10-17 18:00:52,,,,,,,,not_contacted,no,no,,,,high
Giving Greens,811720782,Jacksonville,FL,K99,,https://projects.propublica.org/nonprofits/organizations/811720782,giving,2025-10-17 18:00:53,,,,,,,,not_contacted,no,no,,,,medium
Giving Ponds,871042884,Perry,FL,N50,,https://projects.propublica.org/nonprofits/organizations/871042884,giving,2025-10-17 18:00:53,,,,,,,,not_contacted,no,no,,,,medium
Focused Giving,993634498,Fort Walton Beach,FL,T20,,https://projects.propublica.org/nonprofits/organizations/993634498,giving,2025-10-17 18:00:53,,,,,,,,not_contacted,no,no,,,,medium
Giving Girls,844679920,Tampa,FL,G30,,https://projects.propublica.org/nonprofits/organizations/844679920,giving,2025-10-17 18:00:53,,,,,,,,not_contacted,no,no,,,,medium
Giving Hope,742901402,Orlando,FL,X21,,https://projects.propublica.org/nonprofits/organizations/742901402,giving,2025-10-17 18:00:53,,,,,,,,not_contacted,no,no,,,,medium
Giving Inc,922722000,Lehigh Acres,FL,P30,,https://projects.propublica.org/nonprofits/organizations/922722000,giving,2025-10-17 18:00:53,,,,,,,,not_contacted,no,no,,,,medium
Giving Hope Corp,273979700,Venice,FL,P85,,https://projects.propublica.org/nonprofits/organizations/273979700,giving,2025-10-17 18:00:53,,,,,,,,not_contacted,no,no,,,,medium
Giving Dauntlessly Incorporated,934121096,Orlando,FL,O53,,https://projects.propublica.org/nonprofits/organizations/934121096,giving,2025-10-17 18:00:53,,,,,,,,not_contacted,no,no,,,,medium
Giving Shirt Corp,843324537,Miami Beach,FL,J99,,https://projects.propublica.org/nonprofits/organizations/843324537,giving,2025-10-17 18:00:53,,,,,,,,not_contacted,no,no,,,,medium
Giving Armour,843344515,Cape Coral,FL,,,https://projects.propublica.org/nonprofits/organizations/843344515,giving,2025-10-17 18:00:53,,,,,,,,not_contacted,no,no,,,,medium
Giving Closet Project,812447928,Jacksonville,FL,O99,,https://projects.propublica.org/nonprofits/organizations/812447928,giving,2025-10-17 18:00:53,,,,,,,,not_contacted,no,no,,,,medium
Agamerica Giving Inc,824526744,Lakeland,FL,K12,,https://projects.propublica.org/nonprofits/organizations/824526744,giving,2025-10-17 18:00:53,,,,,,,,not_contacted,no,no,,,,medium
Giving Choice Inc,472300917,Fort Lauderdale,FL,,,https://projects.propublica.org/nonprofits/organizations/472300917,giving,2025-10-17 18:00:53,,,,,,,,not_contacted,no,no,,,,medium
Greenbox Giving Inc,871447673,Micanopy,FL,K30,,https://projects.propublica.org/nonprofits/organizations/871447673,giving,2025-10-17 18:00:53,,,,,,,,not_contacted,no,no,,,,medium
Giving Hands Inc,562672543,Coral Springs,FL,P20,,https://projects.propublica.org/nonprofits/organizations/562672543,giving,2025-10-17 18:00:53,,,,,,,,not_contacted,no,no,,,,medium
Giving Hope Corp,301240374,Palm Harbor,FL,P20,,https://projects.propublica.org/nonprofits/organizations/301240374,giving,2025-10-17 18:00:53,,,,,,,,not_contacted,no,no,,,,medium
Art Of Giving,475503823,Jupiter,FL,Q30,,https://projects.propublica.org/nonprofits/organizations/475503823,giving,2025-10-17 18:00:53,,,,,,,,not_contacted,no,no,,,,medium
Faithful Giving Corp,884242646,Ft Lauderdale,FL,L12,,https://projects.propublica.org/nonprofits/organizations/884242646,giving,2025-10-17 18:00:53,,,,,,,,not_contacted,no,no,,,,medium
Gift Giving Services,272213600,Margate,FL,B82,,https://projects.propublica.org/nonprofits/organizations/272213600,giving,2025-10-17 18:00:53,,,,,,,,not_contacted,no,no,,,,medium
Giving & Living Inc,263503768,Hollywood,FL,P122,,https://projects.propublica.org/nonprofits/organizations/263503768,giving,2025-10-17 18:00:53,,,,,,,,not_contacted,no,no,,,,medium
Giving Back 941,852021108,Myakka City,FL,T50,,https://projects.propublica.org/nonprofits/organizations/852021108,giving,2025-10-17 18:00:53,,,,,,,,not_contacted,no,no,,,,medium
Giving Beck Fund,823497666,Ormond Beach,FL,P50,,https://projects.propublica.org/nonprofits/organizations/823497666,giving,2025-10-17 18:00:53,,,,,,,,not_contacted,no,no,,,,high
Giving Dance Inc,462339655,Orlando,FL,A62,,https://projects.propublica.org/nonprofits/organizations/462339655,giving,2025-10-17 18:00:53,,,,,,,,not_contacted,no,no,,,,medium
Giving Gators Inc,812521624,Miami Lakes,FL,O99,,https://projects.propublica.org/nonprofits/organizations/812521624,giving,2025-10-17 18:00:53,,,,,,,,not_contacted,no,no,,,,medium
Giving Now Inc,270971713,Orlando,FL,K30,,https://projects.propublica.org/nonprofits/organizations/270971713,giving,2025-10-17 18:00:53,,,,,,,,not_contacted,no,no,,,,medium
National Hispanic Corporate,593588996,Altamonte Spg,FL,R30,,https://projects.propublica.org/nonprofits/organizations/593588996,corporate,2025-10-17 18:00:54,,,,,,,,not_contacted,no,no,,,,medium
Corporate Family Inc,651261422,Lake Park,FL,,,https://projects.propublica.org/nonprofits/organizations/651261422,corporate,2025-10-17 18:00:54,,,,,,,,not_contacted,no,no,,,,medium
Corporate Resources Inc,454054486,Doral,FL,W03,,https://projects.propublica.org/nonprofits/organizations/454054486,corporate,2025-10-17 18:00:54,,,,,,,,not_contacted,no,no,,,,medium
Corporate Creations Giving Inc,934707759,Palm Beach Gardens,FL,,,https://projects.propublica.org/nonprofits/organizations/934707759,corporate,2025-10-17 18:00:54,,,,,,,,not_contacted,no,no,,,,medium
Ingenium Corporate Design Inc,863681458,Mount Dora,FL,,,https://projects.propublica.org/nonprofits/organizations/863681458,corporate,2025-10-17 18:00:54,,,,,,,,not_contacted,no,no,,,,medium
Corporately Calm,332534685,Bartow,FL,P99,,https://projects.propublica.org/nonprofits/organizations/332534685,corporate,2025-10-17 18:00:54,,,,,,,,not_contacted,no,no,,,,medium
Center For Corporate Responsibility Inc,883810779,Altamonte Spg,FL,W05,,https://projects.propublica.org/nonprofits/organizations/883810779,corporate,2025-10-17 18:00:54,,,,,,,,not_contacted,no,no,,,,medium
Cool Springs Corporate Centre Llc,813270913,Tallahassee,FL,,,https://projects.propublica.org/nonprofits/organizations/813270913,corporate,2025-10-17 18:00:54,,,,,,,,not_contacted,no,no,,,,medium
Association Of Corporate Counsel,593206819,Belle Isle,FL,,,https://projects.propublica.org/nonprofits/organizations/593206819,corporate,2025-10-17 18:00:54,,,,,,,,not_contacted,no,no,,,,medium
Association Of Corporate Counsel,264559882,Jacksonville,FL,,,https://projects.propublica.org/nonprofits/organizations/264559882,corporate,2025-10-17 18:00:54,,,,,,,,not_contacted,no,no,,,,medium
Association Of Corporate Counsel,591905739,Hollywood,FL,,,https://projects.propublica.org/nonprofits/organizations/591905739,corporate,2025-10-17 18:00:54,,,,,,,,not_contacted,no,no,,,,medium
Association Of Corporate Citizenship Professionals,202426025,Orlando,FL,B99,,https://projects.propublica.org/nonprofits/organizations/202426025,corporate,2025-10-17 18:00:54,,,,,,,,not_contacted,no,no,,,,medium
International Corporate Chefs Association Inc,270091728,Winter Park,FL,S41,,https://projects.propublica.org/nonprofits/organizations/270091728,corporate,2025-10-17 18:00:54,,,,,,,,not_contacted,no,no,,,,medium
National Associaton Of Corporate Directors,202964652,Coconut Grove,FL,B036,,https://projects.propublica.org/nonprofits/organizations/202964652,corporate,2025-10-17 18:00:54,,,,,,,,not_contacted,no,no,,,,medium
Military Spouse Corporate Career Network Inc,202071552,Fort Myers,FL,P20,,https://projects.propublica.org/nonprofits/organizations/202071552,corporate,2025-10-17 18:00:54,,,,,,,,not_contacted,no,no,,,,medium
Organization For Environmentaleducation And Protection Corporatio,205856861,Parkland,FL,Q30,,https://projects.propublica.org/nonprofits/organizations/205856861,corporate,2025-10-17 18:00:54,,,,,,,,not_contacted,no,no,,,,medium
Epsilon Muzeta Of Lambda Chi Alpha House Corporated Incorporated,237268244,Orlando,FL,,,https://projects.propublica.org/nonprofits/organizations/237268244,corporate,2025-10-17 18:00:54,,,,,,,,not_contacted,no,no,,,,medium
Business Network Corporation,851538495,Tampa,FL,T12,,https://projects.propublica.org/nonprofits/organizations/851538495,business,2025-10-17 18:00:56,,,,,,,,not_contacted,no,no,,,,medium
Business Funding Foundation,920551093,Orlando,FL,W03,,https://projects.propublica.org/nonprofits/organizations/920551093,business,2025-10-17 18:00:56,,,,,,,,not_contacted,no,no,,,,high
Businesses Helping Businesses Foundation,994076573,Orlando,FL,S81,,https://projects.propublica.org/nonprofits/organizations/994076573,business,2025-10-17 18:00:56,,,,,,,,not_contacted,no,no,,,,high
Florida Business Development Corporation,650179159,Tampa,FL,S43,,https://projects.propublica.org/nonprofits/organizations/650179159,business,2025-10-17 18:00:56,,,,,,,,not_contacted,no,no,,,,medium
Makarios Company,811834397,Ponte Vedra,FL,X20,,https://projects.propublica.org/nonprofits/organizations/811834397,company,2025-10-17 18:00:57,,,,,,,,not_contacted,no,no,,,,medium
Renaissance Theatre Company,862197367,Orlando,FL,A65,,https://projects.propublica.org/nonprofits/organizations/862197367,company,2025-10-17 18:00:57,,,,,,,,not_contacted,no,no,,,,medium
Continuing Education Company,570988170,Palm Coast,FL,B60B,,https://projects.propublica.org/nonprofits/organizations/570988170,company,2025-10-17 18:00:57,,,,,,,,not_contacted,no,no,,,,medium
Mosaic Company Foundation,270304734,Tampa,FL,T21,,https://projects.propublica.org/nonprofits/organizations/270304734,company,2025-10-17 18:00:57,,,,,,,,not_contacted,no,no,,,,high
Cornerstone Ballet Company,462984978,Boca Raton,FL,A63,,https://projects.propublica.org/nonprofits/organizations/462984978,company,2025-10-17 18:00:57,,,,,,,,not_contacted,no,no,,,,medium
M Ensemble Company,591773348,Miami,FL,,,https://projects.propublica.org/nonprofits/organizations/591773348,company,2025-10-17 18:00:57,,,,,,,,not_contacted,no,no,,,,medium
Southern Shakespeare Company,300749713,Tallahassee,FL,A99,,https://projects.propublica.org/nonprofits/organizations/300749713,company,2025-10-17 18:00:57,,,,,,,,not_contacted,no,no,,,,medium
Imaginal Education Company,814395271,Melbourne,FL,B28,,https://projects.propublica.org/nonprofits/organizations/814395271,company,2025-10-17 18:00:57,,,,,,,,not_contacted,no,no,,,,medium
International Ballet Company,651037406,Sunrise,FL,B28,,https://projects.propublica.org/nonprofits/organizations/651037406,company,2025-10-17 18:00:57,,,,,,,,not_contacted,no,no,,,,medium
Villages Musical Company,593738852,Lady Lake,FL,A65,,https://projects.propublica.org/nonprofits/organizations/593738852,company,2025-10-17 18:00:57,,,,,,,,not_contacted,no,no,,,,medium
Selwyn Fire Company,863506430,Apopka,FL,,,https://projects.propublica.org/nonprofits/organizations/863506430,company,2025-10-17 18:00:57,,,,,,,,not_contacted,no,no,,,,medium
Bajalia Trading Company,200188342,Winter Park,FL,J99,,https://projects.propublica.org/nonprofits/organizations/200188342,company,2025-10-17 18:00:57,,,,,,,,not_contacted,no,no,,,,medium
Vintage Productions Company,850880536,The Villages,FL,I12,,https://projects.propublica.org/nonprofits/organizations/850880536,company,2025-10-17 18:00:57,,,,,,,,not_contacted,no,no,,,,medium
Cascades Theatre Company,473910040,Boynton Beach,FL,T30,,https://projects.propublica.org/nonprofits/organizations/473910040,company,2025-10-17 18:00:57,,,,,,,,not_contacted,no,no,,,,medium
Fuller & Johnson Company,824942023,Winter Park,FL,A57,,https://projects.propublica.org/nonprofits/organizations/824942023,company,2025-10-17 18:00:57,,,,,,,,not_contacted,no,no,,,,medium
Ghostbird Theatre Company,461921355,Fort Myers,FL,A65,,https://projects.propublica.org/nonprofits/organizations/461921355,company,2025-10-17 18:00:57,,,,,,,,not_contacted,no,no,,,,medium
Indulgence Company Inc,831856961,Jacksonville,FL,O50,,https://projects.propublica.org/nonprofits/organizations/831856961,company,2025-10-17 18:00:57,,,,,,,,not_contacted,no,no,,,,medium
Miami Acting Company,113791991,Pinecrest,FL,A65,,https://projects.propublica.org/nonprofits/organizations/113791991,company,2025-10-17 18:00:57,,,,,,,,not_contacted,no,no,,,,medium
Outre Theatre Company,452842705,Oakland Park,FL,A65,,https://projects.propublica.org/nonprofits/organizations/452842705,company,2025-10-17 18:00:57,,,,,,,,not_contacted,no,no,,,,medium
Younited Financial Company,934195526,Naples,FL,P51,,https://projects.propublica.org/nonprofits/organizations/934195526,company,2025-10-17 18:00:57,,,,,,,,not_contacted,no,no,,,,medium
Family & Finance Company,820606468,Boynton Beach,FL,P51,,https://projects.propublica.org/nonprofits/organizations/820606468,company,2025-10-17 18:00:57,,,,,,,,not_contacted,no,no,,,,medium
Florida Oyster Company,993344811,Clermont,FL,D30,,https://projects.propublica.org/nonprofits/organizations/993344811,company,2025-10-17 18:00:57,,,,,,,,not_contacted,no,no,,,,medium
Miccosukee Corporation,591374440,Miami,FL,P20Z,,https://projects.propublica.org/nonprofits/organizations/591374440,corporation,2025-10-17 18:00:59,,,,,,,,not_contacted,no,no,,,,medium
Providence Corporation,581334706,Tallahassee,FL,L22Z,,https://projects.propublica.org/nonprofits/organizations/581334706,corporation,2025-10-17 18:00:59,,,,,,,,not_contacted,no,no,,,,medium
Lalumwe Corporation,932369735,Boca Raton,FL,E60,,https://projects.propublica.org/nonprofits/organizations/932369735,corporation,2025-10-17 18:00:59,,,,,,,,not_contacted,no,no,,,,medium
Fwa Corporation,823674054,Jupiter,FL,S41,,https://projects.propublica.org/nonprofits/organizations/823674054,corporation,2025-10-17 18:00:59,,,,,,,,not_contacted,no,no,,,,medium
Buzzman Corporation,882674230,Lake Worth,FL,E60,,https://projects.propublica.org/nonprofits/organizations/882674230,corporation,2025-10-17 18:00:59,,,,,,,,not_contacted,no,no,,,,medium
Sfpc Corporation,650609043,Davie,FL,N50,,https://projects.propublica.org/nonprofits/organizations/650609043,corporation,2025-10-17 18:00:59,,,,,,,,not_contacted,no,no,,,,medium
Factur Corporation,364776687,Winter Park,FL,U99,,https://projects.propublica.org/nonprofits/organizations/364776687,corporation,2025-10-17 18:00:59,,,,,,,,not_contacted,no,no,,,,medium
Powermark Corporation,860820037,Port St Lucie,FL,U30,,https://projects.propublica.org/nonprofits/organizations/860820037,corporation,2025-10-17 18:00:59,,,,,,,,not_contacted,no,no,,,,medium
Wattaka Corporation,884009373,Tampa,FL,A99,,https://projects.propublica.org/nonprofits/organizations/884009373,corporation,2025-10-17 18:00:59,,,,,,,,not_contacted,no,no,,,,medium
Ncf Corporation,204281656,Clearwater,FL,T30,,https://projects.propublica.org/nonprofits/organizations/204281656,corporation,2025-10-17 18:00:59,,,,,,,,not_contacted,no,no,,,,medium
Grow Corporation,813102372,Doral,FL,F30,,https://projects.propublica.org/nonprofits/organizations/813102372,corporation,2025-10-17 18:00:59,,,,,,,,not_contacted,no,no,,,,medium
Redparacrecer Corporation,465187137,Kissimmee,FL,G84,,https://projects.propublica.org/nonprofits/organizations/465187137,corporation,2025-10-17 18:00:59,,,,,,,,not_contacted,no,no,,,,medium
Oberig Corporation,932892309,Pinellas Park,FL,T30,,https://projects.propublica.org/nonprofits/organizations/932892309,corporation,2025-10-17 18:00:59,,,,,,,,not_contacted,no,no,,,,medium
Amerione Corporation,861788837,Gainesville,FL,,,https://projects.propublica.org/nonprofits/organizations/861788837,corporation,2025-10-17 18:00:59,,,,,,,,not_contacted,no,no,,,,medium
Denbaya Corporation,452384760,Naples,FL,T22,,https://projects.propublica.org/nonprofits/organizations/452384760,corporation,2025-10-17 18:00:59,,,,,,,,not_contacted,no,no,,,,medium
Mentathlete Corporation,134248286,Tampa,FL,A20,,https://projects.propublica.org/nonprofits/organizations/134248286,corporation,2025-10-17 18:00:59,,,,,,,,not_contacted,no,no,,,,medium
Ahhfna Corporation,921635126,Hollywood,FL,F22,,https://projects.propublica.org/nonprofits/organizations/921635126,corporation,2025-10-17 18:00:59,,,,,,,,not_contacted,no,no,,,,medium
Blackclam Corporation,881466604,Ocklawaha,FL,W12,,https://projects.propublica.org/nonprofits/organizations/881466604,corporation,2025-10-17 18:00:59,,,,,,,,not_contacted,no,no,,,,medium
Charis Corporation,843041836,Venice,FL,X20,,https://projects.propublica.org/nonprofits/organizations/843041836,corporation,2025-10-17 18:00:59,,,,,,,,not_contacted,no,no,,,,medium
Civiliti Corporation,474203036,Port Richey,FL,A20,,https://projects.propublica.org/nonprofits/organizations/474203036,corporation,2025-10-17 18:00:59,,,,,,,,not_contacted,no,no,,,,medium
Dinontas Corporation,843098358,Melbourne,FL,T50,,https://projects.propublica.org/nonprofits/organizations/843098358,corporation,2025-10-17 18:00:59,,,,,,,,not_contacted,no,no,,,,medium
Ghta Corporation,20672610,Green Cove Springs,FL,N50,,https://projects.propublica.org/nonprofits/organizations/20672610,corporation,2025-10-17 18:00:59,,,,,,,,not_contacted,no,no,,,,medium
Glanson Corporation,834376634,Brooksville,FL,B99,,https://projects.propublica.org/nonprofits/organizations/834376634,corporation,2025-10-17 18:00:59,,,,,,,,not_contacted,no,no,,,,medium
Heartcharged Corporation,853431952,Cutler Bay,FL,E70,,https://projects.propublica.org/nonprofits/organizations/853431952,corporation,2025-10-17 18:00:59,,,,,,,,not_contacted,no,no,,,,medium
Hosanna Corporation,680671966,Ft Lauderdale,FL,Z99,,https://projects.propublica.org/nonprofits/organizations/680671966,corporation,2025-10-17 18:00:59,,,,,,,,not_contacted,no,no,,,,medium
Florida Education Association,812246739,Chipley,FL,,,https://projects.propublica.org/nonprofits/organizations/812246739,association,2025-10-17 18:01:01,,,,,,,,not_contacted,no,no,,,,medium
Florida Education Association,591937838,Orange Park,FL,,,https://projects.propublica.org/nonprofits/organizations/591937838,association,2025-10-17 18:01:01,,,,,,,,not_contacted,no,no,,,,medium
Florida Education Association,592926890,Orange Park,FL,,,https://projects.propublica.org/nonprofits/organizations/592926890,association,2025-10-17 18:01:01,,,,,,,,not_contacted,no,no,,,,medium
Florida Education Association,591572577,Altamonte Spg,FL,,,https://projects.propublica.org/nonprofits/organizations/591572577,association,2025-10-17 18:01:01,,,,,,,,not_contacted,no,no,,,,medium
Florida Education Association,510225112,St Augustine,FL,,,https://projects.propublica.org/nonprofits/organizations/510225112,association,2025-10-17 18:01:01,,,,,,,,not_contacted,no,no,,,,medium
Society Foundation,455577241,Tallahassee,FL,,,https://projects.propublica.org/nonprofits/organizations/455577241,society,2025-10-17 18:01:02,,,,,,,,not_contacted,no,no,,,,high
Necessary Society Incorporated,992100972,Miami,FL,R01,,https://projects.propublica.org/nonprofits/organizations/992100972,society,2025-10-17 18:01:02,,,,,,,,not_contacted,no,no,,,,medium
Southeastern Healthcare Foundation,592357609,Gainesville,FL,E110,,https://projects.propublica.org/nonprofits/organizations/592357609,healthcare,2025-10-17 18:01:05,,,,,,,,not_contacted,no,no,,,,high
Delray Medical Center Medical Staff Corporation,455520799,Delray Beach,FL,E03,,https://projects.propublica.org/nonprofits/organizations/455520799,medical,2025-10-17 18:01:07,,,,,,,,not_contacted,no,no,,,,medium
Centurion Medical Foundation,452642230,Lighthouse Point,FL,T20,,https://projects.propublica.org/nonprofits/organizations/452642230,medical,2025-10-17 18:01:07,,,,,,,,not_contacted,no,no,,,,high
Medical Oasis Corporation,812971180,Orange Park,FL,E21,,https://projects.propublica.org/nonprofits/organizations/812971180,medical,2025-10-17 18:01:07,,,,,,,,not_contacted,no,no,,,,medium
Capital Medical Society Incorporated,237026264,Tallahassee,FL,,,https://projects.propublica.org/nonprofits/organizations/237026264,medical,2025-10-17 18:01:07,,,,,,,,not_contacted,no,no,,,,medium
Bermuda Wellness Foundation,260802143,Celebration,FL,E12,,https://projects.propublica.org/nonprofits/organizations/260802143,wellness,2025-10-17 18:01:09,,,,,,,,not_contacted,no,no,,,,high
Bipolar Wellness Foundation,821389843,Orlando,FL,F01,,https://projects.propublica.org/nonprofits/organizations/821389843,wellness,2025-10-17 18:01:09,,,,,,,,not_contacted,no,no,,,,high
Anglican Human Services Foundation Inc,813815622,Miami,FL,P20,,https://projects.propublica.org/nonprofits/organizations/813815622,human services,2025-10-17 18:01:10,,,,,,,,not_contacted,no,no,,,,high
Holy Temple Human Services Corporation,650958983,Opa Locka,FL,F21,,https://projects.propublica.org/nonprofits/organizations/650958983,human services,2025-10-17 18:01:10,,,,,,,,not_contacted,no,no,,,,medium
Human Services Associates Foundation Inc,593746696,Orlando,FL,T113,,https://projects.propublica.org/nonprofits/organizations/593746696,human services,2025-10-17 18:01:10,,,,,,,,not_contacted,no,no,,,,high
Foundation For Human Services Inc,934838558,Coconut Creek,FL,B99,,https://projects.propublica.org/nonprofits/organizations/934838558,human services,2025-10-17 18:01:10,,,,,,,,not_contacted,no,no,,,,high
Mount Bethel Human Services Corporation Inc,650412414,Ft Lauderdale,FL,P20,,https://projects.propublica.org/nonprofits/organizations/650412414,human services,2025-10-17 18:01:10,,,,,,,,not_contacted,no,no,,,,medium
Alliant Human Services Of Florida Incorporated,451682697,Merritt Island,FL,F60,,https://projects.propublica.org/nonprofits/organizations/451682697,human services,2025-10-17 18:01:10,,,,,,,,not_contacted,no,no,,,,medium
Metropolitan Social Services Corporation,824801928,Jacksonville,FL,P40,,https://projects.propublica.org/nonprofits/organizations/824801928,social services,2025-10-17 18:01:12,,,,,,,,not_contacted,no,no,,,,medium
Social Services Foundation Inc,611637342,Winter Park,FL,P20,,https://projects.propublica.org/nonprofits/organizations/611637342,social services,2025-10-17 18:01:12,,,,,,,,not_contacted,no,no,,,,high
Awareness Youth Corporation,832176553,Orlando,FL,O50,,https://projects.propublica.org/nonprofits/organizations/832176553,youth,2025-10-17 18:01:13,,,,,,,,not_contacted,no,no,,,,medium
Mahogany Youth Corporation,650775388,Miami,FL,O50,,https://projects.propublica.org/nonprofits/organizations/650775388,youth,2025-10-17 18:01:13,,,,,,,,not_contacted,no,no,,,,medium
Coras Children Foundation,861890495,Lauderhill,FL,A20,,https://projects.propublica.org/nonprofits/organizations/861890495,children,2025-10-17 18:01:14,,,,,,,,not_contacted,no,no,,,,high
New York Yankees Tampa Foundation Inc,593205804,Tampa,FL,N11,,https://projects.propublica.org/nonprofits/organizations/593205804,new york,2025-10-17 18:01:15,,,,,,,,not_contacted,no,no,,,,high
Hornor Society Of Sigma Lambda Alph A Incorporated,752511966,Gainesville,FL,,,https://projects.propublica.org/nonprofits/organizations/752511966,california,2025-10-17 18:01:16,,,,,,,,not_contacted,no,no,,,,medium
National Wildlife Foundation,873732528,Miami,FL,D30,,https://projects.propublica.org/nonprofits/organizations/873732528,national,2025-10-17 18:01:18,,,,,,,,not_contacted,no,no,,,,high
Promazo National Foundation,464855681,Boca Raton,FL,J20,,https://projects.propublica.org/nonprofits/organizations/464855681,national,2025-10-17 18:01:18,,,,,,,,not_contacted,no,no,,,,high
United States Military Foundation,550807984,Coral Gables,FL,P60,,https://projects.propublica.org/nonprofits/organizations/550807984,united states,2025-10-17 18:01:20,,,,,,,,not_contacted,no,no,,,,high
United States Dream Foundation Inc,933017946,Sunrise,FL,P20,,https://projects.propublica.org/nonprofits/organizations/933017946,united states,2025-10-17 18:01:20,,,,,,,,not_contacted,no,no,,,,high
United States Obesity Foundation Inc,571176494,Miami,FL,G018,,https://projects.propublica.org/nonprofits/organizations/571176494,united states,2025-10-17 18:01:20,,,,,,,,not_contacted,no,no,,,,high
Foundation For Leadership Foundation,232288310,Bala Cynwyd,PA,B90,,https://projects.propublica.org/nonprofits/organizations/232288310,foundation,2025-10-17 18:01:21,,,,,,,,not_contacted,no,no,,,,high
Kcx Foundation,991161539,Philadelphia,PA,B99,,https://projects.propublica.org/nonprofits/organizations/991161539,foundation,2025-10-17 18:01:21,,,,,,,,not_contacted,no,no,,,,high
Peoples Foundation,871634915,Philadelphia,PA,S31,,https://projects.propublica.org/nonprofits/organizations/871634915,foundation,2025-10-17 18:01:21,,,,,,,,not_contacted,no,no,,,,high
Devereux Foundation,231390618,Villanova,PA,G050,,https://projects.propublica.org/nonprofits/organizations/231390618,foundation,2025-10-17 18:01:21,,,,,,,,not_contacted,no,no,,,,high
Mcelhattan Foundation,251756557,Pittsburgh,PA,B90Z,,https://projects.propublica.org/nonprofits/organizations/251756557,foundation,2025-10-17 18:01:21,,,,,,,,not_contacted,no,no,,,,high
High Foundation,833271708,Lancaster,PA,T20,,https://projects.propublica.org/nonprofits/organizations/833271708,foundation,2025-10-17 18:01:21,,,,,,,,not_contacted,no,no,,,,high
Pittsburgh Foundation,250965466,Pittsburgh,PA,T310,,https://projects.propublica.org/nonprofits/organizations/250965466,foundation,2025-10-17 18:01:21,,,,,,,,not_contacted,no,no,,,,high
Anabaptist Foundation,753187397,Lewisburg,PA,T12,,https://projects.propublica.org/nonprofits/organizations/753187397,foundation,2025-10-17 18:01:21,,,,,,,,not_contacted,no,no,,,,high
Philadelphia Foundation,231581832,Philadelphia,PA,T310,,https://projects.propublica.org/nonprofits/organizations/231581832,foundation,2025-10-17 18:01:21,,,,,,,,not_contacted,no,no,,,,high
Colcom Foundation,311479839,Pittsburgh,PA,T70J,,https://projects.propublica.org/nonprofits/organizations/311479839,foundation,2025-10-17 18:01:21,,,,,,,,not_contacted,no,no,,,,high
Grable Foundation,251309888,Pittsburgh,PA,,,https://projects.propublica.org/nonprofits/organizations/251309888,foundation,2025-10-17 18:01:21,,,,,,,,not_contacted,no,no,,,,high
Seligsohn Foundation,232267682,Bala Cynwyd,PA,,,https://projects.propublica.org/nonprofits/organizations/232267682,foundation,2025-10-17 18:01:21,,,,,,,,not_contacted,no,no,,,,high
Allegheny Foundation,256012303,Pittsburgh,PA,,,https://projects.propublica.org/nonprofits/organizations/256012303,foundation,2025-10-17 18:01:21,,,,,,,,not_contacted,no,no,,,,high
Barnes Foundation,236000149,Philadelphia,PA,A510,,https://projects.propublica.org/nonprofits/organizations/236000149,foundation,2025-10-17 18:01:21,,,,,,,,not_contacted,no,no,,,,high
Mccune Foundation,256210269,Pittsburgh,PA,,,https://projects.propublica.org/nonprofits/organizations/256210269,foundation,2025-10-17 18:01:21,,,,,,,,not_contacted,no,no,,,,high
Wyncote Foundation,263535044,Philadelphia,PA,T20,,https://projects.propublica.org/nonprofits/organizations/263535044,foundation,2025-10-17 18:01:21,,,,,,,,not_contacted,no,no,,,,high
Connelly Foundation,236296825,W Cnshohocken,PA,,,https://projects.propublica.org/nonprofits/organizations/236296825,foundation,2025-10-17 18:01:21,,,,,,,,not_contacted,no,no,,,,high
Bair Foundation,251191561,New Wilmngtn,PA,P320,,https://projects.propublica.org/nonprofits/organizations/251191561,foundation,2025-10-17 18:01:21,,,,,,,,not_contacted,no,no,,,,high
Oberkotter Foundation,232686151,Philadelphia,PA,,,https://projects.propublica.org/nonprofits/organizations/232686151,foundation,2025-10-17 18:01:21,,,,,,,,not_contacted,no,no,,,,high
Inglis Foundation,232326553,Philadelphia,PA,P112,,https://projects.propublica.org/nonprofits/organizations/232326553,foundation,2025-10-17 18:01:21,,,,,,,,not_contacted,no,no,,,,high
Cahouet Foundation,306192502,Pittsburgh,PA,T90,,https://projects.propublica.org/nonprofits/organizations/306192502,foundation,2025-10-17 18:01:21,,,,,,,,not_contacted,no,no,,,,high
Greenberg Foundation,832882842,Equinunk,PA,T20,,https://projects.propublica.org/nonprofits/organizations/832882842,foundation,2025-10-17 18:01:21,,,,,,,,not_contacted,no,no,,,,high
Susquehanna Foundation,232732477,Bala Cynwyd,PA,,,https://projects.propublica.org/nonprofits/organizations/232732477,foundation,2025-10-17 18:01:21,,,,,,,,not_contacted,no,no,,,,high
Todi Foundation,232744913,Gwynedd Vly,PA,T20J,,https://projects.propublica.org/nonprofits/organizations/232744913,foundation,2025-10-17 18:01:21,,,,,,,,not_contacted,no,no,,,,high
Gettysburg Foundation,232969074,Gettysburg,PA,A540,,https://projects.propublica.org/nonprofits/organizations/232969074,foundation,2025-10-17 18:01:21,,,,,,,,not_contacted,no,no,,,,high
Fuel Foundations,834567446,Allentown,PA,T50,,https://projects.propublica.org/nonprofits/organizations/834567446,foundations,2025-10-17 18:01:23,,,,,,,,not_contacted,no,no,,,,high
Growing Foundations,870946406,Philadelphia,PA,P40,,https://projects.propublica.org/nonprofits/organizations/870946406,foundations,2025-10-17 18:01:23,,,,,,,,not_contacted,no,no,,,,high
Chubb Charitable Foundation,262456949,Philadelphia,PA,T20,,https://projects.propublica.org/nonprofits/organizations/262456949,charitable foundation,2025-10-17 18:01:24,,,,,,,,not_contacted,no,no,,,,high
Miter Charitable Foundation,472381136,Harrisburg,PA,B82,,https://projects.propublica.org/nonprofits/organizations/472381136,charitable foundation,2025-10-17 18:01:24,,,,,,,,not_contacted,no,no,,,,high
Sedwick Charitable Foundation,471844352,Butler,PA,T20,,https://projects.propublica.org/nonprofits/organizations/471844352,charitable foundation,2025-10-17 18:01:24,,,,,,,,not_contacted,no,no,,,,high
Angelakis Charitable Foundation,832748427,Bryn Mawr,PA,T20,,https://projects.propublica.org/nonprofits/organizations/832748427,charitable foundation,2025-10-17 18:01:24,,,,,,,,not_contacted,no,no,,,,high
Dsf Charitable Foundation,251847237,Pittsburgh,PA,T22,,https://projects.propublica.org/nonprofits/organizations/251847237,charitable foundation,2025-10-17 18:01:24,,,,,,,,not_contacted,no,no,,,,high
Standard Charitable Foundation,273219112,Monroeville,PA,T21,,https://projects.propublica.org/nonprofits/organizations/273219112,charitable foundation,2025-10-17 18:01:24,,,,,,,,not_contacted,no,no,,,,high
Ll Charitable Foundation,472433049,Philadelphia,PA,T20,,https://projects.propublica.org/nonprofits/organizations/472433049,charitable foundation,2025-10-17 18:01:24,,,,,,,,not_contacted,no,no,,,,high
Adagp Charitable Foundation,30509965,Norristown,PA,T12,,https://projects.propublica.org/nonprofits/organizations/30509965,charitable foundation,2025-10-17 18:01:24,,,,,,,,not_contacted,no,no,,,,high
Northwest Charitable Foundation,271403629,Warren,PA,T21,,https://projects.propublica.org/nonprofits/organizations/271403629,charitable foundation,2025-10-17 18:01:24,,,,,,,,not_contacted,no,no,,,,high
Phn Charitable Foundation,412188011,Sharon,PA,T20,,https://projects.propublica.org/nonprofits/organizations/412188011,charitable foundation,2025-10-17 18:01:24,,,,,,,,not_contacted,no,no,,,,high
Byham Charitable Foundation,251739254,Bridgeville,PA,T20,,https://projects.propublica.org/nonprofits/organizations/251739254,charitable foundation,2025-10-17 18:01:24,,,,,,,,not_contacted,no,no,,,,high
Techgirlz Charitable Foundation,274622350,Wyncote,PA,J22,,https://projects.propublica.org/nonprofits/organizations/274622350,charitable foundation,2025-10-17 18:01:24,,,,,,,,not_contacted,no,no,,,,high
Bison Charitable Foundation,465748145,Canonsburg,PA,T20,,https://projects.propublica.org/nonprofits/organizations/465748145,charitable foundation,2025-10-17 18:01:24,,,,,,,,not_contacted,no,no,,,,high
Wolstenholme Charitable Foundation,232937483,Westfield,PA,T20J,,https://projects.propublica.org/nonprofits/organizations/232937483,charitable foundation,2025-10-17 18:01:24,,,,,,,,not_contacted,no,no,,,,high
Jem Charitable Foundation,472054575,Erie,PA,T20,,https://projects.propublica.org/nonprofits/organizations/472054575,charitable foundation,2025-10-17 18:01:24,,,,,,,,not_contacted,no,no,,,,high
Wlg Charitable Foundation,237649667,Philadelphia,PA,,,https://projects.propublica.org/nonprofits/organizations/237649667,charitable foundation,2025-10-17 18:01:24,,,,,,,,not_contacted,no,no,,,,high
Knoll Charitable Foundation,232939762,E Greenville,PA,B820,,https://projects.propublica.org/nonprofits/organizations/232939762,charitable foundation,2025-10-17 18:01:24,,,,,,,,not_contacted,no,no,,,,high
Meek Charitable Foundation,873240307,Sewickley,PA,T22,,https://projects.propublica.org/nonprofits/organizations/873240307,charitable foundation,2025-10-17 18:01:24,,,,,,,,not_contacted,no,no,,,,high
Hrg Charitable Foundation,922734645,Harrisburg,PA,P20,,https://projects.propublica.org/nonprofits/organizations/922734645,charitable foundation,2025-10-17 18:01:24,,,,,,,,not_contacted,no,no,,,,high
Atairos Charitable Foundation,874028741,Bryn Mawr,PA,T21,,https://projects.propublica.org/nonprofits/organizations/874028741,charitable foundation,2025-10-17 18:01:24,,,,,,,,not_contacted,no,no,,,,high
Bradford Charitable Foundation,455451189,Bridgeville,PA,T11,,https://projects.propublica.org/nonprofits/organizations/455451189,charitable foundation,2025-10-17 18:01:24,,,,,,,,not_contacted,no,no,,,,high
Imc Charitable Foundation,263082840,Malvern,PA,T30,,https://projects.propublica.org/nonprofits/organizations/263082840,charitable foundation,2025-10-17 18:01:24,,,,,,,,not_contacted,no,no,,,,high
Pfcu Charitable Foundation,934646660,Philadelphia,PA,T21,,https://projects.propublica.org/nonprofits/organizations/934646660,charitable foundation,2025-10-17 18:01:24,,,,,,,,not_contacted,no,no,,,,high
Anndon Charitable Foundation,931618829,Uppr Chichstr,PA,D12,,https://projects.propublica.org/nonprofits/organizations/931618829,charitable foundation,2025-10-17 18:01:24,,,,,,,,not_contacted,no,no,,,,high
Jumet Charitable Foundation,203575169,Darlington,PA,B82,,https://projects.propublica.org/nonprofits/organizations/203575169,charitable foundation,2025-10-17 18:01:24,,,,,,,,not_contacted,no,no,,,,high
Lasko Family Foundation,232307053,Philadelphia,PA,,,https://projects.propublica.org/nonprofits/organizations/232307053,family foundation,2025-10-17 18:01:25,,,,,,,,not_contacted,no,no,,,,high
Neubauer Family Foundation,256627704,Philadelphia,PA,T22,,https://projects.propublica.org/nonprofits/organizations/256627704,family foundation,2025-10-17 18:01:25,,,,,,,,not_contacted,no,no,,,,high
Riley Family Foundation,823802429,Valley Forge,PA,T20,,https://projects.propublica.org/nonprofits/organizations/823802429,family foundation,2025-10-17 18:01:25,,,,,,,,not_contacted,no,no,,,,high
1830 Family Foundation,261462775,Philadelphia,PA,T20,,https://projects.propublica.org/nonprofits/organizations/261462775,family foundation,2025-10-17 18:01:25,,,,,,,,not_contacted,no,no,,,,high
Burke Family Foundation,311583757,Pittsburgh,PA,T30Z,,https://projects.propublica.org/nonprofits/organizations/311583757,family foundation,2025-10-17 18:01:25,,,,,,,,not_contacted,no,no,,,,high
Sutphin Family Foundation,311423164,Pittsburgh,PA,T22Z,,https://projects.propublica.org/nonprofits/organizations/311423164,family foundation,2025-10-17 18:01:25,,,,,,,,not_contacted,no,no,,,,high
Kinsley Family Foundation,232870170,Seven Valleys,PA,T22Z,,https://projects.propublica.org/nonprofits/organizations/232870170,family foundation,2025-10-17 18:01:25,,,,,,,,not_contacted,no,no,,,,high
Trivedi Family Foundation,473402778,Bridgeville,PA,T22,,https://projects.propublica.org/nonprofits/organizations/473402778,family foundation,2025-10-17 18:01:25,,,,,,,,not_contacted,no,no,,,,high
Rdl Family Foundation,832312021,Meadville,PA,T20,,https://projects.propublica.org/nonprofits/organizations/832312021,family foundation,2025-10-17 18:01:25,,,,,,,,not_contacted,no,no,,,,high
Holy Family Foundation,251688439,Pittsburgh,PA,,,https://projects.propublica.org/nonprofits/organizations/251688439,family foundation,2025-10-17 18:01:25,,,,,,,,not_contacted,no,no,,,,high
Sokolski Family Foundation,843069198,Baden,PA,T22,,https://projects.propublica.org/nonprofits/organizations/843069198,family foundation,2025-10-17 18:01:25,,,,,,,,not_contacted,no,no,,,,high
Widger Family Foundation,832860358,Philadelphia,PA,,,https://projects.propublica.org/nonprofits/organizations/832860358,family foundation,2025-10-17 18:01:25,,,,,,,,not_contacted,no,no,,,,high
Barnes Family Foundation,810847423,Perkasie,PA,E21,,https://projects.propublica.org/nonprofits/organizations/810847423,family foundation,2025-10-17 18:01:25,,,,,,,,not_contacted,no,no,,,,high
Mascaro Family Foundation,134203614,Pittsburgh,PA,T20,,https://projects.propublica.org/nonprofits/organizations/134203614,family foundation,2025-10-17 18:01:25,,,,,,,,not_contacted,no,no,,,,high
Heinz Family Foundation,251689382,Pittsburgh,PA,T20,,https://projects.propublica.org/nonprofits/organizations/251689382,family foundation,2025-10-17 18:01:25,,,,,,,,not_contacted,no,no,,,,high
Scarcelli Family Foundation,832694911,North Wales,PA,T99,,https://projects.propublica.org/nonprofits/organizations/832694911,family foundation,2025-10-17 18:01:25,,,,,,,,not_contacted,no,no,,,,high
Haldeman Family Foundation,352218296,Philadelphia,PA,T22,,https://projects.propublica.org/nonprofits/organizations/352218296,family foundation,2025-10-17 18:01:25,,,,,,,,not_contacted,no,no,,,,high
Colket Family Foundation,852260055,Newtown Square,PA,T22,,https://projects.propublica.org/nonprofits/organizations/852260055,family foundation,2025-10-17 18:01:25,,,,,,,,not_contacted,no,no,,,,high
Zeigler Family Foundation,461441975,Schwenksville,PA,T22,,https://projects.propublica.org/nonprofits/organizations/461441975,family foundation,2025-10-17 18:01:25,,,,,,,,not_contacted,no,no,,,,high
Wheelhouse Family Foundation,871362862,Pittsburgh,PA,T20,,https://projects.propublica.org/nonprofits/organizations/871362862,family foundation,2025-10-17 18:01:25,,,,,,,,not_contacted,no,no,,,,high
Rice Family Foundation,814690325,Hanover,PA,T20,,https://projects.propublica.org/nonprofits/organizations/814690325,family foundation,2025-10-17 18:01:25,,,,,,,,not_contacted,no,no,,,,high
Hawk Family Foundation,421719365,Dunmore,PA,T20,,https://projects.propublica.org/nonprofits/organizations/421719365,family foundation,2025-10-17 18:01:25,,,,,,,,not_contacted,no,no,,,,high
Dunlap Family Foundation,884360481,Canonsburg,PA,T22,,https://projects.propublica.org/nonprofits/organizations/884360481,family foundation,2025-10-17 18:01:25,,,,,,,,not_contacted,no,no,,,,high
Erlbaum Family Foundation,232962563,Ardmore,PA,T20Z,,https://projects.propublica.org/nonprofits/organizations/232962563,family foundation,2025-10-17 18:01:25,,,,,,,,not_contacted,no,no,,,,high
Nerney Family Foundation,204976135,Wayne,PA,T20,,https://projects.propublica.org/nonprofits/organizations/204976135,family foundation,2025-10-17 18:01:25,,,,,,,,not_contacted,no,no,,,,high
Erie Community Foundation,256032032,Erie,PA,T310,,https://projects.propublica.org/nonprofits/organizations/256032032,community foundation,2025-10-17 18:01:26,,,,,,,,not_contacted,no,no,,,,high
Community Giving Foundation,232982141,Berwick,PA,T310,,https://projects.propublica.org/nonprofits/organizations/232982141,community foundation,2025-10-17 18:01:26,,,,,,,,not_contacted,no,no,,,,high
Penn Community Foundation,232984663,Perkasie,PA,T21,,https://projects.propublica.org/nonprofits/organizations/232984663,community foundation,2025-10-17 18:01:26,,,,,,,,not_contacted,no,no,,,,high
Corry Community Foundation,251850006,Erie,PA,S11,,https://projects.propublica.org/nonprofits/organizations/251850006,community foundation,2025-10-17 18:01:26,,,,,,,,not_contacted,no,no,,,,high
Middletown Community Foundation,233053111,Langhorne,PA,T31,,https://projects.propublica.org/nonprofits/organizations/233053111,community foundation,2025-10-17 18:01:26,,,,,,,,not_contacted,no,no,,,,high
Ironwood Community Foundation,251869268,Lebanon,PA,T90,,https://projects.propublica.org/nonprofits/organizations/251869268,community foundation,2025-10-17 18:01:26,,,,,,,,not_contacted,no,no,,,,high
Wsfs Community Foundation,260542636,Philadelphia,PA,T20,,https://projects.propublica.org/nonprofits/organizations/260542636,community foundation,2025-10-17 18:01:26,,,,,,,,not_contacted,no,no,,,,high
Newtown Community Foundation,870712485,Doylestown,PA,P40,,https://projects.propublica.org/nonprofits/organizations/870712485,community foundation,2025-10-17 18:01:26,,,,,,,,not_contacted,no,no,,,,high
Spartsburg Community Foundation,465082667,Spartansburg,PA,B11,,https://projects.propublica.org/nonprofits/organizations/465082667,community foundation,2025-10-17 18:01:26,,,,,,,,not_contacted,no,no,,,,high
Metrocast Community Foundation,208718632,Frazer,PA,,,https://projects.propublica.org/nonprofits/organizations/208718632,community foundation,2025-10-17 18:01:26,,,,,,,,not_contacted,no,no,,,,high
Clarion Community Foundation,473434248,Clarion,PA,S12,,https://projects.propublica.org/nonprofits/organizations/473434248,community foundation,2025-10-17 18:01:26,,,,,,,,not_contacted,no,no,,,,high
Community Support Foundation,205532884,Silver Spring,PA,L30,,https://projects.propublica.org/nonprofits/organizations/205532884,community foundation,2025-10-17 18:01:26,,,,,,,,not_contacted,no,no,,,,high
Community Youth Foundation,204568868,Lansdale,PA,B82,,https://projects.propublica.org/nonprofits/organizations/204568868,community foundation,2025-10-17 18:01:26,,,,,,,,not_contacted,no,no,,,,high
Dynamic Community Foundation,834309104,Freeport,PA,B82,,https://projects.propublica.org/nonprofits/organizations/834309104,community foundation,2025-10-17 18:01:26,,,,,,,,not_contacted,no,no,,,,high
Emmaus Community Foundation,881889440,Emmaus,PA,S20,,https://projects.propublica.org/nonprofits/organizations/881889440,community foundation,2025-10-17 18:01:26,,,,,,,,not_contacted,no,no,,,,high
Grace Community Foundation,237786666,Allentown,PA,K31Z,,https://projects.propublica.org/nonprofits/organizations/237786666,community foundation,2025-10-17 18:01:26,,,,,,,,not_contacted,no,no,,,,high
Keystone Community Foundation,331691974,Northumberlnd,PA,T20,,https://projects.propublica.org/nonprofits/organizations/331691974,community foundation,2025-10-17 18:01:26,,,,,,,,not_contacted,no,no,,,,high
Oakmont Community Foundation,272881178,Oakmont,PA,N31,,https://projects.propublica.org/nonprofits/organizations/272881178,community foundation,2025-10-17 18:01:26,,,,,,,,not_contacted,no,no,,,,high
Palisades Community Foundation,232993718,Kintnersville,PA,N114,,https://projects.propublica.org/nonprofits/organizations/232993718,community foundation,2025-10-17 18:01:26,,,,,,,,not_contacted,no,no,,,,high
Panther Community Foundation,843033575,Marcus Hook,PA,S31,,https://projects.propublica.org/nonprofits/organizations/843033575,community foundation,2025-10-17 18:01:26,,,,,,,,not_contacted,no,no,,,,high
Wesleyville Community Foundation,823954805,Erie,PA,S20,,https://projects.propublica.org/nonprofits/organizations/823954805,community foundation,2025-10-17 18:01:26,,,,,,,,not_contacted,no,no,,,,high
Community Changers Foundation,993227135,Philadelphia,PA,P20,,https://projects.propublica.org/nonprofits/organizations/993227135,community foundation,2025-10-17 18:01:26,,,,,,,,not_contacted,no,no,,,,high
Mlg Community Foundation,208052059,Lancaster,PA,T21,,https://projects.propublica.org/nonprofits/organizations/208052059,community foundation,2025-10-17 18:01:26,,,,,,,,not_contacted,no,no,,,,high
The Communitys Foundation,232354770,Ridley Park,PA,T31,,https://projects.propublica.org/nonprofits/organizations/232354770,community foundation,2025-10-17 18:01:26,,,,,,,,not_contacted,no,no,,,,high
Lancaster County Community Foundation,200874857,Lancaster,PA,T31,,https://projects.propublica.org/nonprofits/organizations/200874857,community foundation,2025-10-17 18:01:26,,,,,,,,not_contacted,no,no,,,,high
Alex Szeles Private Foundation,766213976,Harrisburg,PA,,,https://projects.propublica.org/nonprofits/organizations/766213976,private foundation,2025-10-17 18:01:28,,,,,,,,not_contacted,no,no,,,,high
Marilyn Jentzen Private Foundation,872740466,Philadelphia,PA,P20,,https://projects.propublica.org/nonprofits/organizations/872740466,private foundation,2025-10-17 18:01:28,,,,,,,,not_contacted,no,no,,,,high
Marian S Lawry Private Foundation,276707238,Pittsburgh,PA,T20,,https://projects.propublica.org/nonprofits/organizations/276707238,private foundation,2025-10-17 18:01:28,,,,,,,,not_contacted,no,no,,,,high
Elaine T Emrick Private Foundation,203260217,Bethlehem,PA,T22,,https://projects.propublica.org/nonprofits/organizations/203260217,private foundation,2025-10-17 18:01:28,,,,,,,,not_contacted,no,no,,,,high
Awc Dde Ay2023 Private Foundation,883040454,Carlisle,PA,,,https://projects.propublica.org/nonprofits/organizations/883040454,private foundation,2025-10-17 18:01:28,,,,,,,,not_contacted,no,no,,,,high
William Griffith Harbison Private Foundation,232668089,Sewickley,PA,,,https://projects.propublica.org/nonprofits/organizations/232668089,private foundation,2025-10-17 18:01:28,,,,,,,,not_contacted,no,no,,,,high
Stanley & Agnes Mckie Private Foundation Tr,311581509,Pittsburgh,PA,T20Z,,https://projects.propublica.org/nonprofits/organizations/311581509,private foundation,2025-10-17 18:01:28,,,,,,,,not_contacted,no,no,,,,high
The Richard F Baruch Private Foundation,232903488,Philadelphia,PA,,,https://projects.propublica.org/nonprofits/organizations/232903488,private foundation,2025-10-17 18:01:28,,,,,,,,not_contacted,no,no,,,,high
J Gerald Robling Private Foundation,826896484,Scranton,PA,T20,,https://projects.propublica.org/nonprofits/organizations/826896484,private foundation,2025-10-17 18:01:28,,,,,,,,not_contacted,no,no,,,,high
Norman And Nancy Norris Private Foundation,232707519,Birchrunville,PA,,,https://projects.propublica.org/nonprofits/organizations/232707519,private foundation,2025-10-17 18:01:28,,,,,,,,not_contacted,no,no,,,,high
Shree Dharmajivan Mission Private Foundation Charitable Trust,273619189,Dalton,PA,T30,,https://projects.propublica.org/nonprofits/organizations/273619189,private foundation,2025-10-17 18:01:28,,,,,,,,not_contacted,no,no,,,,high
Violet L Ansorge Private Foundation Tr 08251999,300532062,Pittsburgh,PA,T20,,https://projects.propublica.org/nonprofits/organizations/300532062,private foundation,2025-10-17 18:01:28,,,,,,,,not_contacted,no,no,,,,high
Roger And Sarah Bancroft Clark Private Foundation,456466686,Pittsburgh,PA,T20,,https://projects.propublica.org/nonprofits/organizations/456466686,private foundation,2025-10-17 18:01:28,,,,,,,,not_contacted,no,no,,,,high
The Richard And Jacquelyn Kurtz Private Foundation,232791486,West Chester,PA,,,https://projects.propublica.org/nonprofits/organizations/232791486,private foundation,2025-10-17 18:01:28,,,,,,,,not_contacted,no,no,,,,high
Louis And Suzanne Mauriello Bonita Private Foundation,232801091,Dunmore,PA,T22Z,,https://projects.propublica.org/nonprofits/organizations/232801091,private foundation,2025-10-17 18:01:28,,,,,,,,not_contacted,no,no,,,,high
Edwin D Martin And Judith M Martin Private Foundation,843817549,Shippensburg,PA,T90,,https://projects.propublica.org/nonprofits/organizations/843817549,private foundation,2025-10-17 18:01:28,,,,,,,,not_contacted,no,no,,,,high
Henry K And Wilma I Mcconnon Family Charitable Private Foundation,843921343,State College,PA,T22,,https://projects.propublica.org/nonprofits/organizations/843921343,private foundation,2025-10-17 18:01:28,,,,,,,,not_contacted,no,no,,,,high
George And Dianne Thornton Private Foundation C/O Dianne Thornton,232969247,York,PA,,,https://projects.propublica.org/nonprofits/organizations/232969247,private foundation,2025-10-17 18:01:28,,,,,,,,not_contacted,no,no,,,,high
The Federation Of Defense And Corporate Counsel Foundation,746055023,King Of Prussia,PA,,,https://projects.propublica.org/nonprofits/organizations/746055023,corporate foundation,2025-10-17 18:01:29,,,,,,,,not_contacted,no,no,,,,high
Corporal Chad Beattie Memorial Scholarship Foundation Inc,991129258,West Alexander,PA,B82,,https://projects.propublica.org/nonprofits/organizations/991129258,corporate foundation,2025-10-17 18:01:29,,,,,,,,not_contacted,no,no,,,,high
Asbury Foundation,251555688,Pittsburgh,PA,,,https://projects.propublica.org/nonprofits/organizations/251555688,corporate foundation,2025-10-17 18:01:29,,,,,,,,not_contacted,no,no,,,,high
717 Arts Incorporated,874329599,Harrisburg,PA,A20,,https://projects.propublica.org/nonprofits/organizations/874329599,arts,2025-10-17 18:01:30,,,,,,,,not_contacted,no,no,,,,medium
Decorative Arts Trust,232048668,Media,PA,A030,,https://projects.propublica.org/nonprofits/organizations/232048668,arts,2025-10-17 18:01:30,,,,,,,,not_contacted,no,no,,,,high
Charter Arts Foundation,453986393,Bethlehem,PA,B11,,https://projects.propublica.org/nonprofits/organizations/453986393,arts,2025-10-17 18:01:30,,,,,,,,not_contacted,no,no,,,,high
Westmoreland Cultural Trust,251213228,Greensburg,PA,T99,,https://projects.propublica.org/nonprofits/organizations/251213228,cultural,2025-10-17 18:01:31,,,,,,,,not_contacted,no,no,,,,high
Cultural Enrichment Fund,232327546,Harrisburg,PA,,,https://projects.propublica.org/nonprofits/organizations/232327546,cultural,2025-10-17 18:01:31,,,,,,,,not_contacted,no,no,,,,high
Collegiate Cultural Foundation,203462976,Media,PA,R62,,https://projects.propublica.org/nonprofits/organizations/203462976,cultural,2025-10-17 18:01:31,,,,,,,,not_contacted,no,no,,,,high
Korean Cultural Foundation,460684526,Kng Of Prussa,PA,A99,,https://projects.propublica.org/nonprofits/organizations/460684526,cultural,2025-10-17 18:01:31,,,,,,,,not_contacted,no,no,,,,high
Carlson Cultural Trust,237752835,Nottingham,PA,,,https://projects.propublica.org/nonprofits/organizations/237752835,cultural,2025-10-17 18:01:31,,,,,,,,not_contacted,no,no,,,,high
The Pittsburgh Cultural Trust,251469002,Pittsburgh,PA,A200,,https://projects.propublica.org/nonprofits/organizations/251469002,cultural,2025-10-17 18:01:31,,,,,,,,not_contacted,no,no,,,,high
Philadelphia Cultural Fund Inc,232683335,Philadelphia,PA,A120,,https://projects.propublica.org/nonprofits/organizations/232683335,cultural,2025-10-17 18:01:31,,,,,,,,not_contacted,no,no,,,,high
Ukrainian Educational And Cultural,232137454,Jenkintown,PA,A23Z,,https://projects.propublica.org/nonprofits/organizations/232137454,cultural,2025-10-17 18:01:31,,,,,,,,not_contacted,no,no,,,,medium
Fayette County Cultural Trust,651283985,Connellsville,PA,A80,,https://projects.propublica.org/nonprofits/organizations/651283985,cultural,2025-10-17 18:01:31,,,,,,,,not_contacted,no,no,,,,high
Simply Music Incorporated,263284218,Philadelphia,PA,A68,,https://projects.propublica.org/nonprofits/organizations/263284218,music,2025-10-17 18:01:32,,,,,,,,not_contacted,no,no,,,,medium
Btb Music Foundation,993599060,Aston,PA,A68,,https://projects.propublica.org/nonprofits/organizations/993599060,music,2025-10-17 18:01:32,,,,,,,,not_contacted,no,no,,,,high
Village Theater Company,453563211,Sewickley,PA,A65,,https://projects.propublica.org/nonprofits/organizations/453563211,theater,2025-10-17 18:01:34,,,,,,,,not_contacted,no,no,,,,medium
Lantern Theater Company,232798692,Philadelphia,PA,A650,,https://projects.propublica.org/nonprofits/organizations/232798692,theater,2025-10-17 18:01:34,,,,,,,,not_contacted,no,no,,,,medium
Alumni Theater Company,452932278,Pittsburgh,PA,A65,,https://projects.propublica.org/nonprofits/organizations/452932278,theater,2025-10-17 18:01:34,,,,,,,,not_contacted,no,no,,,,medium
Gemini Theater Company,232885363,Mckees Rocks,PA,A65,,https://projects.propublica.org/nonprofits/organizations/232885363,theater,2025-10-17 18:01:34,,,,,,,,not_contacted,no,no,,,,medium
Erie Theater Company,471613793,Lancaster,PA,P20,,https://projects.propublica.org/nonprofits/organizations/471613793,theater,2025-10-17 18:01:34,,,,,,,,not_contacted,no,no,,,,medium
Flutterby Theater Company,263234609,Glenside,PA,A65,,https://projects.propublica.org/nonprofits/organizations/263234609,theater,2025-10-17 18:01:34,,,,,,,,not_contacted,no,no,,,,medium
Madhouse Theater Company,205850956,Horsham,PA,A65,,https://projects.propublica.org/nonprofits/organizations/205850956,theater,2025-10-17 18:01:34,,,,,,,,not_contacted,no,no,,,,medium
Philadelphia Dance Company,237161084,Philadelphia,PA,A620,,https://projects.propublica.org/nonprofits/organizations/237161084,dance,2025-10-17 18:01:35,,,,,,,,not_contacted,no,no,,,,medium
Koresh Dance Company,232703616,Philadelphia,PA,A62Z,,https://projects.propublica.org/nonprofits/organizations/232703616,dance,2025-10-17 18:01:35,,,,,,,,not_contacted,no,no,,,,medium
Sharp Dance Company,264000058,Philadelphia,PA,A62,,https://projects.propublica.org/nonprofits/organizations/264000058,dance,2025-10-17 18:01:35,,,,,,,,not_contacted,no,no,,,,medium
Diffusion Dance Company,832068417,Seven Valleys,PA,A62,,https://projects.propublica.org/nonprofits/organizations/832068417,dance,2025-10-17 18:01:35,,,,,,,,not_contacted,no,no,,,,medium
Alchemy Dance Company,208092922,Collingdale,PA,A20,,https://projects.propublica.org/nonprofits/organizations/208092922,dance,2025-10-17 18:01:35,,,,,,,,not_contacted,no,no,,,,medium
Fusia Dance Company,811606808,Bartonsville,PA,A62,,https://projects.propublica.org/nonprofits/organizations/811606808,dance,2025-10-17 18:01:35,,,,,,,,not_contacted,no,no,,,,medium
Generations Dance Foundation,922196799,Ft Washington,PA,A62,,https://projects.propublica.org/nonprofits/organizations/922196799,dance,2025-10-17 18:01:35,,,,,,,,not_contacted,no,no,,,,high
Huntingdon Dance Company,465158747,Huntingdon,PA,A62,,https://projects.propublica.org/nonprofits/organizations/465158747,dance,2025-10-17 18:01:35,,,,,,,,not_contacted,no,no,,,,medium
Arts Equity & Education Fund,823746641,Newtown Sq,PA,T20,,https://projects.propublica.org/nonprofits/organizations/823746641,arts education,2025-10-17 18:01:37,,,,,,,,not_contacted,no,no,,,,high
Youth Education In The Arts,222052456,Allentown,PA,A6C0,,https://projects.propublica.org/nonprofits/organizations/222052456,arts education,2025-10-17 18:01:37,,,,,,,,not_contacted,no,no,,,,medium
Philadelphia Arts In Education Partnership,233035094,Philadelphia,PA,A25,,https://projects.propublica.org/nonprofits/organizations/233035094,arts education,2025-10-17 18:01:37,,,,,,,,not_contacted,no,no,,,,medium
Arts & Education At The Hoyt,471064170,New Castle,PA,A25,,https://projects.propublica.org/nonprofits/organizations/471064170,arts education,2025-10-17 18:01:37,,,,,,,,not_contacted,no,no,,,,medium
Save Sports Arts & Video Education,832094118,Mckeesport,PA,N63,,https://projects.propublica.org/nonprofits/organizations/832094118,arts education,2025-10-17 18:01:37,,,,,,,,not_contacted,no,no,,,,medium
Arts And Education Foundation Inc,873945855,Philadelphia,PA,A99,,https://projects.propublica.org/nonprofits/organizations/873945855,arts education,2025-10-17 18:01:37,,,,,,,,not_contacted,no,no,,,,high
Arts Barn Educational Center,465454439,Schuykl Havn,PA,A20,,https://projects.propublica.org/nonprofits/organizations/465454439,arts education,2025-10-17 18:01:37,,,,,,,,not_contacted,no,no,,,,medium
Yocum Institute For Arts Education Inc,231365985,Reading,PA,A25Z,,https://projects.propublica.org/nonprofits/organizations/231365985,arts education,2025-10-17 18:01:37,,,,,,,,not_contacted,no,no,,,,medium
Charles A Melton Arts & Education Center,231381458,West Chester,PA,P28Z,,https://projects.propublica.org/nonprofits/organizations/231381458,arts education,2025-10-17 18:01:37,,,,,,,,not_contacted,no,no,,,,medium
Haverford Township Education Arts & Music Society,834404654,Havertown,PA,A99,,https://projects.propublica.org/nonprofits/organizations/834404654,arts education,2025-10-17 18:01:37,,,,,,,,not_contacted,no,no,,,,medium
Shippensburg Arts Programming And Education Inc,550837426,Shippensburg,PA,A51,,https://projects.propublica.org/nonprofits/organizations/550837426,arts education,2025-10-17 18:01:37,,,,,,,,not_contacted,no,no,,,,medium
Pennsylvania Art Education Assn,232053321,Kutztown,PA,,,https://projects.propublica.org/nonprofits/organizations/232053321,arts education,2025-10-17 18:01:37,,,,,,,,not_contacted,no,no,,,,medium
Upper Darby Arts And Education Foundation Inc,232934964,Drexel Hill,PA,B82,,https://projects.propublica.org/nonprofits/organizations/232934964,arts education,2025-10-17 18:01:37,,,,,,,,not_contacted,no,no,,,,high
Charity For The Arts Sports & Education Inc,873153333,Newtown Sq,PA,T30,,https://projects.propublica.org/nonprofits/organizations/873153333,arts education,2025-10-17 18:01:37,,,,,,,,not_contacted,no,no,,,,medium
Antonio S Thomas Education Research Arts Foundation,270221149,Philadelphia,PA,P20,,https://projects.propublica.org/nonprofits/organizations/270221149,arts education,2025-10-17 18:01:37,,,,,,,,not_contacted,no,no,,,,high
Gathering Place For Community Arts And Education,462299634,Clarks Summit,PA,P80,,https://projects.propublica.org/nonprofits/organizations/462299634,arts education,2025-10-17 18:01:37,,,,,,,,not_contacted,no,no,,,,medium
Penn Hills Arts And Music Education Foundation,300475357,Pittsburgh,PA,B112,,https://projects.propublica.org/nonprofits/organizations/300475357,arts education,2025-10-17 18:01:37,,,,,,,,not_contacted,no,no,,,,high
Colerain Center For Education Preservation And The Arts,833073316,Spruce Creek,PA,A54,,https://projects.propublica.org/nonprofits/organizations/833073316,arts education,2025-10-17 18:01:37,,,,,,,,not_contacted,no,no,,,,medium
Winkler Gallery And Art Education Center,383877598,Dubois,PA,A99,,https://projects.propublica.org/nonprofits/organizations/383877598,arts education,2025-10-17 18:01:37,,,,,,,,not_contacted,no,no,,,,medium
Education Arts And Sports For Youth Services   Easy Services,994989445,King Of Prussia,PA,O50,,https://projects.propublica.org/nonprofits/organizations/994989445,arts education,2025-10-17 18:01:37,,,,,,,,not_contacted,no,no,,,,medium
Progressive Education Of Children In The Arts Network Inc,251889697,Grantville,PA,A26,,https://projects.propublica.org/nonprofits/organizations/251889697,arts education,2025-10-17 18:01:37,,,,,,,,not_contacted,no,no,,,,medium
Silverback Educational Foundation For The Arts Dance And Athletics,464902114,Newtown Square,PA,T22,,https://projects.propublica.org/nonprofits/organizations/464902114,arts education,2025-10-17 18:01:37,,,,,,,,not_contacted,no,no,,,,high
Iphet  Institute For Promoting Heal Th Education And The Arts And Tec,455191303,State College,PA,B90,,https://projects.propublica.org/nonprofits/organizations/455191303,arts education,2025-10-17 18:01:37,,,,,,,,not_contacted,no,no,,,,medium
Rossetti Foundation For The Arts & Culture Inc,853018279,Scranton,PA,A20,,https://projects.propublica.org/nonprofits/organizations/853018279,cultural arts,2025-10-17 18:01:39,,,,,,,,not_contacted,no,no,,,,high
Elarbi Foundation For Culture And The Arts,921112651,King Of Prussia,PA,A20,,https://projects.propublica.org/nonprofits/organizations/921112651,cultural arts,2025-10-17 18:01:39,,,,,,,,not_contacted,no,no,,,,high
American Art Culture Foundation Inc,931705203,Philadelphia,PA,A25,,https://projects.propublica.org/nonprofits/organizations/931705203,cultural arts,2025-10-17 18:01:39,,,,,,,,not_contacted,no,no,,,,high
Performing Arts Foundation Inc,136149781,Philadelphia,PA,A60Z,,https://projects.propublica.org/nonprofits/organizations/136149781,performing arts,2025-10-17 18:01:40,,,,,,,,not_contacted,no,no,,,,high
Pennsylvania Performing Arts Company,233007927,Norristown,PA,A65,,https://projects.propublica.org/nonprofits/organizations/233007927,performing arts,2025-10-17 18:01:40,,,,,,,,not_contacted,no,no,,,,medium
Dreamers Performing Arts Incorporated,922249016,Philadelphia,PA,A60,,https://projects.propublica.org/nonprofits/organizations/922249016,performing arts,2025-10-17 18:01:40,,,,,,,,not_contacted,no,no,,,,medium
Reclaimed Performing Arts Company,993663163,Bethlehem,PA,A65,,https://projects.propublica.org/nonprofits/organizations/993663163,performing arts,2025-10-17 18:01:40,,,,,,,,not_contacted,no,no,,,,medium
Imagine Performing Arts Fund,874553020,Dalton,PA,A60,,https://projects.propublica.org/nonprofits/organizations/874553020,performing arts,2025-10-17 18:01:40,,,,,,,,not_contacted,no,no,,,,high
Education Blossom,871050987,Harleysville,PA,B90,,https://projects.propublica.org/nonprofits/organizations/871050987,education,2025-10-17 18:01:41,,,,,,,,not_contacted,no,no,,,,medium
Education Blueprint,853710126,Pittsburgh,PA,B90,,https://projects.propublica.org/nonprofits/organizations/853710126,education,2025-10-17 18:01:41,,,,,,,,not_contacted,no,no,,,,medium
Education Network,942945018,Pittsburgh,PA,,,https://projects.propublica.org/nonprofits/organizations/942945018,education,2025-10-17 18:01:41,,,,,,,,not_contacted,no,no,,,,medium
Klats Education,332738374,Pittsburgh,PA,B11,,https://projects.propublica.org/nonprofits/organizations/332738374,education,2025-10-17 18:01:41,,,,,,,,not_contacted,no,no,,,,medium
Trophic Education,932551608,Berwyn,PA,B90,,https://projects.propublica.org/nonprofits/organizations/932551608,education,2025-10-17 18:01:41,,,,,,,,not_contacted,no,no,,,,medium
Indigenous Education,800791562,Philadelphia,PA,B28,,https://projects.propublica.org/nonprofits/organizations/800791562,education,2025-10-17 18:01:41,,,,,,,,not_contacted,no,no,,,,medium
Adelphoi Education Inc,270532810,Latrobe,PA,B28,,https://projects.propublica.org/nonprofits/organizations/270532810,education,2025-10-17 18:01:41,,,,,,,,not_contacted,no,no,,,,medium
Susquehanna Education Foundation,232965845,Milton,PA,P45,,https://projects.propublica.org/nonprofits/organizations/232965845,education,2025-10-17 18:01:41,,,,,,,,not_contacted,no,no,,,,high
Education Works Inc,223798916,Philadelphia,PA,P20,,https://projects.propublica.org/nonprofits/organizations/223798916,education,2025-10-17 18:01:41,,,,,,,,not_contacted,no,no,,,,medium
Keystone Education Center,232920979,Greenville,PA,B20,,https://projects.propublica.org/nonprofits/organizations/232920979,education,2025-10-17 18:01:41,,,,,,,,not_contacted,no,no,,,,medium
Education Plus Inc,820374669,Philadelphia,PA,,,https://projects.propublica.org/nonprofits/organizations/820374669,education,2025-10-17 18:01:41,,,,,,,,not_contacted,no,no,,,,medium
Summa Global Education,451865707,Fairless Hls,PA,B80,,https://projects.propublica.org/nonprofits/organizations/451865707,education,2025-10-17 18:01:41,,,,,,,,not_contacted,no,no,,,,medium
Ceasefire Pennsylvania Education,710884697,Philadelphia,PA,R60,,https://projects.propublica.org/nonprofits/organizations/710884697,education,2025-10-17 18:01:41,,,,,,,,not_contacted,no,no,,,,medium
Inner Strength Education,475017977,Lancaster,PA,B01,,https://projects.propublica.org/nonprofits/organizations/475017977,education,2025-10-17 18:01:41,,,,,,,,not_contacted,no,no,,,,medium
Bethlehem Education Association,231727635,Bethlehem,PA,,,https://projects.propublica.org/nonprofits/organizations/231727635,education,2025-10-17 18:01:41,,,,,,,,not_contacted,no,no,,,,medium
Universal Education Foundation,810624170,Pittsburgh,PA,B24,,https://projects.propublica.org/nonprofits/organizations/810624170,education,2025-10-17 18:01:41,,,,,,,,not_contacted,no,no,,,,high
Chester Education Foundation,232576096,Chester,PA,,,https://projects.propublica.org/nonprofits/organizations/232576096,education,2025-10-17 18:01:41,,,,,,,,not_contacted,no,no,,,,high
Lancaster Education Foundation,232583874,Lancaster,PA,B25I,,https://projects.propublica.org/nonprofits/organizations/232583874,education,2025-10-17 18:01:41,,,,,,,,not_contacted,no,no,,,,high
Erie Education Association,311500687,Erie,PA,,,https://projects.propublica.org/nonprofits/organizations/311500687,education,2025-10-17 18:01:41,,,,,,,,not_contacted,no,no,,,,medium
Zion Education Center,274525991,Farrell,PA,P33,,https://projects.propublica.org/nonprofits/organizations/274525991,education,2025-10-17 18:01:41,,,,,,,,not_contacted,no,no,,,,medium
Community Education Council,251674754,St Marys,PA,B99Z,,https://projects.propublica.org/nonprofits/organizations/251674754,education,2025-10-17 18:01:41,,,,,,,,not_contacted,no,no,,,,medium
Warwick Education Foundation,232936443,Lititz,PA,T12,,https://projects.propublica.org/nonprofits/organizations/232936443,education,2025-10-17 18:01:41,,,,,,,,not_contacted,no,no,,,,high
African Education Program,421585011,Wayne,PA,Q33,,https://projects.propublica.org/nonprofits/organizations/421585011,education,2025-10-17 18:01:41,,,,,,,,not_contacted,no,no,,,,medium
Lancaster Education Association,222511924,Lancaster,PA,J40,,https://projects.propublica.org/nonprofits/organizations/222511924,education,2025-10-17 18:01:41,,,,,,,,not_contacted,no,no,,,,medium
Methacton Education Foundation,264751225,Eagleville,PA,B122,,https://projects.propublica.org/nonprofits/organizations/264751225,education,2025-10-17 18:01:41,,,,,,,,not_contacted,no,no,,,,high
Bradford Educational Foundation,251399653,Bradford,PA,B43I,,https://projects.propublica.org/nonprofits/organizations/251399653,educational,2025-10-17 18:01:42,,,,,,,,not_contacted,no,no,,,,high
Bridge Educational Foundation,810673032,Harrisburg,PA,B82,,https://projects.propublica.org/nonprofits/organizations/810673032,educational,2025-10-17 18:01:42,,,,,,,,not_contacted,no,no,,,,high
Waldorf Educational Foundation,236254206,Philadelphia,PA,,,https://projects.propublica.org/nonprofits/organizations/236254206,educational,2025-10-17 18:01:42,,,,,,,,not_contacted,no,no,,,,high
Educational Equity Alliance,270399912,Coatesville,PA,Q33,,https://projects.propublica.org/nonprofits/organizations/270399912,educational,2025-10-17 18:01:42,,,,,,,,not_contacted,no,no,,,,medium
Johnstown Educational Foundation,251513720,Johnstown,PA,,,https://projects.propublica.org/nonprofits/organizations/251513720,educational,2025-10-17 18:01:42,,,,,,,,not_contacted,no,no,,,,high
Oxford Educational Foundation,232774066,Oxford,PA,B94,,https://projects.propublica.org/nonprofits/organizations/232774066,educational,2025-10-17 18:01:42,,,,,,,,not_contacted,no,no,,,,high
Slovak Educational Club,250801305,Windber,PA,N50,,https://projects.propublica.org/nonprofits/organizations/250801305,educational,2025-10-17 18:01:42,,,,,,,,not_contacted,no,no,,,,medium
Sungate Educational Community,880635105,Chester Springs,PA,,,https://projects.propublica.org/nonprofits/organizations/880635105,educational,2025-10-17 18:01:42,,,,,,,,not_contacted,no,no,,,,medium
Educational Audiology Association,461378279,Pittsburgh,PA,B03,,https://projects.propublica.org/nonprofits/organizations/461378279,educational,2025-10-17 18:01:42,,,,,,,,not_contacted,no,no,,,,medium
Hlma Educational Inc,251768583,Harrisburg,PA,B90,,https://projects.propublica.org/nonprofits/organizations/251768583,educational,2025-10-17 18:01:42,,,,,,,,not_contacted,no,no,,,,medium
Dreamcatcherfarm Educational Outreach,461521092,Lewisburg,PA,K20,,https://projects.propublica.org/nonprofits/organizations/461521092,educational,2025-10-17 18:01:42,,,,,,,,not_contacted,no,no,,,,medium
Manchester Educational Foundation,821321750,Pittsburgh,PA,B90,,https://projects.propublica.org/nonprofits/organizations/821321750,educational,2025-10-17 18:01:42,,,,,,,,not_contacted,no,no,,,,high
Slovak Educational Society,250955138,Johnstown,PA,N50,,https://projects.propublica.org/nonprofits/organizations/250955138,educational,2025-10-17 18:01:42,,,,,,,,not_contacted,no,no,,,,medium
Sava Educational Fund,824820066,Philadelphia,PA,A70,,https://projects.propublica.org/nonprofits/organizations/824820066,educational,2025-10-17 18:01:42,,,,,,,,not_contacted,no,no,,,,high
Dubois Educational Foundation,251102124,Dubois,PA,,,https://projects.propublica.org/nonprofits/organizations/251102124,educational,2025-10-17 18:01:42,,,,,,,,not_contacted,no,no,,,,high
Ridley Educational Foundation,232982560,Folsom,PA,B112,,https://projects.propublica.org/nonprofits/organizations/232982560,educational,2025-10-17 18:01:42,,,,,,,,not_contacted,no,no,,,,high
Clearfield Educational Foundation,251605423,Clearfield,PA,,,https://projects.propublica.org/nonprofits/organizations/251605423,educational,2025-10-17 18:01:42,,,,,,,,not_contacted,no,no,,,,high
Bellefield Educational Trust,256040858,Pittsburgh,PA,,,https://projects.propublica.org/nonprofits/organizations/256040858,educational,2025-10-17 18:01:42,,,,,,,,not_contacted,no,no,,,,high
Pcoa Educational Foundation,832141633,East Stroudsburg,PA,N20,,https://projects.propublica.org/nonprofits/organizations/832141633,educational,2025-10-17 18:01:42,,,,,,,,not_contacted,no,no,,,,high
Athena Educational Foundation,202525035,Dresher,PA,B82,,https://projects.propublica.org/nonprofits/organizations/202525035,educational,2025-10-17 18:01:42,,,,,,,,not_contacted,no,no,,,,high
Broadcast Educational Communications,472758288,Greensburg,PA,A34,,https://projects.propublica.org/nonprofits/organizations/472758288,educational,2025-10-17 18:01:42,,,,,,,,not_contacted,no,no,,,,medium
Butler Educational Association,251403305,Butler,PA,,,https://projects.propublica.org/nonprofits/organizations/251403305,educational,2025-10-17 18:01:42,,,,,,,,not_contacted,no,no,,,,medium
Canner Educational Foundation,392759264,Biglerville,PA,B11,,https://projects.propublica.org/nonprofits/organizations/392759264,educational,2025-10-17 18:01:42,,,,,,,,not_contacted,no,no,,,,high
Educational Justice League,934748622,State College,PA,B90,,https://projects.propublica.org/nonprofits/organizations/934748622,educational,2025-10-17 18:01:42,,,,,,,,not_contacted,no,no,,,,medium
Innovative Educational Services,251832864,Monroeville,PA,X20,,https://projects.propublica.org/nonprofits/organizations/251832864,educational,2025-10-17 18:01:42,,,,,,,,not_contacted,no,no,,,,medium
Milton Hershey School & School Trust,231353340,Hershey,PA,B200,,https://projects.propublica.org/nonprofits/organizations/231353340,school,2025-10-17 18:01:43,,,,,,,,not_contacted,no,no,,,,high
