organization_name,organization_type,ticker_symbol,city,state,fortune_rank,industry_sector,estimated_min_sponsorship,estimated_max_sponsorship,estimated_typical_sponsorship,sponsorship_likelihood_score,arts_education_potential,email,website,mission,data_source,created_at,geographic_priority
Summit Cloud Corporation,corporation,SUCL,Athens,GA,1,Technology,15000,1500000,300000,96,High,giving@summitcloud.com,https://www.summitcloud.com,Empowering innovation through cutting-edge technology solutions that transform how businesses operate and communities thrive.,Comprehensive Fortune 1000 Analysis,2025-10-26T20:43:29.673945,Medium
United Solutions Enterprises,corporation,UNSO,Fayetteville,AR,2,Technology,14985,1498500,299400,92,High,giving@unitedsolutions.com,https://www.unitedsolutions.com,"Building the future of technology with solutions that enhance productivity, creativity, and human potential.",Comprehensive Fortune 1000 Analysis,2025-10-26T20:43:29.674031,Medium
Prime Software Inc.,corporation,PRSO,South Burlington,VT,3,Technology,14970,1497000,298801,90,High,impact@primesoftware.com,https://www.primesoftware.com,Connecting people and possibilities through advanced technology platforms that drive digital transformation.,Comprehensive Fortune 1000 Analysis,2025-10-26T20:43:29.674059,Medium
American Systems Enterprises,corporation,AMER,Missoula,MT,4,Technology,14955,1495500,298202,96,High,partnerships@american.com,https://www.american.com,Connecting people and possibilities through advanced technology platforms that drive digital transformation.,Comprehensive Fortune 1000 Analysis,2025-10-26T20:43:29.674077,Medium
First Data Holdings,corporation,FIDA,Reno,NV,5,Technology,14940,1494000,297604,93,High,giving@firstdata.com,https://www.firstdata.com,Connecting people and possibilities through advanced technology platforms that drive digital transformation.,Comprehensive Fortune 1000 Analysis,2025-10-26T20:43:29.674090,Medium
Summit Solutions Systems,corporation,SUSO,Fishers,IN,6,Technology,14925,1492500,297007,98,High,partnerships@summitsolutions.com,https://www.summitsolutions.com,"Building the future of technology with solutions that enhance productivity, creativity, and human potential.",Comprehensive Fortune 1000 Analysis,2025-10-26T20:43:29.674102,Medium
Summit Tech Holdings,corporation,SUTE,Waterloo,IA,7,Technology,14910,1491000,296410,97,High,impact@summittech.com,https://www.summittech.com,Empowering innovation through cutting-edge technology solutions that transform how businesses operate and communities thrive.,Comprehensive Fortune 1000 Analysis,2025-10-26T20:43:29.674112,Medium
United Solutions Systems,corporation,UNSO,Alexandria,VA,8,Technology,14895,1489500,295814,96,High,community@unitedsolutions.com,https://www.unitedsolutions.com,Empowering innovation through cutting-edge technology solutions that transform how businesses operate and communities thrive.,Comprehensive Fortune 1000 Analysis,2025-10-26T20:43:29.674121,Medium
American Data Corporation,corporation,AMDA,Hoover,AL,9,Technology,14880,1488000,295219,94,High,impact@americandata.com,https://www.americandata.com,Empowering innovation through cutting-edge technology solutions that transform how businesses operate and communities thrive.,Comprehensive Fortune 1000 Analysis,2025-10-26T20:43:29.674135,Medium
American Data Enterprises,corporation,AMDA,Arvada,CO,10,Technology,14865,1486500,294624,94,High,community@americandata.com,https://www.americandata.com,"Building the future of technology with solutions that enhance productivity, creativity, and human potential.",Comprehensive Fortune 1000 Analysis,2025-10-26T20:43:29.674144,High
Prime Cyber Group,corporation,PRCY,Syracuse,NY,11,Technology,14850,1485000,294030,96,High,giving@primecyber.com,https://www.primecyber.com,"Building the future of technology with solutions that enhance productivity, creativity, and human potential.",Comprehensive Fortune 1000 Analysis,2025-10-26T20:43:29.674154,High
National Software Group,corporation,NASO,Kailua,HI,12,Technology,14835,1483500,293436,96,High,giving@nationalsoftwar.com,https://www.nationalsoftwar.com,Connecting people and possibilities through advanced technology platforms that drive digital transformation.,Comprehensive Fortune 1000 Analysis,2025-10-26T20:43:29.674166,Medium
Prime Data Enterprises,corporation,PRDA,Pittsburgh,PA,13,Technology,14820,1482000,292843,94,High,impact@primedata.com,https://www.primedata.com,"Building the future of technology with solutions that enhance productivity, creativity, and human potential.",Comprehensive Fortune 1000 Analysis,2025-10-26T20:43:29.674175,Medium
United Cloud Holdings,corporation,UNCL,Lewiston,ME,14,Technology,14805,1480500,292250,96,High,community@unitedcloud.com,https://www.unitedcloud.com,Empowering innovation through cutting-edge technology solutions that transform how businesses operate and communities thrive.,Comprehensive Fortune 1000 Analysis,2025-10-26T20:43:29.674185,Medium
Summit Tech Enterprises,corporation,SUTE,Kailua,HI,15,Technology,14790,1479000,291658,95,High,giving@summittech.com,https://www.summittech.com,Empowering innovation through cutting-edge technology solutions that transform how businesses operate and communities thrive.,Comprehensive Fortune 1000 Analysis,2025-10-26T20:43:29.674196,Medium
National Software Holdings,corporation,NASO,Biloxi,MS,16,Technology,14775,1477500,291067,96,High,impact@nationalsoftwar.com,https://www.nationalsoftwar.com,Connecting people and possibilities through advanced technology platforms that drive digital transformation.,Comprehensive Fortune 1000 Analysis,2025-10-26T20:43:29.674207,Medium
American Digital Group,corporation,AMDI,St. Albans,VT,17,Technology,14760,1476000,290476,97,High,impact@americandigital.com,https://www.americandigital.com,Empowering innovation through cutting-edge technology solutions that transform how businesses operate and communities thrive.,Comprehensive Fortune 1000 Analysis,2025-10-26T20:43:29.674218,Medium
American Cloud Corporation,corporation,AMCL,Derry,NH,18,Technology,14745,1474500,289886,90,High,social@americancloud.com,https://www.americancloud.com,Empowering innovation through cutting-edge technology solutions that transform how businesses operate and communities thrive.,Comprehensive Fortune 1000 Analysis,2025-10-26T20:43:29.674228,Medium
Global Systems Holdings,corporation,GLOB,Mandan,ND,19,Technology,14730,1473000,289297,97,High,impact@global.com,https://www.global.com,Empowering innovation through cutting-edge technology solutions that transform how businesses operate and communities thrive.,Comprehensive Fortune 1000 Analysis,2025-10-26T20:43:29.674244,Medium
International Data Systems,corporation,INDA,North Little Rock,AR,20,Technology,14715,1471500,288708,88,High,community@internationalda.com,https://www.internationalda.com,"Building the future of technology with solutions that enhance productivity, creativity, and human potential.",Comprehensive Fortune 1000 Analysis,2025-10-26T20:43:29.674257,Medium
International Cyber Corporation,corporation,INCY,Sterling Heights,MI,21,Technology,14700,1470000,288120,98,High,partnerships@internationalcy.com,https://www.internationalcy.com,"Building the future of technology with solutions that enhance productivity, creativity, and human potential.",Comprehensive Fortune 1000 Analysis,2025-10-26T20:43:29.674267,Medium
Summit Systems LLC,corporation,SUMM,Lake Charles,LA,22,Technology,14685,1468500,287532,94,High,community@summit.com,https://www.summit.com,Connecting people and possibilities through advanced technology platforms that drive digital transformation.,Comprehensive Fortune 1000 Analysis,2025-10-26T20:43:29.674276,Medium
American Solutions Enterprises,corporation,AMSO,Rutland,VT,23,Technology,14670,1467000,286945,95,High,impact@americansolutio.com,https://www.americansolutio.com,Connecting people and possibilities through advanced technology platforms that drive digital transformation.,Comprehensive Fortune 1000 Analysis,2025-10-26T20:43:29.674287,Medium
National Software Enterprises,corporation,NASO,Aberdeen,SD,24,Technology,14655,1465500,286358,95,High,partnerships@nationalsoftwar.com,https://www.nationalsoftwar.com,Empowering innovation through cutting-edge technology solutions that transform how businesses operate and communities thrive.,Comprehensive Fortune 1000 Analysis,2025-10-26T20:43:29.674296,Medium
International Tech Holdings,corporation,INTE,Kodiak,AK,25,Technology,14640,1464000,285772,89,High,social@internationalte.com,https://www.internationalte.com,Empowering innovation through cutting-edge technology solutions that transform how businesses operate and communities thrive.,Comprehensive Fortune 1000 Analysis,2025-10-26T20:43:29.674306,Medium
Global Systems Inc.,corporation,GLOB,Rochester,NY,26,Technology,14625,1462500,285187,87,High,community@global.com,https://www.global.com,"Building the future of technology with solutions that enhance productivity, creativity, and human potential.",Comprehensive Fortune 1000 Analysis,2025-10-26T20:43:29.674315,High
International Solutions Enterprises,corporation,INSO,Alexandria,VA,27,Technology,14610,1461000,284602,97,High,impact@internationalso.com,https://www.internationalso.com,"Building the future of technology with solutions that enhance productivity, creativity, and human potential.",Comprehensive Fortune 1000 Analysis,2025-10-26T20:43:29.674326,Medium
Global Digital Systems,corporation,GLDI,Quincy,MA,28,Technology,14595,1459500,284018,97,High,giving@globaldigital.com,https://www.globaldigital.com,Empowering innovation through cutting-edge technology solutions that transform how businesses operate and communities thrive.,Comprehensive Fortune 1000 Analysis,2025-10-26T20:43:29.674336,High
United Solutions Company,corporation,UNSO,Montgomery,AL,29,Technology,14580,1458000,283435,87,High,community@unitedsolutions.com,https://www.unitedsolutions.com,Empowering innovation through cutting-edge technology solutions that transform how businesses operate and communities thrive.,Comprehensive Fortune 1000 Analysis,2025-10-26T20:43:29.674347,Medium
Global Cyber Enterprises,corporation,GLCY,Parma,OH,30,Technology,14565,1456500,282852,96,High,social@globalcyber.com,https://www.globalcyber.com,"Building the future of technology with solutions that enhance productivity, creativity, and human potential.",Comprehensive Fortune 1000 Analysis,2025-10-26T20:43:29.674356,Medium
Prime Solutions Company,corporation,PRSO,Monroe,LA,31,Technology,14550,1455000,282270,87,High,social@primesolutions.com,https://www.primesolutions.com,Empowering innovation through cutting-edge technology solutions that transform how businesses operate and communities thrive.,Comprehensive Fortune 1000 Analysis,2025-10-26T20:43:29.674367,Medium
Global Cyber Group,corporation,GLCY,Lawrence,KS,32,Technology,14535,1453500,281688,87,High,partnerships@globalcyber.com,https://www.globalcyber.com,"Building the future of technology with solutions that enhance productivity, creativity, and human potential.",Comprehensive Fortune 1000 Analysis,2025-10-26T20:43:29.674377,Medium
Summit Cloud Systems,corporation,SUCL,Salem,OR,33,Technology,14520,1452000,281107,89,High,impact@summitcloud.com,https://www.summitcloud.com,Connecting people and possibilities through advanced technology platforms that drive digital transformation.,Comprehensive Fortune 1000 Analysis,2025-10-26T20:43:29.674386,Medium
Global Cyber Holdings,corporation,GLCY,Kenai,AK,34,Technology,14505,1450500,280526,92,High,partnerships@globalcyber.com,https://www.globalcyber.com,"Building the future of technology with solutions that enhance productivity, creativity, and human potential.",Comprehensive Fortune 1000 Analysis,2025-10-26T20:43:29.674395,Medium
First Data Inc.,corporation,FIDA,Grand Rapids,MI,35,Technology,14490,1449000,279946,88,High,community@firstdata.com,https://www.firstdata.com,Empowering innovation through cutting-edge technology solutions that transform how businesses operate and communities thrive.,Comprehensive Fortune 1000 Analysis,2025-10-26T20:43:29.674404,Medium
Prime Digital Systems,corporation,PRDI,Morgantown,WV,36,Technology,14475,1447500,279367,89,High,impact@primedigital.com,https://www.primedigital.com,"Building the future of technology with solutions that enhance productivity, creativity, and human potential.",Comprehensive Fortune 1000 Analysis,2025-10-26T20:43:29.674414,Medium
International Cloud Inc.,corporation,INCL,Newport,RI,37,Technology,14460,1446000,278788,89,High,partnerships@internationalcl.com,https://www.internationalcl.com,"Building the future of technology with solutions that enhance productivity, creativity, and human potential.",Comprehensive Fortune 1000 Analysis,2025-10-26T20:43:29.674424,Medium
National Software Corporation,corporation,NASO,Indianapolis,IN,38,Technology,14445,1444500,278210,92,High,social@nationalsoftwar.com,https://www.nationalsoftwar.com,"Building the future of technology with solutions that enhance productivity, creativity, and human potential.",Comprehensive Fortune 1000 Analysis,2025-10-26T20:43:29.674434,Medium
United Systems Inc.,corporation,UNIT,Tupelo,MS,39,Technology,14430,1443000,277633,94,High,partnerships@united.com,https://www.united.com,"Building the future of technology with solutions that enhance productivity, creativity, and human potential.",Comprehensive Fortune 1000 Analysis,2025-10-26T20:43:29.674443,Medium
First Tech Group,corporation,FITE,Lakewood,CO,40,Technology,14415,1441500,277056,86,High,community@firsttech.com,https://www.firsttech.com,Connecting people and possibilities through advanced technology platforms that drive digital transformation.,Comprehensive Fortune 1000 Analysis,2025-10-26T20:43:29.674452,High
International Data Corporation,corporation,INDA,Kansas City,KS,41,Technology,14400,1440000,276480,86,High,community@internationalda.com,https://www.internationalda.com,"Building the future of technology with solutions that enhance productivity, creativity, and human potential.",Comprehensive Fortune 1000 Analysis,2025-10-26T20:43:29.674463,Medium
American Cyber Holdings,corporation,AMCY,Dickinson,ND,42,Technology,14385,1438500,275904,95,High,community@americancyber.com,https://www.americancyber.com,Empowering innovation through cutting-edge technology solutions that transform how businesses operate and communities thrive.,Comprehensive Fortune 1000 Analysis,2025-10-26T20:43:29.674473,Medium
American Software Systems,corporation,AMSO,Monroe,LA,43,Technology,14370,1437000,275329,89,High,giving@americansoftwar.com,https://www.americansoftwar.com,Empowering innovation through cutting-edge technology solutions that transform how businesses operate and communities thrive.,Comprehensive Fortune 1000 Analysis,2025-10-26T20:43:29.674483,Medium
Global Cyber Inc.,corporation,GLCY,Hagerstown,MD,44,Technology,14355,1435500,274754,95,High,partnerships@globalcyber.com,https://www.globalcyber.com,"Building the future of technology with solutions that enhance productivity, creativity, and human potential.",Comprehensive Fortune 1000 Analysis,2025-10-26T20:43:29.674492,Medium
American Cyber Company,corporation,AMCY,Kodiak,AK,45,Technology,14340,1434000,274180,88,High,giving@americancyber.com,https://www.americancyber.com,"Building the future of technology with solutions that enhance productivity, creativity, and human potential.",Comprehensive Fortune 1000 Analysis,2025-10-26T20:43:29.674502,Medium
International Digital Enterprises,corporation,INDI,Jonesboro,AR,46,Technology,14325,1432500,273607,93,High,social@internationaldi.com,https://www.internationaldi.com,Connecting people and possibilities through advanced technology platforms that drive digital transformation.,Comprehensive Fortune 1000 Analysis,2025-10-26T20:43:29.674513,Medium
First Systems Inc.,corporation,FIRS,Concord,NH,47,Technology,14310,1431000,273034,92,High,giving@first.com,https://www.first.com,Empowering innovation through cutting-edge technology solutions that transform how businesses operate and communities thrive.,Comprehensive Fortune 1000 Analysis,2025-10-26T20:43:29.674522,Medium
American Tech LLC,corporation,AMTE,Macon,GA,48,Technology,14295,1429500,272462,94,High,partnerships@americantech.com,https://www.americantech.com,Empowering innovation through cutting-edge technology solutions that transform how businesses operate and communities thrive.,Comprehensive Fortune 1000 Analysis,2025-10-26T20:43:29.674531,Medium
Global Solutions Holdings,corporation,GLSO,Stamford,CT,49,Technology,14280,1428000,271891,91,High,social@globalsolutions.com,https://www.globalsolutions.com,Connecting people and possibilities through advanced technology platforms that drive digital transformation.,Comprehensive Fortune 1000 Analysis,2025-10-26T20:43:29.674543,Medium
Summit Data Company,corporation,SUDA,Joliet,IL,50,Technology,14265,1426500,271320,90,High,impact@summitdata.com,https://www.summitdata.com,Connecting people and possibilities through advanced technology platforms that drive digital transformation.,Comprehensive Fortune 1000 Analysis,2025-10-26T20:43:29.674554,High
Parkersburg Cloud Inc.,corporation,PACL,Alexandria,VA,51,Technology,14250,1425000,270750,89,High,social@parkersburgclou.com,https://www.parkersburgclou.com,Connecting people and possibilities through advanced technology platforms that drive digital transformation.,Comprehensive Fortune 1000 Analysis,2025-10-26T20:43:29.674578,Medium
Boston Digital Group,corporation,BODI,Montpelier,VT,52,Technology,14235,1423500,270180,93,High,social@bostondigital.com,https://www.bostondigital.com,Connecting people and possibilities through advanced technology platforms that drive digital transformation.,Comprehensive Fortune 1000 Analysis,2025-10-26T20:43:29.674595,Medium
Montgomery Solutions Holdings,corporation,MOSO,Mililani Town,HI,53,Technology,14220,1422000,269611,86,High,impact@montgomerysolut.com,https://www.montgomerysolut.com,Empowering innovation through cutting-edge technology solutions that transform how businesses operate and communities thrive.,Comprehensive Fortune 1000 Analysis,2025-10-26T20:43:29.674612,Medium
DE Data Company,corporation,DEDA,Portland,ME,54,Technology,14205,1420500,269042,85,High,community@dedata.com,https://www.dedata.com,"Building the future of technology with solutions that enhance productivity, creativity, and human potential.",Comprehensive Fortune 1000 Analysis,2025-10-26T20:43:29.674628,Medium
RI Systems LLC,corporation,RI,Caldwell,ID,55,Technology,14190,1419000,268474,91,High,social@ri.com,https://www.ri.com,"Building the future of technology with solutions that enhance productivity, creativity, and human potential.",Comprehensive Fortune 1000 Analysis,2025-10-26T20:43:29.674643,Medium
Bangor Digital Group,corporation,BADI,Lake Charles,LA,56,Technology,14175,1417500,267907,89,High,impact@bangordigital.com,https://www.bangordigital.com,Empowering innovation through cutting-edge technology solutions that transform how businesses operate and communities thrive.,Comprehensive Fortune 1000 Analysis,2025-10-26T20:43:29.674660,Medium
Columbus Cyber LLC,corporation,COCY,Fayetteville,NC,57,Technology,14160,1416000,267340,88,High,partnerships@columbuscyber.com,https://www.columbuscyber.com,Empowering innovation through cutting-edge technology solutions that transform how businesses operate and communities thrive.,Comprehensive Fortune 1000 Analysis,2025-10-26T20:43:29.674676,Medium
CO Cyber Enterprises,corporation,COCY,Bridgeport,CT,58,Technology,14145,1414500,266774,86,High,giving@cocyber.com,https://www.cocyber.com,"Building the future of technology with solutions that enhance productivity, creativity, and human potential.",Comprehensive Fortune 1000 Analysis,2025-10-26T20:43:29.674695,Medium
Tucson Solutions Enterprises,corporation,TUSO,Nashua,NH,59,Technology,14130,1413000,266209,92,High,impact@tucsonsolutions.com,https://www.tucsonsolutions.com,Connecting people and possibilities through advanced technology platforms that drive digital transformation.,Comprehensive Fortune 1000 Analysis,2025-10-26T20:43:29.674712,Medium
Augusta Cloud Holdings,corporation,AUCL,Owensboro,KY,60,Technology,14115,1411500,265644,94,High,social@augustacloud.com,https://www.augustacloud.com,Empowering innovation through cutting-edge technology solutions that transform how businesses operate and communities thrive.,Comprehensive Fortune 1000 Analysis,2025-10-26T20:43:29.674730,Medium
Nashua Software Corporation,corporation,NASO,Lansing,MI,61,Technology,14100,1410000,265080,88,High,social@nashuasoftware.com,https://www.nashuasoftware.com,Empowering innovation through cutting-edge technology solutions that transform how businesses operate and communities thrive.,Comprehensive Fortune 1000 Analysis,2025-10-26T20:43:29.674746,Medium
Gulfport Digital Company,corporation,GUDI,Saco,ME,62,Technology,14085,1408500,264516,90,High,community@gulfportdigital.com,https://www.gulfportdigital.com,"Building the future of technology with solutions that enhance productivity, creativity, and human potential.",Comprehensive Fortune 1000 Analysis,2025-10-26T20:43:29.674763,Medium
Essex Data Company,corporation,ESDA,Fargo,ND,63,Technology,14070,1407000,263953,92,High,partnerships@essexdata.com,https://www.essexdata.com,Connecting people and possibilities through advanced technology platforms that drive digital transformation.,Comprehensive Fortune 1000 Analysis,2025-10-26T20:43:29.674779,Medium
Augusta Systems Systems,corporation,AUGU,New Britain,CT,64,Technology,14055,1405500,263390,93,High,giving@augusta.com,https://www.augusta.com,Connecting people and possibilities through advanced technology platforms that drive digital transformation.,Comprehensive Fortune 1000 Analysis,2025-10-26T20:43:29.674795,Medium
VA Cyber Systems,corporation,VACY,Bloomington,MN,65,Technology,14040,1404000,262828,92,High,partnerships@vacyber.com,https://www.vacyber.com,Empowering innovation through cutting-edge technology solutions that transform how businesses operate and communities thrive.,Comprehensive Fortune 1000 Analysis,2025-10-26T20:43:29.674810,Medium
Gulfport Solutions Enterprises,corporation,GUSO,Gulfport,MS,66,Technology,14025,1402500,262267,85,High,partnerships@gulfportsolutio.com,https://www.gulfportsolutio.com,Connecting people and possibilities through advanced technology platforms that drive digital transformation.,Comprehensive Fortune 1000 Analysis,2025-10-26T20:43:29.674827,Medium
Dallas Cyber Corporation,corporation,DACY,Wasilla,AK,67,Technology,14010,1401000,261706,92,High,social@dallascyber.com,https://www.dallascyber.com,Empowering innovation through cutting-edge technology solutions that transform how businesses operate and communities thrive.,Comprehensive Fortune 1000 Analysis,2025-10-26T20:43:29.674843,Medium
Fort Wayne Data Company,corporation,FOWA,Phoenix,AZ,68,Technology,13995,1399500,261146,87,High,social@fortwaynedata.com,https://www.fortwaynedata.com,"Building the future of technology with solutions that enhance productivity, creativity, and human potential.",Comprehensive Fortune 1000 Analysis,2025-10-26T20:43:29.674861,Medium
Madison Solutions Corporation,corporation,MASO,Auburn,AL,69,Technology,13980,1398000,260587,85,High,impact@madisonsolution.com,https://www.madisonsolution.com,Empowering innovation through cutting-edge technology solutions that transform how businesses operate and communities thrive.,Comprehensive Fortune 1000 Analysis,2025-10-26T20:43:29.674879,Medium
Spokane Digital Company,corporation,SPDI,Grand Forks,ND,70,Technology,13965,1396500,260028,84,High,giving@spokanedigital.com,https://www.spokanedigital.com,Empowering innovation through cutting-edge technology solutions that transform how businesses operate and communities thrive.,Comprehensive Fortune 1000 Analysis,2025-10-26T20:43:29.674895,Medium
Birmingham Systems Systems,corporation,BIRM,Minot,ND,71,Technology,13950,1395000,259470,91,High,impact@birmingham.com,https://www.birmingham.com,"Building the future of technology with solutions that enhance productivity, creativity, and human potential.",Comprehensive Fortune 1000 Analysis,2025-10-26T20:43:29.674912,Medium
Huntington Systems Group,corporation,HUNT,North Platte,NE,72,Technology,13935,1393500,258912,83,High,partnerships@huntington.com,https://www.huntington.com,Empowering innovation through cutting-edge technology solutions that transform how businesses operate and communities thrive.,Comprehensive Fortune 1000 Analysis,2025-10-26T20:43:29.674928,Medium
WV Data Company,corporation,WVDA,Edmond,OK,73,Technology,13920,1392000,258355,85,High,giving@wvdata.com,https://www.wvdata.com,"Building the future of technology with solutions that enhance productivity, creativity, and human potential.",Comprehensive Fortune 1000 Analysis,2025-10-26T20:43:29.674944,Medium
Milwaukee Digital Enterprises,corporation,MIDI,Woodbridge,NJ,74,Technology,13905,1390500,257798,86,High,community@milwaukeedigita.com,https://www.milwaukeedigita.com,Connecting people and possibilities through advanced technology platforms that drive digital transformation.,Comprehensive Fortune 1000 Analysis,2025-10-26T20:43:29.674961,Medium
CO Software Company,corporation,COSO,Provo,UT,75,Technology,13890,1389000,257242,83,High,social@cosoftware.com,https://www.cosoftware.com,Empowering innovation through cutting-edge technology solutions that transform how businesses operate and communities thrive.,Comprehensive Fortune 1000 Analysis,2025-10-26T20:43:29.674976,Medium
Bangor Software Corporation,corporation,BASO,Fort Smith,AR,76,Technology,13875,1387500,256687,88,High,community@bangorsoftware.com,https://www.bangorsoftware.com,"Building the future of technology with solutions that enhance productivity, creativity, and human potential.",Comprehensive Fortune 1000 Analysis,2025-10-26T20:43:29.674992,Medium
Fayetteville Data Inc.,corporation,FADA,Long Beach,CA,77,Technology,13860,1386000,256132,86,High,giving@fayettevilledat.com,https://www.fayettevilledat.com,"Building the future of technology with solutions that enhance productivity, creativity, and human potential.",Comprehensive Fortune 1000 Analysis,2025-10-26T20:43:29.675009,High
Wichita Software Inc.,corporation,WISO,Bridgeport,CT,78,Technology,13845,1384500,255578,87,High,giving@wichitasoftware.com,https://www.wichitasoftware.com,"Building the future of technology with solutions that enhance productivity, creativity, and human potential.",Comprehensive Fortune 1000 Analysis,2025-10-26T20:43:29.675025,Medium
Houston Solutions LLC,corporation,HOSO,Kenai,AK,79,Technology,13830,1383000,255025,85,High,giving@houstonsolution.com,https://www.houstonsolution.com,Empowering innovation through cutting-edge technology solutions that transform how businesses operate and communities thrive.,Comprehensive Fortune 1000 Analysis,2025-10-26T20:43:29.675042,Medium
WY Software Enterprises,corporation,WYSO,Scottsdale,AZ,80,Technology,13815,1381500,254472,82,High,impact@wysoftware.com,https://www.wysoftware.com,Connecting people and possibilities through advanced technology platforms that drive digital transformation.,Comprehensive Fortune 1000 Analysis,2025-10-26T20:43:29.675058,Medium
Rochester Tech Inc.,corporation,ROTE,Dover,NH,81,Technology,13800,1380000,253920,84,High,giving@rochestertech.com,https://www.rochestertech.com,Connecting people and possibilities through advanced technology platforms that drive digital transformation.,Comprehensive Fortune 1000 Analysis,2025-10-26T20:43:29.675075,Medium
Huntington Software Group,corporation,HUSO,St. Cloud,MN,82,Technology,13785,1378500,253368,86,High,partnerships@huntingtonsoftw.com,https://www.huntingtonsoftw.com,"Building the future of technology with solutions that enhance productivity, creativity, and human potential.",Comprehensive Fortune 1000 Analysis,2025-10-26T20:43:29.675091,Medium
Bangor Systems Corporation,corporation,BANG,Huntington,WV,83,Technology,13770,1377000,252817,90,High,giving@bangor.com,https://www.bangor.com,Empowering innovation through cutting-edge technology solutions that transform how businesses operate and communities thrive.,Comprehensive Fortune 1000 Analysis,2025-10-26T20:43:29.675106,Medium
GA Solutions Enterprises,corporation,GASO,Lake Charles,LA,84,Technology,13755,1375500,252266,91,High,partnerships@gasolutions.com,https://www.gasolutions.com,Empowering innovation through cutting-edge technology solutions that transform how businesses operate and communities thrive.,Comprehensive Fortune 1000 Analysis,2025-10-26T20:43:29.675122,Medium
Concord Tech LLC,corporation,COTE,Nampa,ID,85,Technology,13740,1374000,251716,88,High,giving@concordtech.com,https://www.concordtech.com,Empowering innovation through cutting-edge technology solutions that transform how businesses operate and communities thrive.,Comprehensive Fortune 1000 Analysis,2025-10-26T20:43:29.675142,Medium
Detroit Data Enterprises,corporation,DEDA,Bend,OR,86,Technology,13725,1372500,251167,90,High,partnerships@detroitdata.com,https://www.detroitdata.com,"Building the future of technology with solutions that enhance productivity, creativity, and human potential.",Comprehensive Fortune 1000 Analysis,2025-10-26T20:43:29.675158,Medium
Lexington Cyber Company,corporation,LECY,Chesapeake,VA,87,Technology,13710,1371000,250618,88,High,partnerships@lexingtoncyber.com,https://www.lexingtoncyber.com,Empowering innovation through cutting-edge technology solutions that transform how businesses operate and communities thrive.,Comprehensive Fortune 1000 Analysis,2025-10-26T20:43:29.675174,Medium
Virginia Beach Systems Holdings,corporation,VIBE,Billings,MT,88,Technology,13695,1369500,250070,87,High,social@virginiabeach.com,https://www.virginiabeach.com,"Building the future of technology with solutions that enhance productivity, creativity, and human potential.",Comprehensive Fortune 1000 Analysis,2025-10-26T20:43:29.675191,Medium
HI Systems Inc.,corporation,HI,Flint,MI,89,Technology,13680,1368000,249523,85,High,giving@hi.com,https://www.hi.com,"Building the future of technology with solutions that enhance productivity, creativity, and human potential.",Comprehensive Fortune 1000 Analysis,2025-10-26T20:43:29.675208,Medium
Cincinnati Systems Corporation,corporation,CINC,Tallahassee,FL,90,Technology,13665,1366500,248976,88,High,giving@cincinnati.com,https://www.cincinnati.com,Connecting people and possibilities through advanced technology platforms that drive digital transformation.,Comprehensive Fortune 1000 Analysis,2025-10-26T20:43:29.675225,High
AK Cyber LLC,corporation,AKCY,Newark,NJ,91,Technology,13650,1365000,248430,89,High,giving@akcyber.com,https://www.akcyber.com,Empowering innovation through cutting-edge technology solutions that transform how businesses operate and communities thrive.,Comprehensive Fortune 1000 Analysis,2025-10-26T20:43:29.675241,Medium
Rio Rancho Solutions Enterprises,corporation,RIRA,Shreveport,LA,92,Technology,13635,1363500,247884,82,High,community@rioranchosoluti.com,https://www.rioranchosoluti.com,"Building the future of technology with solutions that enhance productivity, creativity, and human potential.",Comprehensive Fortune 1000 Analysis,2025-10-26T20:43:29.675259,Medium
Warwick Digital Holdings,corporation,WADI,Nashville,TN,93,Technology,13620,1362000,247339,81,High,partnerships@warwickdigital.com,https://www.warwickdigital.com,"Building the future of technology with solutions that enhance productivity, creativity, and human potential.",Comprehensive Fortune 1000 Analysis,2025-10-26T20:43:29.675275,Medium
Cranston Digital LLC,corporation,CRDI,Auburn,AL,94,Technology,13605,1360500,246794,81,High,impact@cranstondigital.com,https://www.cranstondigital.com,"Building the future of technology with solutions that enhance productivity, creativity, and human potential.",Comprehensive Fortune 1000 Analysis,2025-10-26T20:43:29.675291,Medium
East Honolulu Data Company,corporation,EAHO,Appleton,WI,95,Technology,13590,1359000,246250,81,High,giving@easthonoluludat.com,https://www.easthonoluludat.com,Connecting people and possibilities through advanced technology platforms that drive digital transformation.,Comprehensive Fortune 1000 Analysis,2025-10-26T20:43:29.675308,Medium
Cranston Cyber Enterprises,corporation,CRCY,Hoover,AL,96,Technology,13575,1357500,245707,87,High,community@cranstoncyber.com,https://www.cranstoncyber.com,Connecting people and possibilities through advanced technology platforms that drive digital transformation.,Comprehensive Fortune 1000 Analysis,2025-10-26T20:43:29.675323,Medium
Rockville Systems Company,corporation,ROCK,South Bend,IN,97,Technology,13560,1356000,245164,81,High,giving@rockville.com,https://www.rockville.com,"Building the future of technology with solutions that enhance productivity, creativity, and human potential.",Comprehensive Fortune 1000 Analysis,2025-10-26T20:43:29.675339,Medium
CA Solutions Company,corporation,CASO,Biddeford,ME,98,Technology,13545,1354500,244622,82,High,giving@casolutions.com,https://www.casolutions.com,Connecting people and possibilities through advanced technology platforms that drive digital transformation.,Comprehensive Fortune 1000 Analysis,2025-10-26T20:43:29.675355,Medium
Norfolk Data LLC,corporation,NODA,Monroe,LA,99,Technology,13530,1353000,244081,84,High,community@norfolkdata.com,https://www.norfolkdata.com,Connecting people and possibilities through advanced technology platforms that drive digital transformation.,Comprehensive Fortune 1000 Analysis,2025-10-26T20:43:29.675371,Medium
Rochester Cyber Enterprises,corporation,ROCY,Moore,OK,100,Technology,13515,1351500,243540,81,High,social@rochestercyber.com,https://www.rochestercyber.com,Empowering innovation through cutting-edge technology solutions that transform how businesses operate and communities thrive.,Comprehensive Fortune 1000 Analysis,2025-10-26T20:43:29.675388,Medium
MI Data Group,corporation,MIDA,Cedar Rapids,IA,101,Technology,13500,1350000,243000,88,High,impact@midata.com,https://www.midata.com,Empowering innovation through cutting-edge technology solutions that transform how businesses operate and communities thrive.,Comprehensive Fortune 1000 Analysis,2025-10-26T20:43:29.675404,Medium
Cheyenne Software LLC,corporation,CHSO,Woodbridge,NJ,102,Technology,13485,1348500,242460,85,High,social@cheyennesoftwar.com,https://www.cheyennesoftwar.com,Connecting people and possibilities through advanced technology platforms that drive digital transformation.,Comprehensive Fortune 1000 Analysis,2025-10-26T20:43:29.675421,Medium
Atlanta Cloud Enterprises,corporation,ATCL,Springdale,AR,103,Technology,13470,1347000,241921,85,High,impact@atlantacloud.com,https://www.atlantacloud.com,Empowering innovation through cutting-edge technology solutions that transform how businesses operate and communities thrive.,Comprehensive Fortune 1000 Analysis,2025-10-26T20:43:29.675437,Medium
AR Systems Inc.,corporation,AR,Kenosha,WI,104,Technology,13455,1345500,241382,90,High,community@ar.com,https://www.ar.com,Connecting people and possibilities through advanced technology platforms that drive digital transformation.,Comprehensive Fortune 1000 Analysis,2025-10-26T20:43:29.675451,Medium
Detroit Digital Group,corporation,DEDI,Cambridge,MA,105,Technology,13440,1344000,240844,84,High,impact@detroitdigital.com,https://www.detroitdigital.com,"Building the future of technology with solutions that enhance productivity, creativity, and human potential.",Comprehensive Fortune 1000 Analysis,2025-10-26T20:43:29.675467,High
Jackson Solutions LLC,corporation,JASO,Lowell,MA,106,Technology,13425,1342500,240307,84,High,social@jacksonsolution.com,https://www.jacksonsolution.com,Empowering innovation through cutting-edge technology solutions that transform how businesses operate and communities thrive.,Comprehensive Fortune 1000 Analysis,2025-10-26T20:43:29.675482,High
Fairbanks Data Company,corporation,FADA,Duluth,MN,107,Technology,13410,1341000,239770,82,High,community@fairbanksdata.com,https://www.fairbanksdata.com,Empowering innovation through cutting-edge technology solutions that transform how businesses operate and communities thrive.,Comprehensive Fortune 1000 Analysis,2025-10-26T20:43:29.675499,Medium
Missoula Systems Group,corporation,MISS,Roswell,GA,108,Technology,13395,1339500,239234,82,High,partnerships@missoula.com,https://www.missoula.com,"Building the future of technology with solutions that enhance productivity, creativity, and human potential.",Comprehensive Fortune 1000 Analysis,2025-10-26T20:43:29.675515,Medium
NH Software Corporation,corporation,NHSO,Erie,PA,109,Technology,13380,1338000,238699,84,High,partnerships@nhsoftware.com,https://www.nhsoftware.com,"Building the future of technology with solutions that enhance productivity, creativity, and human potential.",Comprehensive Fortune 1000 Analysis,2025-10-26T20:43:29.675532,Medium
Charleston Solutions Holdings,corporation,CHSO,Auburn,ME,110,Technology,13365,1336500,238164,81,High,community@charlestonsolut.com,https://www.charlestonsolut.com,Empowering innovation through cutting-edge technology solutions that transform how businesses operate and communities thrive.,Comprehensive Fortune 1000 Analysis,2025-10-26T20:43:29.675549,Medium
Tulsa Cloud Corporation,corporation,TUCL,Moore,OK,111,Technology,13350,1335000,237630,83,High,community@tulsacloud.com,https://www.tulsacloud.com,Empowering innovation through cutting-edge technology solutions that transform how businesses operate and communities thrive.,Comprehensive Fortune 1000 Analysis,2025-10-26T20:43:29.675565,Medium
Houston Cyber LLC,corporation,HOCY,Arvada,CO,112,Technology,13335,1333500,237096,80,High,impact@houstoncyber.com,https://www.houstoncyber.com,Empowering innovation through cutting-edge technology solutions that transform how businesses operate and communities thrive.,Comprehensive Fortune 1000 Analysis,2025-10-26T20:43:29.675581,High
Los Angeles Software Systems,corporation,LOAN,Reno,NV,113,Technology,13320,1332000,236563,81,High,partnerships@losangelessoftw.com,https://www.losangelessoftw.com,"Building the future of technology with solutions that enhance productivity, creativity, and human potential.",Comprehensive Fortune 1000 Analysis,2025-10-26T20:43:29.675598,Medium
Detroit Solutions Group,corporation,DESO,Shawnee,KS,114,Technology,13305,1330500,236030,85,High,partnerships@detroitsolution.com,https://www.detroitsolution.com,Connecting people and possibilities through advanced technology platforms that drive digital transformation.,Comprehensive Fortune 1000 Analysis,2025-10-26T20:43:29.675614,Medium
Madison Cyber Group,corporation,MACY,Farmington,NM,115,Technology,13290,1329000,235498,87,High,partnerships@madisoncyber.com,https://www.madisoncyber.com,Empowering innovation through cutting-edge technology solutions that transform how businesses operate and communities thrive.,Comprehensive Fortune 1000 Analysis,2025-10-26T20:43:29.675630,Medium
Tucson Digital Holdings,corporation,TUDI,Bowling Green,KY,116,Technology,13275,1327500,234967,84,High,impact@tucsondigital.com,https://www.tucsondigital.com,"Building the future of technology with solutions that enhance productivity, creativity, and human potential.",Comprehensive Fortune 1000 Analysis,2025-10-26T20:43:29.675645,Medium
San Diego Data Inc.,corporation,SADI,Green Bay,WI,117,Technology,13260,1326000,234436,80,High,social@sandiegodata.com,https://www.sandiegodata.com,"Building the future of technology with solutions that enhance productivity, creativity, and human potential.",Comprehensive Fortune 1000 Analysis,2025-10-26T20:43:29.675661,Medium
Grand Forks Tech Corporation,corporation,GRFO,Kenosha,WI,118,Technology,13245,1324500,233906,87,High,giving@grandforkstech.com,https://www.grandforkstech.com,Empowering innovation through cutting-edge technology solutions that transform how businesses operate and communities thrive.,Comprehensive Fortune 1000 Analysis,2025-10-26T20:43:29.675677,Medium
Cedar Rapids Digital Company,corporation,CERA,South Bend,IN,119,Technology,13230,1323000,233377,86,High,community@cedarrapidsdigi.com,https://www.cedarrapidsdigi.com,"Building the future of technology with solutions that enhance productivity, creativity, and human potential.",Comprehensive Fortune 1000 Analysis,2025-10-26T20:43:29.675696,Medium
MS Solutions Systems,corporation,MSSO,Madison,WI,120,Technology,13215,1321500,232848,78,High,giving@mssolutions.com,https://www.mssolutions.com,Empowering innovation through cutting-edge technology solutions that transform how businesses operate and communities thrive.,Comprehensive Fortune 1000 Analysis,2025-10-26T20:43:29.675713,Medium
LA Capital Enterprises,corporation,LACA,Brookings,SD,121,Financial Services,8800,1144000,131648,90,High,sponsorships@lacapital.com,https://www.lacapital.com,"Delivering trusted financial services with integrity, innovation, and commitment to community development.",Comprehensive Fortune 1000 Analysis,2025-10-26T20:43:29.676233,Medium
West Valley City Financial Corporation,corporation,WEVA,Westminster,CO,122,Financial Services,8790,1142700,131348,86,High,sponsorships@westvalleycityf.com,https://www.westvalleycityf.com,Providing comprehensive financial solutions that empower individuals and businesses to achieve their goals and build lasting prosperity.,Comprehensive Fortune 1000 Analysis,2025-10-26T20:43:29.676292,High
Tulsa Trust Holdings,corporation,TUTR,Tacoma,WA,123,Financial Services,8780,1141400,131050,86,High,relations@tulsatrust.com,https://www.tulsatrust.com,"Delivering trusted financial services with integrity, innovation, and commitment to community development.",Comprehensive Fortune 1000 Analysis,2025-10-26T20:43:29.676315,High
Dover Investment Company,corporation,DOIN,Reading,PA,124,Financial Services,8770,1140100,130751,86,High,sponsorships@doverinvestment.com,https://www.doverinvestment.com,Creating financial opportunities that strengthen communities and support economic growth for all.,Comprehensive Fortune 1000 Analysis,2025-10-26T20:43:29.676334,Medium
Columbus Investment Enterprises,corporation,COIN,Cambridge,MA,125,Financial Services,8760,1138800,130453,86,High,giving@columbusinvestm.com,https://www.columbusinvestm.com,Providing comprehensive financial solutions that empower individuals and businesses to achieve their goals and build lasting prosperity.,Comprehensive Fortune 1000 Analysis,2025-10-26T20:43:29.676351,High
MT Capital Company,corporation,MTCA,Greensboro,NC,126,Financial Services,8750,1137500,130156,80,High,sponsorships@mtcapital.com,https://www.mtcapital.com,Providing comprehensive financial solutions that empower individuals and businesses to achieve their goals and build lasting prosperity.,Comprehensive Fortune 1000 Analysis,2025-10-26T20:43:29.676368,Medium
IN Fund Enterprises,corporation,INFU,Waipahu,HI,127,Financial Services,8740,1136200,129858,85,High,relations@infund.com,https://www.infund.com,Creating financial opportunities that strengthen communities and support economic growth for all.,Comprehensive Fortune 1000 Analysis,2025-10-26T20:43:29.676383,Medium
Baltimore Fund Systems,corporation,BAFU,Fargo,ND,128,Financial Services,8730,1134900,129561,80,High,relations@baltimorefund.com,https://www.baltimorefund.com,"Delivering trusted financial services with integrity, innovation, and commitment to community development.",Comprehensive Fortune 1000 Analysis,2025-10-26T20:43:29.676400,Medium
Eugene Capital Company,corporation,EUCA,Baltimore,MD,129,Financial Services,8720,1133600,129265,80,High,sponsorships@eugenecapital.com,https://www.eugenecapital.com,Providing comprehensive financial solutions that empower individuals and businesses to achieve their goals and build lasting prosperity.,Comprehensive Fortune 1000 Analysis,2025-10-26T20:43:29.676419,Medium
Nashua Securities Inc.,corporation,NASE,Santa Fe,NM,130,Financial Services,8710,1132300,128968,90,High,relations@nashuasecuritie.com,https://www.nashuasecuritie.com,"Delivering trusted financial services with integrity, innovation, and commitment to community development.",Comprehensive Fortune 1000 Analysis,2025-10-26T20:43:29.676435,Medium
Grand Rapids Fund LLC,corporation,GRRA,Fairbanks,AK,131,Financial Services,8700,1131000,128673,89,High,sponsorships@grandrapidsfund.com,https://www.grandrapidsfund.com,Creating financial opportunities that strengthen communities and support economic growth for all.,Comprehensive Fortune 1000 Analysis,2025-10-26T20:43:29.676464,Medium
Columbus Credit Systems,corporation,COCR,West Fargo,ND,132,Financial Services,8690,1129700,128377,85,High,community@columbuscredit.com,https://www.columbuscredit.com,Providing comprehensive financial solutions that empower individuals and businesses to achieve their goals and build lasting prosperity.,Comprehensive Fortune 1000 Analysis,2025-10-26T20:43:29.676486,Medium
VA Financial Group,corporation,VAFI,Georgetown,DE,133,Financial Services,8680,1128400,128082,81,High,community@vafinancial.com,https://www.vafinancial.com,Providing comprehensive financial solutions that empower individuals and businesses to achieve their goals and build lasting prosperity.,Comprehensive Fortune 1000 Analysis,2025-10-26T20:43:29.676502,Medium
MT Financial Company,corporation,MTFI,O'Fallon,MO,134,Financial Services,8670,1127100,127787,80,High,foundation@mtfinancial.com,https://www.mtfinancial.com,"Delivering trusted financial services with integrity, innovation, and commitment to community development.",Comprehensive Fortune 1000 Analysis,2025-10-26T20:43:29.676517,Medium
Davenport Financial Systems,corporation,DAFI,Gulfport,MS,135,Financial Services,8660,1125800,127492,89,High,relations@davenportfinanc.com,https://www.davenportfinanc.com,"Delivering trusted financial services with integrity, innovation, and commitment to community development.",Comprehensive Fortune 1000 Analysis,2025-10-26T20:43:29.676534,Medium
VT Bank Inc.,corporation,VTBA,Spokane,WA,136,Financial Services,8650,1124500,127198,81,High,giving@vtbank.com,https://www.vtbank.com,Providing comprehensive financial solutions that empower individuals and businesses to achieve their goals and build lasting prosperity.,Comprehensive Fortune 1000 Analysis,2025-10-26T20:43:29.676551,High
Des Moines Financial Group,corporation,DEMO,Aberdeen,SD,137,Financial Services,8640,1123200,126904,82,High,relations@desmoinesfinanc.com,https://www.desmoinesfinanc.com,"Delivering trusted financial services with integrity, innovation, and commitment to community development.",Comprehensive Fortune 1000 Analysis,2025-10-26T20:43:29.676568,Medium
Seattle Bank Inc.,corporation,SEBA,Worcester,MA,138,Financial Services,8630,1121900,126610,86,High,sponsorships@seattlebank.com,https://www.seattlebank.com,"Delivering trusted financial services with integrity, innovation, and commitment to community development.",Comprehensive Fortune 1000 Analysis,2025-10-26T20:43:29.676584,High
MD Trust LLC,corporation,MDTR,Norwalk,CT,139,Financial Services,8620,1120600,126317,84,High,sponsorships@mdtrust.com,https://www.mdtrust.com,"Delivering trusted financial services with integrity, innovation, and commitment to community development.",Comprehensive Fortune 1000 Analysis,2025-10-26T20:43:29.676600,Medium
Newark Bank Corporation,corporation,NEBA,Virginia Beach,VA,140,Financial Services,8610,1119300,126024,87,High,giving@newarkbank.com,https://www.newarkbank.com,Creating financial opportunities that strengthen communities and support economic growth for all.,Comprehensive Fortune 1000 Analysis,2025-10-26T20:43:29.676617,Medium
Rapid City Bank Group,corporation,RACI,Morgantown,WV,141,Financial Services,8600,1118000,125732,86,High,foundation@rapidcitybank.com,https://www.rapidcitybank.com,Creating financial opportunities that strengthen communities and support economic growth for all.,Comprehensive Fortune 1000 Analysis,2025-10-26T20:43:29.676633,Medium
Missoula Financial Corporation,corporation,MIFI,Portsmouth,VA,142,Financial Services,8590,1116700,125439,80,High,giving@missoulafinanci.com,https://www.missoulafinanci.com,Providing comprehensive financial solutions that empower individuals and businesses to achieve their goals and build lasting prosperity.,Comprehensive Fortune 1000 Analysis,2025-10-26T20:43:29.676650,Medium
Minneapolis Trust Company,corporation,MITR,Manchester,NH,143,Financial Services,8580,1115400,125147,80,High,relations@minneapolistrus.com,https://www.minneapolistrus.com,Providing comprehensive financial solutions that empower individuals and businesses to achieve their goals and build lasting prosperity.,Comprehensive Fortune 1000 Analysis,2025-10-26T20:43:29.676667,Medium
Fayetteville Fund Company,corporation,FAFU,Newport News,VA,144,Financial Services,8570,1114100,124856,86,High,relations@fayettevillefun.com,https://www.fayettevillefun.com,Creating financial opportunities that strengthen communities and support economic growth for all.,Comprehensive Fortune 1000 Analysis,2025-10-26T20:43:29.676683,Medium
Columbus Securities Holdings,corporation,COSE,North Las Vegas,NV,145,Financial Services,8560,1112800,124565,82,High,giving@columbussecurit.com,https://www.columbussecurit.com,Providing comprehensive financial solutions that empower individuals and businesses to achieve their goals and build lasting prosperity.,Comprehensive Fortune 1000 Analysis,2025-10-26T20:43:29.676700,Medium
Paterson Financial Company,corporation,PAFI,Jersey City,NJ,146,Financial Services,8550,1111500,124274,86,High,sponsorships@patersonfinanci.com,https://www.patersonfinanci.com,Providing comprehensive financial solutions that empower individuals and businesses to achieve their goals and build lasting prosperity.,Comprehensive Fortune 1000 Analysis,2025-10-26T20:43:29.676717,Medium
NH Credit Group,corporation,NHCR,Rock Springs,WY,147,Financial Services,8540,1110200,123983,87,High,foundation@nhcredit.com,https://www.nhcredit.com,"Delivering trusted financial services with integrity, innovation, and commitment to community development.",Comprehensive Fortune 1000 Analysis,2025-10-26T20:43:29.676732,Medium
Mesa Securities Systems,corporation,MESE,Essex,VT,148,Financial Services,8530,1108900,123693,86,High,sponsorships@mesasecurities.com,https://www.mesasecurities.com,Providing comprehensive financial solutions that empower individuals and businesses to achieve their goals and build lasting prosperity.,Comprehensive Fortune 1000 Analysis,2025-10-26T20:43:29.676749,Medium
OR Trust Company,corporation,ORTR,Kaneohe,HI,149,Financial Services,8520,1107600,123403,83,High,relations@ortrust.com,https://www.ortrust.com,Creating financial opportunities that strengthen communities and support economic growth for all.,Comprehensive Fortune 1000 Analysis,2025-10-26T20:43:29.676764,Medium
VA Fund Holdings,corporation,VAFU,Newark,DE,150,Financial Services,8510,1106300,123114,86,High,relations@vafund.com,https://www.vafund.com,Creating financial opportunities that strengthen communities and support economic growth for all.,Comprehensive Fortune 1000 Analysis,2025-10-26T20:43:29.676780,Medium
MO Financial LLC,corporation,MOFI,Sioux City,IA,151,Financial Services,8500,1105000,122825,83,High,giving@mofinancial.com,https://www.mofinancial.com,"Delivering trusted financial services with integrity, innovation, and commitment to community development.",Comprehensive Fortune 1000 Analysis,2025-10-26T20:43:29.676797,Medium
Columbus Trust Holdings,corporation,COTR,Olathe,KS,152,Financial Services,8490,1103700,122536,87,High,sponsorships@columbustrust.com,https://www.columbustrust.com,Creating financial opportunities that strengthen communities and support economic growth for all.,Comprehensive Fortune 1000 Analysis,2025-10-26T20:43:29.676813,Medium
VT Capital Enterprises,corporation,VTCA,Pierre,SD,153,Financial Services,8480,1102400,122247,87,High,sponsorships@vtcapital.com,https://www.vtcapital.com,Creating financial opportunities that strengthen communities and support economic growth for all.,Comprehensive Fortune 1000 Analysis,2025-10-26T20:43:29.676829,Medium
Grand Rapids Credit Enterprises,corporation,GRRA,Parma,OH,154,Financial Services,8470,1101100,121959,86,High,community@grandrapidscred.com,https://www.grandrapidscred.com,Creating financial opportunities that strengthen communities and support economic growth for all.,Comprehensive Fortune 1000 Analysis,2025-10-26T20:43:29.676847,Medium
AK Trust Systems,corporation,AKTR,Kansas City,MO,155,Financial Services,8460,1099800,121671,82,High,foundation@aktrust.com,https://www.aktrust.com,Creating financial opportunities that strengthen communities and support economic growth for all.,Comprehensive Fortune 1000 Analysis,2025-10-26T20:43:29.676863,Medium
Madison Investment Systems,corporation,MAIN,Kaneohe,HI,156,Financial Services,8450,1098500,121384,81,High,foundation@madisoninvestme.com,https://www.madisoninvestme.com,Providing comprehensive financial solutions that empower individuals and businesses to achieve their goals and build lasting prosperity.,Comprehensive Fortune 1000 Analysis,2025-10-26T20:43:29.676879,Medium
NM Trust Corporation,corporation,NMTR,Nashville,TN,157,Financial Services,8440,1097200,121097,77,High,relations@nmtrust.com,https://www.nmtrust.com,Creating financial opportunities that strengthen communities and support economic growth for all.,Comprehensive Fortune 1000 Analysis,2025-10-26T20:43:29.676894,Medium
Memphis Capital Enterprises,corporation,MECA,Lakewood,CO,158,Financial Services,8430,1095900,120810,87,High,foundation@memphiscapital.com,https://www.memphiscapital.com,Providing comprehensive financial solutions that empower individuals and businesses to achieve their goals and build lasting prosperity.,Comprehensive Fortune 1000 Analysis,2025-10-26T20:43:29.676911,High
Nampa Trust Inc.,corporation,NATR,Ames,IA,159,Financial Services,8420,1094600,120523,78,High,foundation@nampatrust.com,https://www.nampatrust.com,Providing comprehensive financial solutions that empower individuals and businesses to achieve their goals and build lasting prosperity.,Comprehensive Fortune 1000 Analysis,2025-10-26T20:43:29.676927,Medium
Portland Credit Group,corporation,POCR,Indianapolis,IN,160,Financial Services,8410,1093300,120237,77,High,sponsorships@portlandcredit.com,https://www.portlandcredit.com,"Delivering trusted financial services with integrity, innovation, and commitment to community development.",Comprehensive Fortune 1000 Analysis,2025-10-26T20:43:29.676944,Medium
AL Investment LLC,corporation,ALIN,Sitka,AK,161,Financial Services,8400,1092000,119952,85,High,foundation@alinvestment.com,https://www.alinvestment.com,Providing comprehensive financial solutions that empower individuals and businesses to achieve their goals and build lasting prosperity.,Comprehensive Fortune 1000 Analysis,2025-10-26T20:43:29.676959,Medium
Cranston Investment Enterprises,corporation,CRIN,Shreveport,LA,162,Financial Services,8390,1090700,119666,83,High,giving@cranstoninvestm.com,https://www.cranstoninvestm.com,"Delivering trusted financial services with integrity, innovation, and commitment to community development.",Comprehensive Fortune 1000 Analysis,2025-10-26T20:43:29.676976,Medium
Fayetteville Investment Systems,corporation,FAIN,Nampa,ID,163,Financial Services,8380,1089400,119381,81,High,giving@fayettevilleinv.com,https://www.fayettevilleinv.com,"Delivering trusted financial services with integrity, innovation, and commitment to community development.",Comprehensive Fortune 1000 Analysis,2025-10-26T20:43:29.676993,Medium
Southaven Fund Holdings,corporation,SOFU,Ames,IA,164,Financial Services,8370,1088100,119096,87,High,community@southavenfund.com,https://www.southavenfund.com,Providing comprehensive financial solutions that empower individuals and businesses to achieve their goals and build lasting prosperity.,Comprehensive Fortune 1000 Analysis,2025-10-26T20:43:29.677008,Medium
AK Securities Holdings,corporation,AKSE,Orlando,FL,165,Financial Services,8360,1086800,118812,77,High,giving@aksecurities.com,https://www.aksecurities.com,"Delivering trusted financial services with integrity, innovation, and commitment to community development.",Comprehensive Fortune 1000 Analysis,2025-10-26T20:43:29.677024,High
AZ Bank Group,corporation,AZBA,O'Fallon,MO,166,Financial Services,8350,1085500,118528,82,High,sponsorships@azbank.com,https://www.azbank.com,"Delivering trusted financial services with integrity, innovation, and commitment to community development.",Comprehensive Fortune 1000 Analysis,2025-10-26T20:43:29.677039,Medium
Frederick Capital Systems,corporation,FRCA,Monroe,LA,167,Financial Services,8340,1084200,118244,80,High,relations@frederickcapita.com,https://www.frederickcapita.com,Creating financial opportunities that strengthen communities and support economic growth for all.,Comprehensive Fortune 1000 Analysis,2025-10-26T20:43:29.677055,Medium
Philadelphia Trust Inc.,corporation,PHTR,Cedar Rapids,IA,168,Financial Services,8330,1082900,117961,80,High,relations@philadelphiatru.com,https://www.philadelphiatru.com,"Delivering trusted financial services with integrity, innovation, and commitment to community development.",Comprehensive Fortune 1000 Analysis,2025-10-26T20:43:29.677071,Medium
Baton Rouge Fund Inc.,corporation,BARO,Auburn,AL,169,Financial Services,8320,1081600,117678,85,High,foundation@batonrougefund.com,https://www.batonrougefund.com,Creating financial opportunities that strengthen communities and support economic growth for all.,Comprehensive Fortune 1000 Analysis,2025-10-26T20:43:29.677087,Medium
Henderson Financial LLC,corporation,HEFI,Erie,PA,170,Financial Services,8310,1080300,117395,80,High,community@hendersonfinanc.com,https://www.hendersonfinanc.com,Providing comprehensive financial solutions that empower individuals and businesses to achieve their goals and build lasting prosperity.,Comprehensive Fortune 1000 Analysis,2025-10-26T20:43:29.677104,Medium
Milwaukee Bank Group,corporation,MIBA,Waterloo,IA,171,Financial Services,8300,1079000,117113,77,High,sponsorships@milwaukeebank.com,https://www.milwaukeebank.com,Providing comprehensive financial solutions that empower individuals and businesses to achieve their goals and build lasting prosperity.,Comprehensive Fortune 1000 Analysis,2025-10-26T20:43:29.677121,Medium
Las Cruces Credit Enterprises,corporation,LACR,Jackson,MS,172,Financial Services,8290,1077700,116830,82,High,sponsorships@lascrucescredit.com,https://www.lascrucescredit.com,Providing comprehensive financial solutions that empower individuals and businesses to achieve their goals and build lasting prosperity.,Comprehensive Fortune 1000 Analysis,2025-10-26T20:43:29.677138,Medium
Hartford Securities LLC,corporation,HASE,Boston,MA,173,Financial Services,8280,1076400,116549,84,High,foundation@hartfordsecurit.com,https://www.hartfordsecurit.com,Providing comprehensive financial solutions that empower individuals and businesses to achieve their goals and build lasting prosperity.,Comprehensive Fortune 1000 Analysis,2025-10-26T20:43:29.677154,High
Newark Bank Holdings,corporation,NEBA,Saco,ME,174,Financial Services,8270,1075100,116267,86,High,community@newarkbank.com,https://www.newarkbank.com,Creating financial opportunities that strengthen communities and support economic growth for all.,Comprehensive Fortune 1000 Analysis,2025-10-26T20:43:29.677171,Medium
WV Bank Holdings,corporation,WVBA,Ketchikan,AK,175,Financial Services,8260,1073800,115986,85,High,giving@wvbank.com,https://www.wvbank.com,Providing comprehensive financial solutions that empower individuals and businesses to achieve their goals and build lasting prosperity.,Comprehensive Fortune 1000 Analysis,2025-10-26T20:43:29.677187,Medium
Warwick Securities Holdings,corporation,WASE,Wilmington,DE,176,Financial Services,8250,1072500,115706,76,High,foundation@warwicksecuriti.com,https://www.warwicksecuriti.com,Creating financial opportunities that strengthen communities and support economic growth for all.,Comprehensive Fortune 1000 Analysis,2025-10-26T20:43:29.677204,Medium
Fargo Bank Company,corporation,FABA,Toms River,NJ,177,Financial Services,8240,1071200,115425,84,High,sponsorships@fargobank.com,https://www.fargobank.com,Creating financial opportunities that strengthen communities and support economic growth for all.,Comprehensive Fortune 1000 Analysis,2025-10-26T20:43:29.677219,Medium
Bangor Securities LLC,corporation,BASE,Newport News,VA,178,Financial Services,8230,1069900,115145,84,High,relations@bangorsecuritie.com,https://www.bangorsecuritie.com,Creating financial opportunities that strengthen communities and support economic growth for all.,Comprehensive Fortune 1000 Analysis,2025-10-26T20:43:29.677236,Medium
Southaven Investment Enterprises,corporation,SOIN,Columbus,OH,179,Financial Services,8220,1068600,114866,79,High,foundation@southaveninvest.com,https://www.southaveninvest.com,Providing comprehensive financial solutions that empower individuals and businesses to achieve their goals and build lasting prosperity.,Comprehensive Fortune 1000 Analysis,2025-10-26T20:43:29.677252,Medium
St. Louis Capital Company,corporation,STLO,Rock Springs,WY,180,Financial Services,8210,1067300,114586,77,High,giving@stlouiscapital.com,https://www.stlouiscapital.com,"Delivering trusted financial services with integrity, innovation, and commitment to community development.",Comprehensive Fortune 1000 Analysis,2025-10-26T20:43:29.677271,Medium
Memphis Fund Group,corporation,MEFU,Cincinnati,OH,181,Financial Services,8200,1066000,114308,85,High,giving@memphisfund.com,https://www.memphisfund.com,Providing comprehensive financial solutions that empower individuals and businesses to achieve their goals and build lasting prosperity.,Comprehensive Fortune 1000 Analysis,2025-10-26T20:43:29.677286,Medium
VT Investment Group,corporation,VTIN,College Park,MD,182,Financial Services,8189,1064700,114015,78,High,giving@vtinvestment.com,https://www.vtinvestment.com,Providing comprehensive financial solutions that empower individuals and businesses to achieve their goals and build lasting prosperity.,Comprehensive Fortune 1000 Analysis,2025-10-26T20:43:29.677303,Medium
Salem Securities Group,corporation,SASE,Baltimore,MD,183,Financial Services,8179,1063400,113737,82,High,community@salemsecurities.com,https://www.salemsecurities.com,Creating financial opportunities that strengthen communities and support economic growth for all.,Comprehensive Fortune 1000 Analysis,2025-10-26T20:43:29.677320,Medium
Cranston Bank Corporation,corporation,CRBA,Tallahassee,FL,184,Financial Services,8169,1062100,113459,82,High,sponsorships@cranstonbank.com,https://www.cranstonbank.com,Providing comprehensive financial solutions that empower individuals and businesses to achieve their goals and build lasting prosperity.,Comprehensive Fortune 1000 Analysis,2025-10-26T20:43:29.677336,High
NJ Capital Company,corporation,NJCA,Springdale,AR,185,Financial Services,8159,1060800,113181,81,High,sponsorships@njcapital.com,https://www.njcapital.com,Creating financial opportunities that strengthen communities and support economic growth for all.,Comprehensive Fortune 1000 Analysis,2025-10-26T20:43:29.677483,Medium
IA Credit Corporation,corporation,IACR,Bozeman,MT,186,Financial Services,8149,1059500,112904,76,High,relations@iacredit.com,https://www.iacredit.com,Creating financial opportunities that strengthen communities and support economic growth for all.,Comprehensive Fortune 1000 Analysis,2025-10-26T20:43:29.677501,Medium
Omaha Financial Group,corporation,OMFI,Naperville,IL,187,Financial Services,8139,1058200,112627,81,High,relations@omahafinancial.com,https://www.omahafinancial.com,Providing comprehensive financial solutions that empower individuals and businesses to achieve their goals and build lasting prosperity.,Comprehensive Fortune 1000 Analysis,2025-10-26T20:43:29.677518,High
KY Investment Group,corporation,KYIN,Toms River,NJ,188,Financial Services,8129,1056900,112350,77,High,relations@kyinvestment.com,https://www.kyinvestment.com,Providing comprehensive financial solutions that empower individuals and businesses to achieve their goals and build lasting prosperity.,Comprehensive Fortune 1000 Analysis,2025-10-26T20:43:29.677534,Medium
Bowling Green Securities Company,corporation,BOGR,Greensboro,NC,189,Financial Services,8120,1055600,112088,74,High,giving@bowlinggreensec.com,https://www.bowlinggreensec.com,"Delivering trusted financial services with integrity, innovation, and commitment to community development.",Comprehensive Fortune 1000 Analysis,2025-10-26T20:43:29.677556,Medium
Fort Wayne Fund Systems,corporation,FOWA,Bloomington,IN,190,Financial Services,8110,1054300,111812,75,High,giving@fortwaynefund.com,https://www.fortwaynefund.com,Creating financial opportunities that strengthen communities and support economic growth for all.,Comprehensive Fortune 1000 Analysis,2025-10-26T20:43:29.677576,Medium
Baton Rouge Fund Enterprises,corporation,BARO,Brooklyn Park,MN,191,Financial Services,8100,1053000,111537,84,High,giving@batonrougefund.com,https://www.batonrougefund.com,Providing comprehensive financial solutions that empower individuals and businesses to achieve their goals and build lasting prosperity.,Comprehensive Fortune 1000 Analysis,2025-10-26T20:43:29.677596,Medium
HI Bank Inc.,corporation,HIBA,Fremont,NE,192,Financial Services,8090,1051700,111261,78,High,giving@hibank.com,https://www.hibank.com,Providing comprehensive financial solutions that empower individuals and businesses to achieve their goals and build lasting prosperity.,Comprehensive Fortune 1000 Analysis,2025-10-26T20:43:29.677613,Medium
Green Bay Trust Company,corporation,GRBA,Hialeah,FL,193,Financial Services,8080,1050400,110986,80,High,foundation@greenbaytrust.com,https://www.greenbaytrust.com,Creating financial opportunities that strengthen communities and support economic growth for all.,Comprehensive Fortune 1000 Analysis,2025-10-26T20:43:29.677639,High
Fargo Credit Group,corporation,FACR,Overland Park,KS,194,Financial Services,8070,1049100,110712,77,High,relations@fargocredit.com,https://www.fargocredit.com,"Delivering trusted financial services with integrity, innovation, and commitment to community development.",Comprehensive Fortune 1000 Analysis,2025-10-26T20:43:29.677662,Medium
Los Angeles Trust Company,corporation,LOAN,Houston,TX,195,Financial Services,8060,1047800,110438,76,High,sponsorships@losangelestrust.com,https://www.losangelestrust.com,Providing comprehensive financial solutions that empower individuals and businesses to achieve their goals and build lasting prosperity.,Comprehensive Fortune 1000 Analysis,2025-10-26T20:43:29.677691,High
St. Louis Bank Enterprises,corporation,STLO,Farmington,NM,196,Financial Services,8050,1046500,110164,80,High,community@stlouisbank.com,https://www.stlouisbank.com,"Delivering trusted financial services with integrity, innovation, and commitment to community development.",Comprehensive Fortune 1000 Analysis,2025-10-26T20:43:29.677727,Medium
NY Fund Corporation,corporation,NYFU,Hartford,CT,197,Financial Services,8040,1045200,109890,80,High,community@nyfund.com,https://www.nyfund.com,Providing comprehensive financial solutions that empower individuals and businesses to achieve their goals and build lasting prosperity.,Comprehensive Fortune 1000 Analysis,2025-10-26T20:43:29.677760,Medium
Kansas City Investment Company,corporation,KACI,Middletown,DE,198,Financial Services,8030,1043900,109617,79,High,sponsorships@kansascityinves.com,https://www.kansascityinves.com,Providing comprehensive financial solutions that empower individuals and businesses to achieve their goals and build lasting prosperity.,Comprehensive Fortune 1000 Analysis,2025-10-26T20:43:29.677794,Medium
NY Investment Inc.,corporation,NYIN,Florence,KY,199,Financial Services,8020,1042600,109344,78,High,community@nyinvestment.com,https://www.nyinvestment.com,Providing comprehensive financial solutions that empower individuals and businesses to achieve their goals and build lasting prosperity.,Comprehensive Fortune 1000 Analysis,2025-10-26T20:43:29.677831,Medium
Green Bay Trust Holdings,corporation,GRBA,South Bend,IN,200,Financial Services,8010,1041300,109072,74,High,foundation@greenbaytrust.com,https://www.greenbaytrust.com,Providing comprehensive financial solutions that empower individuals and businesses to achieve their goals and build lasting prosperity.,Comprehensive Fortune 1000 Analysis,2025-10-26T20:43:29.677856,Medium
Professional Securities Inc.,corporation,PRSE,New Haven,CT,201,Financial Services,8000,1040000,108800,83,High,foundation@professionalsec.com,https://www.professionalsec.com,Creating financial opportunities that strengthen communities and support economic growth for all.,Comprehensive Fortune 1000 Analysis,2025-10-26T20:43:29.677878,Medium
Premier Bank Systems,corporation,PRBA,Provo,UT,202,Financial Services,7990,1038700,108528,82,High,sponsorships@premierbank.com,https://www.premierbank.com,Creating financial opportunities that strengthen communities and support economic growth for all.,Comprehensive Fortune 1000 Analysis,2025-10-26T20:43:29.677894,Medium
Dynamic Bank Enterprises,corporation,DYBA,Kaneohe,HI,203,Financial Services,7980,1037400,108256,80,High,community@dynamicbank.com,https://www.dynamicbank.com,"Delivering trusted financial services with integrity, innovation, and commitment to community development.",Comprehensive Fortune 1000 Analysis,2025-10-26T20:43:29.677907,Medium
Professional Fund Company,corporation,PRFU,Ogden,UT,204,Financial Services,7970,1036100,107985,80,High,sponsorships@professionalfun.com,https://www.professionalfun.com,"Delivering trusted financial services with integrity, innovation, and commitment to community development.",Comprehensive Fortune 1000 Analysis,2025-10-26T20:43:29.677922,Medium
Premier Bank Corporation,corporation,PRBA,Tucson,AZ,205,Financial Services,7960,1034800,107714,77,High,sponsorships@premierbank.com,https://www.premierbank.com,"Delivering trusted financial services with integrity, innovation, and commitment to community development.",Comprehensive Fortune 1000 Analysis,2025-10-26T20:43:29.677935,Medium
Innovative Financial Inc.,corporation,INFI,Tupelo,MS,206,Financial Services,7950,1033500,107444,74,High,community@innovativefinan.com,https://www.innovativefinan.com,"Delivering trusted financial services with integrity, innovation, and commitment to community development.",Comprehensive Fortune 1000 Analysis,2025-10-26T20:43:29.677950,Medium
Strategic Credit Systems,corporation,STCR,Richmond,KY,207,Financial Services,7940,1032200,107174,73,High,community@strategiccredit.com,https://www.strategiccredit.com,Providing comprehensive financial solutions that empower individuals and businesses to achieve their goals and build lasting prosperity.,Comprehensive Fortune 1000 Analysis,2025-10-26T20:43:29.677964,Medium
Professional Capital Enterprises,corporation,PRCA,San Francisco,CA,208,Financial Services,7930,1030900,106904,81,High,community@professionalcap.com,https://www.professionalcap.com,Providing comprehensive financial solutions that empower individuals and businesses to achieve their goals and build lasting prosperity.,Comprehensive Fortune 1000 Analysis,2025-10-26T20:43:29.677979,High
Premier Investment Group,corporation,PRIN,Rio Rancho,NM,209,Financial Services,7920,1029600,106634,76,High,giving@premierinvestme.com,https://www.premierinvestme.com,Creating financial opportunities that strengthen communities and support economic growth for all.,Comprehensive Fortune 1000 Analysis,2025-10-26T20:43:29.678003,Medium
Elite Trust Company,corporation,ELTR,Essex,VT,210,Financial Services,7910,1028300,106365,76,High,giving@elitetrust.com,https://www.elitetrust.com,Creating financial opportunities that strengthen communities and support economic growth for all.,Comprehensive Fortune 1000 Analysis,2025-10-26T20:43:29.678077,Medium
Innovative Securities Company,corporation,INSE,Merrimack,NH,211,Financial Services,7900,1027000,106097,74,High,giving@innovativesecur.com,https://www.innovativesecur.com,Providing comprehensive financial solutions that empower individuals and businesses to achieve their goals and build lasting prosperity.,Comprehensive Fortune 1000 Analysis,2025-10-26T20:43:29.678136,Medium
Elite Financial LLC,corporation,ELFI,Chandler,AZ,212,Financial Services,7890,1025700,105828,74,High,foundation@elitefinancial.com,https://www.elitefinancial.com,"Delivering trusted financial services with integrity, innovation, and commitment to community development.",Comprehensive Fortune 1000 Analysis,2025-10-26T20:43:29.678168,Medium
Professional Investment Enterprises,corporation,PRIN,Reading,PA,213,Financial Services,7880,1024400,105560,80,High,giving@professionalinv.com,https://www.professionalinv.com,"Delivering trusted financial services with integrity, innovation, and commitment to community development.",Comprehensive Fortune 1000 Analysis,2025-10-26T20:43:29.678200,Medium
Strategic Investment Inc.,corporation,STIN,Hastings,NE,214,Financial Services,7870,1023100,105292,73,High,relations@strategicinvest.com,https://www.strategicinvest.com,Providing comprehensive financial solutions that empower individuals and businesses to achieve their goals and build lasting prosperity.,Comprehensive Fortune 1000 Analysis,2025-10-26T20:43:29.678229,Medium
Innovative Capital Company,corporation,INCA,Salem,NH,215,Financial Services,7860,1021800,105025,77,High,foundation@innovativecapit.com,https://www.innovativecapit.com,Providing comprehensive financial solutions that empower individuals and businesses to achieve their goals and build lasting prosperity.,Comprehensive Fortune 1000 Analysis,2025-10-26T20:43:29.678256,Medium
Professional Wellness LLC,corporation,PRWE,Grand Island,NE,216,Healthcare,6280,628000,73947,63,Medium,partnerships@professionalwel.com,https://www.professionalwel.com,"Advancing human health through innovative medical solutions, compassionate care, and breakthrough treatments.",Comprehensive Fortune 1000 Analysis,2025-10-26T20:43:29.678632,Medium
Elite Medical Enterprises,corporation,ELME,Hastings,NE,217,Healthcare,6272,627200,73758,69,Medium,community@elitemedical.com,https://www.elitemedical.com,Dedicated to enhancing health and wellness through innovative healthcare solutions and community partnerships.,Comprehensive Fortune 1000 Analysis,2025-10-26T20:43:29.678692,Medium
Innovative Life Sciences Company,corporation,INLI,Davenport,IA,218,Healthcare,6264,626400,73570,62,Medium,community@innovativelifes.com,https://www.innovativelifes.com,"Advancing human health through innovative medical solutions, compassionate care, and breakthrough treatments.",Comprehensive Fortune 1000 Analysis,2025-10-26T20:43:29.678720,Medium
Innovative Pharma Corporation,corporation,INPH,New York,NY,219,Healthcare,6256,625600,73382,70,Medium,partnerships@innovativepharm.com,https://www.innovativepharm.com,"Advancing human health through innovative medical solutions, compassionate care, and breakthrough treatments.",Comprehensive Fortune 1000 Analysis,2025-10-26T20:43:29.678742,High
Professional Therapeutics Corporation,corporation,PRTH,Brooklyn Park,MN,220,Healthcare,6248,624800,73195,61,Medium,relations@professionalthe.com,https://www.professionalthe.com,"Advancing human health through innovative medical solutions, compassionate care, and breakthrough treatments.",Comprehensive Fortune 1000 Analysis,2025-10-26T20:43:29.678766,Medium
Innovative Wellness Inc.,corporation,INWE,Kalispell,MT,221,Healthcare,6240,624000,73008,61,Medium,community@innovativewelln.com,https://www.innovativewelln.com,Dedicated to enhancing health and wellness through innovative healthcare solutions and community partnerships.,Comprehensive Fortune 1000 Analysis,2025-10-26T20:43:29.678783,Medium
Strategic Medical Corporation,corporation,STME,Warwick,RI,222,Healthcare,6232,623200,72820,67,Medium,giving@strategicmedica.com,https://www.strategicmedica.com,Dedicated to enhancing health and wellness through innovative healthcare solutions and community partnerships.,Comprehensive Fortune 1000 Analysis,2025-10-26T20:43:29.678799,Medium
Innovative Therapeutics Group,corporation,INTH,Everett,WA,223,Healthcare,6224,622400,72634,66,Medium,relations@innovativethera.com,https://www.innovativethera.com,"Advancing human health through innovative medical solutions, compassionate care, and breakthrough treatments.",Comprehensive Fortune 1000 Analysis,2025-10-26T20:43:29.678819,High
Strategic Health Group,corporation,STHE,Louisville,KY,224,Healthcare,6216,621600,72447,71,Medium,marketing@strategichealth.com,https://www.strategichealth.com,Improving lives by developing life-saving therapies and advancing medical research for better health outcomes.,Comprehensive Fortune 1000 Analysis,2025-10-26T20:43:29.678840,Medium
Professional Therapeutics Holdings,corporation,PRTH,Grand Forks,ND,225,Healthcare,6208,620800,72261,70,Medium,marketing@professionalthe.com,https://www.professionalthe.com,Dedicated to enhancing health and wellness through innovative healthcare solutions and community partnerships.,Comprehensive Fortune 1000 Analysis,2025-10-26T20:43:29.678891,Medium
Premier Life Sciences Enterprises,corporation,PRLI,St. George,UT,226,Healthcare,6200,620000,72075,65,Medium,giving@premierlifescie.com,https://www.premierlifescie.com,Improving lives by developing life-saving therapies and advancing medical research for better health outcomes.,Comprehensive Fortune 1000 Analysis,2025-10-26T20:43:29.678934,Medium
Strategic Bio Corporation,corporation,STBI,Jonesboro,AR,227,Healthcare,6192,619200,71889,66,Medium,partnerships@strategicbio.com,https://www.strategicbio.com,"Advancing human health through innovative medical solutions, compassionate care, and breakthrough treatments.",Comprehensive Fortune 1000 Analysis,2025-10-26T20:43:29.678957,Medium
Elite Life Sciences Enterprises,corporation,ELLI,Kenosha,WI,228,Healthcare,6184,618400,71703,64,Medium,community@elitelifescienc.com,https://www.elitelifescienc.com,Dedicated to enhancing health and wellness through innovative healthcare solutions and community partnerships.,Comprehensive Fortune 1000 Analysis,2025-10-26T20:43:29.678980,Medium
Elite Therapeutics Enterprises,corporation,ELTH,Cincinnati,OH,229,Healthcare,6176,617600,71518,69,Medium,marketing@elitetherapeuti.com,https://www.elitetherapeuti.com,Dedicated to enhancing health and wellness through innovative healthcare solutions and community partnerships.,Comprehensive Fortune 1000 Analysis,2025-10-26T20:43:29.678997,Medium
Dynamic Medical Inc.,corporation,DYME,Memphis,TN,230,Healthcare,6168,616800,71332,64,Medium,marketing@dynamicmedical.com,https://www.dynamicmedical.com,"Advancing human health through innovative medical solutions, compassionate care, and breakthrough treatments.",Comprehensive Fortune 1000 Analysis,2025-10-26T20:43:29.679010,Medium
Advanced Pharma Inc.,corporation,ADPH,Spokane,WA,231,Healthcare,6160,616000,71148,68,Medium,relations@advancedpharma.com,https://www.advancedpharma.com,Dedicated to enhancing health and wellness through innovative healthcare solutions and community partnerships.,Comprehensive Fortune 1000 Analysis,2025-10-26T20:43:29.679023,High
Superior Wellness Inc.,corporation,SUWE,Joliet,IL,232,Healthcare,6152,615200,70963,60,Medium,partnerships@superiorwellnes.com,https://www.superiorwellnes.com,Improving lives by developing life-saving therapies and advancing medical research for better health outcomes.,Comprehensive Fortune 1000 Analysis,2025-10-26T20:43:29.679053,High
Elite Pharma Systems,corporation,ELPH,Durham,NC,233,Healthcare,6144,614400,70778,61,Medium,giving@elitepharma.com,https://www.elitepharma.com,Improving lives by developing life-saving therapies and advancing medical research for better health outcomes.,Comprehensive Fortune 1000 Analysis,2025-10-26T20:43:29.679067,Medium
Advanced Pharma Corporation,corporation,ADPH,Kenosha,WI,234,Healthcare,6136,613600,70594,63,Medium,marketing@advancedpharma.com,https://www.advancedpharma.com,Improving lives by developing life-saving therapies and advancing medical research for better health outcomes.,Comprehensive Fortune 1000 Analysis,2025-10-26T20:43:29.679084,Medium
Superior Wellness Group,corporation,SUWE,Aurora,CO,235,Healthcare,6128,612800,70410,70,Medium,giving@superiorwellnes.com,https://www.superiorwellnes.com,"Advancing human health through innovative medical solutions, compassionate care, and breakthrough treatments.",Comprehensive Fortune 1000 Analysis,2025-10-26T20:43:29.679097,High
Superior Wellness Systems,corporation,SUWE,Gilbert,AZ,236,Healthcare,6120,612000,70227,60,Medium,community@superiorwellnes.com,https://www.superiorwellnes.com,Dedicated to enhancing health and wellness through innovative healthcare solutions and community partnerships.,Comprehensive Fortune 1000 Analysis,2025-10-26T20:43:29.679108,Medium
Superior Therapeutics Corporation,corporation,SUTH,Derry,NH,237,Healthcare,6112,611200,70043,64,Medium,partnerships@superiortherape.com,https://www.superiortherape.com,"Advancing human health through innovative medical solutions, compassionate care, and breakthrough treatments.",Comprehensive Fortune 1000 Analysis,2025-10-26T20:43:29.679121,Medium
Premier Medical Enterprises,corporation,PRME,Meridian,ID,238,Healthcare,6104,610400,69860,63,Medium,marketing@premiermedical.com,https://www.premiermedical.com,Dedicated to enhancing health and wellness through innovative healthcare solutions and community partnerships.,Comprehensive Fortune 1000 Analysis,2025-10-26T20:43:29.679134,Medium
Strategic Life Sciences Inc.,corporation,STLI,Omaha,NE,239,Healthcare,6096,609600,69677,60,Medium,partnerships@strategiclifesc.com,https://www.strategiclifesc.com,"Advancing human health through innovative medical solutions, compassionate care, and breakthrough treatments.",Comprehensive Fortune 1000 Analysis,2025-10-26T20:43:29.679151,Medium
Innovative Medical LLC,corporation,INME,Caldwell,ID,240,Healthcare,6088,608800,69494,62,Medium,partnerships@innovativemedic.com,https://www.innovativemedic.com,"Advancing human health through innovative medical solutions, compassionate care, and breakthrough treatments.",Comprehensive Fortune 1000 Analysis,2025-10-26T20:43:29.679165,Medium
Professional Life Sciences Inc.,corporation,PRLI,Corpus Christi,TX,241,Healthcare,6080,608000,69312,67,Medium,partnerships@professionallif.com,https://www.professionallif.com,Dedicated to enhancing health and wellness through innovative healthcare solutions and community partnerships.,Comprehensive Fortune 1000 Analysis,2025-10-26T20:43:29.679186,High
Professional Bio Holdings,corporation,PRBI,Milwaukee,WI,242,Healthcare,6072,607200,69129,62,Medium,partnerships@professionalbio.com,https://www.professionalbio.com,"Advancing human health through innovative medical solutions, compassionate care, and breakthrough treatments.",Comprehensive Fortune 1000 Analysis,2025-10-26T20:43:29.679205,Medium
Professional Care Company,corporation,PRCA,Kailua,HI,243,Healthcare,6064,606400,68947,64,Medium,community@professionalcar.com,https://www.professionalcar.com,Dedicated to enhancing health and wellness through innovative healthcare solutions and community partnerships.,Comprehensive Fortune 1000 Analysis,2025-10-26T20:43:29.679220,Medium
Premier Health Systems,corporation,PRHE,Dayton,OH,244,Healthcare,6056,605600,68765,69,Medium,relations@premierhealth.com,https://www.premierhealth.com,"Advancing human health through innovative medical solutions, compassionate care, and breakthrough treatments.",Comprehensive Fortune 1000 Analysis,2025-10-26T20:43:29.679278,Medium
Dynamic Therapeutics Group,corporation,DYTH,Sandy Springs,GA,245,Healthcare,6048,604800,68584,60,Medium,relations@dynamictherapeu.com,https://www.dynamictherapeu.com,Improving lives by developing life-saving therapies and advancing medical research for better health outcomes.,Comprehensive Fortune 1000 Analysis,2025-10-26T20:43:29.679380,Medium
Professional Health Holdings,corporation,PRHE,Council Bluffs,IA,246,Healthcare,6040,604000,68403,59,Medium,relations@professionalhea.com,https://www.professionalhea.com,Improving lives by developing life-saving therapies and advancing medical research for better health outcomes.,Comprehensive Fortune 1000 Analysis,2025-10-26T20:43:29.679409,Medium
Advanced Wellness Enterprises,corporation,ADWE,Green River,WY,247,Healthcare,6032,603200,68221,61,Medium,community@advancedwellnes.com,https://www.advancedwellnes.com,Dedicated to enhancing health and wellness through innovative healthcare solutions and community partnerships.,Comprehensive Fortune 1000 Analysis,2025-10-26T20:43:29.679535,Medium
Strategic Life Sciences Company,corporation,STLI,Hartford,CT,248,Healthcare,6024,602400,68041,59,Medium,relations@strategiclifesc.com,https://www.strategiclifesc.com,Improving lives by developing life-saving therapies and advancing medical research for better health outcomes.,Comprehensive Fortune 1000 Analysis,2025-10-26T20:43:29.679698,Medium
Dynamic Life Sciences LLC,corporation,DYLI,Akron,OH,249,Healthcare,6016,601600,67860,59,Medium,giving@dynamiclifescie.com,https://www.dynamiclifescie.com,Dedicated to enhancing health and wellness through innovative healthcare solutions and community partnerships.,Comprehensive Fortune 1000 Analysis,2025-10-26T20:43:29.679753,Medium
Strategic Therapeutics Corporation,corporation,STTH,Bend,OR,250,Healthcare,6008,600800,67680,59,Medium,marketing@strategictherap.com,https://www.strategictherap.com,Improving lives by developing life-saving therapies and advancing medical research for better health outcomes.,Comprehensive Fortune 1000 Analysis,2025-10-26T20:43:29.679787,Medium
Premier Care Systems,corporation,PRCA,Raleigh,NC,251,Healthcare,6000,600000,67500,60,Medium,marketing@premiercare.com,https://www.premiercare.com,Improving lives by developing life-saving therapies and advancing medical research for better health outcomes.,Comprehensive Fortune 1000 Analysis,2025-10-26T20:43:29.679815,Medium
Professional Pharma Corporation,corporation,PRPH,Danbury,CT,252,Healthcare,5992,599200,67320,67,Medium,relations@professionalpha.com,https://www.professionalpha.com,Improving lives by developing life-saving therapies and advancing medical research for better health outcomes.,Comprehensive Fortune 1000 Analysis,2025-10-26T20:43:29.679841,Medium
Professional Health Enterprises,corporation,PRHE,Wilmington,NC,253,Healthcare,5984,598400,67140,68,Medium,marketing@professionalhea.com,https://www.professionalhea.com,Dedicated to enhancing health and wellness through innovative healthcare solutions and community partnerships.,Comprehensive Fortune 1000 Analysis,2025-10-26T20:43:29.679868,Medium
Strategic Health Enterprises,corporation,STHE,Philadelphia,PA,254,Healthcare,5976,597600,66961,65,Medium,marketing@strategichealth.com,https://www.strategichealth.com,"Advancing human health through innovative medical solutions, compassionate care, and breakthrough treatments.",Comprehensive Fortune 1000 Analysis,2025-10-26T20:43:29.679897,Medium
Premier Care Systems,corporation,PRCA,Colchester,VT,255,Healthcare,5968,596800,66781,64,Medium,relations@premiercare.com,https://www.premiercare.com,"Advancing human health through innovative medical solutions, compassionate care, and breakthrough treatments.",Comprehensive Fortune 1000 Analysis,2025-10-26T20:43:29.679949,Medium
Superior Therapeutics LLC,corporation,SUTH,Virginia Beach,VA,256,Healthcare,5960,596000,66603,62,Medium,marketing@superiortherape.com,https://www.superiortherape.com,Improving lives by developing life-saving therapies and advancing medical research for better health outcomes.,Comprehensive Fortune 1000 Analysis,2025-10-26T20:43:29.679977,Medium
Strategic Bio Systems,corporation,STBI,West Jordan,UT,257,Healthcare,5952,595200,66424,62,Medium,community@strategicbio.com,https://www.strategicbio.com,"Advancing human health through innovative medical solutions, compassionate care, and breakthrough treatments.",Comprehensive Fortune 1000 Analysis,2025-10-26T20:43:29.680004,Medium
Innovative Therapeutics Group,corporation,INTH,Mount Vernon,NY,258,Healthcare,5944,594400,66245,61,Medium,partnerships@innovativethera.com,https://www.innovativethera.com,Dedicated to enhancing health and wellness through innovative healthcare solutions and community partnerships.,Comprehensive Fortune 1000 Analysis,2025-10-26T20:43:29.680035,High
Strategic Care Holdings,corporation,STCA,Raleigh,NC,259,Healthcare,5936,593600,66067,66,Medium,partnerships@strategiccare.com,https://www.strategiccare.com,"Advancing human health through innovative medical solutions, compassionate care, and breakthrough treatments.",Comprehensive Fortune 1000 Analysis,2025-10-26T20:43:29.680071,Medium
Strategic Care Group,corporation,STCA,Waterbury,CT,260,Healthcare,5928,592800,65889,58,Medium,community@strategiccare.com,https://www.strategiccare.com,Improving lives by developing life-saving therapies and advancing medical research for better health outcomes.,Comprehensive Fortune 1000 Analysis,2025-10-26T20:43:29.680146,Medium
Strategic Health Company,corporation,STHE,Waterbury,CT,261,Healthcare,5920,592000,65712,59,Medium,giving@strategichealth.com,https://www.strategichealth.com,Dedicated to enhancing health and wellness through innovative healthcare solutions and community partnerships.,Comprehensive Fortune 1000 Analysis,2025-10-26T20:43:29.680171,Medium
Innovative Wellness Company,corporation,INWE,Fort Collins,CO,262,Healthcare,5912,591200,65534,58,Medium,relations@innovativewelln.com,https://www.innovativewelln.com,Dedicated to enhancing health and wellness through innovative healthcare solutions and community partnerships.,Comprehensive Fortune 1000 Analysis,2025-10-26T20:43:29.680188,High
Advanced Life Sciences LLC,corporation,ADLI,Los Angeles,CA,263,Healthcare,5904,590400,65357,59,Medium,giving@advancedlifesci.com,https://www.advancedlifesci.com,Dedicated to enhancing health and wellness through innovative healthcare solutions and community partnerships.,Comprehensive Fortune 1000 Analysis,2025-10-26T20:43:29.680202,High
Elite Life Sciences Inc.,corporation,ELLI,Greenville,MS,264,Healthcare,5896,589600,65180,63,Medium,marketing@elitelifescienc.com,https://www.elitelifescienc.com,Dedicated to enhancing health and wellness through innovative healthcare solutions and community partnerships.,Comprehensive Fortune 1000 Analysis,2025-10-26T20:43:29.680216,Medium
Innovative Wellness Corporation,corporation,INWE,Bowling Green,KY,265,Healthcare,5888,588800,65003,65,Medium,giving@innovativewelln.com,https://www.innovativewelln.com,Dedicated to enhancing health and wellness through innovative healthcare solutions and community partnerships.,Comprehensive Fortune 1000 Analysis,2025-10-26T20:43:29.680229,Medium
Superior Health Holdings,corporation,SUHE,Dallas,TX,266,Healthcare,5880,588000,64827,67,Medium,marketing@superiorhealth.com,https://www.superiorhealth.com,Improving lives by developing life-saving therapies and advancing medical research for better health outcomes.,Comprehensive Fortune 1000 Analysis,2025-10-26T20:43:29.680277,High
Elite Health Holdings,corporation,ELHE,Annapolis,MD,267,Healthcare,5872,587200,64650,64,Medium,community@elitehealth.com,https://www.elitehealth.com,"Advancing human health through innovative medical solutions, compassionate care, and breakthrough treatments.",Comprehensive Fortune 1000 Analysis,2025-10-26T20:43:29.680301,Medium
Premier Pharma Corporation,corporation,PRPH,Jackson,TN,268,Healthcare,5864,586400,64474,57,Medium,marketing@premierpharma.com,https://www.premierpharma.com,Improving lives by developing life-saving therapies and advancing medical research for better health outcomes.,Comprehensive Fortune 1000 Analysis,2025-10-26T20:43:29.680315,Medium
Advanced Pharma Corporation,corporation,ADPH,Newark,NJ,269,Healthcare,5856,585600,64298,57,Medium,community@advancedpharma.com,https://www.advancedpharma.com,Improving lives by developing life-saving therapies and advancing medical research for better health outcomes.,Comprehensive Fortune 1000 Analysis,2025-10-26T20:43:29.680330,Medium
Superior Medical Holdings,corporation,SUME,Worcester,MA,270,Healthcare,5848,584800,64123,65,Medium,giving@superiormedical.com,https://www.superiormedical.com,"Advancing human health through innovative medical solutions, compassionate care, and breakthrough treatments.",Comprehensive Fortune 1000 Analysis,2025-10-26T20:43:29.680346,High
Advanced Medical Holdings,corporation,ADME,Fairmont,WV,271,Healthcare,5840,584000,63948,64,Medium,relations@advancedmedical.com,https://www.advancedmedical.com,Dedicated to enhancing health and wellness through innovative healthcare solutions and community partnerships.,Comprehensive Fortune 1000 Analysis,2025-10-26T20:43:29.680358,Medium
Premier Bio Systems,corporation,PRBI,Covington,KY,272,Healthcare,5832,583200,63772,62,Medium,community@premierbio.com,https://www.premierbio.com,Dedicated to enhancing health and wellness through innovative healthcare solutions and community partnerships.,Comprehensive Fortune 1000 Analysis,2025-10-26T20:43:29.680373,Medium
Innovative Care Corporation,corporation,INCA,Athens,GA,273,Healthcare,5824,582400,63598,61,Medium,partnerships@innovativecare.com,https://www.innovativecare.com,Improving lives by developing life-saving therapies and advancing medical research for better health outcomes.,Comprehensive Fortune 1000 Analysis,2025-10-26T20:43:29.680384,Medium
Elite Wellness Company,corporation,ELWE,Ogden,UT,274,Healthcare,5816,581600,63423,60,Medium,partnerships@elitewellness.com,https://www.elitewellness.com,Improving lives by developing life-saving therapies and advancing medical research for better health outcomes.,Comprehensive Fortune 1000 Analysis,2025-10-26T20:43:29.680396,Medium
Strategic Life Sciences Holdings,corporation,STLI,Jersey City,NJ,275,Healthcare,5808,580800,63249,56,Medium,community@strategiclifesc.com,https://www.strategiclifesc.com,Dedicated to enhancing health and wellness through innovative healthcare solutions and community partnerships.,Comprehensive Fortune 1000 Analysis,2025-10-26T20:43:29.680410,Medium
Professional Medical Holdings,corporation,PRME,Kearney,NE,276,Healthcare,5800,580000,63075,56,Medium,partnerships@professionalmed.com,https://www.professionalmed.com,Dedicated to enhancing health and wellness through innovative healthcare solutions and community partnerships.,Comprehensive Fortune 1000 Analysis,2025-10-26T20:43:29.680423,Medium
Innovative Health LLC,corporation,INHE,Kansas City,KS,277,Healthcare,5792,579200,62901,66,Medium,relations@innovativehealt.com,https://www.innovativehealt.com,Improving lives by developing life-saving therapies and advancing medical research for better health outcomes.,Comprehensive Fortune 1000 Analysis,2025-10-26T20:43:29.680435,Medium
Strategic Life Sciences Enterprises,corporation,STLI,Independence,MO,278,Healthcare,5784,578400,62727,57,Medium,community@strategiclifesc.com,https://www.strategiclifesc.com,"Advancing human health through innovative medical solutions, compassionate care, and breakthrough treatments.",Comprehensive Fortune 1000 Analysis,2025-10-26T20:43:29.680449,Medium
Elite Health Corporation,corporation,ELHE,Billings,MT,279,Healthcare,5776,577600,62554,62,Medium,community@elitehealth.com,https://www.elitehealth.com,"Advancing human health through innovative medical solutions, compassionate care, and breakthrough treatments.",Comprehensive Fortune 1000 Analysis,2025-10-26T20:43:29.680467,Medium
Elite Therapeutics Inc.,corporation,ELTH,Knoxville,TN,280,Healthcare,5768,576800,62380,66,Medium,marketing@elitetherapeuti.com,https://www.elitetherapeuti.com,Dedicated to enhancing health and wellness through innovative healthcare solutions and community partnerships.,Comprehensive Fortune 1000 Analysis,2025-10-26T20:43:29.680480,Medium
Advanced Wellness Corporation,corporation,ADWE,Eau Claire,WI,281,Healthcare,5760,576000,62208,61,Medium,community@advancedwellnes.com,https://www.advancedwellnes.com,"Advancing human health through innovative medical solutions, compassionate care, and breakthrough treatments.",Comprehensive Fortune 1000 Analysis,2025-10-26T20:43:29.680491,Medium
Elite Care Systems,corporation,ELCA,Canton,OH,282,Healthcare,5752,575200,62035,58,Medium,relations@elitecare.com,https://www.elitecare.com,"Advancing human health through innovative medical solutions, compassionate care, and breakthrough treatments.",Comprehensive Fortune 1000 Analysis,2025-10-26T20:43:29.680504,Medium
Professional Wellness Holdings,corporation,PRWE,East Providence,RI,283,Healthcare,5744,574400,61862,64,Medium,partnerships@professionalwel.com,https://www.professionalwel.com,"Advancing human health through innovative medical solutions, compassionate care, and breakthrough treatments.",Comprehensive Fortune 1000 Analysis,2025-10-26T20:43:29.680516,Medium
Innovative Health LLC,corporation,INHE,Lake Charles,LA,284,Healthcare,5736,573600,61690,63,Medium,partnerships@innovativehealt.com,https://www.innovativehealt.com,Dedicated to enhancing health and wellness through innovative healthcare solutions and community partnerships.,Comprehensive Fortune 1000 Analysis,2025-10-26T20:43:29.680530,Medium
Elite Care Company,corporation,ELCA,Kent,WA,285,Healthcare,5728,572800,61518,59,Medium,community@elitecare.com,https://www.elitecare.com,Dedicated to enhancing health and wellness through innovative healthcare solutions and community partnerships.,Comprehensive Fortune 1000 Analysis,2025-10-26T20:43:29.680543,High
Strategic Bio Corporation,corporation,STBI,Eau Claire,WI,286,Healthcare,5720,572000,61347,60,Medium,community@strategicbio.com,https://www.strategicbio.com,"Advancing human health through innovative medical solutions, compassionate care, and breakthrough treatments.",Comprehensive Fortune 1000 Analysis,2025-10-26T20:43:29.680556,Medium
Premier Health Inc.,corporation,PRHE,Montgomery,AL,287,Healthcare,5712,571200,61175,65,Medium,giving@premierhealth.com,https://www.premierhealth.com,Improving lives by developing life-saving therapies and advancing medical research for better health outcomes.,Comprehensive Fortune 1000 Analysis,2025-10-26T20:43:29.680569,Medium
Premier Therapeutics Enterprises,corporation,PRTH,Kent,WA,288,Healthcare,5704,570400,61004,62,Medium,partnerships@premiertherapeu.com,https://www.premiertherapeu.com,Dedicated to enhancing health and wellness through innovative healthcare solutions and community partnerships.,Comprehensive Fortune 1000 Analysis,2025-10-26T20:43:29.680586,High
Advanced Health Inc.,corporation,ADHE,Sacramento,CA,289,Healthcare,5696,569600,60833,58,Medium,relations@advancedhealth.com,https://www.advancedhealth.com,"Advancing human health through innovative medical solutions, compassionate care, and breakthrough treatments.",Comprehensive Fortune 1000 Analysis,2025-10-26T20:43:29.680601,High
Strategic Life Sciences Group,corporation,STLI,Warwick,RI,290,Healthcare,5688,568800,60662,56,Medium,partnerships@strategiclifesc.com,https://www.strategiclifesc.com,"Advancing human health through innovative medical solutions, compassionate care, and breakthrough treatments.",Comprehensive Fortune 1000 Analysis,2025-10-26T20:43:29.680615,Medium
Advanced Wellness Corporation,corporation,ADWE,Carson City,NV,291,Healthcare,5680,568000,60492,61,Medium,partnerships@advancedwellnes.com,https://www.advancedwellnes.com,Improving lives by developing life-saving therapies and advancing medical research for better health outcomes.,Comprehensive Fortune 1000 Analysis,2025-10-26T20:43:29.680627,Medium
Strategic Health LLC,corporation,STHE,Colorado Springs,CO,292,Healthcare,5672,567200,60321,56,Medium,community@strategichealth.com,https://www.strategichealth.com,Improving lives by developing life-saving therapies and advancing medical research for better health outcomes.,Comprehensive Fortune 1000 Analysis,2025-10-26T20:43:29.680640,High
Innovative Care Group,corporation,INCA,Vancouver,WA,293,Healthcare,5664,566400,60151,57,Medium,marketing@innovativecare.com,https://www.innovativecare.com,Dedicated to enhancing health and wellness through innovative healthcare solutions and community partnerships.,Comprehensive Fortune 1000 Analysis,2025-10-26T20:43:29.680655,High
Premier Life Sciences Company,corporation,PRLI,West Valley City,UT,294,Healthcare,5656,565600,59981,62,Medium,community@premierlifescie.com,https://www.premierlifescie.com,Improving lives by developing life-saving therapies and advancing medical research for better health outcomes.,Comprehensive Fortune 1000 Analysis,2025-10-26T20:43:29.680669,Medium
Innovative Care Inc.,corporation,INCA,Davenport,IA,295,Healthcare,5648,564800,59812,64,Medium,partnerships@innovativecare.com,https://www.innovativecare.com,"Advancing human health through innovative medical solutions, compassionate care, and breakthrough treatments.",Comprehensive Fortune 1000 Analysis,2025-10-26T20:43:29.680681,Medium
Professional Care Inc.,corporation,PRCA,Toledo,OH,296,Healthcare,5640,564000,59643,58,Medium,community@professionalcar.com,https://www.professionalcar.com,Dedicated to enhancing health and wellness through innovative healthcare solutions and community partnerships.,Comprehensive Fortune 1000 Analysis,2025-10-26T20:43:29.680698,Medium
Professional Health Inc.,corporation,PRHE,Newark,DE,297,Healthcare,5632,563200,59473,59,Medium,marketing@professionalhea.com,https://www.professionalhea.com,Improving lives by developing life-saving therapies and advancing medical research for better health outcomes.,Comprehensive Fortune 1000 Analysis,2025-10-26T20:43:29.680709,Medium
Strategic Life Sciences Enterprises,corporation,STLI,Savannah,GA,298,Healthcare,5624,562400,59305,55,Medium,partnerships@strategiclifesc.com,https://www.strategiclifesc.com,Improving lives by developing life-saving therapies and advancing medical research for better health outcomes.,Comprehensive Fortune 1000 Analysis,2025-10-26T20:43:29.680722,Medium
Strategic Medical Corporation,corporation,STME,Casper,WY,299,Healthcare,5616,561600,59136,55,Medium,community@strategicmedica.com,https://www.strategicmedica.com,"Advancing human health through innovative medical solutions, compassionate care, and breakthrough treatments.",Comprehensive Fortune 1000 Analysis,2025-10-26T20:43:29.680740,Medium
Professional Health Enterprises,corporation,PRHE,Oklahoma City,OK,300,Healthcare,5608,560800,58968,63,Medium,giving@professionalhea.com,https://www.professionalhea.com,Dedicated to enhancing health and wellness through innovative healthcare solutions and community partnerships.,Comprehensive Fortune 1000 Analysis,2025-10-26T20:43:29.680754,Medium
Premier Brands LLC,corporation,PRBR,Orem,UT,301,Consumer Goods,3500,350000,29399,64,High,sponsorships@premierbrands.com,https://www.premierbrands.com,"Delivering quality products that meet consumer needs while building stronger, more vibrant communities.",Comprehensive Fortune 1000 Analysis,2025-10-26T20:43:29.681186,Medium
Strategic Company Company,corporation,STRA,Topeka,KS,302,Consumer Goods,3495,349500,29316,65,High,community@strategic.com,https://www.strategic.com,"Delivering quality products that meet consumer needs while building stronger, more vibrant communities.",Comprehensive Fortune 1000 Analysis,2025-10-26T20:43:29.681259,Medium
Dynamic Consumer Holdings,corporation,DYCO,New Bedford,MA,303,Consumer Goods,3489,349000,29223,61,High,marketing@dynamicconsumer.com,https://www.dynamicconsumer.com,Creating products that enrich daily life and bring families together while supporting community growth and development.,Comprehensive Fortune 1000 Analysis,2025-10-26T20:43:29.681285,High
Professional Goods Company,corporation,PRGO,Carson City,NV,304,Consumer Goods,3484,348500,29140,59,High,giving@professionalgoo.com,https://www.professionalgoo.com,Creating products that enrich daily life and bring families together while supporting community growth and development.,Comprehensive Fortune 1000 Analysis,2025-10-26T20:43:29.681300,Medium
Strategic Goods Enterprises,corporation,STGO,Lawton,OK,305,Consumer Goods,3479,348000,29056,62,High,partnerships@strategicgoods.com,https://www.strategicgoods.com,"Delivering quality products that meet consumer needs while building stronger, more vibrant communities.",Comprehensive Fortune 1000 Analysis,2025-10-26T20:43:29.681313,Medium
Innovative International Corporation,corporation,ININ,Macon,GA,306,Consumer Goods,3474,347500,28973,66,High,community@innovativeinter.com,https://www.innovativeinter.com,Creating products that enrich daily life and bring families together while supporting community growth and development.,Comprehensive Fortune 1000 Analysis,2025-10-26T20:43:29.681329,Medium
Professional Corp Corporation,corporation,PRCO,Springfield,MA,307,Consumer Goods,3469,347000,28889,56,High,community@professionalcor.com,https://www.professionalcor.com,Bringing innovation and quality to everyday products while fostering community connections and cultural enrichment.,Comprehensive Fortune 1000 Analysis,2025-10-26T20:43:29.681341,High
Dynamic International Company,corporation,DYIN,Santa Fe,NM,308,Consumer Goods,3464,346500,28806,61,High,partnerships@dynamicinternat.com,https://www.dynamicinternat.com,Creating products that enrich daily life and bring families together while supporting community growth and development.,Comprehensive Fortune 1000 Analysis,2025-10-26T20:43:29.681356,Medium
Dynamic Corp Inc.,corporation,DYCO,New Orleans,LA,309,Consumer Goods,3459,346000,28723,63,High,marketing@dynamiccorp.com,https://www.dynamiccorp.com,"Delivering quality products that meet consumer needs while building stronger, more vibrant communities.",Comprehensive Fortune 1000 Analysis,2025-10-26T20:43:29.681371,Medium
Elite Company Group,corporation,ELIT,South Bend,IN,310,Consumer Goods,3454,345500,28640,55,High,sponsorships@elite.com,https://www.elite.com,Bringing innovation and quality to everyday products while fostering community connections and cultural enrichment.,Comprehensive Fortune 1000 Analysis,2025-10-26T20:43:29.681386,Medium
Superior Consumer Inc.,corporation,SUCO,Wilmington,NC,311,Consumer Goods,3449,345000,28557,56,High,marketing@superiorconsume.com,https://www.superiorconsume.com,"Delivering quality products that meet consumer needs while building stronger, more vibrant communities.",Comprehensive Fortune 1000 Analysis,2025-10-26T20:43:29.681399,Medium
Premier Corp Enterprises,corporation,PRCO,North Little Rock,AR,312,Consumer Goods,3444,344500,28474,58,High,community@premiercorp.com,https://www.premiercorp.com,Creating products that enrich daily life and bring families together while supporting community growth and development.,Comprehensive Fortune 1000 Analysis,2025-10-26T20:43:29.681412,Medium
Strategic Goods LLC,corporation,STGO,Gulfport,MS,313,Consumer Goods,3439,344000,28392,64,High,sponsorships@strategicgoods.com,https://www.strategicgoods.com,Bringing innovation and quality to everyday products while fostering community connections and cultural enrichment.,Comprehensive Fortune 1000 Analysis,2025-10-26T20:43:29.681426,Medium
Superior Products Enterprises,corporation,SUPR,Canton,OH,314,Consumer Goods,3435,343500,28318,60,High,giving@superiorproduct.com,https://www.superiorproduct.com,Bringing innovation and quality to everyday products while fostering community connections and cultural enrichment.,Comprehensive Fortune 1000 Analysis,2025-10-26T20:43:29.681439,Medium
Professional International Systems,corporation,PRIN,Salt Lake City,UT,315,Consumer Goods,3430,343000,28235,64,High,community@professionalint.com,https://www.professionalint.com,Bringing innovation and quality to everyday products while fostering community connections and cultural enrichment.,Comprehensive Fortune 1000 Analysis,2025-10-26T20:43:29.681453,Medium
Premier Corp LLC,corporation,PRCO,Hoover,AL,316,Consumer Goods,3425,342500,28153,62,High,giving@premiercorp.com,https://www.premiercorp.com,Bringing innovation and quality to everyday products while fostering community connections and cultural enrichment.,Comprehensive Fortune 1000 Analysis,2025-10-26T20:43:29.681474,Medium
Superior Brands Systems,corporation,SUBR,Rochester,NY,317,Consumer Goods,3420,342000,28071,59,High,marketing@superiorbrands.com,https://www.superiorbrands.com,Bringing innovation and quality to everyday products while fostering community connections and cultural enrichment.,Comprehensive Fortune 1000 Analysis,2025-10-26T20:43:29.681490,High
Superior Company LLC,corporation,SUPE,Worcester,MA,318,Consumer Goods,3415,341500,27989,60,High,sponsorships@superior.com,https://www.superior.com,Bringing innovation and quality to everyday products while fostering community connections and cultural enrichment.,Comprehensive Fortune 1000 Analysis,2025-10-26T20:43:29.681503,High
Elite Retail Holdings,corporation,ELRE,Mobile,AL,319,Consumer Goods,3410,341000,27907,60,High,marketing@eliteretail.com,https://www.eliteretail.com,"Delivering quality products that meet consumer needs while building stronger, more vibrant communities.",Comprehensive Fortune 1000 Analysis,2025-10-26T20:43:29.681519,Medium
Professional Retail Group,corporation,PRRE,Ames,IA,320,Consumer Goods,3405,340500,27825,57,High,marketing@professionalret.com,https://www.professionalret.com,Creating products that enrich daily life and bring families together while supporting community growth and development.,Comprehensive Fortune 1000 Analysis,2025-10-26T20:43:29.681532,Medium
Dynamic International Group,corporation,DYIN,Fort Lauderdale,FL,321,Consumer Goods,3400,340000,27744,55,High,community@dynamicinternat.com,https://www.dynamicinternat.com,Bringing innovation and quality to everyday products while fostering community connections and cultural enrichment.,Comprehensive Fortune 1000 Analysis,2025-10-26T20:43:29.681546,High
Strategic Brands Enterprises,corporation,STBR,Sheridan,WY,322,Consumer Goods,3395,339500,27662,55,High,giving@strategicbrands.com,https://www.strategicbrands.com,Bringing innovation and quality to everyday products while fostering community connections and cultural enrichment.,Comprehensive Fortune 1000 Analysis,2025-10-26T20:43:29.681560,Medium
Dynamic Goods Company,corporation,DYGO,Tacoma,WA,323,Consumer Goods,3390,339000,27581,58,High,partnerships@dynamicgoods.com,https://www.dynamicgoods.com,"Delivering quality products that meet consumer needs while building stronger, more vibrant communities.",Comprehensive Fortune 1000 Analysis,2025-10-26T20:43:29.681574,High
Advanced Corp Holdings,corporation,ADCO,New Britain,CT,324,Consumer Goods,3385,338500,27499,62,High,sponsorships@advancedcorp.com,https://www.advancedcorp.com,"Delivering quality products that meet consumer needs while building stronger, more vibrant communities.",Comprehensive Fortune 1000 Analysis,2025-10-26T20:43:29.681587,Medium
Superior Products Group,corporation,SUPR,Portsmouth,VA,325,Consumer Goods,3380,338000,27418,59,High,sponsorships@superiorproduct.com,https://www.superiorproduct.com,Creating products that enrich daily life and bring families together while supporting community growth and development.,Comprehensive Fortune 1000 Analysis,2025-10-26T20:43:29.681600,Medium
Dynamic Corp LLC,corporation,DYCO,Mililani Town,HI,326,Consumer Goods,3375,337500,27337,54,High,marketing@dynamiccorp.com,https://www.dynamiccorp.com,"Delivering quality products that meet consumer needs while building stronger, more vibrant communities.",Comprehensive Fortune 1000 Analysis,2025-10-26T20:43:29.681615,Medium
Elite Company Systems,corporation,ELIT,Medford,OR,327,Consumer Goods,3370,337000,27256,58,High,community@elite.com,https://www.elite.com,Creating products that enrich daily life and bring families together while supporting community growth and development.,Comprehensive Fortune 1000 Analysis,2025-10-26T20:43:29.681627,Medium
Innovative Brands Company,corporation,INBR,Detroit,MI,328,Consumer Goods,3365,336500,27175,56,High,partnerships@innovativebrand.com,https://www.innovativebrand.com,Bringing innovation and quality to everyday products while fostering community connections and cultural enrichment.,Comprehensive Fortune 1000 Analysis,2025-10-26T20:43:29.681640,Medium
Professional Products Systems,corporation,PRPR,Bethlehem,PA,329,Consumer Goods,3360,336000,27095,63,High,giving@professionalpro.com,https://www.professionalpro.com,Bringing innovation and quality to everyday products while fostering community connections and cultural enrichment.,Comprehensive Fortune 1000 Analysis,2025-10-26T20:43:29.681663,Medium
Elite Goods Company,corporation,ELGO,Ames,IA,330,Consumer Goods,3355,335500,27014,64,High,partnerships@elitegoods.com,https://www.elitegoods.com,Bringing innovation and quality to everyday products while fostering community connections and cultural enrichment.,Comprehensive Fortune 1000 Analysis,2025-10-26T20:43:29.681675,Medium
Professional Retail Inc.,corporation,PRRE,Brookings,SD,331,Consumer Goods,3350,335000,26934,62,High,marketing@professionalret.com,https://www.professionalret.com,Creating products that enrich daily life and bring families together while supporting community growth and development.,Comprehensive Fortune 1000 Analysis,2025-10-26T20:43:29.681690,Medium
Innovative Consumer Group,corporation,INCO,Virginia Beach,VA,332,Consumer Goods,3345,334500,26853,61,High,partnerships@innovativeconsu.com,https://www.innovativeconsu.com,Creating products that enrich daily life and bring families together while supporting community growth and development.,Comprehensive Fortune 1000 Analysis,2025-10-26T20:43:29.681708,Medium
Innovative Consumer Group,corporation,INCO,Norfolk,VA,333,Consumer Goods,3340,334000,26773,58,High,marketing@innovativeconsu.com,https://www.innovativeconsu.com,Creating products that enrich daily life and bring families together while supporting community growth and development.,Comprehensive Fortune 1000 Analysis,2025-10-26T20:43:29.681722,Medium
Advanced Brands Inc.,corporation,ADBR,St. Louis,MO,334,Consumer Goods,3335,333500,26693,61,High,partnerships@advancedbrands.com,https://www.advancedbrands.com,Creating products that enrich daily life and bring families together while supporting community growth and development.,Comprehensive Fortune 1000 Analysis,2025-10-26T20:43:29.681737,Medium
Premier Brands Corporation,corporation,PRBR,Elgin,IL,335,Consumer Goods,3330,333000,26613,56,High,marketing@premierbrands.com,https://www.premierbrands.com,"Delivering quality products that meet consumer needs while building stronger, more vibrant communities.",Comprehensive Fortune 1000 Analysis,2025-10-26T20:43:29.681750,High
Advanced Corp Corporation,corporation,ADCO,West Valley City,UT,336,Consumer Goods,3325,332500,26533,54,High,community@advancedcorp.com,https://www.advancedcorp.com,"Delivering quality products that meet consumer needs while building stronger, more vibrant communities.",Comprehensive Fortune 1000 Analysis,2025-10-26T20:43:29.681766,Medium
Superior Company Enterprises,corporation,SUPE,Waukesha,WI,337,Consumer Goods,3320,332000,26453,60,High,community@superior.com,https://www.superior.com,"Delivering quality products that meet consumer needs while building stronger, more vibrant communities.",Comprehensive Fortune 1000 Analysis,2025-10-26T20:43:29.681779,Medium
Innovative Retail Enterprises,corporation,INRE,Ann Arbor,MI,338,Consumer Goods,3315,331500,26374,57,High,sponsorships@innovativeretai.com,https://www.innovativeretai.com,Bringing innovation and quality to everyday products while fostering community connections and cultural enrichment.,Comprehensive Fortune 1000 Analysis,2025-10-26T20:43:29.681797,Medium
Strategic Goods Group,corporation,STGO,Sandy Springs,GA,339,Consumer Goods,3310,331000,26294,59,High,partnerships@strategicgoods.com,https://www.strategicgoods.com,"Delivering quality products that meet consumer needs while building stronger, more vibrant communities.",Comprehensive Fortune 1000 Analysis,2025-10-26T20:43:29.681810,Medium
Dynamic Corp Inc.,corporation,DYCO,Hattiesburg,MS,340,Consumer Goods,3305,330500,26215,58,High,marketing@dynamiccorp.com,https://www.dynamiccorp.com,Bringing innovation and quality to everyday products while fostering community connections and cultural enrichment.,Comprehensive Fortune 1000 Analysis,2025-10-26T20:43:29.681824,Medium
Professional Consumer Corporation,corporation,PRCO,Las Cruces,NM,341,Consumer Goods,3300,330000,26136,53,High,community@professionalcon.com,https://www.professionalcon.com,Bringing innovation and quality to everyday products while fostering community connections and cultural enrichment.,Comprehensive Fortune 1000 Analysis,2025-10-26T20:43:29.681839,Medium
Advanced Retail Systems,corporation,ADRE,Toledo,OH,342,Consumer Goods,3295,329500,26056,60,High,marketing@advancedretail.com,https://www.advancedretail.com,"Delivering quality products that meet consumer needs while building stronger, more vibrant communities.",Comprehensive Fortune 1000 Analysis,2025-10-26T20:43:29.681855,Medium
Professional Retail Inc.,corporation,PRRE,Juneau,AK,343,Consumer Goods,3290,329000,25977,62,High,partnerships@professionalret.com,https://www.professionalret.com,Creating products that enrich daily life and bring families together while supporting community growth and development.,Comprehensive Fortune 1000 Analysis,2025-10-26T20:43:29.681866,Medium
Premier Products Corporation,corporation,PRPR,Seaford,DE,344,Consumer Goods,3285,328500,25898,58,High,marketing@premierproducts.com,https://www.premierproducts.com,Creating products that enrich daily life and bring families together while supporting community growth and development.,Comprehensive Fortune 1000 Analysis,2025-10-26T20:43:29.681879,Medium
Innovative Goods LLC,corporation,INGO,Manhattan,KS,345,Consumer Goods,3280,328000,25820,60,High,community@innovativegoods.com,https://www.innovativegoods.com,"Delivering quality products that meet consumer needs while building stronger, more vibrant communities.",Comprehensive Fortune 1000 Analysis,2025-10-26T20:43:29.681891,Medium
Strategic Goods Holdings,corporation,STGO,Hialeah,FL,346,Consumer Goods,3275,327500,25741,58,High,community@strategicgoods.com,https://www.strategicgoods.com,"Delivering quality products that meet consumer needs while building stronger, more vibrant communities.",Comprehensive Fortune 1000 Analysis,2025-10-26T20:43:29.681905,High
Professional Products Holdings,corporation,PRPR,Boston,MA,347,Consumer Goods,3270,327000,25662,56,High,community@professionalpro.com,https://www.professionalpro.com,Bringing innovation and quality to everyday products while fostering community connections and cultural enrichment.,Comprehensive Fortune 1000 Analysis,2025-10-26T20:43:29.681922,High
Strategic Brands Corporation,corporation,STBR,Winston-Salem,NC,348,Consumer Goods,3265,326500,25584,58,High,marketing@strategicbrands.com,https://www.strategicbrands.com,Bringing innovation and quality to everyday products while fostering community connections and cultural enrichment.,Comprehensive Fortune 1000 Analysis,2025-10-26T20:43:29.681935,Medium
Premier Corp Holdings,corporation,PRCO,Athens,GA,349,Consumer Goods,3260,326000,25506,59,High,marketing@premiercorp.com,https://www.premiercorp.com,Creating products that enrich daily life and bring families together while supporting community growth and development.,Comprehensive Fortune 1000 Analysis,2025-10-26T20:43:29.681950,Medium
Innovative Consumer Corporation,corporation,INCO,Cary,NC,350,Consumer Goods,3255,325500,25428,57,High,community@innovativeconsu.com,https://www.innovativeconsu.com,Creating products that enrich daily life and bring families together while supporting community growth and development.,Comprehensive Fortune 1000 Analysis,2025-10-26T20:43:29.681964,Medium
Superior Products LLC,corporation,SUPR,St. George,UT,351,Consumer Goods,3250,325000,25350,55,High,marketing@superiorproduct.com,https://www.superiorproduct.com,"Delivering quality products that meet consumer needs while building stronger, more vibrant communities.",Comprehensive Fortune 1000 Analysis,2025-10-26T20:43:29.681977,Medium
Innovative Consumer Group,corporation,INCO,Derry,NH,352,Consumer Goods,3245,324500,25272,54,High,marketing@innovativeconsu.com,https://www.innovativeconsu.com,Bringing innovation and quality to everyday products while fostering community connections and cultural enrichment.,Comprehensive Fortune 1000 Analysis,2025-10-26T20:43:29.681989,Medium
Professional International Inc.,corporation,PRIN,Everett,WA,353,Consumer Goods,3240,324000,25194,56,High,sponsorships@professionalint.com,https://www.professionalint.com,"Delivering quality products that meet consumer needs while building stronger, more vibrant communities.",Comprehensive Fortune 1000 Analysis,2025-10-26T20:43:29.682003,High
Professional Consumer Inc.,corporation,PRCO,Hastings,NE,354,Consumer Goods,3235,323500,25116,54,High,giving@professionalcon.com,https://www.professionalcon.com,"Delivering quality products that meet consumer needs while building stronger, more vibrant communities.",Comprehensive Fortune 1000 Analysis,2025-10-26T20:43:29.682024,Medium
Innovative Consumer LLC,corporation,INCO,Roswell,NM,355,Consumer Goods,3230,323000,25038,60,High,sponsorships@innovativeconsu.com,https://www.innovativeconsu.com,Bringing innovation and quality to everyday products while fostering community connections and cultural enrichment.,Comprehensive Fortune 1000 Analysis,2025-10-26T20:43:29.682039,Medium
Professional Retail LLC,corporation,PRRE,San Jose,CA,356,Consumer Goods,3225,322500,24961,61,High,marketing@professionalret.com,https://www.professionalret.com,Bringing innovation and quality to everyday products while fostering community connections and cultural enrichment.,Comprehensive Fortune 1000 Analysis,2025-10-26T20:43:29.682057,High
Dynamic Products Group,corporation,DYPR,Richmond,VA,357,Consumer Goods,3220,322000,24884,57,High,partnerships@dynamicproducts.com,https://www.dynamicproducts.com,Bringing innovation and quality to everyday products while fostering community connections and cultural enrichment.,Comprehensive Fortune 1000 Analysis,2025-10-26T20:43:29.682070,Medium
Elite Corp Holdings,corporation,ELCO,Kailua,HI,358,Consumer Goods,3215,321500,24806,51,High,marketing@elitecorp.com,https://www.elitecorp.com,Creating products that enrich daily life and bring families together while supporting community growth and development.,Comprehensive Fortune 1000 Analysis,2025-10-26T20:43:29.682083,Medium
Advanced International Inc.,corporation,ADIN,Albany,NY,359,Consumer Goods,3210,321000,24729,58,High,giving@advancedinterna.com,https://www.advancedinterna.com,Creating products that enrich daily life and bring families together while supporting community growth and development.,Comprehensive Fortune 1000 Analysis,2025-10-26T20:43:29.682098,High
Elite Company Inc.,corporation,ELIT,Nashville,TN,360,Consumer Goods,3205,320500,24652,55,High,giving@elite.com,https://www.elite.com,Creating products that enrich daily life and bring families together while supporting community growth and development.,Comprehensive Fortune 1000 Analysis,2025-10-26T20:43:29.682114,Medium
Professional Goods LLC,corporation,PRGO,Edison,NJ,361,Consumer Goods,3200,320000,24576,58,High,community@professionalgoo.com,https://www.professionalgoo.com,Bringing innovation and quality to everyday products while fostering community connections and cultural enrichment.,Comprehensive Fortune 1000 Analysis,2025-10-26T20:43:29.682126,Medium
Innovative Products LLC,corporation,INPR,Twin Falls,ID,362,Consumer Goods,3195,319500,24499,61,High,partnerships@innovativeprodu.com,https://www.innovativeprodu.com,Creating products that enrich daily life and bring families together while supporting community growth and development.,Comprehensive Fortune 1000 Analysis,2025-10-26T20:43:29.682180,Medium
Professional Company Systems,corporation,PROF,Vancouver,WA,363,Consumer Goods,3190,319000,24422,59,High,marketing@professional.com,https://www.professional.com,"Delivering quality products that meet consumer needs while building stronger, more vibrant communities.",Comprehensive Fortune 1000 Analysis,2025-10-26T20:43:29.682238,High
Elite Consumer Company,corporation,ELCO,Hoover,AL,364,Consumer Goods,3185,318500,24346,52,High,community@eliteconsumer.com,https://www.eliteconsumer.com,"Delivering quality products that meet consumer needs while building stronger, more vibrant communities.",Comprehensive Fortune 1000 Analysis,2025-10-26T20:43:29.682256,Medium
Advanced Brands Company,corporation,ADBR,New Bedford,MA,365,Consumer Goods,3180,318000,24269,54,High,sponsorships@advancedbrands.com,https://www.advancedbrands.com,Creating products that enrich daily life and bring families together while supporting community growth and development.,Comprehensive Fortune 1000 Analysis,2025-10-26T20:43:29.682270,High
Advanced Company Inc.,corporation,ADVA,Carmel,IN,366,Consumer Goods,3175,317500,24193,60,High,marketing@advanced.com,https://www.advanced.com,Bringing innovation and quality to everyday products while fostering community connections and cultural enrichment.,Comprehensive Fortune 1000 Analysis,2025-10-26T20:43:29.682283,Medium
Professional International Company,corporation,PRIN,Hattiesburg,MS,367,Consumer Goods,3170,317000,24117,55,High,partnerships@professionalint.com,https://www.professionalint.com,Creating products that enrich daily life and bring families together while supporting community growth and development.,Comprehensive Fortune 1000 Analysis,2025-10-26T20:43:29.682299,Medium
Innovative Corp Enterprises,corporation,INCO,Central Falls,RI,368,Consumer Goods,3165,316500,24041,51,High,giving@innovativecorp.com,https://www.innovativecorp.com,"Delivering quality products that meet consumer needs while building stronger, more vibrant communities.",Comprehensive Fortune 1000 Analysis,2025-10-26T20:43:29.682313,Medium
Dynamic Company Holdings,corporation,DYNA,Johnson City,TN,369,Consumer Goods,3160,316000,23965,60,High,partnerships@dynamic.com,https://www.dynamic.com,Bringing innovation and quality to everyday products while fostering community connections and cultural enrichment.,Comprehensive Fortune 1000 Analysis,2025-10-26T20:43:29.682329,Medium
Advanced Goods Enterprises,corporation,ADGO,Lincoln,NE,370,Consumer Goods,3155,315500,23889,50,High,marketing@advancedgoods.com,https://www.advancedgoods.com,"Delivering quality products that meet consumer needs while building stronger, more vibrant communities.",Comprehensive Fortune 1000 Analysis,2025-10-26T20:43:29.682342,Medium
Professional Retail Company,corporation,PRRE,Hoover,AL,371,Consumer Goods,3150,315000,23814,51,High,marketing@professionalret.com,https://www.professionalret.com,Bringing innovation and quality to everyday products while fostering community connections and cultural enrichment.,Comprehensive Fortune 1000 Analysis,2025-10-26T20:43:29.682355,Medium
Strategic Goods Corporation,corporation,STGO,Stamford,CT,372,Consumer Goods,3145,314500,23738,55,High,giving@strategicgoods.com,https://www.strategicgoods.com,Creating products that enrich daily life and bring families together while supporting community growth and development.,Comprehensive Fortune 1000 Analysis,2025-10-26T20:43:29.682368,Medium
Professional Consumer Corporation,corporation,PRCO,Davenport,IA,373,Consumer Goods,3140,314000,23663,59,High,community@professionalcon.com,https://www.professionalcon.com,Bringing innovation and quality to everyday products while fostering community connections and cultural enrichment.,Comprehensive Fortune 1000 Analysis,2025-10-26T20:43:29.682382,Medium
Strategic Company Group,corporation,STRA,Arlington,TX,374,Consumer Goods,3135,313500,23587,53,High,marketing@strategic.com,https://www.strategic.com,Creating products that enrich daily life and bring families together while supporting community growth and development.,Comprehensive Fortune 1000 Analysis,2025-10-26T20:43:29.682396,High
Dynamic Corp Systems,corporation,DYCO,Hialeah,FL,375,Consumer Goods,3130,313000,23512,60,High,marketing@dynamiccorp.com,https://www.dynamiccorp.com,Creating products that enrich daily life and bring families together while supporting community growth and development.,Comprehensive Fortune 1000 Analysis,2025-10-26T20:43:29.682409,High
Advanced Goods LLC,corporation,ADGO,Cary,NC,376,Consumer Goods,3125,312500,23437,54,High,giving@advancedgoods.com,https://www.advancedgoods.com,Bringing innovation and quality to everyday products while fostering community connections and cultural enrichment.,Comprehensive Fortune 1000 Analysis,2025-10-26T20:43:29.682422,Medium
Innovative Corp Group,corporation,INCO,Montgomery,AL,377,Consumer Goods,3120,312000,23362,54,High,partnerships@innovativecorp.com,https://www.innovativecorp.com,Creating products that enrich daily life and bring families together while supporting community growth and development.,Comprehensive Fortune 1000 Analysis,2025-10-26T20:43:29.682440,Medium
Dynamic Brands Corporation,corporation,DYBR,Kenai,AK,378,Consumer Goods,3115,311500,23287,57,High,sponsorships@dynamicbrands.com,https://www.dynamicbrands.com,Creating products that enrich daily life and bring families together while supporting community growth and development.,Comprehensive Fortune 1000 Analysis,2025-10-26T20:43:29.682453,Medium
Dynamic International Holdings,corporation,DYIN,Bismarck,ND,379,Consumer Goods,3110,311000,23213,51,High,sponsorships@dynamicinternat.com,https://www.dynamicinternat.com,Bringing innovation and quality to everyday products while fostering community connections and cultural enrichment.,Comprehensive Fortune 1000 Analysis,2025-10-26T20:43:29.682467,Medium
Innovative Products Inc.,corporation,INPR,Rio Rancho,NM,380,Consumer Goods,3105,310500,23138,51,High,marketing@innovativeprodu.com,https://www.innovativeprodu.com,"Delivering quality products that meet consumer needs while building stronger, more vibrant communities.",Comprehensive Fortune 1000 Analysis,2025-10-26T20:43:29.682484,Medium
Strategic Energy Systems,corporation,STEN,Glendale,AZ,381,Energy,4960,372000,36902,45,Medium,giving@strategicenergy.com,https://www.strategicenergy.com,Committed to energy innovation that drives economic growth while supporting community development initiatives.,Comprehensive Fortune 1000 Analysis,2025-10-26T20:43:29.682807,Medium
Advanced Utilities Holdings,corporation,ADUT,Atlanta,GA,382,Energy,4952,371400,36783,46,Medium,relations@advancedutiliti.com,https://www.advancedutiliti.com,Committed to energy innovation that drives economic growth while supporting community development initiatives.,Comprehensive Fortune 1000 Analysis,2025-10-26T20:43:29.682837,Medium
Strategic Utilities Group,corporation,STUT,Lawton,OK,383,Energy,4944,370800,36664,47,Medium,community@strategicutilit.com,https://www.strategicutilit.com,"Delivering clean, efficient energy that powers progress and strengthens communities across the nation.",Comprehensive Fortune 1000 Analysis,2025-10-26T20:43:29.682853,Medium
Innovative Power Company,corporation,INPO,Hobbs,NM,384,Energy,4936,370200,36546,50,Medium,partnerships@innovativepower.com,https://www.innovativepower.com,"Delivering clean, efficient energy that powers progress and strengthens communities across the nation.",Comprehensive Fortune 1000 Analysis,2025-10-26T20:43:29.682866,Medium
Dynamic Petroleum Corporation,corporation,DYPE,Beckley,WV,385,Energy,4928,369600,36427,46,Medium,partnerships@dynamicpetroleu.com,https://www.dynamicpetroleu.com,"Delivering clean, efficient energy that powers progress and strengthens communities across the nation.",Comprehensive Fortune 1000 Analysis,2025-10-26T20:43:29.682892,Medium
Dynamic Oil Enterprises,corporation,DYOI,Augusta,GA,386,Energy,4920,369000,36309,43,Medium,relations@dynamicoil.com,https://www.dynamicoil.com,"Delivering clean, efficient energy that powers progress and strengthens communities across the nation.",Comprehensive Fortune 1000 Analysis,2025-10-26T20:43:29.682904,Medium
Dynamic Utilities Company,corporation,DYUT,St. Louis,MO,387,Energy,4912,368400,36191,42,Medium,community@dynamicutilitie.com,https://www.dynamicutilitie.com,"Delivering clean, efficient energy that powers progress and strengthens communities across the nation.",Comprehensive Fortune 1000 Analysis,2025-10-26T20:43:29.682917,Medium
Strategic Oil Corporation,corporation,STOI,Hoover,AL,388,Energy,4904,367800,36073,49,Medium,marketing@strategicoil.com,https://www.strategicoil.com,"Delivering clean, efficient energy that powers progress and strengthens communities across the nation.",Comprehensive Fortune 1000 Analysis,2025-10-26T20:43:29.682929,Medium
Advanced Energy Inc.,corporation,ADEN,Scottsdale,AZ,389,Energy,4896,367200,35956,45,Medium,partnerships@advancedenergy.com,https://www.advancedenergy.com,Powering communities with reliable energy solutions while supporting environmental sustainability and economic development.,Comprehensive Fortune 1000 Analysis,2025-10-26T20:43:29.682946,Medium
Dynamic Electric Holdings,corporation,DYEL,Mililani Town,HI,390,Energy,4888,366600,35838,49,Medium,partnerships@dynamicelectric.com,https://www.dynamicelectric.com,Committed to energy innovation that drives economic growth while supporting community development initiatives.,Comprehensive Fortune 1000 Analysis,2025-10-26T20:43:29.682959,Medium
Dynamic Electric Enterprises,corporation,DYEL,Tallahassee,FL,391,Energy,4880,366000,35721,50,Medium,relations@dynamicelectric.com,https://www.dynamicelectric.com,Powering communities with reliable energy solutions while supporting environmental sustainability and economic development.,Comprehensive Fortune 1000 Analysis,2025-10-26T20:43:29.682972,High
Advanced Power Enterprises,corporation,ADPO,Bozeman,MT,392,Energy,4872,365400,35604,49,Medium,relations@advancedpower.com,https://www.advancedpower.com,Committed to energy innovation that drives economic growth while supporting community development initiatives.,Comprehensive Fortune 1000 Analysis,2025-10-26T20:43:29.682984,Medium
Superior Oil Group,corporation,SUOI,Thornton,CO,393,Energy,4864,364800,35487,41,Medium,relations@superioroil.com,https://www.superioroil.com,Powering communities with reliable energy solutions while supporting environmental sustainability and economic development.,Comprehensive Fortune 1000 Analysis,2025-10-26T20:43:29.682997,High
Elite Petroleum Company,corporation,ELPE,Kenosha,WI,394,Energy,4856,364200,35371,43,Medium,marketing@elitepetroleum.com,https://www.elitepetroleum.com,"Delivering clean, efficient energy that powers progress and strengthens communities across the nation.",Comprehensive Fortune 1000 Analysis,2025-10-26T20:43:29.683010,Medium
Professional Energy Holdings,corporation,PREN,Casper,WY,395,Energy,4848,363600,35254,46,Medium,relations@professionalene.com,https://www.professionalene.com,Committed to energy innovation that drives economic growth while supporting community development initiatives.,Comprehensive Fortune 1000 Analysis,2025-10-26T20:43:29.683025,Medium
Professional Oil Company,corporation,PROI,St. Paul,MN,396,Energy,4840,363000,35138,48,Medium,marketing@professionaloil.com,https://www.professionaloil.com,Committed to energy innovation that drives economic growth while supporting community development initiatives.,Comprehensive Fortune 1000 Analysis,2025-10-26T20:43:29.683038,Medium
Premier Gas Holdings,corporation,PRGA,Ketchikan,AK,397,Energy,4832,362400,35022,46,Medium,relations@premiergas.com,https://www.premiergas.com,"Delivering clean, efficient energy that powers progress and strengthens communities across the nation.",Comprehensive Fortune 1000 Analysis,2025-10-26T20:43:29.683066,Medium
Advanced Electric LLC,corporation,ADEL,Ogden,UT,398,Energy,4824,361800,34906,50,Medium,relations@advancedelectri.com,https://www.advancedelectri.com,Powering communities with reliable energy solutions while supporting environmental sustainability and economic development.,Comprehensive Fortune 1000 Analysis,2025-10-26T20:43:29.683079,Medium
Premier Petroleum Inc.,corporation,PRPE,Mitchell,SD,399,Energy,4816,361200,34790,46,Medium,relations@premierpetroleu.com,https://www.premierpetroleu.com,Powering communities with reliable energy solutions while supporting environmental sustainability and economic development.,Comprehensive Fortune 1000 Analysis,2025-10-26T20:43:29.683093,Medium
Strategic Gas LLC,corporation,STGA,Butte,MT,400,Energy,4808,360600,34675,44,Medium,giving@strategicgas.com,https://www.strategicgas.com,Committed to energy innovation that drives economic growth while supporting community development initiatives.,Comprehensive Fortune 1000 Analysis,2025-10-26T20:43:29.683106,Medium
Advanced Energy Holdings,corporation,ADEN,Toms River,NJ,401,Energy,4800,360000,34560,40,Medium,partnerships@advancedenergy.com,https://www.advancedenergy.com,"Delivering clean, efficient energy that powers progress and strengthens communities across the nation.",Comprehensive Fortune 1000 Analysis,2025-10-26T20:43:29.683120,Medium
Strategic Oil Company,corporation,STOI,Kent,WA,402,Energy,4792,359400,34444,48,Medium,partnerships@strategicoil.com,https://www.strategicoil.com,Committed to energy innovation that drives economic growth while supporting community development initiatives.,Comprehensive Fortune 1000 Analysis,2025-10-26T20:43:29.683136,High
Professional Oil Group,corporation,PROI,Conway,AR,403,Energy,4784,358800,34329,42,Medium,community@professionaloil.com,https://www.professionaloil.com,Powering communities with reliable energy solutions while supporting environmental sustainability and economic development.,Comprehensive Fortune 1000 Analysis,2025-10-26T20:43:29.683148,Medium
Premier Gas Group,corporation,PRGA,Austin,TX,404,Energy,4776,358200,34215,49,Medium,community@premiergas.com,https://www.premiergas.com,Committed to energy innovation that drives economic growth while supporting community development initiatives.,Comprehensive Fortune 1000 Analysis,2025-10-26T20:43:29.683160,High
Superior Oil Group,corporation,SUOI,Lafayette,LA,405,Energy,4768,357600,34100,46,Medium,giving@superioroil.com,https://www.superioroil.com,Powering communities with reliable energy solutions while supporting environmental sustainability and economic development.,Comprehensive Fortune 1000 Analysis,2025-10-26T20:43:29.683173,Medium
Innovative Petroleum Enterprises,corporation,INPE,Naperville,IL,406,Energy,4760,357000,33986,41,Medium,giving@innovativepetro.com,https://www.innovativepetro.com,Powering communities with reliable energy solutions while supporting environmental sustainability and economic development.,Comprehensive Fortune 1000 Analysis,2025-10-26T20:43:29.683188,High
Innovative Oil Systems,corporation,INOI,Lake Charles,LA,407,Energy,4752,356400,33872,43,Medium,giving@innovativeoil.com,https://www.innovativeoil.com,"Delivering clean, efficient energy that powers progress and strengthens communities across the nation.",Comprehensive Fortune 1000 Analysis,2025-10-26T20:43:29.683204,Medium
Superior Energy Corporation,corporation,SUEN,Hattiesburg,MS,408,Energy,4744,355800,33758,44,Medium,giving@superiorenergy.com,https://www.superiorenergy.com,Powering communities with reliable energy solutions while supporting environmental sustainability and economic development.,Comprehensive Fortune 1000 Analysis,2025-10-26T20:43:29.683216,Medium
Advanced Oil Holdings,corporation,ADOI,Yonkers,NY,409,Energy,4736,355200,33644,42,Medium,partnerships@advancedoil.com,https://www.advancedoil.com,Committed to energy innovation that drives economic growth while supporting community development initiatives.,Comprehensive Fortune 1000 Analysis,2025-10-26T20:43:29.683228,High
Innovative Electric Corporation,corporation,INEL,Rockville,MD,410,Energy,4728,354600,33530,46,Medium,marketing@innovativeelect.com,https://www.innovativeelect.com,Powering communities with reliable energy solutions while supporting environmental sustainability and economic development.,Comprehensive Fortune 1000 Analysis,2025-10-26T20:43:29.683242,Medium
Advanced Gas Group,corporation,ADGA,Sioux City,IA,411,Energy,4720,354000,33417,44,Medium,relations@advancedgas.com,https://www.advancedgas.com,Powering communities with reliable energy solutions while supporting environmental sustainability and economic development.,Comprehensive Fortune 1000 Analysis,2025-10-26T20:43:29.683255,Medium
Strategic Petroleum Holdings,corporation,STPE,Phoenix,AZ,412,Energy,4712,353400,33304,44,Medium,community@strategicpetrol.com,https://www.strategicpetrol.com,Committed to energy innovation that drives economic growth while supporting community development initiatives.,Comprehensive Fortune 1000 Analysis,2025-10-26T20:43:29.683268,Medium
Innovative Resources Holdings,corporation,INRE,Roswell,NM,413,Energy,4704,352800,33191,43,Medium,community@innovativeresou.com,https://www.innovativeresou.com,Powering communities with reliable energy solutions while supporting environmental sustainability and economic development.,Comprehensive Fortune 1000 Analysis,2025-10-26T20:43:29.683281,Medium
Dynamic Energy Group,corporation,DYEN,Pawtucket,RI,414,Energy,4696,352200,33078,39,Medium,giving@dynamicenergy.com,https://www.dynamicenergy.com,"Delivering clean, efficient energy that powers progress and strengthens communities across the nation.",Comprehensive Fortune 1000 Analysis,2025-10-26T20:43:29.683294,Medium
Professional Resources Group,corporation,PRRE,Yankton,SD,415,Energy,4688,351600,32966,42,Medium,relations@professionalres.com,https://www.professionalres.com,Powering communities with reliable energy solutions while supporting environmental sustainability and economic development.,Comprehensive Fortune 1000 Analysis,2025-10-26T20:43:29.683308,Medium
Superior Utilities Group,corporation,SUUT,Coeur d'Alene,ID,416,Energy,4680,351000,32853,42,Medium,giving@superiorutiliti.com,https://www.superiorutiliti.com,Committed to energy innovation that drives economic growth while supporting community development initiatives.,Comprehensive Fortune 1000 Analysis,2025-10-26T20:43:29.683322,Medium
Professional Electric Inc.,corporation,PREL,Elko,NV,417,Energy,4672,350400,32741,39,Medium,marketing@professionalele.com,https://www.professionalele.com,Powering communities with reliable energy solutions while supporting environmental sustainability and economic development.,Comprehensive Fortune 1000 Analysis,2025-10-26T20:43:29.683333,Medium
Professional Power Holdings,corporation,PRPO,Paterson,NJ,418,Energy,4664,349800,32629,43,Medium,marketing@professionalpow.com,https://www.professionalpow.com,Committed to energy innovation that drives economic growth while supporting community development initiatives.,Comprehensive Fortune 1000 Analysis,2025-10-26T20:43:29.683350,Medium
Professional Oil Systems,corporation,PROI,Hialeah,FL,419,Energy,4656,349200,32517,42,Medium,relations@professionaloil.com,https://www.professionaloil.com,"Delivering clean, efficient energy that powers progress and strengthens communities across the nation.",Comprehensive Fortune 1000 Analysis,2025-10-26T20:43:29.683363,High
Professional Energy Company,corporation,PREN,Long Beach,CA,420,Energy,4648,348600,32405,39,Medium,marketing@professionalene.com,https://www.professionalene.com,Powering communities with reliable energy solutions while supporting environmental sustainability and economic development.,Comprehensive Fortune 1000 Analysis,2025-10-26T20:43:29.683379,High
Premier Energy LLC,corporation,PREN,Georgetown,DE,421,Energy,4640,348000,32294,43,Medium,community@premierenergy.com,https://www.premierenergy.com,Committed to energy innovation that drives economic growth while supporting community development initiatives.,Comprehensive Fortune 1000 Analysis,2025-10-26T20:43:29.683396,Medium
Premier Utilities Corporation,corporation,PRUT,Winooski,VT,422,Energy,4632,347400,32183,46,Medium,community@premierutilitie.com,https://www.premierutilitie.com,Powering communities with reliable energy solutions while supporting environmental sustainability and economic development.,Comprehensive Fortune 1000 Analysis,2025-10-26T20:43:29.683409,Medium
Elite Gas Corporation,corporation,ELGA,College Park,MD,423,Energy,4624,346800,32072,39,Medium,relations@elitegas.com,https://www.elitegas.com,Committed to energy innovation that drives economic growth while supporting community development initiatives.,Comprehensive Fortune 1000 Analysis,2025-10-26T20:43:29.683420,Medium
Advanced Resources Systems,corporation,ADRE,O'Fallon,MO,424,Energy,4616,346200,31961,44,Medium,marketing@advancedresourc.com,https://www.advancedresourc.com,Powering communities with reliable energy solutions while supporting environmental sustainability and economic development.,Comprehensive Fortune 1000 Analysis,2025-10-26T20:43:29.683433,Medium
Elite Energy Inc.,corporation,ELEN,Clarksville,TN,425,Energy,4608,345600,31850,42,Medium,community@eliteenergy.com,https://www.eliteenergy.com,Powering communities with reliable energy solutions while supporting environmental sustainability and economic development.,Comprehensive Fortune 1000 Analysis,2025-10-26T20:43:29.683446,Medium
Strategic Energy Systems,corporation,STEN,Norfolk,VA,426,Energy,4600,345000,31739,45,Medium,relations@strategicenergy.com,https://www.strategicenergy.com,Powering communities with reliable energy solutions while supporting environmental sustainability and economic development.,Comprehensive Fortune 1000 Analysis,2025-10-26T20:43:29.683456,Medium
Innovative Energy Inc.,corporation,INEN,Macon,GA,427,Energy,4592,344400,31629,40,Medium,giving@innovativeenerg.com,https://www.innovativeenerg.com,"Delivering clean, efficient energy that powers progress and strengthens communities across the nation.",Comprehensive Fortune 1000 Analysis,2025-10-26T20:43:29.683473,Medium
Professional Utilities LLC,corporation,PRUT,Naperville,IL,428,Energy,4584,343800,31519,42,Medium,community@professionaluti.com,https://www.professionaluti.com,"Delivering clean, efficient energy that powers progress and strengthens communities across the nation.",Comprehensive Fortune 1000 Analysis,2025-10-26T20:43:29.683487,High
Superior Resources Corporation,corporation,SURE,Providence,RI,429,Energy,4576,343200,31409,37,Medium,marketing@superiorresourc.com,https://www.superiorresourc.com,Committed to energy innovation that drives economic growth while supporting community development initiatives.,Comprehensive Fortune 1000 Analysis,2025-10-26T20:43:29.683502,Medium
Advanced Energy Enterprises,corporation,ADEN,Albany,NY,430,Energy,4568,342600,31299,43,Medium,relations@advancedenergy.com,https://www.advancedenergy.com,Committed to energy innovation that drives economic growth while supporting community development initiatives.,Comprehensive Fortune 1000 Analysis,2025-10-26T20:43:29.683514,High
Strategic Utilities LLC,corporation,STUT,Bismarck,ND,431,Energy,4560,341999,31190,38,Medium,marketing@strategicutilit.com,https://www.strategicutilit.com,Committed to energy innovation that drives economic growth while supporting community development initiatives.,Comprehensive Fortune 1000 Analysis,2025-10-26T20:43:29.683532,Medium
Dynamic Energy Corporation,corporation,DYEN,Sandy Springs,GA,432,Energy,4552,341399,31081,38,Medium,community@dynamicenergy.com,https://www.dynamicenergy.com,"Delivering clean, efficient energy that powers progress and strengthens communities across the nation.",Comprehensive Fortune 1000 Analysis,2025-10-26T20:43:29.683543,Medium
Advanced Gas Holdings,corporation,ADGA,Norman,OK,433,Energy,4544,340799,30971,44,Medium,marketing@advancedgas.com,https://www.advancedgas.com,Powering communities with reliable energy solutions while supporting environmental sustainability and economic development.,Comprehensive Fortune 1000 Analysis,2025-10-26T20:43:29.683554,Medium
Superior Energy Corporation,corporation,SUEN,College Park,MD,434,Energy,4536,340199,30862,41,Medium,community@superiorenergy.com,https://www.superiorenergy.com,Committed to energy innovation that drives economic growth while supporting community development initiatives.,Comprehensive Fortune 1000 Analysis,2025-10-26T20:43:29.683566,Medium
Advanced Utilities LLC,corporation,ADUT,Lexington,KY,435,Energy,4528,339599,30754,39,Medium,giving@advancedutiliti.com,https://www.advancedutiliti.com,"Delivering clean, efficient energy that powers progress and strengthens communities across the nation.",Comprehensive Fortune 1000 Analysis,2025-10-26T20:43:29.683578,Medium
Strategic Petroleum Company,corporation,STPE,Sitka,AK,436,Energy,4520,338999,30645,37,Medium,marketing@strategicpetrol.com,https://www.strategicpetrol.com,"Delivering clean, efficient energy that powers progress and strengthens communities across the nation.",Comprehensive Fortune 1000 Analysis,2025-10-26T20:43:29.683590,Medium
Elite Oil LLC,corporation,ELOI,San Diego,CA,437,Energy,4512,338399,30537,47,Medium,marketing@eliteoil.com,https://www.eliteoil.com,Powering communities with reliable energy solutions while supporting environmental sustainability and economic development.,Comprehensive Fortune 1000 Analysis,2025-10-26T20:43:29.683602,High
Strategic Power Group,corporation,STPO,Canton,OH,438,Energy,4504,337799,30429,40,Medium,giving@strategicpower.com,https://www.strategicpower.com,Committed to energy innovation that drives economic growth while supporting community development initiatives.,Comprehensive Fortune 1000 Analysis,2025-10-26T20:43:29.683616,Medium
Innovative Petroleum Enterprises,corporation,INPE,Aurora,CO,439,Energy,4496,337200,30321,46,Medium,giving@innovativepetro.com,https://www.innovativepetro.com,"Delivering clean, efficient energy that powers progress and strengthens communities across the nation.",Comprehensive Fortune 1000 Analysis,2025-10-26T20:43:29.683628,High
Elite Energy Corporation,corporation,ELEN,South Burlington,VT,440,Energy,4488,336600,30213,44,Medium,partnerships@eliteenergy.com,https://www.eliteenergy.com,Powering communities with reliable energy solutions while supporting environmental sustainability and economic development.,Comprehensive Fortune 1000 Analysis,2025-10-26T20:43:29.683638,Medium
Advanced Gas Corporation,corporation,ADGA,Carmel,IN,441,Energy,4480,336000,30105,44,Medium,relations@advancedgas.com,https://www.advancedgas.com,Powering communities with reliable energy solutions while supporting environmental sustainability and economic development.,Comprehensive Fortune 1000 Analysis,2025-10-26T20:43:29.683648,Medium
Professional Gas Group,corporation,PRGA,Brooklyn Park,MN,442,Energy,4472,335400,29998,40,Medium,relations@professionalgas.com,https://www.professionalgas.com,Committed to energy innovation that drives economic growth while supporting community development initiatives.,Comprehensive Fortune 1000 Analysis,2025-10-26T20:43:29.683666,Medium
Elite Electric Enterprises,corporation,ELEL,Parma,OH,443,Energy,4464,334800,29890,36,Medium,partnerships@eliteelectric.com,https://www.eliteelectric.com,Committed to energy innovation that drives economic growth while supporting community development initiatives.,Comprehensive Fortune 1000 Analysis,2025-10-26T20:43:29.683679,Medium
Professional Petroleum Holdings,corporation,PRPE,Huntsville,AL,444,Energy,4456,334200,29783,45,Medium,marketing@professionalpet.com,https://www.professionalpet.com,"Delivering clean, efficient energy that powers progress and strengthens communities across the nation.",Comprehensive Fortune 1000 Analysis,2025-10-26T20:43:29.683697,Medium
Premier Electric Enterprises,corporation,PREL,Racine,WI,445,Energy,4448,333600,29677,39,Medium,community@premierelectric.com,https://www.premierelectric.com,Powering communities with reliable energy solutions while supporting environmental sustainability and economic development.,Comprehensive Fortune 1000 Analysis,2025-10-26T20:43:29.683710,Medium
Professional Oil Systems,corporation,PROI,Laramie,WY,446,Energy,4440,333000,29570,37,Medium,partnerships@professionaloil.com,https://www.professionaloil.com,"Delivering clean, efficient energy that powers progress and strengthens communities across the nation.",Comprehensive Fortune 1000 Analysis,2025-10-26T20:43:29.683724,Medium
Strategic Petroleum Systems,corporation,STPE,Richmond,KY,447,Energy,4432,332400,29463,36,Medium,community@strategicpetrol.com,https://www.strategicpetrol.com,Powering communities with reliable energy solutions while supporting environmental sustainability and economic development.,Comprehensive Fortune 1000 Analysis,2025-10-26T20:43:29.683742,Medium
Professional Energy Company,corporation,PREN,Olathe,KS,448,Energy,4424,331800,29357,38,Medium,marketing@professionalene.com,https://www.professionalene.com,"Delivering clean, efficient energy that powers progress and strengthens communities across the nation.",Comprehensive Fortune 1000 Analysis,2025-10-26T20:43:29.683755,Medium
Elite Electric Enterprises,corporation,ELEL,Vancouver,WA,449,Energy,4416,331200,29251,38,Medium,community@eliteelectric.com,https://www.eliteelectric.com,"Delivering clean, efficient energy that powers progress and strengthens communities across the nation.",Comprehensive Fortune 1000 Analysis,2025-10-26T20:43:29.683768,High
Elite Petroleum Inc.,corporation,ELPE,Seaford,DE,450,Energy,4408,330600,29145,37,Medium,marketing@elitepetroleum.com,https://www.elitepetroleum.com,Committed to energy innovation that drives economic growth while supporting community development initiatives.,Comprehensive Fortune 1000 Analysis,2025-10-26T20:43:29.683780,Medium
Premier Petroleum Group,corporation,PRPE,Rock Springs,WY,451,Energy,4400,330000,29040,41,Medium,giving@premierpetroleu.com,https://www.premierpetroleu.com,Committed to energy innovation that drives economic growth while supporting community development initiatives.,Comprehensive Fortune 1000 Analysis,2025-10-26T20:43:29.683793,Medium
Elite Oil Company,corporation,ELOI,Reno,NV,452,Energy,4392,329400,28934,46,Medium,giving@eliteoil.com,https://www.eliteoil.com,Powering communities with reliable energy solutions while supporting environmental sustainability and economic development.,Comprehensive Fortune 1000 Analysis,2025-10-26T20:43:29.683807,Medium
Elite Energy Holdings,corporation,ELEN,Plymouth,MN,453,Energy,4384,328800,28829,41,Medium,relations@eliteenergy.com,https://www.eliteenergy.com,Committed to energy innovation that drives economic growth while supporting community development initiatives.,Comprehensive Fortune 1000 Analysis,2025-10-26T20:43:29.683820,Medium
Professional Energy Holdings,corporation,PREN,Gillette,WY,454,Energy,4376,328200,28724,38,Medium,giving@professionalene.com,https://www.professionalene.com,Committed to energy innovation that drives economic growth while supporting community development initiatives.,Comprehensive Fortune 1000 Analysis,2025-10-26T20:43:29.683831,Medium
Premier Energy Corporation,corporation,PREN,Dover,NH,455,Energy,4368,327600,28619,40,Medium,marketing@premierenergy.com,https://www.premierenergy.com,Powering communities with reliable energy solutions while supporting environmental sustainability and economic development.,Comprehensive Fortune 1000 Analysis,2025-10-26T20:43:29.683843,Medium
Professional Motors Corporation,corporation,PRMO,Jacksonville,FL,456,Manufacturing,3270,218000,17821,37,Medium,community@professionalmot.com,https://www.professionalmot.com,Manufacturing excellence that drives economic growth and supports community development through quality products and local partnerships.,Comprehensive Fortune 1000 Analysis,2025-10-26T20:43:29.684207,High
Innovative Works Systems,corporation,INWO,Manchester,NH,457,Manufacturing,3264,217600,17756,43,Medium,giving@innovativeworks.com,https://www.innovativeworks.com,Manufacturing excellence that drives economic growth and supports community development through quality products and local partnerships.,Comprehensive Fortune 1000 Analysis,2025-10-26T20:43:29.684229,Medium
Innovative Industries Corporation,corporation,ININ,Sioux City,IA,458,Manufacturing,3258,217200,17690,34,Medium,community@innovativeindus.com,https://www.innovativeindus.com,"Creating value through innovative manufacturing while supporting education, arts, and community development.",Comprehensive Fortune 1000 Analysis,2025-10-26T20:43:29.684247,Medium
Dynamic Steel Group,corporation,DYST,Lexington,KY,459,Manufacturing,3252,216800,17625,35,Medium,partnerships@dynamicsteel.com,https://www.dynamicsteel.com,Building tomorrow's products today while investing in the communities where we work and live.,Comprehensive Fortune 1000 Analysis,2025-10-26T20:43:29.684273,Medium
Superior Industrial Company,corporation,SUIN,Mount Vernon,NY,460,Manufacturing,3246,216400,17560,41,Medium,relations@superiorindustr.com,https://www.superiorindustr.com,Manufacturing excellence that drives economic growth and supports community development through quality products and local partnerships.,Comprehensive Fortune 1000 Analysis,2025-10-26T20:43:29.684286,High
Superior Materials Corporation,corporation,SUMA,Durham,NC,461,Manufacturing,3240,216000,17496,36,Medium,partnerships@superiormateria.com,https://www.superiormateria.com,"Creating value through innovative manufacturing while supporting education, arts, and community development.",Comprehensive Fortune 1000 Analysis,2025-10-26T20:43:29.684298,Medium
Advanced Materials LLC,corporation,ADMA,Hammond,IN,462,Manufacturing,3234,215600,17431,34,Medium,community@advancedmateria.com,https://www.advancedmateria.com,Manufacturing excellence that drives economic growth and supports community development through quality products and local partnerships.,Comprehensive Fortune 1000 Analysis,2025-10-26T20:43:29.684312,Medium
Advanced Steel Holdings,corporation,ADST,Brookings,SD,463,Manufacturing,3228,215200,17366,39,Medium,giving@advancedsteel.com,https://www.advancedsteel.com,Manufacturing excellence that drives economic growth and supports community development through quality products and local partnerships.,Comprehensive Fortune 1000 Analysis,2025-10-26T20:43:29.684324,Medium
Professional Industrial Systems,corporation,PRIN,Erie,PA,464,Manufacturing,3222,214800,17302,43,Medium,community@professionalind.com,https://www.professionalind.com,Building tomorrow's products today while investing in the communities where we work and live.,Comprehensive Fortune 1000 Analysis,2025-10-26T20:43:29.684337,Medium
Advanced Works Corporation,corporation,ADWO,Lexington,KY,465,Manufacturing,3216,214400,17237,41,Medium,partnerships@advancedworks.com,https://www.advancedworks.com,Manufacturing excellence that drives economic growth and supports community development through quality products and local partnerships.,Comprehensive Fortune 1000 Analysis,2025-10-26T20:43:29.684348,Medium
Professional Industries Systems,corporation,PRIN,Essex,VT,466,Manufacturing,3210,214000,17173,40,Medium,relations@professionalind.com,https://www.professionalind.com,Manufacturing excellence that drives economic growth and supports community development through quality products and local partnerships.,Comprehensive Fortune 1000 Analysis,2025-10-26T20:43:29.684359,Medium
Innovative Steel LLC,corporation,INST,Rapid City,SD,467,Manufacturing,3204,213600,17109,34,Medium,giving@innovativesteel.com,https://www.innovativesteel.com,"Creating value through innovative manufacturing while supporting education, arts, and community development.",Comprehensive Fortune 1000 Analysis,2025-10-26T20:43:29.684373,Medium
Dynamic Chemical Inc.,corporation,DYCH,Idaho Falls,ID,468,Manufacturing,3198,213200,17045,43,Medium,partnerships@dynamicchemical.com,https://www.dynamicchemical.com,"Creating value through innovative manufacturing while supporting education, arts, and community development.",Comprehensive Fortune 1000 Analysis,2025-10-26T20:43:29.684385,Medium
Elite Manufacturing Company,corporation,ELMA,Lincoln,NE,469,Manufacturing,3192,212800,16981,40,Medium,marketing@elitemanufactur.com,https://www.elitemanufactur.com,"Creating value through innovative manufacturing while supporting education, arts, and community development.",Comprehensive Fortune 1000 Analysis,2025-10-26T20:43:29.684400,Medium
Elite Steel Enterprises,corporation,ELST,Dickinson,ND,470,Manufacturing,3186,212400,16917,35,Medium,giving@elitesteel.com,https://www.elitesteel.com,Manufacturing excellence that drives economic growth and supports community development through quality products and local partnerships.,Comprehensive Fortune 1000 Analysis,2025-10-26T20:43:29.684415,Medium
Elite Chemical LLC,corporation,ELCH,Long Beach,CA,471,Manufacturing,3180,212000,16854,41,Medium,giving@elitechemical.com,https://www.elitechemical.com,"Creating value through innovative manufacturing while supporting education, arts, and community development.",Comprehensive Fortune 1000 Analysis,2025-10-26T20:43:29.684426,High
Elite Industries Enterprises,corporation,ELIN,Winooski,VT,472,Manufacturing,3174,211600,16790,40,Medium,partnerships@eliteindustries.com,https://www.eliteindustries.com,Manufacturing excellence that drives economic growth and supports community development through quality products and local partnerships.,Comprehensive Fortune 1000 Analysis,2025-10-26T20:43:29.684438,Medium
Strategic Industrial Inc.,corporation,STIN,Rockford,IL,473,Manufacturing,3168,211200,16727,40,Medium,marketing@strategicindust.com,https://www.strategicindust.com,"Creating value through innovative manufacturing while supporting education, arts, and community development.",Comprehensive Fortune 1000 Analysis,2025-10-26T20:43:29.684450,High
Premier Manufacturing Company,corporation,PRMA,Bossier City,LA,474,Manufacturing,3162,210800,16663,37,Medium,giving@premiermanufact.com,https://www.premiermanufact.com,Building tomorrow's products today while investing in the communities where we work and live.,Comprehensive Fortune 1000 Analysis,2025-10-26T20:43:29.684462,Medium
Premier Manufacturing Inc.,corporation,PRMA,Raleigh,NC,475,Manufacturing,3156,210400,16600,39,Medium,giving@premiermanufact.com,https://www.premiermanufact.com,"Creating value through innovative manufacturing while supporting education, arts, and community development.",Comprehensive Fortune 1000 Analysis,2025-10-26T20:43:29.684473,Medium
Elite Manufacturing Corporation,corporation,ELMA,Bossier City,LA,476,Manufacturing,3150,210000,16537,34,Medium,community@elitemanufactur.com,https://www.elitemanufactur.com,"Creating value through innovative manufacturing while supporting education, arts, and community development.",Comprehensive Fortune 1000 Analysis,2025-10-26T20:43:29.684484,Medium
Elite Industries Company,corporation,ELIN,Lexington,KY,477,Manufacturing,3144,209600,16474,34,Medium,marketing@eliteindustries.com,https://www.eliteindustries.com,Building tomorrow's products today while investing in the communities where we work and live.,Comprehensive Fortune 1000 Analysis,2025-10-26T20:43:29.684495,Medium
Innovative Works Inc.,corporation,INWO,Sandy,UT,478,Manufacturing,3138,209200,16411,33,Medium,giving@innovativeworks.com,https://www.innovativeworks.com,Building tomorrow's products today while investing in the communities where we work and live.,Comprehensive Fortune 1000 Analysis,2025-10-26T20:43:29.684509,Medium
Dynamic Materials Inc.,corporation,DYMA,Columbus,GA,479,Manufacturing,3132,208800,16349,39,Medium,partnerships@dynamicmaterial.com,https://www.dynamicmaterial.com,"Creating value through innovative manufacturing while supporting education, arts, and community development.",Comprehensive Fortune 1000 Analysis,2025-10-26T20:43:29.684522,Medium
Dynamic Industries Corporation,corporation,DYIN,Waipahu,HI,480,Manufacturing,3126,208400,16286,38,Medium,giving@dynamicindustri.com,https://www.dynamicindustri.com,Building tomorrow's products today while investing in the communities where we work and live.,Comprehensive Fortune 1000 Analysis,2025-10-26T20:43:29.684536,Medium
Strategic Industrial Holdings,corporation,STIN,Norwalk,CT,481,Manufacturing,3120,208000,16224,35,Medium,giving@strategicindust.com,https://www.strategicindust.com,Manufacturing excellence that drives economic growth and supports community development through quality products and local partnerships.,Comprehensive Fortune 1000 Analysis,2025-10-26T20:43:29.684549,Medium
Dynamic Motors Inc.,corporation,DYMO,Tupelo,MS,482,Manufacturing,3114,207600,16161,40,Medium,marketing@dynamicmotors.com,https://www.dynamicmotors.com,Building tomorrow's products today while investing in the communities where we work and live.,Comprehensive Fortune 1000 Analysis,2025-10-26T20:43:29.684559,Medium
Elite Industrial Corporation,corporation,ELIN,South Bend,IN,483,Manufacturing,3108,207200,16099,33,Medium,partnerships@eliteindustrial.com,https://www.eliteindustrial.com,"Creating value through innovative manufacturing while supporting education, arts, and community development.",Comprehensive Fortune 1000 Analysis,2025-10-26T20:43:29.684574,Medium
Superior Motors Enterprises,corporation,SUMO,Edmond,OK,484,Manufacturing,3102,206800,16037,37,Medium,relations@superiormotors.com,https://www.superiormotors.com,Building tomorrow's products today while investing in the communities where we work and live.,Comprehensive Fortune 1000 Analysis,2025-10-26T20:43:29.684584,Medium
Elite Industries Corporation,corporation,ELIN,Omaha,NE,485,Manufacturing,3096,206400,15975,32,Medium,giving@eliteindustries.com,https://www.eliteindustries.com,"Creating value through innovative manufacturing while supporting education, arts, and community development.",Comprehensive Fortune 1000 Analysis,2025-10-26T20:43:29.684594,Medium
Professional Industries Enterprises,corporation,PRIN,Manchester,NH,486,Manufacturing,3090,206000,15913,36,Medium,relations@professionalind.com,https://www.professionalind.com,Manufacturing excellence that drives economic growth and supports community development through quality products and local partnerships.,Comprehensive Fortune 1000 Analysis,2025-10-26T20:43:29.684605,Medium
Superior Industries LLC,corporation,SUIN,Waterloo,IA,487,Manufacturing,3084,205600,15851,37,Medium,marketing@superiorindustr.com,https://www.superiorindustr.com,"Creating value through innovative manufacturing while supporting education, arts, and community development.",Comprehensive Fortune 1000 Analysis,2025-10-26T20:43:29.684615,Medium
Professional Steel Holdings,corporation,PRST,Oklahoma City,OK,488,Manufacturing,3078,205200,15790,36,Medium,giving@professionalste.com,https://www.professionalste.com,Building tomorrow's products today while investing in the communities where we work and live.,Comprehensive Fortune 1000 Analysis,2025-10-26T20:43:29.684625,Medium
Strategic Chemical Company,corporation,STCH,Iowa City,IA,489,Manufacturing,3072,204800,15728,33,Medium,giving@strategicchemic.com,https://www.strategicchemic.com,Manufacturing excellence that drives economic growth and supports community development through quality products and local partnerships.,Comprehensive Fortune 1000 Analysis,2025-10-26T20:43:29.684641,Medium
Professional Manufacturing Inc.,corporation,PRMA,Kansas City,MO,490,Manufacturing,3066,204400,15667,35,Medium,marketing@professionalman.com,https://www.professionalman.com,"Creating value through innovative manufacturing while supporting education, arts, and community development.",Comprehensive Fortune 1000 Analysis,2025-10-26T20:43:29.684655,Medium
Professional Motors Corporation,corporation,PRMO,St. Cloud,MN,491,Manufacturing,3060,204000,15606,34,Medium,marketing@professionalmot.com,https://www.professionalmot.com,"Creating value through innovative manufacturing while supporting education, arts, and community development.",Comprehensive Fortune 1000 Analysis,2025-10-26T20:43:29.684667,Medium
Superior Steel Group,corporation,SUST,Beaverton,OR,492,Manufacturing,3054,203600,15544,35,Medium,marketing@superiorsteel.com,https://www.superiorsteel.com,"Creating value through innovative manufacturing while supporting education, arts, and community development.",Comprehensive Fortune 1000 Analysis,2025-10-26T20:43:29.684678,Medium
Elite Materials Inc.,corporation,ELMA,Warwick,RI,493,Manufacturing,3048,203200,15483,35,Medium,community@elitematerials.com,https://www.elitematerials.com,Manufacturing excellence that drives economic growth and supports community development through quality products and local partnerships.,Comprehensive Fortune 1000 Analysis,2025-10-26T20:43:29.684689,Medium
Professional Steel Corporation,corporation,PRST,Scranton,PA,494,Manufacturing,3042,202800,15422,32,Medium,giving@professionalste.com,https://www.professionalste.com,Building tomorrow's products today while investing in the communities where we work and live.,Comprehensive Fortune 1000 Analysis,2025-10-26T20:43:29.684700,Medium
Strategic Steel Company,corporation,STST,Lowell,MA,495,Manufacturing,3036,202400,15362,36,Medium,community@strategicsteel.com,https://www.strategicsteel.com,Building tomorrow's products today while investing in the communities where we work and live.,Comprehensive Fortune 1000 Analysis,2025-10-26T20:43:29.684713,High
Dynamic Manufacturing Inc.,corporation,DYMA,Waterloo,IA,496,Manufacturing,3030,202000,15301,37,Medium,partnerships@dynamicmanufact.com,https://www.dynamicmanufact.com,Building tomorrow's products today while investing in the communities where we work and live.,Comprehensive Fortune 1000 Analysis,2025-10-26T20:43:29.684724,Medium
Elite Steel Inc.,corporation,ELST,Parkersburg,WV,497,Manufacturing,3024,201600,15240,32,Medium,relations@elitesteel.com,https://www.elitesteel.com,"Creating value through innovative manufacturing while supporting education, arts, and community development.",Comprehensive Fortune 1000 Analysis,2025-10-26T20:43:29.684734,Medium
Elite Materials Inc.,corporation,ELMA,Biloxi,MS,498,Manufacturing,3018,201200,15180,38,Medium,relations@elitematerials.com,https://www.elitematerials.com,Manufacturing excellence that drives economic growth and supports community development through quality products and local partnerships.,Comprehensive Fortune 1000 Analysis,2025-10-26T20:43:29.684744,Medium
Strategic Motors Inc.,corporation,STMO,North Platte,NE,499,Manufacturing,3012,200800,15120,39,Medium,community@strategicmotors.com,https://www.strategicmotors.com,"Creating value through innovative manufacturing while supporting education, arts, and community development.",Comprehensive Fortune 1000 Analysis,2025-10-26T20:43:29.684754,Medium
Premier Manufacturing Enterprises,corporation,PRMA,Canton,OH,500,Manufacturing,3006,200400,15060,31,Medium,relations@premiermanufact.com,https://www.premiermanufact.com,Manufacturing excellence that drives economic growth and supports community development through quality products and local partnerships.,Comprehensive Fortune 1000 Analysis,2025-10-26T20:43:29.684765,Medium
Premier Industries Group,corporation,PRIN,Elko,NV,501,Manufacturing,3000,200000,15000,33,Medium,relations@premierindustri.com,https://www.premierindustri.com,Manufacturing excellence that drives economic growth and supports community development through quality products and local partnerships.,Comprehensive Fortune 1000 Analysis,2025-10-26T20:43:29.684776,Medium
Elite Industries Enterprises,corporation,ELIN,Indianapolis,IN,502,Manufacturing,2994,199600,14940,39,Medium,relations@eliteindustries.com,https://www.eliteindustries.com,Manufacturing excellence that drives economic growth and supports community development through quality products and local partnerships.,Comprehensive Fortune 1000 Analysis,2025-10-26T20:43:29.684786,Medium
Superior Motors Holdings,corporation,SUMO,Mitchell,SD,503,Manufacturing,2988,199200,14880,40,Medium,partnerships@superiormotors.com,https://www.superiormotors.com,"Creating value through innovative manufacturing while supporting education, arts, and community development.",Comprehensive Fortune 1000 Analysis,2025-10-26T20:43:29.684798,Medium
Elite Chemical Inc.,corporation,ELCH,New Britain,CT,504,Manufacturing,2982,198800,14820,33,Medium,marketing@elitechemical.com,https://www.elitechemical.com,Manufacturing excellence that drives economic growth and supports community development through quality products and local partnerships.,Comprehensive Fortune 1000 Analysis,2025-10-26T20:43:29.684807,Medium
Strategic Industries Enterprises,corporation,STIN,Minot,ND,505,Manufacturing,2976,198400,14760,34,Medium,community@strategicindust.com,https://www.strategicindust.com,Manufacturing excellence that drives economic growth and supports community development through quality products and local partnerships.,Comprehensive Fortune 1000 Analysis,2025-10-26T20:43:29.684819,Medium
Elite Industries Systems,corporation,ELIN,Plymouth,MN,506,Manufacturing,2970,198000,14701,32,Medium,relations@eliteindustries.com,https://www.eliteindustries.com,"Creating value through innovative manufacturing while supporting education, arts, and community development.",Comprehensive Fortune 1000 Analysis,2025-10-26T20:43:29.684829,Medium
Advanced Chemical Group,corporation,ADCH,Salem,NH,507,Manufacturing,2964,197600,14642,38,Medium,relations@advancedchemica.com,https://www.advancedchemica.com,Building tomorrow's products today while investing in the communities where we work and live.,Comprehensive Fortune 1000 Analysis,2025-10-26T20:43:29.684840,Medium
Premier Steel Corporation,corporation,PRST,New Bedford,MA,508,Manufacturing,2958,197200,14582,31,Medium,partnerships@premiersteel.com,https://www.premiersteel.com,"Creating value through innovative manufacturing while supporting education, arts, and community development.",Comprehensive Fortune 1000 Analysis,2025-10-26T20:43:29.684850,High
Elite Industrial Corporation,corporation,ELIN,Roswell,GA,509,Manufacturing,2952,196800,14523,34,Medium,relations@eliteindustrial.com,https://www.eliteindustrial.com,Building tomorrow's products today while investing in the communities where we work and live.,Comprehensive Fortune 1000 Analysis,2025-10-26T20:43:29.684860,Medium
Strategic Industries Inc.,corporation,STIN,Quincy,MA,510,Manufacturing,2946,196400,14464,38,Medium,community@strategicindust.com,https://www.strategicindust.com,Building tomorrow's products today while investing in the communities where we work and live.,Comprehensive Fortune 1000 Analysis,2025-10-26T20:43:29.684870,High
Advanced Industrial Enterprises,corporation,ADIN,Sioux Falls,SD,511,Manufacturing,2940,196000,14406,34,Medium,relations@advancedindustr.com,https://www.advancedindustr.com,"Creating value through innovative manufacturing while supporting education, arts, and community development.",Comprehensive Fortune 1000 Analysis,2025-10-26T20:43:29.684880,Medium
Advanced Chemical Enterprises,corporation,ADCH,Scottsdale,AZ,512,Manufacturing,2934,195600,14347,39,Medium,marketing@advancedchemica.com,https://www.advancedchemica.com,Building tomorrow's products today while investing in the communities where we work and live.,Comprehensive Fortune 1000 Analysis,2025-10-26T20:43:29.684890,Medium
Elite Works Holdings,corporation,ELWO,Dallas,TX,513,Manufacturing,2928,195200,14288,34,Medium,relations@eliteworks.com,https://www.eliteworks.com,Manufacturing excellence that drives economic growth and supports community development through quality products and local partnerships.,Comprehensive Fortune 1000 Analysis,2025-10-26T20:43:29.684900,High
Premier Materials Group,corporation,PRMA,Ames,IA,514,Manufacturing,2922,194800,14230,33,Medium,community@premiermaterial.com,https://www.premiermaterial.com,"Creating value through innovative manufacturing while supporting education, arts, and community development.",Comprehensive Fortune 1000 Analysis,2025-10-26T20:43:29.684910,Medium
Elite Works LLC,corporation,ELWO,Henderson,NV,515,Manufacturing,2916,194400,14171,35,Medium,giving@eliteworks.com,https://www.eliteworks.com,Building tomorrow's products today while investing in the communities where we work and live.,Comprehensive Fortune 1000 Analysis,2025-10-26T20:43:29.684920,Medium
Elite Manufacturing Company,corporation,ELMA,Augusta,GA,516,Manufacturing,2910,194000,14113,37,Medium,community@elitemanufactur.com,https://www.elitemanufactur.com,"Creating value through innovative manufacturing while supporting education, arts, and community development.",Comprehensive Fortune 1000 Analysis,2025-10-26T20:43:29.684930,Medium
Advanced Industrial Group,corporation,ADIN,Springfield,MO,517,Manufacturing,2904,193600,14055,34,Medium,relations@advancedindustr.com,https://www.advancedindustr.com,Manufacturing excellence that drives economic growth and supports community development through quality products and local partnerships.,Comprehensive Fortune 1000 Analysis,2025-10-26T20:43:29.684940,Medium
Superior Industrial LLC,corporation,SUIN,Arvada,CO,518,Manufacturing,2898,193200,13997,39,Medium,partnerships@superiorindustr.com,https://www.superiorindustr.com,Manufacturing excellence that drives economic growth and supports community development through quality products and local partnerships.,Comprehensive Fortune 1000 Analysis,2025-10-26T20:43:29.684949,High
Superior Steel Systems,corporation,SUST,Covington,KY,519,Manufacturing,2892,192800,13939,31,Medium,partnerships@superiorsteel.com,https://www.superiorsteel.com,"Creating value through innovative manufacturing while supporting education, arts, and community development.",Comprehensive Fortune 1000 Analysis,2025-10-26T20:43:29.684960,Medium
Innovative Manufacturing Corporation,corporation,INMA,Boise,ID,520,Manufacturing,2886,192400,13881,32,Medium,partnerships@innovativemanuf.com,https://www.innovativemanuf.com,Building tomorrow's products today while investing in the communities where we work and live.,Comprehensive Fortune 1000 Analysis,2025-10-26T20:43:29.684972,Medium
Premier Steel Enterprises,corporation,PRST,Sioux City,IA,521,Manufacturing,2880,192000,13824,35,Medium,giving@premiersteel.com,https://www.premiersteel.com,"Creating value through innovative manufacturing while supporting education, arts, and community development.",Comprehensive Fortune 1000 Analysis,2025-10-26T20:43:29.684982,Medium
Superior Manufacturing LLC,corporation,SUMA,Overland Park,KS,522,Manufacturing,2874,191600,13766,30,Medium,community@superiormanufac.com,https://www.superiormanufac.com,Building tomorrow's products today while investing in the communities where we work and live.,Comprehensive Fortune 1000 Analysis,2025-10-26T20:43:29.684996,Medium
Dynamic Materials Systems,corporation,DYMA,Norfolk,VA,523,Manufacturing,2868,191200,13709,34,Medium,community@dynamicmaterial.com,https://www.dynamicmaterial.com,Building tomorrow's products today while investing in the communities where we work and live.,Comprehensive Fortune 1000 Analysis,2025-10-26T20:43:29.685006,Medium
Innovative Chemical Inc.,corporation,INCH,Columbia,MO,524,Manufacturing,2862,190800,13651,32,Medium,giving@innovativechemi.com,https://www.innovativechemi.com,Building tomorrow's products today while investing in the communities where we work and live.,Comprehensive Fortune 1000 Analysis,2025-10-26T20:43:29.685016,Medium
Strategic Works LLC,corporation,STWO,St. Petersburg,FL,525,Manufacturing,2856,190400,13594,39,Medium,giving@strategicworks.com,https://www.strategicworks.com,Manufacturing excellence that drives economic growth and supports community development through quality products and local partnerships.,Comprehensive Fortune 1000 Analysis,2025-10-26T20:43:29.685025,High
Superior Industries Company,corporation,SUIN,Colorado Springs,CO,526,Manufacturing,2850,190000,13537,35,Medium,partnerships@superiorindustr.com,https://www.superiorindustr.com,Manufacturing excellence that drives economic growth and supports community development through quality products and local partnerships.,Comprehensive Fortune 1000 Analysis,2025-10-26T20:43:29.685036,High
Strategic Chemical LLC,corporation,STCH,North Platte,NE,527,Manufacturing,2844,189600,13480,36,Medium,marketing@strategicchemic.com,https://www.strategicchemic.com,"Creating value through innovative manufacturing while supporting education, arts, and community development.",Comprehensive Fortune 1000 Analysis,2025-10-26T20:43:29.685047,Medium
Professional Chemical Company,corporation,PRCH,Austin,TX,528,Manufacturing,2838,189200,13423,35,Medium,partnerships@professionalche.com,https://www.professionalche.com,"Creating value through innovative manufacturing while supporting education, arts, and community development.",Comprehensive Fortune 1000 Analysis,2025-10-26T20:43:29.685057,High
Premier Steel LLC,corporation,PRST,Bossier City,LA,529,Manufacturing,2832,188800,13367,29,Medium,marketing@premiersteel.com,https://www.premiersteel.com,Manufacturing excellence that drives economic growth and supports community development through quality products and local partnerships.,Comprehensive Fortune 1000 Analysis,2025-10-26T20:43:29.685067,Medium
Advanced Motors LLC,corporation,ADMO,Colorado Springs,CO,530,Manufacturing,2826,188400,13310,34,Medium,community@advancedmotors.com,https://www.advancedmotors.com,Building tomorrow's products today while investing in the communities where we work and live.,Comprehensive Fortune 1000 Analysis,2025-10-26T20:43:29.685078,High
Professional Manufacturing Inc.,corporation,PRMA,Fremont,NE,531,Manufacturing,2820,188000,13254,34,Medium,partnerships@professionalman.com,https://www.professionalman.com,Building tomorrow's products today while investing in the communities where we work and live.,Comprehensive Fortune 1000 Analysis,2025-10-26T20:43:29.685088,Medium
Strategic Steel Corporation,corporation,STST,Raleigh,NC,532,Manufacturing,2814,187600,13197,28,Medium,community@strategicsteel.com,https://www.strategicsteel.com,Building tomorrow's products today while investing in the communities where we work and live.,Comprehensive Fortune 1000 Analysis,2025-10-26T20:43:29.685098,Medium
Premier Motors Inc.,corporation,PRMO,Aurora,IL,533,Manufacturing,2808,187200,13141,32,Medium,community@premiermotors.com,https://www.premiermotors.com,Manufacturing excellence that drives economic growth and supports community development through quality products and local partnerships.,Comprehensive Fortune 1000 Analysis,2025-10-26T20:43:29.685108,High
Premier Motors Inc.,corporation,PRMO,Portsmouth,VA,534,Manufacturing,2802,186800,13085,34,Medium,partnerships@premiermotors.com,https://www.premiermotors.com,Manufacturing excellence that drives economic growth and supports community development through quality products and local partnerships.,Comprehensive Fortune 1000 Analysis,2025-10-26T20:43:29.685117,Medium
Elite Industries Company,corporation,ELIN,Council Bluffs,IA,535,Manufacturing,2796,186400,13029,34,Medium,relations@eliteindustries.com,https://www.eliteindustries.com,"Creating value through innovative manufacturing while supporting education, arts, and community development.",Comprehensive Fortune 1000 Analysis,2025-10-26T20:43:29.685128,Medium
Strategic Manufacturing LLC,corporation,STMA,Havre,MT,536,Manufacturing,2790,186000,12973,36,Medium,community@strategicmanufa.com,https://www.strategicmanufa.com,"Creating value through innovative manufacturing while supporting education, arts, and community development.",Comprehensive Fortune 1000 Analysis,2025-10-26T20:43:29.685139,Medium
Professional Materials Systems,corporation,PRMA,Rogers,AR,537,Manufacturing,2784,185600,12917,35,Medium,marketing@professionalmat.com,https://www.professionalmat.com,Building tomorrow's products today while investing in the communities where we work and live.,Comprehensive Fortune 1000 Analysis,2025-10-26T20:43:29.685150,Medium
Dynamic Chemical Corporation,corporation,DYCH,Salem,NH,538,Manufacturing,2778,185200,12862,32,Medium,partnerships@dynamicchemical.com,https://www.dynamicchemical.com,Building tomorrow's products today while investing in the communities where we work and live.,Comprehensive Fortune 1000 Analysis,2025-10-26T20:43:29.685159,Medium
Dynamic Motors LLC,corporation,DYMO,Shawnee,KS,539,Manufacturing,2772,184800,12806,37,Medium,giving@dynamicmotors.com,https://www.dynamicmotors.com,Building tomorrow's products today while investing in the communities where we work and live.,Comprehensive Fortune 1000 Analysis,2025-10-26T20:43:29.685169,Medium
Dynamic Motors LLC,corporation,DYMO,Reading,PA,540,Manufacturing,2766,184400,12751,30,Medium,relations@dynamicmotors.com,https://www.dynamicmotors.com,Building tomorrow's products today while investing in the communities where we work and live.,Comprehensive Fortune 1000 Analysis,2025-10-26T20:43:29.685180,Medium
Elite Motors Corporation,corporation,ELMO,Raleigh,NC,541,Manufacturing,2760,184000,12696,34,Medium,relations@elitemotors.com,https://www.elitemotors.com,"Creating value through innovative manufacturing while supporting education, arts, and community development.",Comprehensive Fortune 1000 Analysis,2025-10-26T20:43:29.685189,Medium
Advanced Chemical Group,corporation,ADCH,Rogers,AR,542,Manufacturing,2754,183600,12640,28,Medium,partnerships@advancedchemica.com,https://www.advancedchemica.com,Manufacturing excellence that drives economic growth and supports community development through quality products and local partnerships.,Comprehensive Fortune 1000 Analysis,2025-10-26T20:43:29.685199,Medium
Advanced Materials Group,corporation,ADMA,Clovis,NM,543,Manufacturing,2748,183200,12585,29,Medium,giving@advancedmateria.com,https://www.advancedmateria.com,"Creating value through innovative manufacturing while supporting education, arts, and community development.",Comprehensive Fortune 1000 Analysis,2025-10-26T20:43:29.685209,Medium
Premier Manufacturing Company,corporation,PRMA,Santa Fe,NM,544,Manufacturing,2742,182800,12530,29,Medium,giving@premiermanufact.com,https://www.premiermanufact.com,Building tomorrow's products today while investing in the communities where we work and live.,Comprehensive Fortune 1000 Analysis,2025-10-26T20:43:29.685220,Medium
Innovative Industrial Group,corporation,ININ,Wheeling,WV,545,Manufacturing,2736,182400,12476,33,Medium,marketing@innovativeindus.com,https://www.innovativeindus.com,"Creating value through innovative manufacturing while supporting education, arts, and community development.",Comprehensive Fortune 1000 Analysis,2025-10-26T20:43:29.685231,Medium
Premier Retail Corporation,corporation,PRRE,Newark,DE,546,Retail,1820,136500,6624,34,High,partnerships@premierretail.com,https://www.premierretail.com,Serving communities with quality products and services while supporting local initiatives that strengthen neighborhoods.,Comprehensive Fortune 1000 Analysis,2025-10-26T20:43:29.685564,Medium
Advanced Stores Systems,corporation,ADST,Sacramento,CA,547,Retail,1816,136200,6595,34,High,giving@advancedstores.com,https://www.advancedstores.com,Serving communities with quality products and services while supporting local initiatives that strengthen neighborhoods.,Comprehensive Fortune 1000 Analysis,2025-10-26T20:43:29.685605,High
Premier Shopping Systems,corporation,PRSH,Lancaster,PA,548,Retail,1812,135900,6566,37,High,giving@premiershopping.com,https://www.premiershopping.com,Building stronger communities through retail excellence and meaningful partnerships with local organizations.,Comprehensive Fortune 1000 Analysis,2025-10-26T20:43:29.685676,Medium
Strategic Outlet LLC,corporation,STOU,South Portland,ME,549,Retail,1808,135600,6537,34,High,community@strategicoutlet.com,https://www.strategicoutlet.com,Building stronger communities through retail excellence and meaningful partnerships with local organizations.,Comprehensive Fortune 1000 Analysis,2025-10-26T20:43:29.685699,Medium
Innovative Outlet Company,corporation,INOU,Mount Vernon,NY,550,Retail,1804,135300,6508,38,High,partnerships@innovativeoutle.com,https://www.innovativeoutle.com,Serving communities with quality products and services while supporting local initiatives that strengthen neighborhoods.,Comprehensive Fortune 1000 Analysis,2025-10-26T20:43:29.685715,High
Premier Outlet Company,corporation,PROU,Provo,UT,551,Retail,1800,135000,6480,32,High,relations@premieroutlet.com,https://www.premieroutlet.com,Building stronger communities through retail excellence and meaningful partnerships with local organizations.,Comprehensive Fortune 1000 Analysis,2025-10-26T20:43:29.685730,Medium
Premier Shopping Corporation,corporation,PRSH,Grand Forks,ND,552,Retail,1796,134700,6451,40,High,marketing@premiershopping.com,https://www.premiershopping.com,Serving communities with quality products and services while supporting local initiatives that strengthen neighborhoods.,Comprehensive Fortune 1000 Analysis,2025-10-26T20:43:29.685742,Medium
Advanced Retail Systems,corporation,ADRE,Honolulu,HI,553,Retail,1792,134400,6422,31,High,community@advancedretail.com,https://www.advancedretail.com,Connecting customers with products they love while investing in community programs that make a difference.,Comprehensive Fortune 1000 Analysis,2025-10-26T20:43:29.685754,Medium
Innovative Market Company,corporation,INMA,Baton Rouge,LA,554,Retail,1788,134100,6393,37,High,relations@innovativemarke.com,https://www.innovativemarke.com,Serving communities with quality products and services while supporting local initiatives that strengthen neighborhoods.,Comprehensive Fortune 1000 Analysis,2025-10-26T20:43:29.685769,Medium
Premier Retail Enterprises,corporation,PRRE,Olathe,KS,555,Retail,1784,133800,6365,32,High,giving@premierretail.com,https://www.premierretail.com,Building stronger communities through retail excellence and meaningful partnerships with local organizations.,Comprehensive Fortune 1000 Analysis,2025-10-26T20:43:29.685780,Medium
Elite Outlet Group,corporation,ELOU,Lewiston,ME,556,Retail,1780,133500,6336,36,High,giving@eliteoutlet.com,https://www.eliteoutlet.com,Building stronger communities through retail excellence and meaningful partnerships with local organizations.,Comprehensive Fortune 1000 Analysis,2025-10-26T20:43:29.685791,Medium
Strategic Shopping Corporation,corporation,STSH,Nashville,TN,557,Retail,1776,133200,6308,34,High,partnerships@strategicshoppi.com,https://www.strategicshoppi.com,Building stronger communities through retail excellence and meaningful partnerships with local organizations.,Comprehensive Fortune 1000 Analysis,2025-10-26T20:43:29.685802,Medium
Innovative Shopping Inc.,corporation,INSH,Macon,GA,558,Retail,1772,132900,6279,40,High,partnerships@innovativeshopp.com,https://www.innovativeshopp.com,Building stronger communities through retail excellence and meaningful partnerships with local organizations.,Comprehensive Fortune 1000 Analysis,2025-10-26T20:43:29.685814,Medium
Elite Market Group,corporation,ELMA,Lowell,MA,559,Retail,1768,132600,6251,38,High,relations@elitemarket.com,https://www.elitemarket.com,Connecting customers with products they love while investing in community programs that make a difference.,Comprehensive Fortune 1000 Analysis,2025-10-26T20:43:29.685825,High
Superior Retail Group,corporation,SURE,Providence,RI,560,Retail,1764,132300,6223,37,High,giving@superiorretail.com,https://www.superiorretail.com,Building stronger communities through retail excellence and meaningful partnerships with local organizations.,Comprehensive Fortune 1000 Analysis,2025-10-26T20:43:29.685836,Medium
Premier Market Holdings,corporation,PRMA,Pierre,SD,561,Retail,1760,132000,6195,36,High,marketing@premiermarket.com,https://www.premiermarket.com,Serving communities with quality products and services while supporting local initiatives that strengthen neighborhoods.,Comprehensive Fortune 1000 Analysis,2025-10-26T20:43:29.685846,Medium
Strategic Retail Corporation,corporation,STRE,Nashua,NH,562,Retail,1756,131700,6167,31,High,partnerships@strategicretail.com,https://www.strategicretail.com,Building stronger communities through retail excellence and meaningful partnerships with local organizations.,Comprehensive Fortune 1000 Analysis,2025-10-26T20:43:29.685857,Medium
Innovative Plaza Corporation,corporation,INPL,Morgantown,WV,563,Retail,1752,131400,6139,35,High,relations@innovativeplaza.com,https://www.innovativeplaza.com,Serving communities with quality products and services while supporting local initiatives that strengthen neighborhoods.,Comprehensive Fortune 1000 Analysis,2025-10-26T20:43:29.685869,Medium
Strategic Shopping Enterprises,corporation,STSH,Beaverton,OR,564,Retail,1748,131100,6111,39,High,relations@strategicshoppi.com,https://www.strategicshoppi.com,Serving communities with quality products and services while supporting local initiatives that strengthen neighborhoods.,Comprehensive Fortune 1000 Analysis,2025-10-26T20:43:29.685880,Medium
Elite Plaza Holdings,corporation,ELPL,Twin Falls,ID,565,Retail,1744,130800,6083,35,High,relations@eliteplaza.com,https://www.eliteplaza.com,Serving communities with quality products and services while supporting local initiatives that strengthen neighborhoods.,Comprehensive Fortune 1000 Analysis,2025-10-26T20:43:29.685891,Medium
Elite Mart Inc.,corporation,ELMA,West Valley City,UT,566,Retail,1740,130500,6055,38,High,community@elitemart.com,https://www.elitemart.com,Connecting customers with products they love while investing in community programs that make a difference.,Comprehensive Fortune 1000 Analysis,2025-10-26T20:43:29.685902,Medium
Elite Stores LLC,corporation,ELST,Wilmington,DE,567,Retail,1736,130200,6027,40,High,giving@elitestores.com,https://www.elitestores.com,Building stronger communities through retail excellence and meaningful partnerships with local organizations.,Comprehensive Fortune 1000 Analysis,2025-10-26T20:43:29.685912,Medium
Advanced Stores Group,corporation,ADST,Waterloo,IA,568,Retail,1732,129900,5999,34,High,partnerships@advancedstores.com,https://www.advancedstores.com,Building stronger communities through retail excellence and meaningful partnerships with local organizations.,Comprehensive Fortune 1000 Analysis,2025-10-26T20:43:29.685923,Medium
Premier Mart Corporation,corporation,PRMA,Hobbs,NM,569,Retail,1728,129600,5971,36,High,community@premiermart.com,https://www.premiermart.com,Serving communities with quality products and services while supporting local initiatives that strengthen neighborhoods.,Comprehensive Fortune 1000 Analysis,2025-10-26T20:43:29.685937,Medium
Superior Retail Enterprises,corporation,SURE,Fremont,NE,570,Retail,1724,129300,5944,34,High,community@superiorretail.com,https://www.superiorretail.com,Serving communities with quality products and services while supporting local initiatives that strengthen neighborhoods.,Comprehensive Fortune 1000 Analysis,2025-10-26T20:43:29.685950,Medium
Dynamic Commerce Systems,corporation,DYCO,Norwalk,CT,571,Retail,1720,129000,5916,38,High,marketing@dynamiccommerce.com,https://www.dynamiccommerce.com,Connecting customers with products they love while investing in community programs that make a difference.,Comprehensive Fortune 1000 Analysis,2025-10-26T20:43:29.685962,Medium
Dynamic Market Inc.,corporation,DYMA,Fort Collins,CO,572,Retail,1716,128700,5889,35,High,partnerships@dynamicmarket.com,https://www.dynamicmarket.com,Connecting customers with products they love while investing in community programs that make a difference.,Comprehensive Fortune 1000 Analysis,2025-10-26T20:43:29.685973,High
Superior Mart Enterprises,corporation,SUMA,Hammond,IN,573,Retail,1712,128400,5861,32,High,community@superiormart.com,https://www.superiormart.com,Building stronger communities through retail excellence and meaningful partnerships with local organizations.,Comprehensive Fortune 1000 Analysis,2025-10-26T20:43:29.685990,Medium
Premier Outlet Corporation,corporation,PROU,Lafayette,LA,574,Retail,1708,128100,5834,38,High,partnerships@premieroutlet.com,https://www.premieroutlet.com,Building stronger communities through retail excellence and meaningful partnerships with local organizations.,Comprehensive Fortune 1000 Analysis,2025-10-26T20:43:29.686003,Medium
Advanced Shopping Systems,corporation,ADSH,Beckley,WV,575,Retail,1704,127800,5807,32,High,marketing@advancedshoppin.com,https://www.advancedshoppin.com,Serving communities with quality products and services while supporting local initiatives that strengthen neighborhoods.,Comprehensive Fortune 1000 Analysis,2025-10-26T20:43:29.686016,Medium
Dynamic Retail Holdings,corporation,DYRE,Auburn,AL,576,Retail,1700,127500,5780,32,High,marketing@dynamicretail.com,https://www.dynamicretail.com,Serving communities with quality products and services while supporting local initiatives that strengthen neighborhoods.,Comprehensive Fortune 1000 Analysis,2025-10-26T20:43:29.686028,Medium
Dynamic Stores Holdings,corporation,DYST,Pierre,SD,577,Retail,1696,127200,5752,30,High,partnerships@dynamicstores.com,https://www.dynamicstores.com,Building stronger communities through retail excellence and meaningful partnerships with local organizations.,Comprehensive Fortune 1000 Analysis,2025-10-26T20:43:29.686040,Medium
Professional Shopping Inc.,corporation,PRSH,Lewiston,ME,578,Retail,1692,126900,5725,29,High,partnerships@professionalsho.com,https://www.professionalsho.com,Serving communities with quality products and services while supporting local initiatives that strengthen neighborhoods.,Comprehensive Fortune 1000 Analysis,2025-10-26T20:43:29.686055,Medium
Superior Plaza Enterprises,corporation,SUPL,Omaha,NE,579,Retail,1688,126600,5698,33,High,partnerships@superiorplaza.com,https://www.superiorplaza.com,Serving communities with quality products and services while supporting local initiatives that strengthen neighborhoods.,Comprehensive Fortune 1000 Analysis,2025-10-26T20:43:29.686067,Medium
Strategic Commerce Systems,corporation,STCO,Spokane,WA,580,Retail,1684,126300,5671,39,High,relations@strategiccommer.com,https://www.strategiccommer.com,Building stronger communities through retail excellence and meaningful partnerships with local organizations.,Comprehensive Fortune 1000 Analysis,2025-10-26T20:43:29.686082,High
Professional Shopping Corporation,corporation,PRSH,Portsmouth,VA,581,Retail,1680,126000,5644,32,High,community@professionalsho.com,https://www.professionalsho.com,Connecting customers with products they love while investing in community programs that make a difference.,Comprehensive Fortune 1000 Analysis,2025-10-26T20:43:29.686095,Medium
Professional Outlet Corporation,corporation,PROU,Newport News,VA,582,Retail,1676,125700,5617,29,High,community@professionalout.com,https://www.professionalout.com,Serving communities with quality products and services while supporting local initiatives that strengthen neighborhoods.,Comprehensive Fortune 1000 Analysis,2025-10-26T20:43:29.686109,Medium
Strategic Commerce Company,corporation,STCO,Wasilla,AK,583,Retail,1672,125400,5591,32,High,giving@strategiccommer.com,https://www.strategiccommer.com,Connecting customers with products they love while investing in community programs that make a difference.,Comprehensive Fortune 1000 Analysis,2025-10-26T20:43:29.686123,Medium
Advanced Retail LLC,corporation,ADRE,Great Falls,MT,584,Retail,1668,125100,5564,30,High,relations@advancedretail.com,https://www.advancedretail.com,Serving communities with quality products and services while supporting local initiatives that strengthen neighborhoods.,Comprehensive Fortune 1000 Analysis,2025-10-26T20:43:29.686138,Medium
Advanced Outlet Group,corporation,ADOU,Thornton,CO,585,Retail,1664,124800,5537,31,High,relations@advancedoutlet.com,https://www.advancedoutlet.com,Serving communities with quality products and services while supporting local initiatives that strengthen neighborhoods.,Comprehensive Fortune 1000 Analysis,2025-10-26T20:43:29.686151,High
Premier Shopping Enterprises,corporation,PRSH,Las Vegas,NV,586,Retail,1660,124500,5511,39,High,giving@premiershopping.com,https://www.premiershopping.com,Connecting customers with products they love while investing in community programs that make a difference.,Comprehensive Fortune 1000 Analysis,2025-10-26T20:43:29.686164,Medium
Elite Market Group,corporation,ELMA,Rio Rancho,NM,587,Retail,1656,124200,5484,32,High,relations@elitemarket.com,https://www.elitemarket.com,Serving communities with quality products and services while supporting local initiatives that strengthen neighborhoods.,Comprehensive Fortune 1000 Analysis,2025-10-26T20:43:29.686177,Medium
Professional Plaza LLC,corporation,PRPL,Fort Worth,TX,588,Retail,1652,123900,5458,33,High,partnerships@professionalpla.com,https://www.professionalpla.com,Serving communities with quality products and services while supporting local initiatives that strengthen neighborhoods.,Comprehensive Fortune 1000 Analysis,2025-10-26T20:43:29.686192,High
Superior Market Company,corporation,SUMA,Sioux City,IA,589,Retail,1648,123600,5431,36,High,giving@superiormarket.com,https://www.superiormarket.com,Building stronger communities through retail excellence and meaningful partnerships with local organizations.,Comprehensive Fortune 1000 Analysis,2025-10-26T20:43:29.686214,Medium
Advanced Commerce Group,corporation,ADCO,South Burlington,VT,590,Retail,1644,123300,5405,30,High,relations@advancedcommerc.com,https://www.advancedcommerc.com,Serving communities with quality products and services while supporting local initiatives that strengthen neighborhoods.,Comprehensive Fortune 1000 Analysis,2025-10-26T20:43:29.686228,Medium
Dynamic Commerce Systems,corporation,DYCO,Allentown,PA,591,Retail,1640,122999,5379,29,High,community@dynamiccommerce.com,https://www.dynamiccommerce.com,Serving communities with quality products and services while supporting local initiatives that strengthen neighborhoods.,Comprehensive Fortune 1000 Analysis,2025-10-26T20:43:29.686243,Medium
Superior Mart LLC,corporation,SUMA,Newport News,VA,592,Retail,1636,122699,5352,32,High,marketing@superiormart.com,https://www.superiormart.com,Serving communities with quality products and services while supporting local initiatives that strengthen neighborhoods.,Comprehensive Fortune 1000 Analysis,2025-10-26T20:43:29.686253,Medium
Elite Market Inc.,corporation,ELMA,Wilmington,DE,593,Retail,1632,122399,5326,32,High,giving@elitemarket.com,https://www.elitemarket.com,Serving communities with quality products and services while supporting local initiatives that strengthen neighborhoods.,Comprehensive Fortune 1000 Analysis,2025-10-26T20:43:29.686271,Medium
Dynamic Retail Group,corporation,DYRE,Rochester,NY,594,Retail,1628,122099,5300,34,High,community@dynamicretail.com,https://www.dynamicretail.com,Building stronger communities through retail excellence and meaningful partnerships with local organizations.,Comprehensive Fortune 1000 Analysis,2025-10-26T20:43:29.686291,High
Dynamic Market Corporation,corporation,DYMA,Annapolis,MD,595,Retail,1624,121800,5274,38,High,marketing@dynamicmarket.com,https://www.dynamicmarket.com,Connecting customers with products they love while investing in community programs that make a difference.,Comprehensive Fortune 1000 Analysis,2025-10-26T20:43:29.686304,Medium
Strategic Retail Inc.,corporation,STRE,Kenosha,WI,596,Retail,1620,121500,5248,38,High,relations@strategicretail.com,https://www.strategicretail.com,Building stronger communities through retail excellence and meaningful partnerships with local organizations.,Comprehensive Fortune 1000 Analysis,2025-10-26T20:43:29.686317,Medium
Dynamic Market Systems,corporation,DYMA,Reading,PA,597,Retail,1616,121200,5222,34,High,giving@dynamicmarket.com,https://www.dynamicmarket.com,Serving communities with quality products and services while supporting local initiatives that strengthen neighborhoods.,Comprehensive Fortune 1000 Analysis,2025-10-26T20:43:29.686335,Medium
Advanced Retail Inc.,corporation,ADRE,Casper,WY,598,Retail,1612,120900,5197,30,High,giving@advancedretail.com,https://www.advancedretail.com,Building stronger communities through retail excellence and meaningful partnerships with local organizations.,Comprehensive Fortune 1000 Analysis,2025-10-26T20:43:29.686349,Medium
Strategic Stores Enterprises,corporation,STST,Edmond,OK,599,Retail,1608,120600,5171,36,High,marketing@strategicstores.com,https://www.strategicstores.com,Serving communities with quality products and services while supporting local initiatives that strengthen neighborhoods.,Comprehensive Fortune 1000 Analysis,2025-10-26T20:43:29.686372,Medium
Elite Stores Company,corporation,ELST,Sandy Springs,GA,600,Retail,1604,120300,5145,29,High,community@elitestores.com,https://www.elitestores.com,Serving communities with quality products and services while supporting local initiatives that strengthen neighborhoods.,Comprehensive Fortune 1000 Analysis,2025-10-26T20:43:29.686386,Medium
Superior Commerce Systems,corporation,SUCO,Corpus Christi,TX,601,Retail,1600,120000,5120,30,High,marketing@superiorcommerc.com,https://www.superiorcommerc.com,Connecting customers with products they love while investing in community programs that make a difference.,Comprehensive Fortune 1000 Analysis,2025-10-26T20:43:29.686402,High
Elite Outlet Company,corporation,ELOU,Wichita,KS,602,Retail,1596,119700,5094,28,High,community@eliteoutlet.com,https://www.eliteoutlet.com,Connecting customers with products they love while investing in community programs that make a difference.,Comprehensive Fortune 1000 Analysis,2025-10-26T20:43:29.686414,Medium
Superior Outlet Group,corporation,SUOU,Great Falls,MT,603,Retail,1592,119400,5068,27,High,relations@superioroutlet.com,https://www.superioroutlet.com,Connecting customers with products they love while investing in community programs that make a difference.,Comprehensive Fortune 1000 Analysis,2025-10-26T20:43:29.686426,Medium
Superior Retail LLC,corporation,SURE,St. Louis,MO,604,Retail,1588,119100,5043,29,High,community@superiorretail.com,https://www.superiorretail.com,Connecting customers with products they love while investing in community programs that make a difference.,Comprehensive Fortune 1000 Analysis,2025-10-26T20:43:29.686439,Medium
Strategic Mart LLC,corporation,STMA,Ann Arbor,MI,605,Retail,1584,118800,5018,27,High,giving@strategicmart.com,https://www.strategicmart.com,Building stronger communities through retail excellence and meaningful partnerships with local organizations.,Comprehensive Fortune 1000 Analysis,2025-10-26T20:43:29.686451,Medium
Superior Market Group,corporation,SUMA,North Little Rock,AR,606,Retail,1580,118500,4992,29,High,giving@superiormarket.com,https://www.superiormarket.com,Connecting customers with products they love while investing in community programs that make a difference.,Comprehensive Fortune 1000 Analysis,2025-10-26T20:43:29.686463,Medium
Elite Plaza Group,corporation,ELPL,Fairbanks,AK,607,Retail,1576,118200,4967,30,High,giving@eliteplaza.com,https://www.eliteplaza.com,Building stronger communities through retail excellence and meaningful partnerships with local organizations.,Comprehensive Fortune 1000 Analysis,2025-10-26T20:43:29.686479,Medium
Elite Plaza Holdings,corporation,ELPL,Virginia Beach,VA,608,Retail,1572,117900,4942,29,High,community@eliteplaza.com,https://www.eliteplaza.com,Connecting customers with products they love while investing in community programs that make a difference.,Comprehensive Fortune 1000 Analysis,2025-10-26T20:43:29.686495,Medium
Dynamic Market Group,corporation,DYMA,Kalispell,MT,609,Retail,1568,117600,4917,29,High,marketing@dynamicmarket.com,https://www.dynamicmarket.com,Building stronger communities through retail excellence and meaningful partnerships with local organizations.,Comprehensive Fortune 1000 Analysis,2025-10-26T20:43:29.686514,Medium
Professional Plaza Enterprises,corporation,PRPL,Waterloo,IA,610,Retail,1564,117300,4892,34,High,partnerships@professionalpla.com,https://www.professionalpla.com,Building stronger communities through retail excellence and meaningful partnerships with local organizations.,Comprehensive Fortune 1000 Analysis,2025-10-26T20:43:29.686531,Medium
Premier Stores Corporation,corporation,PRST,West Jordan,UT,611,Retail,1560,117000,4867,26,High,relations@premierstores.com,https://www.premierstores.com,Serving communities with quality products and services while supporting local initiatives that strengthen neighborhoods.,Comprehensive Fortune 1000 Analysis,2025-10-26T20:43:29.686542,Medium
Dynamic Outlet Systems,corporation,DYOU,Warren,MI,612,Retail,1556,116700,4842,29,High,partnerships@dynamicoutlet.com,https://www.dynamicoutlet.com,Serving communities with quality products and services while supporting local initiatives that strengthen neighborhoods.,Comprehensive Fortune 1000 Analysis,2025-10-26T20:43:29.686556,Medium
Advanced Plaza Group,corporation,ADPL,San Jose,CA,613,Retail,1552,116400,4817,33,High,marketing@advancedplaza.com,https://www.advancedplaza.com,Serving communities with quality products and services while supporting local initiatives that strengthen neighborhoods.,Comprehensive Fortune 1000 Analysis,2025-10-26T20:43:29.686567,High
Elite Shopping Inc.,corporation,ELSH,East Honolulu,HI,614,Retail,1548,116100,4792,29,High,relations@eliteshopping.com,https://www.eliteshopping.com,Serving communities with quality products and services while supporting local initiatives that strengthen neighborhoods.,Comprehensive Fortune 1000 Analysis,2025-10-26T20:43:29.686579,Medium
Premier Commerce Inc.,corporation,PRCO,Hobbs,NM,615,Retail,1544,115800,4767,34,High,giving@premiercommerce.com,https://www.premiercommerce.com,Building stronger communities through retail excellence and meaningful partnerships with local organizations.,Comprehensive Fortune 1000 Analysis,2025-10-26T20:43:29.686591,Medium
Elite Media Corporation,corporation,ELME,Tempe,AZ,616,Telecommunications,4620,269500,26680,29,High,partnerships@elitemedia.com,https://www.elitemedia.com,Enabling communication and collaboration while supporting community development and educational advancement.,Comprehensive Fortune 1000 Analysis,2025-10-26T20:43:29.686900,Medium
Dynamic Connect Inc.,corporation,DYCO,Allentown,PA,617,Telecommunications,4608,268800,26542,32,High,relations@dynamicconnect.com,https://www.dynamicconnect.com,Bridging distances and connecting people while investing in programs that strengthen community bonds.,Comprehensive Fortune 1000 Analysis,2025-10-26T20:43:29.686923,Medium
Advanced Media Group,corporation,ADME,Atlanta,GA,618,Telecommunications,4596,268100,26404,37,High,partnerships@advancedmedia.com,https://www.advancedmedia.com,Enabling communication and collaboration while supporting community development and educational advancement.,Comprehensive Fortune 1000 Analysis,2025-10-26T20:43:29.686949,Medium
Superior Media Corporation,corporation,SUME,Meridian,MS,619,Telecommunications,4584,267400,26266,35,High,relations@superiormedia.com,https://www.superiormedia.com,Enabling communication and collaboration while supporting community development and educational advancement.,Comprehensive Fortune 1000 Analysis,2025-10-26T20:43:29.686961,Medium
Elite Telecom Group,corporation,ELTE,Chandler,AZ,620,Telecommunications,4572,266700,26128,33,High,giving@elitetelecom.com,https://www.elitetelecom.com,Connecting communities through advanced communication technologies while supporting education and cultural initiatives.,Comprehensive Fortune 1000 Analysis,2025-10-26T20:43:29.686975,Medium
Innovative Cable LLC,corporation,INCA,West Fargo,ND,621,Telecommunications,4560,266000,25992,35,High,relations@innovativecable.com,https://www.innovativecable.com,Bridging distances and connecting people while investing in programs that strengthen community bonds.,Comprehensive Fortune 1000 Analysis,2025-10-26T20:43:29.686987,Medium
Elite Telecom Enterprises,corporation,ELTE,Huntsville,AL,622,Telecommunications,4548,265300,25855,34,High,giving@elitetelecom.com,https://www.elitetelecom.com,Connecting communities through advanced communication technologies while supporting education and cultural initiatives.,Comprehensive Fortune 1000 Analysis,2025-10-26T20:43:29.686998,Medium
Dynamic Connect Enterprises,corporation,DYCO,North Little Rock,AR,623,Telecommunications,4536,264600,25719,33,High,relations@dynamicconnect.com,https://www.dynamicconnect.com,Connecting communities through advanced communication technologies while supporting education and cultural initiatives.,Comprehensive Fortune 1000 Analysis,2025-10-26T20:43:29.687009,Medium
Innovative Wireless Enterprises,corporation,INWI,Houston,TX,624,Telecommunications,4524,263900,25583,32,High,relations@innovativewirel.com,https://www.innovativewirel.com,Connecting communities through advanced communication technologies while supporting education and cultural initiatives.,Comprehensive Fortune 1000 Analysis,2025-10-26T20:43:29.687022,High
Strategic Connect Corporation,corporation,STCO,Hampton,VA,625,Telecommunications,4512,263200,25447,28,High,marketing@strategicconnec.com,https://www.strategicconnec.com,Bridging distances and connecting people while investing in programs that strengthen community bonds.,Comprehensive Fortune 1000 Analysis,2025-10-26T20:43:29.687037,Medium
Professional Wireless Systems,corporation,PRWI,Chicago,IL,626,Telecommunications,4500,262500,25312,33,High,partnerships@professionalwir.com,https://www.professionalwir.com,Bridging distances and connecting people while investing in programs that strengthen community bonds.,Comprehensive Fortune 1000 Analysis,2025-10-26T20:43:29.687049,High
Advanced Telecom Company,corporation,ADTE,Thornton,CO,627,Telecommunications,4488,261800,25177,29,High,community@advancedtelecom.com,https://www.advancedtelecom.com,Enabling communication and collaboration while supporting community development and educational advancement.,Comprehensive Fortune 1000 Analysis,2025-10-26T20:43:29.687061,High
Advanced Communications Company,corporation,ADCO,New Orleans,LA,628,Telecommunications,4476,261100,25043,29,High,community@advancedcommuni.com,https://www.advancedcommuni.com,Bridging distances and connecting people while investing in programs that strengthen community bonds.,Comprehensive Fortune 1000 Analysis,2025-10-26T20:43:29.687072,Medium
Advanced Wireless Corporation,corporation,ADWI,Buffalo,NY,629,Telecommunications,4464,260400,24909,35,High,community@advancedwireles.com,https://www.advancedwireles.com,Enabling communication and collaboration while supporting community development and educational advancement.,Comprehensive Fortune 1000 Analysis,2025-10-26T20:43:29.687085,High
Professional Connect Group,corporation,PRCO,Idaho Falls,ID,630,Telecommunications,4452,259700,24775,35,High,marketing@professionalcon.com,https://www.professionalcon.com,Enabling communication and collaboration while supporting community development and educational advancement.,Comprehensive Fortune 1000 Analysis,2025-10-26T20:43:29.687097,Medium
Dynamic Telecom Enterprises,corporation,DYTE,Raleigh,NC,631,Telecommunications,4440,259000,24642,37,High,relations@dynamictelecom.com,https://www.dynamictelecom.com,Connecting communities through advanced communication technologies while supporting education and cultural initiatives.,Comprehensive Fortune 1000 Analysis,2025-10-26T20:43:29.687108,Medium
Dynamic Telecom Corporation,corporation,DYTE,Edmond,OK,632,Telecommunications,4428,258300,24508,33,High,marketing@dynamictelecom.com,https://www.dynamictelecom.com,Bridging distances and connecting people while investing in programs that strengthen community bonds.,Comprehensive Fortune 1000 Analysis,2025-10-26T20:43:29.687118,Medium
Elite Communications LLC,corporation,ELCO,Oklahoma City,OK,633,Telecommunications,4416,257600,24376,35,High,partnerships@elitecommunicat.com,https://www.elitecommunicat.com,Bridging distances and connecting people while investing in programs that strengthen community bonds.,Comprehensive Fortune 1000 Analysis,2025-10-26T20:43:29.687130,Medium
Premier Mobile Corporation,corporation,PRMO,Cranston,RI,634,Telecommunications,4404,256900,24244,32,High,giving@premiermobile.com,https://www.premiermobile.com,Enabling communication and collaboration while supporting community development and educational advancement.,Comprehensive Fortune 1000 Analysis,2025-10-26T20:43:29.687140,Medium
Professional Wireless Inc.,corporation,PRWI,Corpus Christi,TX,635,Telecommunications,4392,256200,24112,31,High,partnerships@professionalwir.com,https://www.professionalwir.com,Connecting communities through advanced communication technologies while supporting education and cultural initiatives.,Comprehensive Fortune 1000 Analysis,2025-10-26T20:43:29.687152,High
Premier Connect Systems,corporation,PRCO,Detroit,MI,636,Telecommunications,4380,255500,23980,27,High,community@premierconnect.com,https://www.premierconnect.com,Bridging distances and connecting people while investing in programs that strengthen community bonds.,Comprehensive Fortune 1000 Analysis,2025-10-26T20:43:29.687163,Medium
Elite Network Enterprises,corporation,ELNE,Smyrna,DE,637,Telecommunications,4368,254800,23849,33,High,community@elitenetwork.com,https://www.elitenetwork.com,Enabling communication and collaboration while supporting community development and educational advancement.,Comprehensive Fortune 1000 Analysis,2025-10-26T20:43:29.687174,Medium
Premier Connect Holdings,corporation,PRCO,Hobbs,NM,638,Telecommunications,4356,254100,23718,29,High,marketing@premierconnect.com,https://www.premierconnect.com,Enabling communication and collaboration while supporting community development and educational advancement.,Comprehensive Fortune 1000 Analysis,2025-10-26T20:43:29.687186,Medium
Innovative Telecom Inc.,corporation,INTE,Waukesha,WI,639,Telecommunications,4344,253400,23587,33,High,marketing@innovativetelec.com,https://www.innovativetelec.com,Bridging distances and connecting people while investing in programs that strengthen community bonds.,Comprehensive Fortune 1000 Analysis,2025-10-26T20:43:29.687202,Medium
Dynamic Network Enterprises,corporation,DYNE,Chicago,IL,640,Telecommunications,4332,252700,23457,37,High,relations@dynamicnetwork.com,https://www.dynamicnetwork.com,Connecting communities through advanced communication technologies while supporting education and cultural initiatives.,Comprehensive Fortune 1000 Analysis,2025-10-26T20:43:29.687214,High
Strategic Wireless Inc.,corporation,STWI,Bowling Green,KY,641,Telecommunications,4320,252000,23328,30,High,partnerships@strategicwirele.com,https://www.strategicwirele.com,Connecting communities through advanced communication technologies while supporting education and cultural initiatives.,Comprehensive Fortune 1000 Analysis,2025-10-26T20:43:29.687226,Medium
Premier Media Systems,corporation,PRME,Hialeah,FL,642,Telecommunications,4308,251300,23198,34,High,partnerships@premiermedia.com,https://www.premiermedia.com,Bridging distances and connecting people while investing in programs that strengthen community bonds.,Comprehensive Fortune 1000 Analysis,2025-10-26T20:43:29.687238,High
Advanced Connect Inc.,corporation,ADCO,Gaithersburg,MD,643,Telecommunications,4296,250600,23069,36,High,giving@advancedconnect.com,https://www.advancedconnect.com,Bridging distances and connecting people while investing in programs that strengthen community bonds.,Comprehensive Fortune 1000 Analysis,2025-10-26T20:43:29.687252,Medium
Dynamic Cable Inc.,corporation,DYCA,Albuquerque,NM,644,Telecommunications,4284,249900,22940,30,High,partnerships@dynamiccable.com,https://www.dynamiccable.com,Bridging distances and connecting people while investing in programs that strengthen community bonds.,Comprehensive Fortune 1000 Analysis,2025-10-26T20:43:29.687263,Medium
Professional Connect LLC,corporation,PRCO,Murfreesboro,TN,645,Telecommunications,4272,249200,22812,33,High,marketing@professionalcon.com,https://www.professionalcon.com,Bridging distances and connecting people while investing in programs that strengthen community bonds.,Comprehensive Fortune 1000 Analysis,2025-10-26T20:43:29.687275,Medium
Strategic Wireless Group,corporation,STWI,Charleston,WV,646,Telecommunications,4260,248500,22684,29,High,community@strategicwirele.com,https://www.strategicwirele.com,Bridging distances and connecting people while investing in programs that strengthen community bonds.,Comprehensive Fortune 1000 Analysis,2025-10-26T20:43:29.687287,Medium
Premier Connect Enterprises,corporation,PRCO,Springfield,MA,647,Telecommunications,4248,247800,22556,32,High,marketing@premierconnect.com,https://www.premierconnect.com,Connecting communities through advanced communication technologies while supporting education and cultural initiatives.,Comprehensive Fortune 1000 Analysis,2025-10-26T20:43:29.687298,High
Strategic Mobile Corporation,corporation,STMO,Waterloo,IA,648,Telecommunications,4236,247100,22429,36,High,marketing@strategicmobile.com,https://www.strategicmobile.com,Connecting communities through advanced communication technologies while supporting education and cultural initiatives.,Comprehensive Fortune 1000 Analysis,2025-10-26T20:43:29.687308,Medium
Elite Network Corporation,corporation,ELNE,Moore,OK,649,Telecommunications,4224,246400,22302,31,High,giving@elitenetwork.com,https://www.elitenetwork.com,Connecting communities through advanced communication technologies while supporting education and cultural initiatives.,Comprehensive Fortune 1000 Analysis,2025-10-26T20:43:29.687318,Medium
Superior Communications Enterprises,corporation,SUCO,Sandy Springs,GA,650,Telecommunications,4212,245699,22176,31,High,relations@superiorcommuni.com,https://www.superiorcommuni.com,Enabling communication and collaboration while supporting community development and educational advancement.,Comprehensive Fortune 1000 Analysis,2025-10-26T20:43:29.687331,Medium
Superior Mobile LLC,corporation,SUMO,Stamford,CT,651,Telecommunications,4200,244999,22050,36,High,relations@superiormobile.com,https://www.superiormobile.com,Enabling communication and collaboration while supporting community development and educational advancement.,Comprehensive Fortune 1000 Analysis,2025-10-26T20:43:29.687406,Medium
Premier Cable Holdings,corporation,PRCA,South Portland,ME,652,Telecommunications,4188,244299,21924,33,High,giving@premiercable.com,https://www.premiercable.com,Connecting communities through advanced communication technologies while supporting education and cultural initiatives.,Comprehensive Fortune 1000 Analysis,2025-10-26T20:43:29.687416,Medium
Elite Media Holdings,corporation,ELME,Columbus,GA,653,Telecommunications,4176,243599,21798,27,High,marketing@elitemedia.com,https://www.elitemedia.com,Enabling communication and collaboration while supporting community development and educational advancement.,Comprehensive Fortune 1000 Analysis,2025-10-26T20:43:29.687426,Medium
Premier Wireless LLC,corporation,PRWI,Scottsdale,AZ,654,Telecommunications,4164,242899,21673,31,High,marketing@premierwireless.com,https://www.premierwireless.com,Connecting communities through advanced communication technologies while supporting education and cultural initiatives.,Comprehensive Fortune 1000 Analysis,2025-10-26T20:43:29.687437,Medium
Dynamic Network Company,corporation,DYNE,Independence,MO,655,Telecommunications,4152,242199,21548,27,High,marketing@dynamicnetwork.com,https://www.dynamicnetwork.com,Enabling communication and collaboration while supporting community development and educational advancement.,Comprehensive Fortune 1000 Analysis,2025-10-26T20:43:29.687449,Medium
Superior Telecom Enterprises,corporation,SUTE,Salem,OR,656,Telecommunications,4140,241499,21424,27,High,marketing@superiortelecom.com,https://www.superiortelecom.com,Connecting communities through advanced communication technologies while supporting education and cultural initiatives.,Comprehensive Fortune 1000 Analysis,2025-10-26T20:43:29.687459,Medium
Elite Network Group,corporation,ELNE,Rutland,VT,657,Telecommunications,4128,240799,21300,28,High,marketing@elitenetwork.com,https://www.elitenetwork.com,Connecting communities through advanced communication technologies while supporting education and cultural initiatives.,Comprehensive Fortune 1000 Analysis,2025-10-26T20:43:29.687468,Medium
Strategic Media Systems,corporation,STME,Durham,NC,658,Telecommunications,4116,240100,21176,28,High,partnerships@strategicmedia.com,https://www.strategicmedia.com,Connecting communities through advanced communication technologies while supporting education and cultural initiatives.,Comprehensive Fortune 1000 Analysis,2025-10-26T20:43:29.687478,Medium
Advanced Network Enterprises,corporation,ADNE,Ann Arbor,MI,659,Telecommunications,4104,239400,21053,32,High,giving@advancednetwork.com,https://www.advancednetwork.com,Connecting communities through advanced communication technologies while supporting education and cultural initiatives.,Comprehensive Fortune 1000 Analysis,2025-10-26T20:43:29.687488,Medium
Advanced Cable Holdings,corporation,ADCA,Hialeah,FL,660,Telecommunications,4092,238700,20930,27,High,community@advancedcable.com,https://www.advancedcable.com,Enabling communication and collaboration while supporting community development and educational advancement.,Comprehensive Fortune 1000 Analysis,2025-10-26T20:43:29.687499,High
Advanced Aviation Holdings,corporation,ADAV,Juneau,AK,661,Transportation,2380,153000,8092,24,Medium,community@advancedaviatio.com,https://www.advancedaviatio.com,Facilitating commerce and travel while building stronger communities through strategic partnerships.,Comprehensive Fortune 1000 Analysis,2025-10-26T20:43:29.687763,Medium
Superior Freight Group,corporation,SUFR,Beckley,WV,662,Transportation,2373,152550,8044,25,Medium,relations@superiorfreight.com,https://www.superiorfreight.com,Connecting communities through reliable transportation while investing in local initiatives and cultural programs.,Comprehensive Fortune 1000 Analysis,2025-10-26T20:43:29.687787,Medium
Elite Rail Holdings,corporation,ELRA,Cranston,RI,663,Transportation,2366,152100,7997,26,Medium,community@eliterail.com,https://www.eliterail.com,Moving people and goods efficiently while supporting community development and educational opportunities.,Comprehensive Fortune 1000 Analysis,2025-10-26T20:43:29.687802,Medium
Elite Shipping Holdings,corporation,ELSH,Kaneohe,HI,664,Transportation,2359,151650,7949,24,Medium,partnerships@eliteshipping.com,https://www.eliteshipping.com,Facilitating commerce and travel while building stronger communities through strategic partnerships.,Comprehensive Fortune 1000 Analysis,2025-10-26T20:43:29.687815,Medium
Premier Express Inc.,corporation,PREX,Lexington,KY,665,Transportation,2352,151200,7902,22,Medium,community@premierexpress.com,https://www.premierexpress.com,Facilitating commerce and travel while building stronger communities through strategic partnerships.,Comprehensive Fortune 1000 Analysis,2025-10-26T20:43:29.687829,Medium
Dynamic Express Systems,corporation,DYEX,Rochester,MN,666,Transportation,2345,150750,7855,26,Medium,community@dynamicexpress.com,https://www.dynamicexpress.com,Facilitating commerce and travel while building stronger communities through strategic partnerships.,Comprehensive Fortune 1000 Analysis,2025-10-26T20:43:29.687841,Medium
Innovative Logistics Group,corporation,INLO,Merrimack,NH,667,Transportation,2338,150300,7808,21,Medium,community@innovativelogis.com,https://www.innovativelogis.com,Connecting communities through reliable transportation while investing in local initiatives and cultural programs.,Comprehensive Fortune 1000 Analysis,2025-10-26T20:43:29.687854,Medium
Superior Freight Company,corporation,SUFR,Springdale,AR,668,Transportation,2331,149850,7762,21,Medium,giving@superiorfreight.com,https://www.superiorfreight.com,Facilitating commerce and travel while building stronger communities through strategic partnerships.,Comprehensive Fortune 1000 Analysis,2025-10-26T20:43:29.687868,Medium
Dynamic Rail Company,corporation,DYRA,Aurora,IL,669,Transportation,2324,149400,7715,24,Medium,partnerships@dynamicrail.com,https://www.dynamicrail.com,Moving people and goods efficiently while supporting community development and educational opportunities.,Comprehensive Fortune 1000 Analysis,2025-10-26T20:43:29.687885,High
Professional Rail LLC,corporation,PRRA,Edmond,OK,670,Transportation,2317,148950,7669,22,Medium,marketing@professionalrai.com,https://www.professionalrai.com,Moving people and goods efficiently while supporting community development and educational opportunities.,Comprehensive Fortune 1000 Analysis,2025-10-26T20:43:29.687897,Medium
Professional Rail LLC,corporation,PRRA,North Las Vegas,NV,671,Transportation,2310,148500,7623,18,Medium,partnerships@professionalrai.com,https://www.professionalrai.com,Moving people and goods efficiently while supporting community development and educational opportunities.,Comprehensive Fortune 1000 Analysis,2025-10-26T20:43:29.687907,Medium
Dynamic Rail Corporation,corporation,DYRA,Erie,PA,672,Transportation,2303,148050,7576,26,Medium,community@dynamicrail.com,https://www.dynamicrail.com,Facilitating commerce and travel while building stronger communities through strategic partnerships.,Comprehensive Fortune 1000 Analysis,2025-10-26T20:43:29.687918,Medium
Advanced Express Systems,corporation,ADEX,Oklahoma City,OK,673,Transportation,2296,147600,7530,20,Medium,partnerships@advancedexpress.com,https://www.advancedexpress.com,Facilitating commerce and travel while building stronger communities through strategic partnerships.,Comprehensive Fortune 1000 Analysis,2025-10-26T20:43:29.687929,Medium
Strategic Rail Company,corporation,STRA,Raleigh,NC,674,Transportation,2289,147150,7485,19,Medium,partnerships@strategicrail.com,https://www.strategicrail.com,Facilitating commerce and travel while building stronger communities through strategic partnerships.,Comprehensive Fortune 1000 Analysis,2025-10-26T20:43:29.687946,Medium
Advanced Freight Systems,corporation,ADFR,Baton Rouge,LA,675,Transportation,2282,146700,7439,26,Medium,partnerships@advancedfreight.com,https://www.advancedfreight.com,Connecting communities through reliable transportation while investing in local initiatives and cultural programs.,Comprehensive Fortune 1000 Analysis,2025-10-26T20:43:29.687956,Medium
Professional Freight LLC,corporation,PRFR,Sanford,ME,676,Transportation,2275,146250,7393,25,Medium,giving@professionalfre.com,https://www.professionalfre.com,Moving people and goods efficiently while supporting community development and educational opportunities.,Comprehensive Fortune 1000 Analysis,2025-10-26T20:43:29.687967,Medium
Strategic Transport Group,corporation,STTR,Tallahassee,FL,677,Transportation,2268,145800,7348,21,Medium,marketing@strategictransp.com,https://www.strategictransp.com,Connecting communities through reliable transportation while investing in local initiatives and cultural programs.,Comprehensive Fortune 1000 Analysis,2025-10-26T20:43:29.687977,High
Premier Logistics Company,corporation,PRLO,Eugene,OR,678,Transportation,2261,145350,7303,27,Medium,giving@premierlogistic.com,https://www.premierlogistic.com,Facilitating commerce and travel while building stronger communities through strategic partnerships.,Comprehensive Fortune 1000 Analysis,2025-10-26T20:43:29.687988,Medium
Advanced Express LLC,corporation,ADEX,Ogden,UT,679,Transportation,2254,144900,7257,17,Medium,partnerships@advancedexpress.com,https://www.advancedexpress.com,Moving people and goods efficiently while supporting community development and educational opportunities.,Comprehensive Fortune 1000 Analysis,2025-10-26T20:43:29.687998,Medium
Premier Logistics LLC,corporation,PRLO,Rio Rancho,NM,680,Transportation,2247,144450,7212,24,Medium,partnerships@premierlogistic.com,https://www.premierlogistic.com,Connecting communities through reliable transportation while investing in local initiatives and cultural programs.,Comprehensive Fortune 1000 Analysis,2025-10-26T20:43:29.688008,Medium
Advanced Shipping Inc.,corporation,ADSH,Fort Worth,TX,681,Transportation,2240,144000,7168,26,Medium,marketing@advancedshippin.com,https://www.advancedshippin.com,Moving people and goods efficiently while supporting community development and educational opportunities.,Comprehensive Fortune 1000 Analysis,2025-10-26T20:43:29.688018,High
Premier Logistics Group,corporation,PRLO,Fishers,IN,682,Transportation,2233,143550,7123,25,Medium,community@premierlogistic.com,https://www.premierlogistic.com,Moving people and goods efficiently while supporting community development and educational opportunities.,Comprehensive Fortune 1000 Analysis,2025-10-26T20:43:29.688029,Medium
Superior Express Company,corporation,SUEX,Broken Arrow,OK,683,Transportation,2226,143100,7078,27,Medium,relations@superiorexpress.com,https://www.superiorexpress.com,Connecting communities through reliable transportation while investing in local initiatives and cultural programs.,Comprehensive Fortune 1000 Analysis,2025-10-26T20:43:29.688040,Medium
Strategic Freight Group,corporation,STFR,Grand Forks,ND,684,Transportation,2219,142650,7034,20,Medium,community@strategicfreigh.com,https://www.strategicfreigh.com,Connecting communities through reliable transportation while investing in local initiatives and cultural programs.,Comprehensive Fortune 1000 Analysis,2025-10-26T20:43:29.688050,Medium
Innovative Transport Group,corporation,INTR,Fremont,NE,685,Transportation,2212,142200,6989,21,Medium,relations@innovativetrans.com,https://www.innovativetrans.com,Connecting communities through reliable transportation while investing in local initiatives and cultural programs.,Comprehensive Fortune 1000 Analysis,2025-10-26T20:43:29.688060,Medium
Elite Express Enterprises,corporation,ELEX,Kearney,NE,686,Transportation,2205,141750,6945,23,Medium,giving@eliteexpress.com,https://www.eliteexpress.com,Facilitating commerce and travel while building stronger communities through strategic partnerships.,Comprehensive Fortune 1000 Analysis,2025-10-26T20:43:29.688070,Medium
Innovative Express Company,corporation,INEX,Meridian,MS,687,Transportation,2198,141300,6901,24,Medium,community@innovativeexpre.com,https://www.innovativeexpre.com,Facilitating commerce and travel while building stronger communities through strategic partnerships.,Comprehensive Fortune 1000 Analysis,2025-10-26T20:43:29.688081,Medium
Premier Rail Group,corporation,PRRA,Waterloo,IA,688,Transportation,2191,140850,6857,25,Medium,partnerships@premierrail.com,https://www.premierrail.com,Moving people and goods efficiently while supporting community development and educational opportunities.,Comprehensive Fortune 1000 Analysis,2025-10-26T20:43:29.688091,Medium
Premier Shipping LLC,corporation,PRSH,Tampa,FL,689,Transportation,2184,140400,6814,17,Medium,community@premiershipping.com,https://www.premiershipping.com,Moving people and goods efficiently while supporting community development and educational opportunities.,Comprehensive Fortune 1000 Analysis,2025-10-26T20:43:29.688103,High
Superior Freight Enterprises,corporation,SUFR,Miami,FL,690,Transportation,2177,139950,6770,19,Medium,partnerships@superiorfreight.com,https://www.superiorfreight.com,Facilitating commerce and travel while building stronger communities through strategic partnerships.,Comprehensive Fortune 1000 Analysis,2025-10-26T20:43:29.688113,High
Superior Airlines LLC,corporation,SUAI,Denver,CO,691,Transportation,2170,139500,6727,18,Medium,partnerships@superiorairline.com,https://www.superiorairline.com,Facilitating commerce and travel while building stronger communities through strategic partnerships.,Comprehensive Fortune 1000 Analysis,2025-10-26T20:43:29.688123,High
Elite Aviation Systems,corporation,ELAV,Tupelo,MS,692,Transportation,2163,139050,6683,26,Medium,relations@eliteaviation.com,https://www.eliteaviation.com,Moving people and goods efficiently while supporting community development and educational opportunities.,Comprehensive Fortune 1000 Analysis,2025-10-26T20:43:29.688133,Medium
Dynamic Express Inc.,corporation,DYEX,Salem,OR,693,Transportation,2156,138600,6640,17,Medium,marketing@dynamicexpress.com,https://www.dynamicexpress.com,Connecting communities through reliable transportation while investing in local initiatives and cultural programs.,Comprehensive Fortune 1000 Analysis,2025-10-26T20:43:29.688142,Medium
Superior Shipping Corporation,corporation,SUSH,Rogers,AR,694,Transportation,2149,138150,6597,16,Medium,community@superiorshippin.com,https://www.superiorshippin.com,Connecting communities through reliable transportation while investing in local initiatives and cultural programs.,Comprehensive Fortune 1000 Analysis,2025-10-26T20:43:29.688152,Medium
Superior Shipping Inc.,corporation,SUSH,Clovis,NM,695,Transportation,2142,137700,6554,18,Medium,partnerships@superiorshippin.com,https://www.superiorshippin.com,Moving people and goods efficiently while supporting community development and educational opportunities.,Comprehensive Fortune 1000 Analysis,2025-10-26T20:43:29.688162,Medium
Dynamic Airlines LLC,corporation,DYAI,Bossier City,LA,696,Transportation,2135,137250,6511,19,Medium,giving@dynamicairlines.com,https://www.dynamicairlines.com,Connecting communities through reliable transportation while investing in local initiatives and cultural programs.,Comprehensive Fortune 1000 Analysis,2025-10-26T20:43:29.688171,Medium
Superior Transport Group,corporation,SUTR,Canton,OH,697,Transportation,2128,136800,6469,20,Medium,giving@superiortranspo.com,https://www.superiortranspo.com,Moving people and goods efficiently while supporting community development and educational opportunities.,Comprehensive Fortune 1000 Analysis,2025-10-26T20:43:29.688181,Medium
Innovative Logistics Systems,corporation,INLO,Mount Vernon,NY,698,Transportation,2121,136350,6426,25,Medium,community@innovativelogis.com,https://www.innovativelogis.com,Moving people and goods efficiently while supporting community development and educational opportunities.,Comprehensive Fortune 1000 Analysis,2025-10-26T20:43:29.688192,High
Professional Aviation Enterprises,corporation,PRAV,Greenville,MS,699,Transportation,2114,135900,6384,23,Medium,marketing@professionalavi.com,https://www.professionalavi.com,Connecting communities through reliable transportation while investing in local initiatives and cultural programs.,Comprehensive Fortune 1000 Analysis,2025-10-26T20:43:29.688203,Medium
Professional Airlines Company,corporation,PRAI,Dallas,TX,700,Transportation,2107,135450,6342,16,Medium,partnerships@professionalair.com,https://www.professionalair.com,Moving people and goods efficiently while supporting community development and educational opportunities.,Comprehensive Fortune 1000 Analysis,2025-10-26T20:43:29.688215,High
Superior Airlines Systems,corporation,SUAI,San Diego,CA,701,Transportation,2100,135000,6300,18,Medium,community@superiorairline.com,https://www.superiorairline.com,Connecting communities through reliable transportation while investing in local initiatives and cultural programs.,Comprehensive Fortune 1000 Analysis,2025-10-26T20:43:29.688225,High
Professional Transport Systems,corporation,PRTR,Oklahoma City,OK,702,Transportation,2093,134550,6258,16,Medium,partnerships@professionaltra.com,https://www.professionaltra.com,Moving people and goods efficiently while supporting community development and educational opportunities.,Comprehensive Fortune 1000 Analysis,2025-10-26T20:43:29.688235,Medium
Innovative Shipping LLC,corporation,INSH,Hobbs,NM,703,Transportation,2086,134100,6216,17,Medium,partnerships@innovativeshipp.com,https://www.innovativeshipp.com,Facilitating commerce and travel while building stronger communities through strategic partnerships.,Comprehensive Fortune 1000 Analysis,2025-10-26T20:43:29.688245,Medium
Professional Aviation Holdings,corporation,PRAV,Council Bluffs,IA,704,Transportation,2079,133650,6174,20,Medium,community@professionalavi.com,https://www.professionalavi.com,Moving people and goods efficiently while supporting community development and educational opportunities.,Comprehensive Fortune 1000 Analysis,2025-10-26T20:43:29.688256,Medium
Superior Transport Group,corporation,SUTR,Lewiston,ME,705,Transportation,2072,133200,6133,20,Medium,community@superiortranspo.com,https://www.superiortranspo.com,Facilitating commerce and travel while building stronger communities through strategic partnerships.,Comprehensive Fortune 1000 Analysis,2025-10-26T20:43:29.688266,Medium
Superior Rail Corporation,corporation,SURA,Kalispell,MT,706,Transportation,2065,132750,6091,22,Medium,marketing@superiorrail.com,https://www.superiorrail.com,Moving people and goods efficiently while supporting community development and educational opportunities.,Comprehensive Fortune 1000 Analysis,2025-10-26T20:43:29.688275,Medium
Professional Shipping Inc.,corporation,PRSH,Honolulu,HI,707,Transportation,2058,132300,6050,25,Medium,marketing@professionalshi.com,https://www.professionalshi.com,Connecting communities through reliable transportation while investing in local initiatives and cultural programs.,Comprehensive Fortune 1000 Analysis,2025-10-26T20:43:29.688285,Medium
Innovative Aviation Systems,corporation,INAV,Flint,MI,708,Transportation,2051,131850,6009,16,Medium,partnerships@innovativeaviat.com,https://www.innovativeaviat.com,Connecting communities through reliable transportation while investing in local initiatives and cultural programs.,Comprehensive Fortune 1000 Analysis,2025-10-26T20:43:29.688295,Medium
Innovative Airlines Holdings,corporation,INAI,Dickinson,ND,709,Transportation,2043,131400,5965,18,Medium,relations@innovativeairli.com,https://www.innovativeairli.com,Connecting communities through reliable transportation while investing in local initiatives and cultural programs.,Comprehensive Fortune 1000 Analysis,2025-10-26T20:43:29.688306,Medium
Professional Aviation Company,corporation,PRAV,Fort Smith,AR,710,Transportation,2036,130949,5924,16,Medium,marketing@professionalavi.com,https://www.professionalavi.com,Facilitating commerce and travel while building stronger communities through strategic partnerships.,Comprehensive Fortune 1000 Analysis,2025-10-26T20:43:29.688317,Medium
Innovative Aviation Corporation,corporation,INAV,Murfreesboro,TN,711,Transportation,2029,130499,5884,15,Medium,community@innovativeaviat.com,https://www.innovativeaviat.com,Moving people and goods efficiently while supporting community development and educational opportunities.,Comprehensive Fortune 1000 Analysis,2025-10-26T20:43:29.688327,Medium
Strategic Airlines Systems,corporation,STAI,Laramie,WY,712,Transportation,2022,130049,5843,17,Medium,community@strategicairlin.com,https://www.strategicairlin.com,Connecting communities through reliable transportation while investing in local initiatives and cultural programs.,Comprehensive Fortune 1000 Analysis,2025-10-26T20:43:29.688339,Medium
Premier Aviation Inc.,corporation,PRAV,Orem,UT,713,Transportation,2015,129599,5803,23,Medium,marketing@premieraviation.com,https://www.premieraviation.com,Facilitating commerce and travel while building stronger communities through strategic partnerships.,Comprehensive Fortune 1000 Analysis,2025-10-26T20:43:29.688350,Medium
Superior Rail Group,corporation,SURA,Dover,NH,714,Transportation,2008,129149,5762,19,Medium,giving@superiorrail.com,https://www.superiorrail.com,Moving people and goods efficiently while supporting community development and educational opportunities.,Comprehensive Fortune 1000 Analysis,2025-10-26T20:43:29.688359,Medium
Professional Airlines LLC,corporation,PRAI,Scranton,PA,715,Transportation,2001,128699,5722,15,Medium,marketing@professionalair.com,https://www.professionalair.com,Facilitating commerce and travel while building stronger communities through strategic partnerships.,Comprehensive Fortune 1000 Analysis,2025-10-26T20:43:29.688369,Medium
Innovative Express Group,corporation,INEX,San Francisco,CA,716,Transportation,1994,128249,5682,20,Medium,relations@innovativeexpre.com,https://www.innovativeexpre.com,Connecting communities through reliable transportation while investing in local initiatives and cultural programs.,Comprehensive Fortune 1000 Analysis,2025-10-26T20:43:29.688380,High
Innovative Aviation Systems,corporation,INAV,Lansing,MI,717,Transportation,1987,127799,5643,21,Medium,community@innovativeaviat.com,https://www.innovativeaviat.com,Facilitating commerce and travel while building stronger communities through strategic partnerships.,Comprehensive Fortune 1000 Analysis,2025-10-26T20:43:29.688391,Medium
Elite Rail Systems,corporation,ELRA,Council Bluffs,IA,718,Transportation,1980,127349,5603,17,Medium,giving@eliterail.com,https://www.eliterail.com,Moving people and goods efficiently while supporting community development and educational opportunities.,Comprehensive Fortune 1000 Analysis,2025-10-26T20:43:29.688401,Medium
Strategic Airlines Group,corporation,STAI,Naperville,IL,719,Transportation,1973,126899,5563,17,Medium,marketing@strategicairlin.com,https://www.strategicairlin.com,Facilitating commerce and travel while building stronger communities through strategic partnerships.,Comprehensive Fortune 1000 Analysis,2025-10-26T20:43:29.688412,High
Strategic Rail Enterprises,corporation,STRA,Eau Claire,WI,720,Transportation,1967,126450,5527,15,Medium,marketing@strategicrail.com,https://www.strategicrail.com,Facilitating commerce and travel while building stronger communities through strategic partnerships.,Comprehensive Fortune 1000 Analysis,2025-10-26T20:43:29.688422,Medium
Professional Shipping Holdings,corporation,PRSH,Gilbert,AZ,721,Transportation,1960,126000,5488,15,Medium,partnerships@professionalshi.com,https://www.professionalshi.com,Connecting communities through reliable transportation while investing in local initiatives and cultural programs.,Comprehensive Fortune 1000 Analysis,2025-10-26T20:43:29.688433,Medium
Elite Rail Company,corporation,ELRA,Kansas City,MO,722,Transportation,1953,125550,5448,18,Medium,giving@eliterail.com,https://www.eliterail.com,Connecting communities through reliable transportation while investing in local initiatives and cultural programs.,Comprehensive Fortune 1000 Analysis,2025-10-26T20:43:29.688442,Medium
Superior Logistics LLC,corporation,SULO,Spokane,WA,723,Transportation,1946,125100,5409,16,Medium,giving@superiorlogisti.com,https://www.superiorlogisti.com,Connecting communities through reliable transportation while investing in local initiatives and cultural programs.,Comprehensive Fortune 1000 Analysis,2025-10-26T20:43:29.688452,High
Strategic Logistics Enterprises,corporation,STLO,Sioux Falls,SD,724,Transportation,1939,124650,5371,20,Medium,marketing@strategiclogist.com,https://www.strategiclogist.com,Connecting communities through reliable transportation while investing in local initiatives and cultural programs.,Comprehensive Fortune 1000 Analysis,2025-10-26T20:43:29.688462,Medium
Premier Airlines Company,corporation,PRAI,Tupelo,MS,725,Transportation,1932,124200,5332,24,Medium,relations@premierairlines.com,https://www.premierairlines.com,Facilitating commerce and travel while building stronger communities through strategic partnerships.,Comprehensive Fortune 1000 Analysis,2025-10-26T20:43:29.688472,Medium
Elite Publishing Holdings,corporation,ELPU,Springfield,MA,726,Media & Entertainment,2750,275000,13612,25,High,giving@elitepublishing.com,https://www.elitepublishing.com,"Entertaining audiences while enriching communities through support of arts, education, and cultural development.",Comprehensive Fortune 1000 Analysis,2025-10-26T20:43:29.688752,High
Innovative Media Company,corporation,INME,Overland Park,KS,727,Media & Entertainment,2740,274000,13513,23,High,partnerships@innovativemedia.com,https://www.innovativemedia.com,Bringing stories to life while investing in community arts initiatives and educational programs that foster creativity.,Comprehensive Fortune 1000 Analysis,2025-10-26T20:43:29.688769,Medium
Dynamic Studios Group,corporation,DYST,Billings,MT,728,Media & Entertainment,2730,273000,13415,24,High,giving@dynamicstudios.com,https://www.dynamicstudios.com,"Entertaining audiences while enriching communities through support of arts, education, and cultural development.",Comprehensive Fortune 1000 Analysis,2025-10-26T20:43:29.688785,Medium
Premier Broadcasting Enterprises,corporation,PRBR,Richmond,VA,729,Media & Entertainment,2720,272000,13317,30,High,sponsorships@premierbroadcas.com,https://www.premierbroadcas.com,"Entertaining audiences while enriching communities through support of arts, education, and cultural development.",Comprehensive Fortune 1000 Analysis,2025-10-26T20:43:29.688800,Medium
Strategic Studios Systems,corporation,STST,Erie,PA,730,Media & Entertainment,2710,271000,13219,25,High,sponsorships@strategicstudio.com,https://www.strategicstudio.com,Bringing stories to life while investing in community arts initiatives and educational programs that foster creativity.,Comprehensive Fortune 1000 Analysis,2025-10-26T20:43:29.688812,Medium
Innovative Media Systems,corporation,INME,Evanston,WY,731,Media & Entertainment,2700,270000,13122,23,High,marketing@innovativemedia.com,https://www.innovativemedia.com,"Entertaining audiences while enriching communities through support of arts, education, and cultural development.",Comprehensive Fortune 1000 Analysis,2025-10-26T20:43:29.688824,Medium
Professional Publishing Group,corporation,PRPU,Kearney,NE,732,Media & Entertainment,2690,269000,13024,25,High,marketing@professionalpub.com,https://www.professionalpub.com,"Creating compelling content that entertains, informs, and inspires while supporting arts education and community cultural programs.",Comprehensive Fortune 1000 Analysis,2025-10-26T20:43:29.688836,Medium
Premier Publishing Enterprises,corporation,PRPU,Long Beach,CA,733,Media & Entertainment,2680,268000,12928,26,High,giving@premierpublishi.com,https://www.premierpublishi.com,"Creating compelling content that entertains, informs, and inspires while supporting arts education and community cultural programs.",Comprehensive Fortune 1000 Analysis,2025-10-26T20:43:29.688848,High
Superior Broadcasting Corporation,corporation,SUBR,Hillsboro,OR,734,Media & Entertainment,2670,267000,12832,25,High,marketing@superiorbroadca.com,https://www.superiorbroadca.com,"Entertaining audiences while enriching communities through support of arts, education, and cultural development.",Comprehensive Fortune 1000 Analysis,2025-10-26T20:43:29.688860,Medium
Innovative Entertainment Enterprises,corporation,INEN,Duluth,MN,735,Media & Entertainment,2660,266000,12736,27,High,marketing@innovativeenter.com,https://www.innovativeenter.com,"Creating compelling content that entertains, informs, and inspires while supporting arts education and community cultural programs.",Comprehensive Fortune 1000 Analysis,2025-10-26T20:43:29.688874,Medium
Innovative Networks Systems,corporation,INNE,Reno,NV,736,Media & Entertainment,2650,265000,12640,26,High,marketing@innovativenetwo.com,https://www.innovativenetwo.com,"Entertaining audiences while enriching communities through support of arts, education, and cultural development.",Comprehensive Fortune 1000 Analysis,2025-10-26T20:43:29.688884,Medium
Premier Publishing Inc.,corporation,PRPU,Joliet,IL,737,Media & Entertainment,2640,264000,12545,26,High,giving@premierpublishi.com,https://www.premierpublishi.com,"Creating compelling content that entertains, informs, and inspires while supporting arts education and community cultural programs.",Comprehensive Fortune 1000 Analysis,2025-10-26T20:43:29.688897,High
Dynamic Media Group,corporation,DYME,Dallas,TX,738,Media & Entertainment,2630,263000,12450,25,High,giving@dynamicmedia.com,https://www.dynamicmedia.com,"Creating compelling content that entertains, informs, and inspires while supporting arts education and community cultural programs.",Comprehensive Fortune 1000 Analysis,2025-10-26T20:43:29.688907,High
Innovative Media Inc.,corporation,INME,Portland,OR,739,Media & Entertainment,2620,262000,12355,25,High,community@innovativemedia.com,https://www.innovativemedia.com,"Entertaining audiences while enriching communities through support of arts, education, and cultural development.",Comprehensive Fortune 1000 Analysis,2025-10-26T20:43:29.688917,Medium
Elite Studios Inc.,corporation,ELST,Grand Forks,ND,740,Media & Entertainment,2610,261000,12261,30,High,marketing@elitestudios.com,https://www.elitestudios.com,"Creating compelling content that entertains, informs, and inspires while supporting arts education and community cultural programs.",Comprehensive Fortune 1000 Analysis,2025-10-26T20:43:29.688930,Medium
Strategic Publishing Enterprises,corporation,STPU,Nashua,NH,741,Media & Entertainment,2600,260000,12168,28,High,sponsorships@strategicpublis.com,https://www.strategicpublis.com,"Entertaining audiences while enriching communities through support of arts, education, and cultural development.",Comprehensive Fortune 1000 Analysis,2025-10-26T20:43:29.688941,Medium
Innovative Productions Holdings,corporation,INPR,Cleveland,OH,742,Media & Entertainment,2590,259000,12074,28,High,giving@innovativeprodu.com,https://www.innovativeprodu.com,"Creating compelling content that entertains, informs, and inspires while supporting arts education and community cultural programs.",Comprehensive Fortune 1000 Analysis,2025-10-26T20:43:29.688951,Medium
Innovative Productions Group,corporation,INPR,Salt Lake City,UT,743,Media & Entertainment,2580,258000,11981,23,High,sponsorships@innovativeprodu.com,https://www.innovativeprodu.com,"Creating compelling content that entertains, informs, and inspires while supporting arts education and community cultural programs.",Comprehensive Fortune 1000 Analysis,2025-10-26T20:43:29.688962,Medium
Innovative Productions Enterprises,corporation,INPR,Hagerstown,MD,744,Media & Entertainment,2570,257000,11888,29,High,partnerships@innovativeprodu.com,https://www.innovativeprodu.com,Bringing stories to life while investing in community arts initiatives and educational programs that foster creativity.,Comprehensive Fortune 1000 Analysis,2025-10-26T20:43:29.688973,Medium
Premier Publishing Enterprises,corporation,PRPU,Lewiston,ME,745,Media & Entertainment,2560,256000,11796,28,High,sponsorships@premierpublishi.com,https://www.premierpublishi.com,"Creating compelling content that entertains, informs, and inspires while supporting arts education and community cultural programs.",Comprehensive Fortune 1000 Analysis,2025-10-26T20:43:29.688984,Medium
Premier Media Holdings,corporation,PRME,Annapolis,MD,746,Media & Entertainment,2550,255000,11704,30,High,giving@premiermedia.com,https://www.premiermedia.com,Bringing stories to life while investing in community arts initiatives and educational programs that foster creativity.,Comprehensive Fortune 1000 Analysis,2025-10-26T20:43:29.688994,Medium
Innovative Films Enterprises,corporation,INFI,Winston-Salem,NC,747,Media & Entertainment,2540,254000,11612,28,High,partnerships@innovativefilms.com,https://www.innovativefilms.com,"Entertaining audiences while enriching communities through support of arts, education, and cultural development.",Comprehensive Fortune 1000 Analysis,2025-10-26T20:43:29.689003,Medium
Advanced Media Systems,corporation,ADME,Montpelier,VT,748,Media & Entertainment,2530,253000,11521,23,High,giving@advancedmedia.com,https://www.advancedmedia.com,"Entertaining audiences while enriching communities through support of arts, education, and cultural development.",Comprehensive Fortune 1000 Analysis,2025-10-26T20:43:29.689013,Medium
Strategic Publishing Company,corporation,STPU,Elizabeth,NJ,749,Media & Entertainment,2520,252000,11430,26,High,marketing@strategicpublis.com,https://www.strategicpublis.com,Bringing stories to life while investing in community arts initiatives and educational programs that foster creativity.,Comprehensive Fortune 1000 Analysis,2025-10-26T20:43:29.689026,Medium
Professional Broadcasting Group,corporation,PRBR,Jersey City,NJ,750,Media & Entertainment,2510,251000,11340,24,High,sponsorships@professionalbro.com,https://www.professionalbro.com,Bringing stories to life while investing in community arts initiatives and educational programs that foster creativity.,Comprehensive Fortune 1000 Analysis,2025-10-26T20:43:29.689037,Medium
Advanced Publishing Enterprises,corporation,ADPU,South Portland,ME,751,Media & Entertainment,2500,250000,11250,20,High,sponsorships@advancedpublish.com,https://www.advancedpublish.com,Bringing stories to life while investing in community arts initiatives and educational programs that foster creativity.,Comprehensive Fortune 1000 Analysis,2025-10-26T20:43:29.689048,Medium
Professional Productions Inc.,corporation,PRPR,Pearl City,HI,752,Media & Entertainment,2490,249000,11160,23,High,marketing@professionalpro.com,https://www.professionalpro.com,"Entertaining audiences while enriching communities through support of arts, education, and cultural development.",Comprehensive Fortune 1000 Analysis,2025-10-26T20:43:29.689058,Medium
Elite Studios Enterprises,corporation,ELST,Reading,PA,753,Media & Entertainment,2480,248000,11070,27,High,community@elitestudios.com,https://www.elitestudios.com,"Entertaining audiences while enriching communities through support of arts, education, and cultural development.",Comprehensive Fortune 1000 Analysis,2025-10-26T20:43:29.689068,Medium
Elite Studios Inc.,corporation,ELST,Long Beach,CA,754,Media & Entertainment,2470,247000,10981,21,High,giving@elitestudios.com,https://www.elitestudios.com,"Entertaining audiences while enriching communities through support of arts, education, and cultural development.",Comprehensive Fortune 1000 Analysis,2025-10-26T20:43:29.689077,High
Professional Media Holdings,corporation,PRME,Hammond,IN,755,Media & Entertainment,2460,246000,10892,23,High,marketing@professionalmed.com,https://www.professionalmed.com,"Creating compelling content that entertains, informs, and inspires while supporting arts education and community cultural programs.",Comprehensive Fortune 1000 Analysis,2025-10-26T20:43:29.689088,Medium
Innovative Films LLC,corporation,INFI,Havre,MT,756,Media & Entertainment,2450,245000,10804,25,High,community@innovativefilms.com,https://www.innovativefilms.com,"Creating compelling content that entertains, informs, and inspires while supporting arts education and community cultural programs.",Comprehensive Fortune 1000 Analysis,2025-10-26T20:43:29.689097,Medium
Elite Productions Enterprises,corporation,ELPR,Roswell,NM,757,Media & Entertainment,2440,244000,10716,27,High,sponsorships@eliteproduction.com,https://www.eliteproduction.com,"Entertaining audiences while enriching communities through support of arts, education, and cultural development.",Comprehensive Fortune 1000 Analysis,2025-10-26T20:43:29.689108,Medium
Advanced Media Company,corporation,ADME,Lawton,OK,758,Media & Entertainment,2430,243000,10628,26,High,sponsorships@advancedmedia.com,https://www.advancedmedia.com,"Entertaining audiences while enriching communities through support of arts, education, and cultural development.",Comprehensive Fortune 1000 Analysis,2025-10-26T20:43:29.689117,Medium
Dynamic Networks Inc.,corporation,DYNE,East Providence,RI,759,Media & Entertainment,2420,242000,10541,26,High,giving@dynamicnetworks.com,https://www.dynamicnetworks.com,"Creating compelling content that entertains, informs, and inspires while supporting arts education and community cultural programs.",Comprehensive Fortune 1000 Analysis,2025-10-26T20:43:29.689128,Medium
Elite Publishing Systems,corporation,ELPU,Waterbury,CT,760,Media & Entertainment,2410,241000,10454,26,High,sponsorships@elitepublishing.com,https://www.elitepublishing.com,"Creating compelling content that entertains, informs, and inspires while supporting arts education and community cultural programs.",Comprehensive Fortune 1000 Analysis,2025-10-26T20:43:29.689138,Medium
Strategic Publishing Inc.,corporation,STPU,Ogden,UT,761,Media & Entertainment,2400,240000,10368,20,High,marketing@strategicpublis.com,https://www.strategicpublis.com,"Entertaining audiences while enriching communities through support of arts, education, and cultural development.",Comprehensive Fortune 1000 Analysis,2025-10-26T20:43:29.689148,Medium
Advanced Networks Company,corporation,ADNE,Minneapolis,MN,762,Media & Entertainment,2390,239000,10281,22,High,marketing@advancednetwork.com,https://www.advancednetwork.com,"Entertaining audiences while enriching communities through support of arts, education, and cultural development.",Comprehensive Fortune 1000 Analysis,2025-10-26T20:43:29.689160,Medium
Strategic Publishing Holdings,corporation,STPU,Havre,MT,763,Media & Entertainment,2380,238000,10195,24,High,partnerships@strategicpublis.com,https://www.strategicpublis.com,Bringing stories to life while investing in community arts initiatives and educational programs that foster creativity.,Comprehensive Fortune 1000 Analysis,2025-10-26T20:43:29.689171,Medium
Dynamic Networks Group,corporation,DYNE,Memphis,TN,764,Media & Entertainment,2370,237000,10110,24,High,marketing@dynamicnetworks.com,https://www.dynamicnetworks.com,"Creating compelling content that entertains, informs, and inspires while supporting arts education and community cultural programs.",Comprehensive Fortune 1000 Analysis,2025-10-26T20:43:29.689181,Medium
Professional Media Inc.,corporation,PRME,Central Falls,RI,765,Media & Entertainment,2360,236000,10025,27,High,sponsorships@professionalmed.com,https://www.professionalmed.com,Bringing stories to life while investing in community arts initiatives and educational programs that foster creativity.,Comprehensive Fortune 1000 Analysis,2025-10-26T20:43:29.689191,Medium
Advanced Real Estate Holdings,corporation,ADRE,Midwest City,OK,766,Real Estate,705,47000,1325,10,Medium,community@advancedrealest.com,https://www.advancedrealest.com,Building spaces where communities thrive while investing in programs that support education and cultural development.,Comprehensive Fortune 1000 Analysis,2025-10-26T20:43:29.689451,Medium
Professional Holdings Corporation,corporation,PROF,Newark,NJ,767,Real Estate,702,46800,1314,17,Medium,community@professional.com,https://www.professional.com,Developing properties that strengthen communities while supporting local initiatives that enhance quality of life.,Comprehensive Fortune 1000 Analysis,2025-10-26T20:43:29.689467,Medium
Advanced Residential Enterprises,corporation,ADRE,Danbury,CT,768,Real Estate,699,46600,1302,17,Medium,relations@advancedresiden.com,https://www.advancedresiden.com,Developing properties that strengthen communities while supporting local initiatives that enhance quality of life.,Comprehensive Fortune 1000 Analysis,2025-10-26T20:43:29.689484,Medium
Advanced Residential Corporation,corporation,ADRE,Edmond,OK,769,Real Estate,696,46400,1291,14,Medium,marketing@advancedresiden.com,https://www.advancedresiden.com,Developing properties that strengthen communities while supporting local initiatives that enhance quality of life.,Comprehensive Fortune 1000 Analysis,2025-10-26T20:43:29.689500,Medium
Professional Development Inc.,corporation,PRDE,Fort Lauderdale,FL,770,Real Estate,693,46200,1280,9,Medium,marketing@professionaldev.com,https://www.professionaldev.com,"Creating environments for living, working, and community growth while supporting local arts and educational initiatives.",Comprehensive Fortune 1000 Analysis,2025-10-26T20:43:29.689512,High
Professional Realty LLC,corporation,PRRE,Greenville,MS,771,Real Estate,690,46000,1269,14,Medium,giving@professionalrea.com,https://www.professionalrea.com,"Creating environments for living, working, and community growth while supporting local arts and educational initiatives.",Comprehensive Fortune 1000 Analysis,2025-10-26T20:43:29.689523,Medium
Dynamic Properties Corporation,corporation,DYPR,Huntsville,AL,772,Real Estate,687,45800,1258,14,Medium,partnerships@dynamicproperti.com,https://www.dynamicproperti.com,Building spaces where communities thrive while investing in programs that support education and cultural development.,Comprehensive Fortune 1000 Analysis,2025-10-26T20:43:29.689536,Medium
Strategic Properties Corporation,corporation,STPR,Richmond,KY,773,Real Estate,684,45600,1247,8,Medium,relations@strategicproper.com,https://www.strategicproper.com,Developing properties that strengthen communities while supporting local initiatives that enhance quality of life.,Comprehensive Fortune 1000 Analysis,2025-10-26T20:43:29.689547,Medium
Professional Land Company,corporation,PRLA,Augusta,GA,774,Real Estate,681,45400,1236,9,Medium,marketing@professionallan.com,https://www.professionallan.com,"Creating environments for living, working, and community growth while supporting local arts and educational initiatives.",Comprehensive Fortune 1000 Analysis,2025-10-26T20:43:29.689559,Medium
Advanced Realty Inc.,corporation,ADRE,Birmingham,AL,775,Real Estate,678,45200,1225,8,Medium,marketing@advancedrealty.com,https://www.advancedrealty.com,"Creating environments for living, working, and community growth while supporting local arts and educational initiatives.",Comprehensive Fortune 1000 Analysis,2025-10-26T20:43:29.689572,Medium
Dynamic Real Estate LLC,corporation,DYRE,New Britain,CT,776,Real Estate,675,45000,1215,15,Medium,community@dynamicrealesta.com,https://www.dynamicrealesta.com,Building spaces where communities thrive while investing in programs that support education and cultural development.,Comprehensive Fortune 1000 Analysis,2025-10-26T20:43:29.689583,Medium
Professional Development Enterprises,corporation,PRDE,Manchester,NH,777,Real Estate,672,44800,1204,13,Medium,partnerships@professionaldev.com,https://www.professionaldev.com,Building spaces where communities thrive while investing in programs that support education and cultural development.,Comprehensive Fortune 1000 Analysis,2025-10-26T20:43:29.689595,Medium
Innovative Real Estate Holdings,corporation,INRE,Aberdeen,SD,778,Real Estate,669,44600,1193,13,Medium,relations@innovativereale.com,https://www.innovativereale.com,"Creating environments for living, working, and community growth while supporting local arts and educational initiatives.",Comprehensive Fortune 1000 Analysis,2025-10-26T20:43:29.689606,Medium
Strategic Holdings Company,corporation,STRA,Richmond,VA,779,Real Estate,666,44400,1182,13,Medium,marketing@strategic.com,https://www.strategic.com,Developing properties that strengthen communities while supporting local initiatives that enhance quality of life.,Comprehensive Fortune 1000 Analysis,2025-10-26T20:43:29.689617,Medium
Elite Real Estate Inc.,corporation,ELRE,Brookings,SD,780,Real Estate,663,44200,1172,14,Medium,marketing@eliterealestate.com,https://www.eliterealestate.com,Building spaces where communities thrive while investing in programs that support education and cultural development.,Comprehensive Fortune 1000 Analysis,2025-10-26T20:43:29.689629,Medium
Premier Real Estate Company,corporation,PRRE,Tulsa,OK,781,Real Estate,660,44000,1161,10,Medium,giving@premierrealesta.com,https://www.premierrealesta.com,Developing properties that strengthen communities while supporting local initiatives that enhance quality of life.,Comprehensive Fortune 1000 Analysis,2025-10-26T20:43:29.689641,Medium
Dynamic Holdings Group,corporation,DYNA,Springfield,MA,782,Real Estate,657,43800,1151,13,Medium,partnerships@dynamic.com,https://www.dynamic.com,Building spaces where communities thrive while investing in programs that support education and cultural development.,Comprehensive Fortune 1000 Analysis,2025-10-26T20:43:29.689650,High
Professional Real Estate Holdings,corporation,PRRE,Toms River,NJ,783,Real Estate,654,43600,1140,11,Medium,giving@professionalrea.com,https://www.professionalrea.com,Building spaces where communities thrive while investing in programs that support education and cultural development.,Comprehensive Fortune 1000 Analysis,2025-10-26T20:43:29.689663,Medium
Elite Commercial LLC,corporation,ELCO,Sioux Falls,SD,784,Real Estate,651,43400,1130,15,Medium,marketing@elitecommercial.com,https://www.elitecommercial.com,"Creating environments for living, working, and community growth while supporting local arts and educational initiatives.",Comprehensive Fortune 1000 Analysis,2025-10-26T20:43:29.689673,Medium
Premier Residential Group,corporation,PRRE,Portland,OR,785,Real Estate,648,43200,1119,13,Medium,giving@premierresident.com,https://www.premierresident.com,"Creating environments for living, working, and community growth while supporting local arts and educational initiatives.",Comprehensive Fortune 1000 Analysis,2025-10-26T20:43:29.689684,Medium
Professional Development Enterprises,corporation,PRDE,Aurora,CO,786,Real Estate,645,43000,1109,8,Medium,community@professionaldev.com,https://www.professionaldev.com,Building spaces where communities thrive while investing in programs that support education and cultural development.,Comprehensive Fortune 1000 Analysis,2025-10-26T20:43:29.689695,High
Superior Residential Inc.,corporation,SURE,Mililani Town,HI,787,Real Estate,642,42800,1099,13,Medium,community@superiorresiden.com,https://www.superiorresiden.com,"Creating environments for living, working, and community growth while supporting local arts and educational initiatives.",Comprehensive Fortune 1000 Analysis,2025-10-26T20:43:29.689705,Medium
Dynamic Properties Holdings,corporation,DYPR,Nashua,NH,788,Real Estate,639,42600,1088,14,Medium,partnerships@dynamicproperti.com,https://www.dynamicproperti.com,Building spaces where communities thrive while investing in programs that support education and cultural development.,Comprehensive Fortune 1000 Analysis,2025-10-26T20:43:29.689716,Medium
Strategic Residential Group,corporation,STRE,Cedar Rapids,IA,789,Real Estate,636,42400,1078,12,Medium,giving@strategicreside.com,https://www.strategicreside.com,Developing properties that strengthen communities while supporting local initiatives that enhance quality of life.,Comprehensive Fortune 1000 Analysis,2025-10-26T20:43:29.689728,Medium
Advanced Holdings Inc.,corporation,ADVA,St. Petersburg,FL,790,Real Estate,633,42200,1068,12,Medium,partnerships@advanced.com,https://www.advanced.com,Developing properties that strengthen communities while supporting local initiatives that enhance quality of life.,Comprehensive Fortune 1000 Analysis,2025-10-26T20:43:29.689737,High
Strategic Land Holdings,corporation,STLA,Bowling Green,KY,791,Real Estate,630,42000,1058,8,Medium,giving@strategicland.com,https://www.strategicland.com,Building spaces where communities thrive while investing in programs that support education and cultural development.,Comprehensive Fortune 1000 Analysis,2025-10-26T20:43:29.689748,Medium
Strategic Commercial Enterprises,corporation,STCO,Hammond,IN,792,Real Estate,627,41800,1048,14,Medium,relations@strategiccommer.com,https://www.strategiccommer.com,"Creating environments for living, working, and community growth while supporting local arts and educational initiatives.",Comprehensive Fortune 1000 Analysis,2025-10-26T20:43:29.689758,Medium
Professional Commercial Holdings,corporation,PRCO,Nashua,NH,793,Real Estate,624,41600,1038,12,Medium,relations@professionalcom.com,https://www.professionalcom.com,Building spaces where communities thrive while investing in programs that support education and cultural development.,Comprehensive Fortune 1000 Analysis,2025-10-26T20:43:29.689769,Medium
Innovative Land LLC,corporation,INLA,North Las Vegas,NV,794,Real Estate,621,41400,1028,15,Medium,giving@innovativeland.com,https://www.innovativeland.com,"Creating environments for living, working, and community growth while supporting local arts and educational initiatives.",Comprehensive Fortune 1000 Analysis,2025-10-26T20:43:29.689779,Medium
Premier Commercial Enterprises,corporation,PRCO,Fresno,CA,795,Real Estate,618,41200,1018,15,Medium,partnerships@premiercommerci.com,https://www.premiercommerci.com,"Creating environments for living, working, and community growth while supporting local arts and educational initiatives.",Comprehensive Fortune 1000 Analysis,2025-10-26T20:43:29.689790,High
Elite Land Holdings,corporation,ELLA,Fairmont,WV,796,Real Estate,615,41000,1008,7,Medium,partnerships@eliteland.com,https://www.eliteland.com,Building spaces where communities thrive while investing in programs that support education and cultural development.,Comprehensive Fortune 1000 Analysis,2025-10-26T20:43:29.689800,Medium
Superior Holdings Systems,corporation,SUPE,Savannah,GA,797,Real Estate,612,40800,998,16,Medium,marketing@superior.com,https://www.superior.com,Developing properties that strengthen communities while supporting local initiatives that enhance quality of life.,Comprehensive Fortune 1000 Analysis,2025-10-26T20:43:29.689811,Medium
Dynamic Holdings Systems,corporation,DYNA,Southaven,MS,798,Real Estate,609,40600,989,8,Medium,giving@dynamic.com,https://www.dynamic.com,Building spaces where communities thrive while investing in programs that support education and cultural development.,Comprehensive Fortune 1000 Analysis,2025-10-26T20:43:29.689820,Medium
Superior Properties Group,corporation,SUPR,Kodiak,AK,799,Real Estate,606,40400,979,14,Medium,partnerships@superiorpropert.com,https://www.superiorpropert.com,"Creating environments for living, working, and community growth while supporting local arts and educational initiatives.",Comprehensive Fortune 1000 Analysis,2025-10-26T20:43:29.689832,Medium
Advanced Real Estate Corporation,corporation,ADRE,Ketchikan,AK,800,Real Estate,603,40200,969,16,Medium,giving@advancedrealest.com,https://www.advancedrealest.com,Developing properties that strengthen communities while supporting local initiatives that enhance quality of life.,Comprehensive Fortune 1000 Analysis,2025-10-26T20:43:29.689843,Medium
Elite Properties Inc.,corporation,ELPR,Biddeford,ME,801,Real Estate,600,40000,960,17,Medium,giving@eliteproperties.com,https://www.eliteproperties.com,"Creating environments for living, working, and community growth while supporting local arts and educational initiatives.",Comprehensive Fortune 1000 Analysis,2025-10-26T20:43:29.689853,Medium
Strategic Development Company,corporation,STDE,Tampa,FL,802,Real Estate,597,39800,950,14,Medium,marketing@strategicdevelo.com,https://www.strategicdevelo.com,Developing properties that strengthen communities while supporting local initiatives that enhance quality of life.,Comprehensive Fortune 1000 Analysis,2025-10-26T20:43:29.689864,High
Elite Land Inc.,corporation,ELLA,Virginia Beach,VA,803,Real Estate,594,39600,940,13,Medium,community@eliteland.com,https://www.eliteland.com,Developing properties that strengthen communities while supporting local initiatives that enhance quality of life.,Comprehensive Fortune 1000 Analysis,2025-10-26T20:43:29.689873,Medium
Strategic Commercial Holdings,corporation,STCO,Medford,OR,804,Real Estate,591,39400,931,11,Medium,giving@strategiccommer.com,https://www.strategiccommer.com,Developing properties that strengthen communities while supporting local initiatives that enhance quality of life.,Comprehensive Fortune 1000 Analysis,2025-10-26T20:43:29.689883,Medium
Elite Properties Systems,corporation,ELPR,Baltimore,MD,805,Real Estate,588,39200,921,12,Medium,marketing@eliteproperties.com,https://www.eliteproperties.com,"Creating environments for living, working, and community growth while supporting local arts and educational initiatives.",Comprehensive Fortune 1000 Analysis,2025-10-26T20:43:29.689893,Medium
Superior Holdings Enterprises,corporation,SUPE,Wheeling,WV,806,Real Estate,585,39000,912,14,Medium,community@superior.com,https://www.superior.com,"Creating environments for living, working, and community growth while supporting local arts and educational initiatives.",Comprehensive Fortune 1000 Analysis,2025-10-26T20:43:29.689903,Medium
Elite Residential Inc.,corporation,ELRE,Salem,OR,807,Real Estate,582,38800,903,16,Medium,marketing@eliteresidentia.com,https://www.eliteresidentia.com,Building spaces where communities thrive while investing in programs that support education and cultural development.,Comprehensive Fortune 1000 Analysis,2025-10-26T20:43:29.689913,Medium
Innovative Properties LLC,corporation,INPR,Birmingham,AL,808,Real Estate,579,38600,893,9,Medium,marketing@innovativeprope.com,https://www.innovativeprope.com,Developing properties that strengthen communities while supporting local initiatives that enhance quality of life.,Comprehensive Fortune 1000 Analysis,2025-10-26T20:43:29.689923,Medium
Premier Development Group,corporation,PRDE,Tallahassee,FL,809,Real Estate,576,38400,884,16,Medium,relations@premierdevelopm.com,https://www.premierdevelopm.com,Building spaces where communities thrive while investing in programs that support education and cultural development.,Comprehensive Fortune 1000 Analysis,2025-10-26T20:43:29.689935,High
Strategic Realty LLC,corporation,STRE,Rockville,MD,810,Real Estate,573,38200,875,8,Medium,marketing@strategicrealty.com,https://www.strategicrealty.com,Developing properties that strengthen communities while supporting local initiatives that enhance quality of life.,Comprehensive Fortune 1000 Analysis,2025-10-26T20:43:29.689945,Medium
Professional Realty Inc.,corporation,PRRE,Richmond,KY,811,Real Estate,570,38000,866,15,Medium,partnerships@professionalrea.com,https://www.professionalrea.com,Building spaces where communities thrive while investing in programs that support education and cultural development.,Comprehensive Fortune 1000 Analysis,2025-10-26T20:43:29.689955,Medium
Elite Residential Holdings,corporation,ELRE,Kenosha,WI,812,Real Estate,567,37800,857,16,Medium,relations@eliteresidentia.com,https://www.eliteresidentia.com,Developing properties that strengthen communities while supporting local initiatives that enhance quality of life.,Comprehensive Fortune 1000 Analysis,2025-10-26T20:43:29.689967,Medium
Strategic Residential Company,corporation,STRE,Appleton,WI,813,Real Estate,564,37600,848,15,Medium,relations@strategicreside.com,https://www.strategicreside.com,Building spaces where communities thrive while investing in programs that support education and cultural development.,Comprehensive Fortune 1000 Analysis,2025-10-26T20:43:29.689977,Medium
Dynamic Development Group,corporation,DYDE,Ketchikan,AK,814,Real Estate,561,37400,839,8,Medium,community@dynamicdevelopm.com,https://www.dynamicdevelopm.com,Developing properties that strengthen communities while supporting local initiatives that enhance quality of life.,Comprehensive Fortune 1000 Analysis,2025-10-26T20:43:29.689986,Medium
Strategic Land Company,corporation,STLA,Long Beach,CA,815,Real Estate,558,37200,830,15,Medium,relations@strategicland.com,https://www.strategicland.com,Developing properties that strengthen communities while supporting local initiatives that enhance quality of life.,Comprehensive Fortune 1000 Analysis,2025-10-26T20:43:29.689996,High
Strategic Holdings Inc.,corporation,STRA,Knoxville,TN,816,Real Estate,555,37000,821,9,Medium,relations@strategic.com,https://www.strategic.com,"Creating environments for living, working, and community growth while supporting local arts and educational initiatives.",Comprehensive Fortune 1000 Analysis,2025-10-26T20:43:29.690005,Medium
Dynamic Real Estate Corporation,corporation,DYRE,Lake Charles,LA,817,Real Estate,552,36800,812,8,Medium,partnerships@dynamicrealesta.com,https://www.dynamicrealesta.com,Developing properties that strengthen communities while supporting local initiatives that enhance quality of life.,Comprehensive Fortune 1000 Analysis,2025-10-26T20:43:29.690016,Medium
Dynamic Development Company,corporation,DYDE,Fresno,CA,818,Real Estate,549,36600,803,14,Medium,community@dynamicdevelopm.com,https://www.dynamicdevelopm.com,Building spaces where communities thrive while investing in programs that support education and cultural development.,Comprehensive Fortune 1000 Analysis,2025-10-26T20:43:29.690026,High
Strategic Realty Corporation,corporation,STRE,Alexandria,VA,819,Real Estate,546,36400,794,9,Medium,partnerships@strategicrealty.com,https://www.strategicrealty.com,Building spaces where communities thrive while investing in programs that support education and cultural development.,Comprehensive Fortune 1000 Analysis,2025-10-26T20:43:29.690036,Medium
Innovative Commercial Company,corporation,INCO,Annapolis,MD,820,Real Estate,543,36200,786,15,Medium,partnerships@innovativecomme.com,https://www.innovativecomme.com,Developing properties that strengthen communities while supporting local initiatives that enhance quality of life.,Comprehensive Fortune 1000 Analysis,2025-10-26T20:43:29.690048,Medium
Innovative Coverage Enterprises,corporation,INCO,North Little Rock,AR,821,Insurance,1440,99000,3110,17,Medium,marketing@innovativecover.com,https://www.innovativecover.com,Providing security and peace of mind while investing in community development and educational advancement.,Comprehensive Fortune 1000 Analysis,2025-10-26T20:43:29.690306,Medium
Advanced Risk LLC,corporation,ADRI,Tacoma,WA,822,Insurance,1432,98450,3075,11,Medium,relations@advancedrisk.com,https://www.advancedrisk.com,Providing security and peace of mind while investing in community development and educational advancement.,Comprehensive Fortune 1000 Analysis,2025-10-26T20:43:29.690323,High
Strategic Risk Company,corporation,STRI,Arlington,TX,823,Insurance,1424,97900,3041,8,Medium,giving@strategicrisk.com,https://www.strategicrisk.com,Protecting what matters most while supporting community programs that build resilience and opportunity.,Comprehensive Fortune 1000 Analysis,2025-10-26T20:43:29.690336,High
Dynamic Group Group,corporation,DYNA,Dover,DE,824,Insurance,1416,97350,3007,16,Medium,partnerships@dynamic.com,https://www.dynamic.com,Safeguarding communities through comprehensive protection while supporting local initiatives that strengthen neighborhoods.,Comprehensive Fortune 1000 Analysis,2025-10-26T20:43:29.690349,Medium
Innovative Assurance Inc.,corporation,INAS,Detroit,MI,825,Insurance,1408,96800,2973,10,Medium,partnerships@innovativeassur.com,https://www.innovativeassur.com,Protecting what matters most while supporting community programs that build resilience and opportunity.,Comprehensive Fortune 1000 Analysis,2025-10-26T20:43:29.690362,Medium
Advanced Mutual Corporation,corporation,ADMU,Memphis,TN,826,Insurance,1400,96250,2940,8,Medium,giving@advancedmutual.com,https://www.advancedmutual.com,Safeguarding communities through comprehensive protection while supporting local initiatives that strengthen neighborhoods.,Comprehensive Fortune 1000 Analysis,2025-10-26T20:43:29.690375,Medium
Premier Coverage Systems,corporation,PRCO,Rogers,AR,827,Insurance,1392,95700,2906,12,Medium,marketing@premiercoverage.com,https://www.premiercoverage.com,Safeguarding communities through comprehensive protection while supporting local initiatives that strengthen neighborhoods.,Comprehensive Fortune 1000 Analysis,2025-10-26T20:43:29.690388,Medium
Elite Assurance LLC,corporation,ELAS,Omaha,NE,828,Insurance,1384,95150,2873,12,Medium,marketing@eliteassurance.com,https://www.eliteassurance.com,Safeguarding communities through comprehensive protection while supporting local initiatives that strengthen neighborhoods.,Comprehensive Fortune 1000 Analysis,2025-10-26T20:43:29.690399,Medium
Advanced Coverage Inc.,corporation,ADCO,Midwest City,OK,829,Insurance,1376,94599,2840,14,Medium,marketing@advancedcoverag.com,https://www.advancedcoverag.com,Protecting what matters most while supporting community programs that build resilience and opportunity.,Comprehensive Fortune 1000 Analysis,2025-10-26T20:43:29.690412,Medium
Elite Assurance Systems,corporation,ELAS,Hattiesburg,MS,830,Insurance,1368,94050,2807,16,Medium,community@eliteassurance.com,https://www.eliteassurance.com,Safeguarding communities through comprehensive protection while supporting local initiatives that strengthen neighborhoods.,Comprehensive Fortune 1000 Analysis,2025-10-26T20:43:29.690426,Medium
Strategic Life Corporation,corporation,STLI,Butte,MT,831,Insurance,1360,93500,2774,10,Medium,marketing@strategiclife.com,https://www.strategiclife.com,Safeguarding communities through comprehensive protection while supporting local initiatives that strengthen neighborhoods.,Comprehensive Fortune 1000 Analysis,2025-10-26T20:43:29.690437,Medium
Strategic Insurance Systems,corporation,STIN,Pittsburgh,PA,832,Insurance,1352,92950,2741,12,Medium,partnerships@strategicinsura.com,https://www.strategicinsura.com,Providing security and peace of mind while investing in community development and educational advancement.,Comprehensive Fortune 1000 Analysis,2025-10-26T20:43:29.690448,Medium
Dynamic Mutual Company,corporation,DYMU,Hilo,HI,833,Insurance,1344,92400,2709,11,Medium,partnerships@dynamicmutual.com,https://www.dynamicmutual.com,Protecting what matters most while supporting community programs that build resilience and opportunity.,Comprehensive Fortune 1000 Analysis,2025-10-26T20:43:29.690458,Medium
Premier Risk Systems,corporation,PRRI,Pawtucket,RI,834,Insurance,1336,91850,2677,15,Medium,marketing@premierrisk.com,https://www.premierrisk.com,Safeguarding communities through comprehensive protection while supporting local initiatives that strengthen neighborhoods.,Comprehensive Fortune 1000 Analysis,2025-10-26T20:43:29.690468,Medium
Innovative Protection Enterprises,corporation,INPR,Hilo,HI,835,Insurance,1328,91300,2645,7,Medium,giving@innovativeprote.com,https://www.innovativeprote.com,Safeguarding communities through comprehensive protection while supporting local initiatives that strengthen neighborhoods.,Comprehensive Fortune 1000 Analysis,2025-10-26T20:43:29.690479,Medium
Dynamic Coverage Enterprises,corporation,DYCO,Lakewood,CO,836,Insurance,1320,90750,2613,13,Medium,relations@dynamiccoverage.com,https://www.dynamiccoverage.com,Providing security and peace of mind while investing in community development and educational advancement.,Comprehensive Fortune 1000 Analysis,2025-10-26T20:43:29.690489,High
Innovative Protection Group,corporation,INPR,Richmond,KY,837,Insurance,1312,90200,2582,13,Medium,community@innovativeprote.com,https://www.innovativeprote.com,Providing security and peace of mind while investing in community development and educational advancement.,Comprehensive Fortune 1000 Analysis,2025-10-26T20:43:29.690500,Medium
Elite Risk Inc.,corporation,ELRI,Morgantown,WV,838,Insurance,1304,89650,2550,11,Medium,community@eliterisk.com,https://www.eliterisk.com,Providing security and peace of mind while investing in community development and educational advancement.,Comprehensive Fortune 1000 Analysis,2025-10-26T20:43:29.690510,Medium
Advanced Assurance Enterprises,corporation,ADAS,Chicago,IL,839,Insurance,1296,89100,2519,7,Medium,community@advancedassuran.com,https://www.advancedassuran.com,Safeguarding communities through comprehensive protection while supporting local initiatives that strengthen neighborhoods.,Comprehensive Fortune 1000 Analysis,2025-10-26T20:43:29.690523,High
Professional Mutual Systems,corporation,PRMU,Rapid City,SD,840,Insurance,1288,88550,2488,9,Medium,giving@professionalmut.com,https://www.professionalmut.com,Safeguarding communities through comprehensive protection while supporting local initiatives that strengthen neighborhoods.,Comprehensive Fortune 1000 Analysis,2025-10-26T20:43:29.690533,Medium
Professional Group Enterprises,corporation,PROF,Richmond,VA,841,Insurance,1280,88000,2457,13,Medium,community@professional.com,https://www.professional.com,Providing security and peace of mind while investing in community development and educational advancement.,Comprehensive Fortune 1000 Analysis,2025-10-26T20:43:29.690544,Medium
Premier Risk Holdings,corporation,PRRI,Cincinnati,OH,842,Insurance,1272,87450,2426,16,Medium,giving@premierrisk.com,https://www.premierrisk.com,Providing security and peace of mind while investing in community development and educational advancement.,Comprehensive Fortune 1000 Analysis,2025-10-26T20:43:29.690554,Medium
Advanced Protection Inc.,corporation,ADPR,Warren,MI,843,Insurance,1264,86900,2396,12,Medium,relations@advancedprotect.com,https://www.advancedprotect.com,Providing security and peace of mind while investing in community development and educational advancement.,Comprehensive Fortune 1000 Analysis,2025-10-26T20:43:29.690565,Medium
Dynamic Insurance Corporation,corporation,DYIN,Seattle,WA,844,Insurance,1256,86350,2366,8,Medium,community@dynamicinsuranc.com,https://www.dynamicinsuranc.com,Protecting what matters most while supporting community programs that build resilience and opportunity.,Comprehensive Fortune 1000 Analysis,2025-10-26T20:43:29.690577,High
Premier Mutual Company,corporation,PRMU,Broken Arrow,OK,845,Insurance,1248,85800,2336,15,Medium,relations@premiermutual.com,https://www.premiermutual.com,Protecting what matters most while supporting community programs that build resilience and opportunity.,Comprehensive Fortune 1000 Analysis,2025-10-26T20:43:29.690586,Medium
Elite Mutual Systems,corporation,ELMU,Lawrence,KS,846,Insurance,1240,85250,2306,9,Medium,giving@elitemutual.com,https://www.elitemutual.com,Providing security and peace of mind while investing in community development and educational advancement.,Comprehensive Fortune 1000 Analysis,2025-10-26T20:43:29.690596,Medium
Elite Assurance Company,corporation,ELAS,Hastings,NE,847,Insurance,1232,84700,2276,16,Medium,relations@eliteassurance.com,https://www.eliteassurance.com,Providing security and peace of mind while investing in community development and educational advancement.,Comprehensive Fortune 1000 Analysis,2025-10-26T20:43:29.690606,Medium
Innovative Assurance Group,corporation,INAS,Biddeford,ME,848,Insurance,1224,84150,2247,8,Medium,community@innovativeassur.com,https://www.innovativeassur.com,Safeguarding communities through comprehensive protection while supporting local initiatives that strengthen neighborhoods.,Comprehensive Fortune 1000 Analysis,2025-10-26T20:43:29.690616,Medium
Superior Protection Systems,corporation,SUPR,West Jordan,UT,849,Insurance,1216,83600,2217,11,Medium,relations@superiorprotect.com,https://www.superiorprotect.com,Protecting what matters most while supporting community programs that build resilience and opportunity.,Comprehensive Fortune 1000 Analysis,2025-10-26T20:43:29.690628,Medium
Advanced Life LLC,corporation,ADLI,Richmond,KY,850,Insurance,1208,83050,2188,16,Medium,community@advancedlife.com,https://www.advancedlife.com,Safeguarding communities through comprehensive protection while supporting local initiatives that strengthen neighborhoods.,Comprehensive Fortune 1000 Analysis,2025-10-26T20:43:29.690638,Medium
Dynamic Assurance LLC,corporation,DYAS,Lakewood,NJ,851,Insurance,1200,82500,2160,7,Medium,community@dynamicassuranc.com,https://www.dynamicassuranc.com,Protecting what matters most while supporting community programs that build resilience and opportunity.,Comprehensive Fortune 1000 Analysis,2025-10-26T20:43:29.690648,Medium
Elite Risk Systems,corporation,ELRI,Kailua,HI,852,Insurance,1192,81950,2131,6,Medium,community@eliterisk.com,https://www.eliterisk.com,Protecting what matters most while supporting community programs that build resilience and opportunity.,Comprehensive Fortune 1000 Analysis,2025-10-26T20:43:29.690657,Medium
Premier Life Systems,corporation,PRLI,Quincy,MA,853,Insurance,1184,81400,2102,12,Medium,partnerships@premierlife.com,https://www.premierlife.com,Providing security and peace of mind while investing in community development and educational advancement.,Comprehensive Fortune 1000 Analysis,2025-10-26T20:43:29.690667,High
Professional Protection Corporation,corporation,PRPR,Meridian,ID,854,Insurance,1176,80850,2074,12,Medium,community@professionalpro.com,https://www.professionalpro.com,Safeguarding communities through comprehensive protection while supporting local initiatives that strengthen neighborhoods.,Comprehensive Fortune 1000 Analysis,2025-10-26T20:43:29.690678,Medium
Elite Assurance Holdings,corporation,ELAS,Ann Arbor,MI,855,Insurance,1168,80300,2046,11,Medium,community@eliteassurance.com,https://www.eliteassurance.com,Protecting what matters most while supporting community programs that build resilience and opportunity.,Comprehensive Fortune 1000 Analysis,2025-10-26T20:43:29.690688,Medium
Premier Insurance Inc.,corporation,PRIN,Dickinson,ND,856,Insurance,1160,79750,2018,7,Medium,partnerships@premierinsuranc.com,https://www.premierinsuranc.com,Protecting what matters most while supporting community programs that build resilience and opportunity.,Comprehensive Fortune 1000 Analysis,2025-10-26T20:43:29.690698,Medium
Professional Protection LLC,corporation,PRPR,Watertown,SD,857,Insurance,1152,79200,1990,8,Medium,giving@professionalpro.com,https://www.professionalpro.com,Safeguarding communities through comprehensive protection while supporting local initiatives that strengthen neighborhoods.,Comprehensive Fortune 1000 Analysis,2025-10-26T20:43:29.690710,Medium
Elite Assurance Corporation,corporation,ELAS,Newark,NJ,858,Insurance,1144,78650,1963,10,Medium,community@eliteassurance.com,https://www.eliteassurance.com,Protecting what matters most while supporting community programs that build resilience and opportunity.,Comprehensive Fortune 1000 Analysis,2025-10-26T20:43:29.690720,Medium
Innovative Insurance Enterprises,corporation,ININ,Topeka,KS,859,Insurance,1136,78100,1935,9,Medium,giving@innovativeinsur.com,https://www.innovativeinsur.com,Providing security and peace of mind while investing in community development and educational advancement.,Comprehensive Fortune 1000 Analysis,2025-10-26T20:43:29.690730,Medium
Strategic Insurance Enterprises,corporation,STIN,Southaven,MS,860,Insurance,1128,77549,1908,13,Medium,partnerships@strategicinsura.com,https://www.strategicinsura.com,Providing security and peace of mind while investing in community development and educational advancement.,Comprehensive Fortune 1000 Analysis,2025-10-26T20:43:29.690742,Medium
Professional Mutual Holdings,corporation,PRMU,Olathe,KS,861,Insurance,1120,77000,1881,14,Medium,community@professionalmut.com,https://www.professionalmut.com,Safeguarding communities through comprehensive protection while supporting local initiatives that strengthen neighborhoods.,Comprehensive Fortune 1000 Analysis,2025-10-26T20:43:29.690752,Medium
Professional Assurance Corporation,corporation,PRAS,Racine,WI,862,Insurance,1112,76450,1854,6,Medium,giving@professionalass.com,https://www.professionalass.com,Providing security and peace of mind while investing in community development and educational advancement.,Comprehensive Fortune 1000 Analysis,2025-10-26T20:43:29.690766,Medium
Innovative Mutual Inc.,corporation,INMU,Huntington,WV,863,Insurance,1104,75900,1828,10,Medium,relations@innovativemutua.com,https://www.innovativemutua.com,Protecting what matters most while supporting community programs that build resilience and opportunity.,Comprehensive Fortune 1000 Analysis,2025-10-26T20:43:29.690776,Medium
Strategic Insurance Holdings,corporation,STIN,Murfreesboro,TN,864,Insurance,1096,75350,1801,10,Medium,community@strategicinsura.com,https://www.strategicinsura.com,Protecting what matters most while supporting community programs that build resilience and opportunity.,Comprehensive Fortune 1000 Analysis,2025-10-26T20:43:29.690786,Medium
Strategic Coverage Company,corporation,STCO,Hattiesburg,MS,865,Insurance,1088,74800,1775,12,Medium,partnerships@strategiccovera.com,https://www.strategiccovera.com,Providing security and peace of mind while investing in community development and educational advancement.,Comprehensive Fortune 1000 Analysis,2025-10-26T20:43:29.690796,Medium
Strategic Life LLC,corporation,STLI,Thornton,CO,866,Insurance,1080,74250,1749,9,Medium,relations@strategiclife.com,https://www.strategiclife.com,Providing security and peace of mind while investing in community development and educational advancement.,Comprehensive Fortune 1000 Analysis,2025-10-26T20:43:29.690808,High
Advanced Risk LLC,corporation,ADRI,Coeur d'Alene,ID,867,Insurance,1072,73700,1723,5,Medium,community@advancedrisk.com,https://www.advancedrisk.com,Safeguarding communities through comprehensive protection while supporting local initiatives that strengthen neighborhoods.,Comprehensive Fortune 1000 Analysis,2025-10-26T20:43:29.690818,Medium
Dynamic Risk Enterprises,corporation,DYRI,Medford,OR,868,Insurance,1064,73150,1698,5,Medium,giving@dynamicrisk.com,https://www.dynamicrisk.com,Safeguarding communities through comprehensive protection while supporting local initiatives that strengthen neighborhoods.,Comprehensive Fortune 1000 Analysis,2025-10-26T20:43:29.690828,Medium
Elite Life LLC,corporation,ELLI,Middletown,DE,869,Insurance,1056,72600,1672,8,Medium,partnerships@elitelife.com,https://www.elitelife.com,Safeguarding communities through comprehensive protection while supporting local initiatives that strengthen neighborhoods.,Comprehensive Fortune 1000 Analysis,2025-10-26T20:43:29.690838,Medium
Strategic Mutual Holdings,corporation,STMU,Twin Falls,ID,870,Insurance,1048,72050,1647,11,Medium,marketing@strategicmutual.com,https://www.strategicmutual.com,Safeguarding communities through comprehensive protection while supporting local initiatives that strengthen neighborhoods.,Comprehensive Fortune 1000 Analysis,2025-10-26T20:43:29.690848,Medium
Professional Assurance Company,corporation,PRAS,Indianapolis,IN,871,Insurance,1040,71500,1622,7,Medium,community@professionalass.com,https://www.professionalass.com,Safeguarding communities through comprehensive protection while supporting local initiatives that strengthen neighborhoods.,Comprehensive Fortune 1000 Analysis,2025-10-26T20:43:29.690860,Medium
Innovative Mutual Inc.,corporation,INMU,Naperville,IL,872,Insurance,1032,70950,1597,5,Medium,community@innovativemutua.com,https://www.innovativemutua.com,Safeguarding communities through comprehensive protection while supporting local initiatives that strengthen neighborhoods.,Comprehensive Fortune 1000 Analysis,2025-10-26T20:43:29.690871,High
Professional Group Enterprises,corporation,PROF,Columbia,MO,873,Insurance,1024,70400,1572,10,Medium,relations@professional.com,https://www.professional.com,Safeguarding communities through comprehensive protection while supporting local initiatives that strengthen neighborhoods.,Comprehensive Fortune 1000 Analysis,2025-10-26T20:43:29.690881,Medium
Strategic Protection Company,corporation,STPR,Philadelphia,PA,874,Insurance,1016,69850,1548,10,Medium,marketing@strategicprotec.com,https://www.strategicprotec.com,Safeguarding communities through comprehensive protection while supporting local initiatives that strengthen neighborhoods.,Comprehensive Fortune 1000 Analysis,2025-10-26T20:43:29.690892,Medium
Strategic Risk Company,corporation,STRI,Fargo,ND,875,Insurance,1008,69300,1524,13,Medium,partnerships@strategicrisk.com,https://www.strategicrisk.com,Protecting what matters most while supporting community programs that build resilience and opportunity.,Comprehensive Fortune 1000 Analysis,2025-10-26T20:43:29.690902,Medium
Superior Life Holdings,corporation,SULI,Canton,OH,876,Insurance,1000,68750,1500,7,Medium,relations@superiorlife.com,https://www.superiorlife.com,Providing security and peace of mind while investing in community development and educational advancement.,Comprehensive Fortune 1000 Analysis,2025-10-26T20:43:29.690912,Medium
Advanced Risk Group,corporation,ADRI,Essex,VT,877,Insurance,992,68200,1476,11,Medium,giving@advancedrisk.com,https://www.advancedrisk.com,Safeguarding communities through comprehensive protection while supporting local initiatives that strengthen neighborhoods.,Comprehensive Fortune 1000 Analysis,2025-10-26T20:43:29.690922,Medium
Premier Coverage Inc.,corporation,PRCO,Williston,ND,878,Insurance,984,67650,1452,11,Medium,marketing@premiercoverage.com,https://www.premiercoverage.com,Providing security and peace of mind while investing in community development and educational advancement.,Comprehensive Fortune 1000 Analysis,2025-10-26T20:43:29.690931,Medium
Advanced Mutual Inc.,corporation,ADMU,O'Fallon,MO,879,Insurance,976,67100,1428,7,Medium,partnerships@advancedmutual.com,https://www.advancedmutual.com,Providing security and peace of mind while investing in community development and educational advancement.,Comprehensive Fortune 1000 Analysis,2025-10-26T20:43:29.690942,Medium
Elite Mutual Corporation,corporation,ELMU,Richmond,KY,880,Insurance,968,66550,1405,7,Medium,marketing@elitemutual.com,https://www.elitemutual.com,Protecting what matters most while supporting community programs that build resilience and opportunity.,Comprehensive Fortune 1000 Analysis,2025-10-26T20:43:29.690952,Medium
Premier Manufacturing Inc.,corporation,PRMA,Des Moines,IA,881,Manufacturing,720,48000,864,13,Medium,community@premiermanufact.com,https://www.premiermanufact.com,Building tomorrow's products today while investing in the communities where we work and live.,Comprehensive Fortune 1000 Analysis,2025-10-26T20:43:29.691203,Medium
Elite Steel Company,corporation,ELST,Dover,NH,882,Manufacturing,714,47600,849,11,Medium,community@elitesteel.com,https://www.elitesteel.com,"Creating value through innovative manufacturing while supporting education, arts, and community development.",Comprehensive Fortune 1000 Analysis,2025-10-26T20:43:29.691223,Medium
Dynamic Steel Group,corporation,DYST,Wilmington,NC,883,Manufacturing,708,47200,835,11,Medium,partnerships@dynamicsteel.com,https://www.dynamicsteel.com,Building tomorrow's products today while investing in the communities where we work and live.,Comprehensive Fortune 1000 Analysis,2025-10-26T20:43:29.691236,Medium
Strategic Manufacturing LLC,corporation,STMA,Austin,TX,884,Manufacturing,702,46800,821,13,Medium,community@strategicmanufa.com,https://www.strategicmanufa.com,"Creating value through innovative manufacturing while supporting education, arts, and community development.",Comprehensive Fortune 1000 Analysis,2025-10-26T20:43:29.691249,High
Advanced Steel LLC,corporation,ADST,Cranston,RI,885,Manufacturing,696,46400,807,12,Medium,marketing@advancedsteel.com,https://www.advancedsteel.com,Manufacturing excellence that drives economic growth and supports community development through quality products and local partnerships.,Comprehensive Fortune 1000 Analysis,2025-10-26T20:43:29.691263,Medium
Innovative Steel Corporation,corporation,INST,Macon,GA,886,Manufacturing,690,46000,793,4,Medium,giving@innovativesteel.com,https://www.innovativesteel.com,Building tomorrow's products today while investing in the communities where we work and live.,Comprehensive Fortune 1000 Analysis,2025-10-26T20:43:29.691275,Medium
Superior Chemical Holdings,corporation,SUCH,Lake Charles,LA,887,Manufacturing,684,45600,779,12,Medium,giving@superiorchemica.com,https://www.superiorchemica.com,Manufacturing excellence that drives economic growth and supports community development through quality products and local partnerships.,Comprehensive Fortune 1000 Analysis,2025-10-26T20:43:29.691290,Medium
Elite Industrial Inc.,corporation,ELIN,Woonsocket,RI,888,Manufacturing,678,45200,766,8,Medium,giving@eliteindustrial.com,https://www.eliteindustrial.com,Manufacturing excellence that drives economic growth and supports community development through quality products and local partnerships.,Comprehensive Fortune 1000 Analysis,2025-10-26T20:43:29.691301,Medium
Superior Industries Group,corporation,SUIN,Bossier City,LA,889,Manufacturing,672,44800,752,9,Medium,giving@superiorindustr.com,https://www.superiorindustr.com,Manufacturing excellence that drives economic growth and supports community development through quality products and local partnerships.,Comprehensive Fortune 1000 Analysis,2025-10-26T20:43:29.691314,Medium
Superior Materials Company,corporation,SUMA,Casper,WY,890,Manufacturing,666,44400,739,11,Medium,marketing@superiormateria.com,https://www.superiormateria.com,Building tomorrow's products today while investing in the communities where we work and live.,Comprehensive Fortune 1000 Analysis,2025-10-26T20:43:29.691329,Medium
Advanced Steel Group,corporation,ADST,Mesa,AZ,891,Manufacturing,660,44000,726,11,Medium,partnerships@advancedsteel.com,https://www.advancedsteel.com,Manufacturing excellence that drives economic growth and supports community development through quality products and local partnerships.,Comprehensive Fortune 1000 Analysis,2025-10-26T20:43:29.691338,Medium
Strategic Manufacturing Enterprises,corporation,STMA,Olathe,KS,892,Manufacturing,654,43600,712,3,Medium,relations@strategicmanufa.com,https://www.strategicmanufa.com,"Creating value through innovative manufacturing while supporting education, arts, and community development.",Comprehensive Fortune 1000 Analysis,2025-10-26T20:43:29.691349,Medium
Dynamic Industrial Company,corporation,DYIN,Jackson,TN,893,Manufacturing,648,43200,699,12,Medium,giving@dynamicindustri.com,https://www.dynamicindustri.com,Manufacturing excellence that drives economic growth and supports community development through quality products and local partnerships.,Comprehensive Fortune 1000 Analysis,2025-10-26T20:43:29.691359,Medium
Elite Materials Group,corporation,ELMA,Lakewood,NJ,894,Manufacturing,642,42800,686,2,Medium,partnerships@elitematerials.com,https://www.elitematerials.com,"Creating value through innovative manufacturing while supporting education, arts, and community development.",Comprehensive Fortune 1000 Analysis,2025-10-26T20:43:29.691369,Medium
Superior Motors Company,corporation,SUMO,Birmingham,AL,895,Manufacturing,636,42400,674,9,Medium,relations@superiormotors.com,https://www.superiormotors.com,Building tomorrow's products today while investing in the communities where we work and live.,Comprehensive Fortune 1000 Analysis,2025-10-26T20:43:29.691378,Medium
Advanced Chemical Systems,corporation,ADCH,Parma,OH,896,Manufacturing,630,42000,661,9,Medium,relations@advancedchemica.com,https://www.advancedchemica.com,"Creating value through innovative manufacturing while supporting education, arts, and community development.",Comprehensive Fortune 1000 Analysis,2025-10-26T20:43:29.691388,Medium
Premier Chemical Corporation,corporation,PRCH,Fernley,NV,897,Manufacturing,624,41600,648,12,Medium,relations@premierchemical.com,https://www.premierchemical.com,Building tomorrow's products today while investing in the communities where we work and live.,Comprehensive Fortune 1000 Analysis,2025-10-26T20:43:29.691398,Medium
Professional Motors Systems,corporation,PRMO,Raleigh,NC,898,Manufacturing,618,41200,636,5,Medium,community@professionalmot.com,https://www.professionalmot.com,Manufacturing excellence that drives economic growth and supports community development through quality products and local partnerships.,Comprehensive Fortune 1000 Analysis,2025-10-26T20:43:29.691408,Medium
Elite Materials Inc.,corporation,ELMA,Hialeah,FL,899,Manufacturing,612,40800,624,2,Medium,giving@elitematerials.com,https://www.elitematerials.com,"Creating value through innovative manufacturing while supporting education, arts, and community development.",Comprehensive Fortune 1000 Analysis,2025-10-26T20:43:29.691418,High
Innovative Industries Systems,corporation,ININ,Mobile,AL,900,Manufacturing,606,40400,612,9,Medium,giving@innovativeindus.com,https://www.innovativeindus.com,Manufacturing excellence that drives economic growth and supports community development through quality products and local partnerships.,Comprehensive Fortune 1000 Analysis,2025-10-26T20:43:29.691430,Medium
Dynamic Materials Company,corporation,DYMA,Jackson,TN,901,Manufacturing,600,40000,600,12,Medium,partnerships@dynamicmaterial.com,https://www.dynamicmaterial.com,Manufacturing excellence that drives economic growth and supports community development through quality products and local partnerships.,Comprehensive Fortune 1000 Analysis,2025-10-26T20:43:29.691440,Medium
Elite Industries Enterprises,corporation,ELIN,Waukesha,WI,902,Manufacturing,600,40000,600,3,Medium,community@eliteindustries.com,https://www.eliteindustries.com,Building tomorrow's products today while investing in the communities where we work and live.,Comprehensive Fortune 1000 Analysis,2025-10-26T20:43:29.691450,Medium
Professional Works Group,corporation,PRWO,South Burlington,VT,903,Manufacturing,600,40000,600,5,Medium,marketing@professionalwor.com,https://www.professionalwor.com,Manufacturing excellence that drives economic growth and supports community development through quality products and local partnerships.,Comprehensive Fortune 1000 Analysis,2025-10-26T20:43:29.691460,Medium
Innovative Works Corporation,corporation,INWO,San Francisco,CA,904,Manufacturing,600,40000,600,2,Medium,giving@innovativeworks.com,https://www.innovativeworks.com,Building tomorrow's products today while investing in the communities where we work and live.,Comprehensive Fortune 1000 Analysis,2025-10-26T20:43:29.691470,High
Dynamic Chemical Group,corporation,DYCH,Montgomery,AL,905,Manufacturing,600,40000,600,4,Medium,giving@dynamicchemical.com,https://www.dynamicchemical.com,Manufacturing excellence that drives economic growth and supports community development through quality products and local partnerships.,Comprehensive Fortune 1000 Analysis,2025-10-26T20:43:29.691481,Medium
Innovative Materials Company,corporation,INMA,Colchester,VT,906,Manufacturing,600,40000,600,8,Medium,relations@innovativemater.com,https://www.innovativemater.com,"Creating value through innovative manufacturing while supporting education, arts, and community development.",Comprehensive Fortune 1000 Analysis,2025-10-26T20:43:29.691491,Medium
Professional Manufacturing Enterprises,corporation,PRMA,Indianapolis,IN,907,Manufacturing,600,40000,600,12,Medium,marketing@professionalman.com,https://www.professionalman.com,Manufacturing excellence that drives economic growth and supports community development through quality products and local partnerships.,Comprehensive Fortune 1000 Analysis,2025-10-26T20:43:29.691503,Medium
Premier Motors Systems,corporation,PRMO,Fairbanks,AK,908,Manufacturing,600,40000,600,6,Medium,marketing@premiermotors.com,https://www.premiermotors.com,"Creating value through innovative manufacturing while supporting education, arts, and community development.",Comprehensive Fortune 1000 Analysis,2025-10-26T20:43:29.691513,Medium
Dynamic Steel Group,corporation,DYST,Clovis,NM,909,Manufacturing,600,40000,600,11,Medium,giving@dynamicsteel.com,https://www.dynamicsteel.com,"Creating value through innovative manufacturing while supporting education, arts, and community development.",Comprehensive Fortune 1000 Analysis,2025-10-26T20:43:29.691527,Medium
Professional Industries Corporation,corporation,PRIN,Erie,PA,910,Manufacturing,600,40000,600,8,Medium,community@professionalind.com,https://www.professionalind.com,Building tomorrow's products today while investing in the communities where we work and live.,Comprehensive Fortune 1000 Analysis,2025-10-26T20:43:29.691538,Medium
Professional Chemical Group,corporation,PRCH,Arvada,CO,911,Manufacturing,600,40000,600,4,Medium,partnerships@professionalche.com,https://www.professionalche.com,"Creating value through innovative manufacturing while supporting education, arts, and community development.",Comprehensive Fortune 1000 Analysis,2025-10-26T20:43:29.691549,High
Advanced Chemical Group,corporation,ADCH,Monroe,LA,912,Manufacturing,600,40000,600,7,Medium,partnerships@advancedchemica.com,https://www.advancedchemica.com,Building tomorrow's products today while investing in the communities where we work and live.,Comprehensive Fortune 1000 Analysis,2025-10-26T20:43:29.691559,Medium
Elite Works Inc.,corporation,ELWO,Westminster,CO,913,Manufacturing,600,40000,600,11,Medium,relations@eliteworks.com,https://www.eliteworks.com,Manufacturing excellence that drives economic growth and supports community development through quality products and local partnerships.,Comprehensive Fortune 1000 Analysis,2025-10-26T20:43:29.691569,High
Advanced Manufacturing Inc.,corporation,ADMA,Huntsville,AL,914,Manufacturing,600,40000,600,11,Medium,community@advancedmanufac.com,https://www.advancedmanufac.com,Building tomorrow's products today while investing in the communities where we work and live.,Comprehensive Fortune 1000 Analysis,2025-10-26T20:43:29.691581,Medium
Advanced Motors LLC,corporation,ADMO,Danbury,CT,915,Manufacturing,600,40000,600,8,Medium,partnerships@advancedmotors.com,https://www.advancedmotors.com,Manufacturing excellence that drives economic growth and supports community development through quality products and local partnerships.,Comprehensive Fortune 1000 Analysis,2025-10-26T20:43:29.691591,Medium
Superior Steel Corporation,corporation,SUST,Anchorage,AK,916,Manufacturing,600,40000,600,2,Medium,giving@superiorsteel.com,https://www.superiorsteel.com,"Creating value through innovative manufacturing while supporting education, arts, and community development.",Comprehensive Fortune 1000 Analysis,2025-10-26T20:43:29.691600,Medium
Advanced Industrial Company,corporation,ADIN,Philadelphia,PA,917,Manufacturing,600,40000,600,9,Medium,community@advancedindustr.com,https://www.advancedindustr.com,"Creating value through innovative manufacturing while supporting education, arts, and community development.",Comprehensive Fortune 1000 Analysis,2025-10-26T20:43:29.691610,Medium
Advanced Industries Group,corporation,ADIN,Des Moines,IA,918,Manufacturing,600,40000,600,12,Medium,giving@advancedindustr.com,https://www.advancedindustr.com,Building tomorrow's products today while investing in the communities where we work and live.,Comprehensive Fortune 1000 Analysis,2025-10-26T20:43:29.691620,Medium
Advanced Materials Group,corporation,ADMA,Dothan,AL,919,Manufacturing,600,40000,600,10,Medium,marketing@advancedmateria.com,https://www.advancedmateria.com,"Creating value through innovative manufacturing while supporting education, arts, and community development.",Comprehensive Fortune 1000 Analysis,2025-10-26T20:43:29.691630,Medium
Superior Steel LLC,corporation,SUST,Allentown,PA,920,Manufacturing,600,40000,600,7,Medium,relations@superiorsteel.com,https://www.superiorsteel.com,Building tomorrow's products today while investing in the communities where we work and live.,Comprehensive Fortune 1000 Analysis,2025-10-26T20:43:29.691640,Medium
Strategic Steel Holdings,corporation,STST,Bellevue,NE,921,Manufacturing,600,40000,600,4,Medium,relations@strategicsteel.com,https://www.strategicsteel.com,Building tomorrow's products today while investing in the communities where we work and live.,Comprehensive Fortune 1000 Analysis,2025-10-26T20:43:29.691650,Medium
Innovative Chemical Holdings,corporation,INCH,Biddeford,ME,922,Manufacturing,600,40000,600,7,Medium,marketing@innovativechemi.com,https://www.innovativechemi.com,"Creating value through innovative manufacturing while supporting education, arts, and community development.",Comprehensive Fortune 1000 Analysis,2025-10-26T20:43:29.691661,Medium
Strategic Chemical Systems,corporation,STCH,Georgetown,DE,923,Manufacturing,600,40000,600,6,Medium,relations@strategicchemic.com,https://www.strategicchemic.com,"Creating value through innovative manufacturing while supporting education, arts, and community development.",Comprehensive Fortune 1000 Analysis,2025-10-26T20:43:29.691672,Medium
Superior Industries LLC,corporation,SUIN,Rochester,NH,924,Manufacturing,600,40000,600,9,Medium,partnerships@superiorindustr.com,https://www.superiorindustr.com,Manufacturing excellence that drives economic growth and supports community development through quality products and local partnerships.,Comprehensive Fortune 1000 Analysis,2025-10-26T20:43:29.691682,Medium
Dynamic Manufacturing Systems,corporation,DYMA,Little Rock,AR,925,Manufacturing,600,40000,600,9,Medium,marketing@dynamicmanufact.com,https://www.dynamicmanufact.com,Manufacturing excellence that drives economic growth and supports community development through quality products and local partnerships.,Comprehensive Fortune 1000 Analysis,2025-10-26T20:43:29.691693,Medium
Innovative Materials Holdings,corporation,INMA,Syracuse,NY,926,Manufacturing,600,40000,600,5,Medium,marketing@innovativemater.com,https://www.innovativemater.com,"Creating value through innovative manufacturing while supporting education, arts, and community development.",Comprehensive Fortune 1000 Analysis,2025-10-26T20:43:29.691703,High
Professional Steel Holdings,corporation,PRST,Manhattan,KS,927,Manufacturing,600,40000,600,2,Medium,marketing@professionalste.com,https://www.professionalste.com,"Creating value through innovative manufacturing while supporting education, arts, and community development.",Comprehensive Fortune 1000 Analysis,2025-10-26T20:43:29.691713,Medium
Superior Works LLC,corporation,SUWO,Dearborn,MI,928,Manufacturing,600,40000,600,4,Medium,community@superiorworks.com,https://www.superiorworks.com,Manufacturing excellence that drives economic growth and supports community development through quality products and local partnerships.,Comprehensive Fortune 1000 Analysis,2025-10-26T20:43:29.691724,Medium
Innovative Chemical Inc.,corporation,INCH,North Las Vegas,NV,929,Manufacturing,600,40000,600,9,Medium,relations@innovativechemi.com,https://www.innovativechemi.com,Manufacturing excellence that drives economic growth and supports community development through quality products and local partnerships.,Comprehensive Fortune 1000 Analysis,2025-10-26T20:43:29.691734,Medium
Strategic Materials Company,corporation,STMA,Anchorage,AK,930,Manufacturing,600,40000,600,5,Medium,partnerships@strategicmateri.com,https://www.strategicmateri.com,Manufacturing excellence that drives economic growth and supports community development through quality products and local partnerships.,Comprehensive Fortune 1000 Analysis,2025-10-26T20:43:29.691744,Medium
Professional Works Corporation,corporation,PRWO,Lowell,MA,931,Manufacturing,600,40000,600,9,Medium,giving@professionalwor.com,https://www.professionalwor.com,Building tomorrow's products today while investing in the communities where we work and live.,Comprehensive Fortune 1000 Analysis,2025-10-26T20:43:29.691754,High
Premier Manufacturing Holdings,corporation,PRMA,Merrimack,NH,932,Manufacturing,600,40000,600,11,Medium,community@premiermanufact.com,https://www.premiermanufact.com,Manufacturing excellence that drives economic growth and supports community development through quality products and local partnerships.,Comprehensive Fortune 1000 Analysis,2025-10-26T20:43:29.691765,Medium
Professional Manufacturing Holdings,corporation,PRMA,Sacramento,CA,933,Manufacturing,600,40000,600,2,Medium,giving@professionalman.com,https://www.professionalman.com,Building tomorrow's products today while investing in the communities where we work and live.,Comprehensive Fortune 1000 Analysis,2025-10-26T20:43:29.691776,High
Professional Chemical Systems,corporation,PRCH,Dallas,TX,934,Manufacturing,600,40000,600,10,Medium,marketing@professionalche.com,https://www.professionalche.com,"Creating value through innovative manufacturing while supporting education, arts, and community development.",Comprehensive Fortune 1000 Analysis,2025-10-26T20:43:29.691786,High
Innovative Industries LLC,corporation,ININ,Aurora,IL,935,Manufacturing,600,40000,600,9,Medium,relations@innovativeindus.com,https://www.innovativeindus.com,Manufacturing excellence that drives economic growth and supports community development through quality products and local partnerships.,Comprehensive Fortune 1000 Analysis,2025-10-26T20:43:29.691796,High
Strategic Industries Holdings,corporation,STIN,Fernley,NV,936,Manufacturing,600,40000,600,4,Medium,relations@strategicindust.com,https://www.strategicindust.com,"Creating value through innovative manufacturing while supporting education, arts, and community development.",Comprehensive Fortune 1000 Analysis,2025-10-26T20:43:29.691807,Medium
Premier Works Company,corporation,PRWO,Pierre,SD,937,Manufacturing,600,40000,600,8,Medium,marketing@premierworks.com,https://www.premierworks.com,Manufacturing excellence that drives economic growth and supports community development through quality products and local partnerships.,Comprehensive Fortune 1000 Analysis,2025-10-26T20:43:29.691818,Medium
Advanced Industries Corporation,corporation,ADIN,Macon,GA,938,Manufacturing,600,40000,600,7,Medium,marketing@advancedindustr.com,https://www.advancedindustr.com,Building tomorrow's products today while investing in the communities where we work and live.,Comprehensive Fortune 1000 Analysis,2025-10-26T20:43:29.691828,Medium
Innovative Steel Holdings,corporation,INST,Hartford,CT,939,Manufacturing,600,40000,600,8,Medium,giving@innovativesteel.com,https://www.innovativesteel.com,"Creating value through innovative manufacturing while supporting education, arts, and community development.",Comprehensive Fortune 1000 Analysis,2025-10-26T20:43:29.691838,Medium
Strategic Industrial Holdings,corporation,STIN,Edison,NJ,940,Manufacturing,600,40000,600,8,Medium,community@strategicindust.com,https://www.strategicindust.com,Manufacturing excellence that drives economic growth and supports community development through quality products and local partnerships.,Comprehensive Fortune 1000 Analysis,2025-10-26T20:43:29.691850,Medium
Professional Manufacturing Corporation,corporation,PRMA,Chattanooga,TN,941,Manufacturing,600,40000,600,9,Medium,marketing@professionalman.com,https://www.professionalman.com,Manufacturing excellence that drives economic growth and supports community development through quality products and local partnerships.,Comprehensive Fortune 1000 Analysis,2025-10-26T20:43:29.691869,Medium
Innovative Chemical Enterprises,corporation,INCH,Madison,WI,942,Manufacturing,600,40000,600,11,Medium,marketing@innovativechemi.com,https://www.innovativechemi.com,Building tomorrow's products today while investing in the communities where we work and live.,Comprehensive Fortune 1000 Analysis,2025-10-26T20:43:29.691881,Medium
Professional Chemical Enterprises,corporation,PRCH,Georgetown,KY,943,Manufacturing,600,40000,600,5,Medium,community@professionalche.com,https://www.professionalche.com,Building tomorrow's products today while investing in the communities where we work and live.,Comprehensive Fortune 1000 Analysis,2025-10-26T20:43:29.691893,Medium
Dynamic Motors LLC,corporation,DYMO,San Francisco,CA,944,Manufacturing,600,40000,600,12,Medium,marketing@dynamicmotors.com,https://www.dynamicmotors.com,"Creating value through innovative manufacturing while supporting education, arts, and community development.",Comprehensive Fortune 1000 Analysis,2025-10-26T20:43:29.691904,High
Professional Manufacturing Systems,corporation,PRMA,Birmingham,AL,945,Manufacturing,600,40000,600,4,Medium,community@professionalman.com,https://www.professionalman.com,Building tomorrow's products today while investing in the communities where we work and live.,Comprehensive Fortune 1000 Analysis,2025-10-26T20:43:29.691917,Medium
Advanced Steel Systems,corporation,ADST,Mobile,AL,946,Manufacturing,600,40000,600,5,Medium,partnerships@advancedsteel.com,https://www.advancedsteel.com,"Creating value through innovative manufacturing while supporting education, arts, and community development.",Comprehensive Fortune 1000 Analysis,2025-10-26T20:43:29.691928,Medium
Professional Materials Holdings,corporation,PRMA,Olathe,KS,947,Manufacturing,600,40000,600,3,Medium,giving@professionalmat.com,https://www.professionalmat.com,"Creating value through innovative manufacturing while supporting education, arts, and community development.",Comprehensive Fortune 1000 Analysis,2025-10-26T20:43:29.691940,Medium
Professional Materials Inc.,corporation,PRMA,Lee's Summit,MO,948,Manufacturing,600,40000,600,3,Medium,community@professionalmat.com,https://www.professionalmat.com,Manufacturing excellence that drives economic growth and supports community development through quality products and local partnerships.,Comprehensive Fortune 1000 Analysis,2025-10-26T20:43:29.691952,Medium
Premier Industries Holdings,corporation,PRIN,Chicago,IL,949,Manufacturing,600,40000,600,9,Medium,community@premierindustri.com,https://www.premierindustri.com,Building tomorrow's products today while investing in the communities where we work and live.,Comprehensive Fortune 1000 Analysis,2025-10-26T20:43:29.691964,High
Strategic Chemical Corporation,corporation,STCH,Paterson,NJ,950,Manufacturing,600,40000,600,9,Medium,marketing@strategicchemic.com,https://www.strategicchemic.com,Manufacturing excellence that drives economic growth and supports community development through quality products and local partnerships.,Comprehensive Fortune 1000 Analysis,2025-10-26T20:43:29.691980,Medium
Innovative Motors Systems,corporation,INMO,Brooklyn Park,MN,951,Manufacturing,600,40000,600,7,Medium,giving@innovativemotor.com,https://www.innovativemotor.com,"Creating value through innovative manufacturing while supporting education, arts, and community development.",Comprehensive Fortune 1000 Analysis,2025-10-26T20:43:29.691992,Medium
Premier Industrial Holdings,corporation,PRIN,St. Paul,MN,952,Manufacturing,600,40000,600,4,Medium,partnerships@premierindustri.com,https://www.premierindustri.com,Building tomorrow's products today while investing in the communities where we work and live.,Comprehensive Fortune 1000 Analysis,2025-10-26T20:43:29.692004,Medium
Professional Chemical Company,corporation,PRCH,Casper,WY,953,Manufacturing,600,40000,600,12,Medium,marketing@professionalche.com,https://www.professionalche.com,Building tomorrow's products today while investing in the communities where we work and live.,Comprehensive Fortune 1000 Analysis,2025-10-26T20:43:29.692015,Medium
Innovative Industries Corporation,corporation,ININ,New Orleans,LA,954,Manufacturing,600,40000,600,10,Medium,marketing@innovativeindus.com,https://www.innovativeindus.com,"Creating value through innovative manufacturing while supporting education, arts, and community development.",Comprehensive Fortune 1000 Analysis,2025-10-26T20:43:29.692027,Medium
Elite Manufacturing Corporation,corporation,ELMA,Monroe,LA,955,Manufacturing,600,40000,600,5,Medium,marketing@elitemanufactur.com,https://www.elitemanufactur.com,Building tomorrow's products today while investing in the communities where we work and live.,Comprehensive Fortune 1000 Analysis,2025-10-26T20:43:29.692037,Medium
Professional Manufacturing Inc.,corporation,PRMA,Rockford,IL,956,Manufacturing,600,40000,600,11,Medium,partnerships@professionalman.com,https://www.professionalman.com,Manufacturing excellence that drives economic growth and supports community development through quality products and local partnerships.,Comprehensive Fortune 1000 Analysis,2025-10-26T20:43:29.692047,High
Innovative Steel Corporation,corporation,INST,Annapolis,MD,957,Manufacturing,600,40000,600,9,Medium,community@innovativesteel.com,https://www.innovativesteel.com,"Creating value through innovative manufacturing while supporting education, arts, and community development.",Comprehensive Fortune 1000 Analysis,2025-10-26T20:43:29.692056,Medium
Innovative Materials Enterprises,corporation,INMA,Worcester,MA,958,Manufacturing,600,40000,600,8,Medium,giving@innovativemater.com,https://www.innovativemater.com,"Creating value through innovative manufacturing while supporting education, arts, and community development.",Comprehensive Fortune 1000 Analysis,2025-10-26T20:43:29.692066,High
Elite Manufacturing LLC,corporation,ELMA,Parma,OH,959,Manufacturing,600,40000,600,10,Medium,community@elitemanufactur.com,https://www.elitemanufactur.com,"Creating value through innovative manufacturing while supporting education, arts, and community development.",Comprehensive Fortune 1000 Analysis,2025-10-26T20:43:29.692077,Medium
Advanced Motors Inc.,corporation,ADMO,Spokane,WA,960,Manufacturing,600,40000,600,5,Medium,community@advancedmotors.com,https://www.advancedmotors.com,Building tomorrow's products today while investing in the communities where we work and live.,Comprehensive Fortune 1000 Analysis,2025-10-26T20:43:29.692088,High
Professional Industries Company,corporation,PRIN,Roswell,GA,961,Manufacturing,600,40000,600,10,Medium,partnerships@professionalind.com,https://www.professionalind.com,"Creating value through innovative manufacturing while supporting education, arts, and community development.",Comprehensive Fortune 1000 Analysis,2025-10-26T20:43:29.692099,Medium
Advanced Manufacturing Company,corporation,ADMA,Jersey City,NJ,962,Manufacturing,600,40000,600,6,Medium,giving@advancedmanufac.com,https://www.advancedmanufac.com,"Creating value through innovative manufacturing while supporting education, arts, and community development.",Comprehensive Fortune 1000 Analysis,2025-10-26T20:43:29.692109,Medium
Strategic Manufacturing LLC,corporation,STMA,Arvada,CO,963,Manufacturing,600,40000,600,3,Medium,partnerships@strategicmanufa.com,https://www.strategicmanufa.com,Building tomorrow's products today while investing in the communities where we work and live.,Comprehensive Fortune 1000 Analysis,2025-10-26T20:43:29.692121,High
Premier Materials Inc.,corporation,PRMA,Jersey City,NJ,964,Manufacturing,600,40000,600,5,Medium,relations@premiermaterial.com,https://www.premiermaterial.com,"Creating value through innovative manufacturing while supporting education, arts, and community development.",Comprehensive Fortune 1000 Analysis,2025-10-26T20:43:29.692131,Medium
Premier Chemical Holdings,corporation,PRCH,Mililani Town,HI,965,Manufacturing,600,40000,600,2,Medium,giving@premierchemical.com,https://www.premierchemical.com,Building tomorrow's products today while investing in the communities where we work and live.,Comprehensive Fortune 1000 Analysis,2025-10-26T20:43:29.692142,Medium
Strategic Steel Systems,corporation,STST,Chesapeake,VA,966,Manufacturing,600,40000,600,7,Medium,community@strategicsteel.com,https://www.strategicsteel.com,Manufacturing excellence that drives economic growth and supports community development through quality products and local partnerships.,Comprehensive Fortune 1000 Analysis,2025-10-26T20:43:29.692152,Medium
Professional Industries Corporation,corporation,PRIN,Cambridge,MA,967,Manufacturing,600,40000,600,4,Medium,community@professionalind.com,https://www.professionalind.com,Building tomorrow's products today while investing in the communities where we work and live.,Comprehensive Fortune 1000 Analysis,2025-10-26T20:43:29.692164,High
Elite Works Inc.,corporation,ELWO,Reading,PA,968,Manufacturing,600,40000,600,12,Medium,partnerships@eliteworks.com,https://www.eliteworks.com,"Creating value through innovative manufacturing while supporting education, arts, and community development.",Comprehensive Fortune 1000 Analysis,2025-10-26T20:43:29.692176,Medium
Elite Works Enterprises,corporation,ELWO,Warwick,RI,969,Manufacturing,600,40000,600,9,Medium,giving@eliteworks.com,https://www.eliteworks.com,Building tomorrow's products today while investing in the communities where we work and live.,Comprehensive Fortune 1000 Analysis,2025-10-26T20:43:29.692187,Medium
Premier Materials Holdings,corporation,PRMA,Rapid City,SD,970,Manufacturing,600,40000,600,9,Medium,partnerships@premiermaterial.com,https://www.premiermaterial.com,Building tomorrow's products today while investing in the communities where we work and live.,Comprehensive Fortune 1000 Analysis,2025-10-26T20:43:29.692198,Medium
Innovative Materials Company,corporation,INMA,Rio Rancho,NM,971,Manufacturing,600,40000,600,8,Medium,relations@innovativemater.com,https://www.innovativemater.com,Manufacturing excellence that drives economic growth and supports community development through quality products and local partnerships.,Comprehensive Fortune 1000 Analysis,2025-10-26T20:43:29.692210,Medium
Professional Chemical Inc.,corporation,PRCH,Charlotte,NC,972,Manufacturing,600,40000,600,2,Medium,relations@professionalche.com,https://www.professionalche.com,Manufacturing excellence that drives economic growth and supports community development through quality products and local partnerships.,Comprehensive Fortune 1000 Analysis,2025-10-26T20:43:29.692222,Medium
Elite Materials Systems,corporation,ELMA,Birmingham,AL,973,Manufacturing,600,40000,600,3,Medium,marketing@elitematerials.com,https://www.elitematerials.com,Building tomorrow's products today while investing in the communities where we work and live.,Comprehensive Fortune 1000 Analysis,2025-10-26T20:43:29.692233,Medium
Dynamic Industrial Corporation,corporation,DYIN,Boston,MA,974,Manufacturing,600,40000,600,2,Medium,partnerships@dynamicindustri.com,https://www.dynamicindustri.com,"Creating value through innovative manufacturing while supporting education, arts, and community development.",Comprehensive Fortune 1000 Analysis,2025-10-26T20:43:29.692251,High
Innovative Industries Corporation,corporation,ININ,Jackson,TN,975,Manufacturing,600,40000,600,9,Medium,community@innovativeindus.com,https://www.innovativeindus.com,"Creating value through innovative manufacturing while supporting education, arts, and community development.",Comprehensive Fortune 1000 Analysis,2025-10-26T20:43:29.692262,Medium
Innovative Motors Enterprises,corporation,INMO,Winooski,VT,976,Manufacturing,600,40000,600,5,Medium,partnerships@innovativemotor.com,https://www.innovativemotor.com,Manufacturing excellence that drives economic growth and supports community development through quality products and local partnerships.,Comprehensive Fortune 1000 Analysis,2025-10-26T20:43:29.692274,Medium
Advanced Materials Holdings,corporation,ADMA,Hoover,AL,977,Manufacturing,600,40000,600,9,Medium,community@advancedmateria.com,https://www.advancedmateria.com,"Creating value through innovative manufacturing while supporting education, arts, and community development.",Comprehensive Fortune 1000 Analysis,2025-10-26T20:43:29.692286,Medium
Advanced Materials LLC,corporation,ADMA,Westminster,CO,978,Manufacturing,600,40000,600,6,Medium,relations@advancedmateria.com,https://www.advancedmateria.com,Building tomorrow's products today while investing in the communities where we work and live.,Comprehensive Fortune 1000 Analysis,2025-10-26T20:43:29.692297,High
Dynamic Chemical Company,corporation,DYCH,Las Vegas,NV,979,Manufacturing,600,40000,600,3,Medium,marketing@dynamicchemical.com,https://www.dynamicchemical.com,Building tomorrow's products today while investing in the communities where we work and live.,Comprehensive Fortune 1000 Analysis,2025-10-26T20:43:29.692308,Medium
Premier Works Inc.,corporation,PRWO,Canton,OH,980,Manufacturing,600,40000,600,3,Medium,marketing@premierworks.com,https://www.premierworks.com,Manufacturing excellence that drives economic growth and supports community development through quality products and local partnerships.,Comprehensive Fortune 1000 Analysis,2025-10-26T20:43:29.692320,Medium
Elite Works Company,corporation,ELWO,Evanston,WY,981,Manufacturing,600,40000,600,4,Medium,partnerships@eliteworks.com,https://www.eliteworks.com,Building tomorrow's products today while investing in the communities where we work and live.,Comprehensive Fortune 1000 Analysis,2025-10-26T20:43:29.692331,Medium
Strategic Industrial Corporation,corporation,STIN,Danbury,CT,982,Manufacturing,600,40000,600,7,Medium,community@strategicindust.com,https://www.strategicindust.com,"Creating value through innovative manufacturing while supporting education, arts, and community development.",Comprehensive Fortune 1000 Analysis,2025-10-26T20:43:29.692344,Medium
Advanced Chemical Company,corporation,ADCH,Waipahu,HI,983,Manufacturing,600,40000,600,6,Medium,marketing@advancedchemica.com,https://www.advancedchemica.com,Building tomorrow's products today while investing in the communities where we work and live.,Comprehensive Fortune 1000 Analysis,2025-10-26T20:43:29.692355,Medium
Premier Chemical Systems,corporation,PRCH,Pearl City,HI,984,Manufacturing,600,40000,600,5,Medium,community@premierchemical.com,https://www.premierchemical.com,Manufacturing excellence that drives economic growth and supports community development through quality products and local partnerships.,Comprehensive Fortune 1000 Analysis,2025-10-26T20:43:29.692366,Medium
Dynamic Chemical Holdings,corporation,DYCH,St. Petersburg,FL,985,Manufacturing,600,40000,600,12,Medium,marketing@dynamicchemical.com,https://www.dynamicchemical.com,Manufacturing excellence that drives economic growth and supports community development through quality products and local partnerships.,Comprehensive Fortune 1000 Analysis,2025-10-26T20:43:29.692378,High
Dynamic Materials Company,corporation,DYMA,Knoxville,TN,986,Manufacturing,600,40000,600,3,Medium,relations@dynamicmaterial.com,https://www.dynamicmaterial.com,Manufacturing excellence that drives economic growth and supports community development through quality products and local partnerships.,Comprehensive Fortune 1000 Analysis,2025-10-26T20:43:29.692389,Medium
Elite Steel Corporation,corporation,ELST,Sioux City,IA,987,Manufacturing,600,40000,600,12,Medium,marketing@elitesteel.com,https://www.elitesteel.com,"Creating value through innovative manufacturing while supporting education, arts, and community development.",Comprehensive Fortune 1000 Analysis,2025-10-26T20:43:29.692399,Medium
Elite Steel LLC,corporation,ELST,San Jose,CA,988,Manufacturing,600,40000,600,5,Medium,community@elitesteel.com,https://www.elitesteel.com,Building tomorrow's products today while investing in the communities where we work and live.,Comprehensive Fortune 1000 Analysis,2025-10-26T20:43:29.692410,High
Superior Industries Company,corporation,SUIN,Chesapeake,VA,989,Manufacturing,600,40000,600,6,Medium,marketing@superiorindustr.com,https://www.superiorindustr.com,"Creating value through innovative manufacturing while supporting education, arts, and community development.",Comprehensive Fortune 1000 Analysis,2025-10-26T20:43:29.692422,Medium
Dynamic Works Inc.,corporation,DYWO,Cedar Rapids,IA,990,Manufacturing,600,40000,600,2,Medium,giving@dynamicworks.com,https://www.dynamicworks.com,Manufacturing excellence that drives economic growth and supports community development through quality products and local partnerships.,Comprehensive Fortune 1000 Analysis,2025-10-26T20:43:29.692433,Medium
Strategic Industries Company,corporation,STIN,Hattiesburg,MS,991,Manufacturing,600,40000,600,2,Medium,marketing@strategicindust.com,https://www.strategicindust.com,Manufacturing excellence that drives economic growth and supports community development through quality products and local partnerships.,Comprehensive Fortune 1000 Analysis,2025-10-26T20:43:29.692444,Medium
Advanced Materials LLC,corporation,ADMA,Bloomington,IN,992,Manufacturing,600,40000,600,5,Medium,giving@advancedmateria.com,https://www.advancedmateria.com,Building tomorrow's products today while investing in the communities where we work and live.,Comprehensive Fortune 1000 Analysis,2025-10-26T20:43:29.692454,Medium
Dynamic Motors Systems,corporation,DYMO,St. Paul,MN,993,Manufacturing,600,40000,600,6,Medium,marketing@dynamicmotors.com,https://www.dynamicmotors.com,Building tomorrow's products today while investing in the communities where we work and live.,Comprehensive Fortune 1000 Analysis,2025-10-26T20:43:29.692465,Medium
Innovative Chemical Holdings,corporation,INCH,Juneau,AK,994,Manufacturing,600,40000,600,4,Medium,community@innovativechemi.com,https://www.innovativechemi.com,Manufacturing excellence that drives economic growth and supports community development through quality products and local partnerships.,Comprehensive Fortune 1000 Analysis,2025-10-26T20:43:29.692476,Medium
Professional Materials Systems,corporation,PRMA,New Britain,CT,995,Manufacturing,600,40000,600,11,Medium,giving@professionalmat.com,https://www.professionalmat.com,Building tomorrow's products today while investing in the communities where we work and live.,Comprehensive Fortune 1000 Analysis,2025-10-26T20:43:29.692487,Medium
Superior Manufacturing LLC,corporation,SUMA,Evansville,IN,996,Manufacturing,600,40000,600,2,Medium,relations@superiormanufac.com,https://www.superiormanufac.com,Building tomorrow's products today while investing in the communities where we work and live.,Comprehensive Fortune 1000 Analysis,2025-10-26T20:43:29.692499,Medium
Strategic Steel Corporation,corporation,STST,St. George,UT,997,Manufacturing,600,40000,600,10,Medium,community@strategicsteel.com,https://www.strategicsteel.com,Building tomorrow's products today while investing in the communities where we work and live.,Comprehensive Fortune 1000 Analysis,2025-10-26T20:43:29.692512,Medium
Strategic Industrial LLC,corporation,STIN,Georgetown,DE,998,Manufacturing,600,40000,600,10,Medium,community@strategicindust.com,https://www.strategicindust.com,"Creating value through innovative manufacturing while supporting education, arts, and community development.",Comprehensive Fortune 1000 Analysis,2025-10-26T20:43:29.692523,Medium
Innovative Industrial Group,corporation,ININ,Brooklyn Park,MN,999,Manufacturing,600,40000,600,9,Medium,community@innovativeindus.com,https://www.innovativeindus.com,"Creating value through innovative manufacturing while supporting education, arts, and community development.",Comprehensive Fortune 1000 Analysis,2025-10-26T20:43:29.692535,Medium
Premier Works LLC,corporation,PRWO,Jackson,TN,1000,Manufacturing,600,40000,600,8,Medium,marketing@premierworks.com,https://www.premierworks.com,Building tomorrow's products today while investing in the communities where we work and live.,Comprehensive Fortune 1000 Analysis,2025-10-26T20:43:29.692547,Medium
